/* Generated by tools/language/compile_model.py. */
#define CORE_FILE_SIZE 5044766U
#define CORE_GRAMMAR "ad017639e911c482e86e25f063207504769353dcd05e263d31dd9a6ef9409fb6"
#define CORE_FILE_HASH UINT64_C(0x6e5d9a384a28ea40)
static const CoreTensorLayout CORE_LAYOUT[] = {
    {4096, 192, 10094U, 796526U}, /* embedding.weight */
    {16, 192, 812910U, 815982U}, /* roles.weight */
    {4, 192, 816046U, 816814U}, /* knowledge.weight */
    {4, 192, 816830U, 817598U}, /* provenance.weight */
    {4, 192, 817614U, 818382U}, /* events.weight */
    {62, 192, 818398U, 830302U}, /* kinds.weight */
    {192, 0, 830550U, 0U}, /* blocks.0.n1.weight */
    {192, 0, 831318U, 0U}, /* blocks.0.n2.weight */
    {576, 192, 832086U, 942678U}, /* blocks.0.qkv.weight */
    {192, 192, 944982U, 981846U}, /* blocks.0.out.weight */
    {1248, 192, 982614U, 1222230U}, /* blocks.0.up.weight */
    {192, 624, 1227222U, 1347030U}, /* blocks.0.down.weight */
    {192, 0, 1347798U, 0U}, /* blocks.1.n1.weight */
    {192, 0, 1348566U, 0U}, /* blocks.1.n2.weight */
    {576, 192, 1349334U, 1459926U}, /* blocks.1.qkv.weight */
    {192, 192, 1462230U, 1499094U}, /* blocks.1.out.weight */
    {1248, 192, 1499862U, 1739478U}, /* blocks.1.up.weight */
    {192, 624, 1744470U, 1864278U}, /* blocks.1.down.weight */
    {192, 0, 1865046U, 0U}, /* blocks.2.n1.weight */
    {192, 0, 1865814U, 0U}, /* blocks.2.n2.weight */
    {576, 192, 1866582U, 1977174U}, /* blocks.2.qkv.weight */
    {192, 192, 1979478U, 2016342U}, /* blocks.2.out.weight */
    {1248, 192, 2017110U, 2256726U}, /* blocks.2.up.weight */
    {192, 624, 2261718U, 2381526U}, /* blocks.2.down.weight */
    {192, 0, 2382294U, 0U}, /* blocks.3.n1.weight */
    {192, 0, 2383062U, 0U}, /* blocks.3.n2.weight */
    {576, 192, 2383830U, 2494422U}, /* blocks.3.qkv.weight */
    {192, 192, 2496726U, 2533590U}, /* blocks.3.out.weight */
    {1248, 192, 2534358U, 2773974U}, /* blocks.3.up.weight */
    {192, 624, 2778966U, 2898774U}, /* blocks.3.down.weight */
    {192, 0, 2899542U, 0U}, /* blocks.4.n1.weight */
    {192, 0, 2900310U, 0U}, /* blocks.4.n2.weight */
    {576, 192, 2901078U, 3011670U}, /* blocks.4.qkv.weight */
    {192, 192, 3013974U, 3050838U}, /* blocks.4.out.weight */
    {1248, 192, 3051606U, 3291222U}, /* blocks.4.up.weight */
    {192, 624, 3296214U, 3416022U}, /* blocks.4.down.weight */
    {192, 0, 3416790U, 0U}, /* blocks.5.n1.weight */
    {192, 0, 3417558U, 0U}, /* blocks.5.n2.weight */
    {576, 192, 3418326U, 3528918U}, /* blocks.5.qkv.weight */
    {192, 192, 3531222U, 3568086U}, /* blocks.5.out.weight */
    {1248, 192, 3568854U, 3808470U}, /* blocks.5.up.weight */
    {192, 624, 3813462U, 3933270U}, /* blocks.5.down.weight */
    {192, 0, 3934038U, 0U}, /* blocks.6.n1.weight */
    {192, 0, 3934806U, 0U}, /* blocks.6.n2.weight */
    {576, 192, 3935574U, 4046166U}, /* blocks.6.qkv.weight */
    {192, 192, 4048470U, 4085334U}, /* blocks.6.out.weight */
    {1248, 192, 4086102U, 4325718U}, /* blocks.6.up.weight */
    {192, 624, 4330710U, 4450518U}, /* blocks.6.down.weight */
    {192, 0, 4451286U, 0U}, /* blocks.7.n1.weight */
    {192, 0, 4452054U, 0U}, /* blocks.7.n2.weight */
    {576, 192, 4452822U, 4563414U}, /* blocks.7.qkv.weight */
    {192, 192, 4565718U, 4602582U}, /* blocks.7.out.weight */
    {1248, 192, 4603350U, 4842966U}, /* blocks.7.up.weight */
    {192, 624, 4847958U, 4967766U}, /* blocks.7.down.weight */
    {192, 0, 4968534U, 0U}, /* norm.weight */
    {192, 192, 4969302U, 5006166U}, /* copy_start.weight */
    {192, 192, 5006934U, 5043798U}, /* copy_end.weight */
    {1, 192, 5044566U, 5044758U}, /* copy_gate.weight */
    {1, 0, 5044762U, 0U}, /* copy_gate.bias */
};
static const CoreMeaning CORE_MEANINGS[] = {
    {"alliance_declared_0", 4},
    {"bakery_production_0", 7},
    {"bandit_pressure_0", 41},
    {"bandit_pressure_1", 43},
    {"character_born_0", 6},
    {"character_died_0", 5},
    {"cow_calving_0", 17},
    {"cow_slaughtered_0", 16},
    {"dragon_brood_0", 42},
    {"dragon_omen_0", 57},
    {"dragon_patron_named_0", 24},
    {"dragon_retaliation_0", 58},
    {"dragon_slain_0", 61},
    {"dragon_territory_lost_0", 25},
    {"foal_born_0", 39},
    {"goblin_cult_rallied_0", 45},
    {"goblin_cult_rallied_1", 59},
    {"goblin_cult_rallied_2", 60},
    {"goblin_raided_0", 53},
    {"goblin_raided_1", 54},
    {"goblin_tunnel_traversed_0", 36},
    {"goblin_tunnel_traversed_1", 37},
    {"harvest_failed_0", 49},
    {"horse_bred_0", 38},
    {"horse_bred_1", 46},
    {"king_anointed_0", 18},
    {"kingdom_action_0", 44},
    {"lore_lost_0", 30},
    {"lore_lost_1", 31},
    {"masonry_repair_0", 12},
    {"masonry_repair_1", 13},
    {"masonry_repair_2", 14},
    {"monastic_succession_0", 20},
    {"monastic_succession_1", 21},
    {"notice_posted_0", 1},
    {"paper_milled_0", 8},
    {"party_wiped_0", 35},
    {"peace_declared_0", 3},
    {"pretender_crisis_0", 19},
    {"prophecy_delivered_0", 34},
    {"quarry_output_0", 11},
    {"road_site_production_0", 32},
    {"road_site_production_1", 33},
    {"route_closed_0", 50},
    {"royal_carriage_blocked_0", 26},
    {"royal_carriage_rerouted_0", 27},
    {"royal_carriage_rerouted_1", 28},
    {"royal_carriage_rerouted_2", 29},
    {"royal_succession_0", 22},
    {"royal_succession_1", 23},
    {"settlement_raided_0", 55},
    {"settlement_raided_1", 56},
    {"sheep_bred_0", 47},
    {"sheep_sheared_0", 15},
    {"sheep_slaughtered_0", 48},
    {"shortage_0", 51},
    {"shortage_1", 52},
    {"treasure_crafted_0", 40},
    {"war_declared_0", 2},
    {"woodlot_harvest_0", 9},
    {"woodlot_harvest_1", 10},
};
static const int CORE_BYTE_IDS[256] = {197,198,199,200,201,202,203,204,205,206,207,208,209,210,211,212,213,214,215,216,217,218,219,220,221,222,223,224,225,226,227,228,229,9,10,11,12,13,14,15,16,17,18,19,20,21,22,23,24,25,26,27,28,29,30,31,32,33,34,35,36,37,38,39,40,41,42,43,44,45,46,47,48,49,50,51,52,53,54,55,56,57,58,59,60,61,62,63,64,65,66,67,68,69,70,71,72,73,74,75,76,77,78,79,80,81,82,83,84,85,86,87,88,89,90,91,92,93,94,95,96,97,98,99,100,101,102,230,231,232,233,234,235,236,237,238,239,240,241,242,243,244,245,246,247,248,249,250,251,252,253,254,255,256,257,258,259,260,261,262,263,103,104,105,106,107,108,109,110,111,112,113,114,264,115,116,117,118,119,120,121,122,123,124,125,126,127,128,129,130,131,132,133,134,135,136,137,138,139,140,141,142,143,144,145,146,147,148,149,150,151,152,153,154,155,156,157,158,159,160,161,162,163,164,165,166,167,168,169,170,171,172,173,174,175,176,177,178,179,180,181,182,183,184,185,186,187,188,189,190,191,192,193,194,195,196};
static const CoreToken CORE_TOKENS[4096] = {
    {"", 0},
    {"", 0},
    {"", 0},
    {"", 0},
    {"", 0},
    {"", 0},
    {"", 0},
    {"", 0},
    {"", 0},
    {"\x21", 1},
    {"\x22", 1},
    {"\x23", 1},
    {"\x24", 1},
    {"\x25", 1},
    {"\x26", 1},
    {"\x27", 1},
    {"\x28", 1},
    {"\x29", 1},
    {"\x2a", 1},
    {"\x2b", 1},
    {"\x2c", 1},
    {"\x2d", 1},
    {"\x2e", 1},
    {"\x2f", 1},
    {"\x30", 1},
    {"\x31", 1},
    {"\x32", 1},
    {"\x33", 1},
    {"\x34", 1},
    {"\x35", 1},
    {"\x36", 1},
    {"\x37", 1},
    {"\x38", 1},
    {"\x39", 1},
    {"\x3a", 1},
    {"\x3b", 1},
    {"\x3c", 1},
    {"\x3d", 1},
    {"\x3e", 1},
    {"\x3f", 1},
    {"\x40", 1},
    {"\x41", 1},
    {"\x42", 1},
    {"\x43", 1},
    {"\x44", 1},
    {"\x45", 1},
    {"\x46", 1},
    {"\x47", 1},
    {"\x48", 1},
    {"\x49", 1},
    {"\x4a", 1},
    {"\x4b", 1},
    {"\x4c", 1},
    {"\x4d", 1},
    {"\x4e", 1},
    {"\x4f", 1},
    {"\x50", 1},
    {"\x51", 1},
    {"\x52", 1},
    {"\x53", 1},
    {"\x54", 1},
    {"\x55", 1},
    {"\x56", 1},
    {"\x57", 1},
    {"\x58", 1},
    {"\x59", 1},
    {"\x5a", 1},
    {"\x5b", 1},
    {"\x5c", 1},
    {"\x5d", 1},
    {"\x5e", 1},
    {"\x5f", 1},
    {"\x60", 1},
    {"\x61", 1},
    {"\x62", 1},
    {"\x63", 1},
    {"\x64", 1},
    {"\x65", 1},
    {"\x66", 1},
    {"\x67", 1},
    {"\x68", 1},
    {"\x69", 1},
    {"\x6a", 1},
    {"\x6b", 1},
    {"\x6c", 1},
    {"\x6d", 1},
    {"\x6e", 1},
    {"\x6f", 1},
    {"\x70", 1},
    {"\x71", 1},
    {"\x72", 1},
    {"\x73", 1},
    {"\x74", 1},
    {"\x75", 1},
    {"\x76", 1},
    {"\x77", 1},
    {"\x78", 1},
    {"\x79", 1},
    {"\x7a", 1},
    {"\x7b", 1},
    {"\x7c", 1},
    {"\x7d", 1},
    {"\x7e", 1},
    {"\xa1", 1},
    {"\xa2", 1},
    {"\xa3", 1},
    {"\xa4", 1},
    {"\xa5", 1},
    {"\xa6", 1},
    {"\xa7", 1},
    {"\xa8", 1},
    {"\xa9", 1},
    {"\xaa", 1},
    {"\xab", 1},
    {"\xac", 1},
    {"\xae", 1},
    {"\xaf", 1},
    {"\xb0", 1},
    {"\xb1", 1},
    {"\xb2", 1},
    {"\xb3", 1},
    {"\xb4", 1},
    {"\xb5", 1},
    {"\xb6", 1},
    {"\xb7", 1},
    {"\xb8", 1},
    {"\xb9", 1},
    {"\xba", 1},
    {"\xbb", 1},
    {"\xbc", 1},
    {"\xbd", 1},
    {"\xbe", 1},
    {"\xbf", 1},
    {"\xc0", 1},
    {"\xc1", 1},
    {"\xc2", 1},
    {"\xc3", 1},
    {"\xc4", 1},
    {"\xc5", 1},
    {"\xc6", 1},
    {"\xc7", 1},
    {"\xc8", 1},
    {"\xc9", 1},
    {"\xca", 1},
    {"\xcb", 1},
    {"\xcc", 1},
    {"\xcd", 1},
    {"\xce", 1},
    {"\xcf", 1},
    {"\xd0", 1},
    {"\xd1", 1},
    {"\xd2", 1},
    {"\xd3", 1},
    {"\xd4", 1},
    {"\xd5", 1},
    {"\xd6", 1},
    {"\xd7", 1},
    {"\xd8", 1},
    {"\xd9", 1},
    {"\xda", 1},
    {"\xdb", 1},
    {"\xdc", 1},
    {"\xdd", 1},
    {"\xde", 1},
    {"\xdf", 1},
    {"\xe0", 1},
    {"\xe1", 1},
    {"\xe2", 1},
    {"\xe3", 1},
    {"\xe4", 1},
    {"\xe5", 1},
    {"\xe6", 1},
    {"\xe7", 1},
    {"\xe8", 1},
    {"\xe9", 1},
    {"\xea", 1},
    {"\xeb", 1},
    {"\xec", 1},
    {"\xed", 1},
    {"\xee", 1},
    {"\xef", 1},
    {"\xf0", 1},
    {"\xf1", 1},
    {"\xf2", 1},
    {"\xf3", 1},
    {"\xf4", 1},
    {"\xf5", 1},
    {"\xf6", 1},
    {"\xf7", 1},
    {"\xf8", 1},
    {"\xf9", 1},
    {"\xfa", 1},
    {"\xfb", 1},
    {"\xfc", 1},
    {"\xfd", 1},
    {"\xfe", 1},
    {"\xff", 1},
    {"\x00", 1},
    {"\x01", 1},
    {"\x02", 1},
    {"\x03", 1},
    {"\x04", 1},
    {"\x05", 1},
    {"\x06", 1},
    {"\x07", 1},
    {"\x08", 1},
    {"\x09", 1},
    {"\x0a", 1},
    {"\x0b", 1},
    {"\x0c", 1},
    {"\x0d", 1},
    {"\x0e", 1},
    {"\x0f", 1},
    {"\x10", 1},
    {"\x11", 1},
    {"\x12", 1},
    {"\x13", 1},
    {"\x14", 1},
    {"\x15", 1},
    {"\x16", 1},
    {"\x17", 1},
    {"\x18", 1},
    {"\x19", 1},
    {"\x1a", 1},
    {"\x1b", 1},
    {"\x1c", 1},
    {"\x1d", 1},
    {"\x1e", 1},
    {"\x1f", 1},
    {"\x20", 1},
    {"\x7f", 1},
    {"\x80", 1},
    {"\x81", 1},
    {"\x82", 1},
    {"\x83", 1},
    {"\x84", 1},
    {"\x85", 1},
    {"\x86", 1},
    {"\x87", 1},
    {"\x88", 1},
    {"\x89", 1},
    {"\x8a", 1},
    {"\x8b", 1},
    {"\x8c", 1},
    {"\x8d", 1},
    {"\x8e", 1},
    {"\x8f", 1},
    {"\x90", 1},
    {"\x91", 1},
    {"\x92", 1},
    {"\x93", 1},
    {"\x94", 1},
    {"\x95", 1},
    {"\x96", 1},
    {"\x97", 1},
    {"\x98", 1},
    {"\x99", 1},
    {"\x9a", 1},
    {"\x9b", 1},
    {"\x9c", 1},
    {"\x9d", 1},
    {"\x9e", 1},
    {"\x9f", 1},
    {"\xa0", 1},
    {"\xad", 1},
    {"\x6f\x72", 2},
    {"\x65\x6e", 2},
    {"\x74\x68", 2},
    {"\x61\x72", 2},
    {"\x65\x6c", 2},
    {"\x20\x61", 2},
    {"\x69\x6e", 2},
    {"\x20\x72", 2},
    {"\x74\x68\x65", 3},
    {"\x65\x72", 2},
    {"\x6f\x77", 2},
    {"\x20\x74\x68\x65", 4},
    {"\x20\x63", 2},
    {"\x61\x73", 2},
    {"\x75\x6d", 2},
    {"\x20\x54", 2},
    {"\x69\x6c", 2},
    {"\x65\x64", 2},
    {"\x20\x73", 2},
    {"\x4e\x6f\x72", 3},
    {"\x20\x42", 2},
    {"\x46\x65\x6e", 3},
    {"\x20\x77", 2},
    {"\x20\x74", 2},
    {"\x20\x4e\x6f\x72", 4},
    {"\x61\x73\x68", 3},
    {"\x20\x54\x61\x72", 4},
    {"\x20\x42\x65\x6c", 4},
    {"\x20\x46\x65\x6e", 4},
    {"\x6e\x64", 2},
    {"\x65\x74\x68", 3},
    {"\x20\x66", 2},
    {"\x6f\x75", 2},
    {"\x6f\x6c", 2},
    {"\x6f\x6e", 2},
    {"\x61\x74", 2},
    {"\x69\x6e\x67", 3},
    {"\x65\x73", 2},
    {"\x20\x62", 2},
    {"\x20\x74\x6f", 3},
    {"\x6f\x72\x64", 3},
    {"\x20\x61\x6e\x64", 4},
    {"\x68\x65", 2},
    {"\x69\x63", 2},
    {"\x20\x69", 2},
    {"\x20\x6c", 2},
    {"\x61\x64", 2},
    {"\x61\x67", 2},
    {"\x20\x64", 2},
    {"\x65\x6c\x6c", 3},
    {"\x65\x72\x65", 3},
    {"\x6d\x6f", 2},
    {"\x20\x69\x6e", 3},
    {"\x20\x6f", 2},
    {"\x20\x70", 2},
    {"\x20\x6f\x66", 3},
    {"\x68\x6f\x6c", 3},
    {"\x6f\x6f", 2},
    {"\x77\x69\x63", 3},
    {"\x61\x69", 2},
    {"\x6d\x65\x72\x65", 4},
    {"\x68\x6f\x6c\x74", 4},
    {"\x6f\x75\x72", 3},
    {"\x61\x74\x65", 3},
    {"\x77\x69\x63\x6b", 4},
    {"\x66\x65\x6c\x6c", 4},
    {"\x6d\x6f\x6f\x72", 4},
    {"\x66\x6f\x72\x64", 4},
    {"\x6f\x6d", 2},
    {"\x20\x72\x65", 3},
    {"\x67\x61\x74\x65", 4},
    {"\x20\x67", 2},
    {"\x64\x65\x6e", 3},
    {"\x20\x31", 2},
    {"\x20\x73\x74", 3},
    {"\x61\x6c", 2},
    {"\x6f\x6f\x64", 3},
    {"\x67\x68", 2},
    {"\x20\x6e", 2},
    {"\x72\x69", 2},
    {"\x74\x73", 2},
    {"\x20\x68", 2},
    {"\x27\x73", 2},
    {"\x20\x43", 2},
    {"\x20\x6d", 2},
    {"\x6c\x65", 2},
    {"\x61\x67\x65", 3},
    {"\x6f\x73", 2},
    {"\x74\x65\x72", 3},
    {"\x20\x54\x68\x65", 4},
    {"\x6f\x61\x64", 3},
    {"\x61\x6e", 2},
    {"\x20\x7e", 2},
    {"\x20\x69\x73", 3},
    {"\x62\x6c", 2},
    {"\x20\x72\x61\x69", 4},
    {"\x61\x6d", 2},
    {"\x20\x73\x74\x6f\x72", 5},
    {"\x6f\x6e\x65", 3},
    {"\x65\x65", 2},
    {"\x20\x63\x61\x72", 4},
    {"\x20\x63\x6f\x75\x72", 5},
    {"\x6f\x72\x6b", 3},
    {"\x20\x6e\x65", 3},
    {"\x20\x64\x72", 3},
    {"\x63\x65", 2},
    {"\x6f\x77\x6e", 3},
    {"\x61\x79", 2},
    {"\x20\x63\x6f\x6d", 4},
    {"\x20\x72\x6f\x61\x64", 5},
    {"\x20\x63\x72", 3},
    {"\x20\x67\x6f", 3},
    {"\x72\x69\x61\x67\x65", 5},
    {"\x20\x63\x61\x72\x72\x69\x61\x67\x65", 9},
    {"\x20\x77\x61\x73", 4},
    {"\x20\x3f", 2},
    {"\x20\x69\x66", 3},
    {"\x20\x75", 2},
    {"\x20\x66\x6f\x72", 4},
    {"\x20\x77\x6f\x72\x6b", 5},
    {"\x61\x67\x6f\x6e", 4},
    {"\x20\x64\x72\x61\x67\x6f\x6e", 7},
    {"\x20\x63\x6f\x6d\x70", 5},
    {"\x72\x65", 2},
    {"\x67\x68\x74", 3},
    {"\x61\x72\x64", 3},
    {"\x61\x6e\x79", 3},
    {"\x20\x63\x6f\x6d\x70\x61\x6e\x79", 8},
    {"\x20\x72\x65\x70", 4},
    {"\x6f\x74", 2},
    {"\x20\x61\x73", 3},
    {"\x6f\x69\x6e", 3},
    {"\x66\x74\x65\x72", 4},
    {"\x65\x72\x73", 3},
    {"\x61\x69\x72", 3},
    {"\x20\x72\x65\x70\x61\x69\x72", 7},
    {"\x76\x65\x73", 3},
    {"\x54\x68\x65", 3},
    {"\x20\x41", 2},
    {"\x20\x73\x68", 3},
    {"\x73\x65\x64", 3},
    {"\x20\x4e\x6f\x72\x61\x73\x68", 7},
    {"\x20\x4e\x6f\x72\x75\x6d", 6},
    {"\x20\x54\x61\x72\x61", 5},
    {"\x69\x6f\x6e", 3},
    {"\x20\x62\x75", 3},
    {"\x20\x46\x65\x6e\x75\x6d", 6},
    {"\x20\x61\x74", 3},
    {"\x20\x61\x66\x74\x65\x72", 6},
    {"\x6f\x73\x74", 3},
    {"\x20\x54\x61\x72\x61\x73\x68", 7},
    {"\x20\x42\x65\x6c\x65\x6e", 6},
    {"\x20\x4e\x6f\x72\x69\x6c", 6},
    {"\x20\x46\x65\x6e\x6f\x72", 6},
    {"\x6f\x75\x6e\x64", 4},
    {"\x20\x4e\x6f\x72\x61", 5},
    {"\x20\x54\x61\x72\x65\x6e", 6},
    {"\x62\x62", 2},
    {"\x72\x6f\x6d", 3},
    {"\x20\x66\x72\x6f\x6d", 5},
    {"\x20\x72\x61\x69\x64", 5},
    {"\x75\x6c", 2},
    {"\x20\x54\x61\x72\x6f\x77", 6},
    {"\x20\x46\x65\x6e\x61", 5},
    {"\x20\x46\x65\x6e\x69\x6c", 6},
    {"\x20\x42\x65\x6c\x75\x6d", 6},
    {"\x20\x4e\x6f\x72\x6f\x72", 6},
    {"\x20\x74\x72", 3},
    {"\x65\x61\x72", 3},
    {"\x20\x4e\x6f\x72\x65\x6e", 6},
    {"\x20\x42\x65\x6c\x61\x73\x68", 7},
    {"\x20\x42\x65\x6c\x6f\x77", 6},
    {"\x6f\x63", 2},
    {"\x20\x42\x65\x6c\x6f\x72", 6},
    {"\x20\x4e\x6f\x72\x6f\x77", 6},
    {"\x20\x57", 2},
    {"\x75\x74", 2},
    {"\x20\x53", 2},
    {"\x20\x54\x61\x72\x69\x6c", 6},
    {"\x20\x54\x61\x72\x75\x6d", 6},
    {"\x20\x42\x65\x6c\x61", 5},
    {"\x6f\x72\x74", 3},
    {"\x20\x42\x65\x6c\x69\x6c", 6},
    {"\x20\x46\x65\x6e\x61\x73\x68", 7},
    {"\x20\x46\x65\x6e\x65\x6e", 6},
    {"\x20\x54\x61\x72\x6f\x72", 6},
    {"\x20\x74\x68", 3},
    {"\x20\x46\x65\x6e\x6f\x77", 6},
    {"\x64\x65\x72", 3},
    {"\x20\x66\x6f", 3},
    {"\x20\x6e\x65\x77", 4},
    {"\x20\x69\x74\x73", 4},
    {"\x6f\x70", 2},
    {"\x20\x70\x65", 3},
    {"\x6f\x6c\x73", 3},
    {"\x20\x72\x69", 3},
    {"\x20\x4e\x6f\x72\x65\x74\x68", 7},
    {"\x20\x63\x72\x6f\x77\x6e", 6},
    {"\x20\x42\x65\x6c\x65\x74\x68", 7},
    {"\x20\x61\x63", 3},
    {"\x20\x43\x6f\x75\x72", 5},
    {"\x67\x65", 2},
    {"\x20\x46\x65\x6e\x65\x74\x68", 7},
    {"\x20\x54\x61\x72\x65\x74\x68", 7},
    {"\x75\x65", 2},
    {"\x74\x6f", 2},
    {"\x20\x69\x6e\x74\x6f", 5},
    {"\x65\x65\x6b", 3},
    {"\x63\x68", 2},
    {"\x20\x67\x6f\x69\x6e\x67", 6},
    {"\x20\x63\x6f\x75\x72\x74", 6},
    {"\x20\x73\x68\x6f\x72\x74", 6},
    {"\x20\x62\x79", 3},
    {"\x75\x6e", 2},
    {"\x61\x6b", 2},
    {"\x75\x70", 2},
    {"\x72\x6f\x75", 3},
    {"\x63\x6f\x72\x64", 4},
    {"\x20\x72\x6f\x75\x6e\x64", 6},
    {"\x20\x77\x6f\x72\x64", 5},
    {"\x20\x61\x63\x63\x6f\x72\x64", 7},
    {"\x20\x61\x63\x63\x6f\x72\x64\x69\x6e\x67", 10},
    {"\x6f\x72\x65", 3},
    {"\x62\x6c\x69\x6e", 4},
    {"\x70\x74", 2},
    {"\x75\x62\x6c", 3},
    {"\x20\x70\x75\x62\x6c", 5},
    {"\x20\x77\x6f\x72\x6b\x69\x6e\x67", 8},
    {"\x62\x62\x6f\x74", 4},
    {"\x20\x70\x75\x62\x6c\x69\x63", 7},
    {"\x20\x61\x6e", 3},
    {"\x20\x72\x65\x6c", 4},
    {"\x20\x6f\x6c", 3},
    {"\x20\x72\x65\x73", 4},
    {"\x20\x72\x75\x6d", 4},
    {"\x20\x74\x72\x75\x65", 5},
    {"\x20\x72\x75\x6d\x6f\x75\x72", 7},
    {"\x20\x66\x6f\x6f\x64", 5},
    {"\x20\x74\x6f\x6f\x6c\x73", 6},
    {"\x20\x77\x68", 3},
    {"\x65\x63", 2},
    {"\x20\x73\x74\x6f\x72\x79", 6},
    {"\x20\x72\x69\x67\x68\x74", 6},
    {"\x20\x67\x6f\x62\x6c\x69\x6e", 7},
    {"\x61\x75", 2},
    {"\x69\x74\x68", 3},
    {"\x20\x77\x69\x74\x68", 5},
    {"\x65\x72\x64", 3},
    {"\x20\x63\x68", 3},
    {"\x20\x68\x65\x72\x64", 5},
    {"\x6a\x6f\x69\x6e", 4},
    {"\x20\x6a\x6f\x69\x6e", 5},
    {"\x20\x6c\x61", 3},
    {"\x20\x77\x6f\x6f\x64", 5},
    {"\x20\x73\x6f", 3},
    {"\x20\x73\x61\x79", 4},
    {"\x6f\x70\x6c\x65", 4},
    {"\x20\x70\x65\x6f\x70\x6c\x65", 7},
    {"\x20\x6c\x6f\x73\x74", 5},
    {"\x20\x64\x65\x6c", 4},
    {"\x20\x73\x6c", 3},
    {"\x20\x72\x6f\x61\x64\x73", 6},
    {"\x69\x73", 2},
    {"\x61\x69\x6e", 3},
    {"\x42\x65\x6c", 3},
    {"\x20\x72\x61\x69\x64\x65\x64", 7},
    {"\x54\x61\x72", 3},
    {"\x74\x65\x64", 3},
    {"\x20\x66\x65\x6c\x6c", 5},
    {"\x20\x74\x68\x72\x6f\x75", 6},
    {"\x20\x74\x68\x72\x6f\x75\x67\x68", 8},
    {"\x20\x77\x61\x72", 4},
    {"\x20\x63\x6c", 3},
    {"\x20\x42\x6f\x6f", 4},
    {"\x20\x42\x6f\x6f\x6b", 5},
    {"\x69\x64", 2},
    {"\x75\x6e\x64", 3},
    {"\x20\x73\x70", 3},
    {"\x65\x79", 2},
    {"\x20\x65", 2},
    {"\x6f\x77\x61\x72\x64", 5},
    {"\x20\x74\x6f\x77\x61\x72\x64", 7},
    {"\x73\x69\x6e\x67", 4},
    {"\x72\x6e", 2},
    {"\x20\x43\x75\x70", 4},
    {"\x20\x73\x74\x6f\x6e\x65", 6},
    {"\x72\x6f\x77\x6e", 4},
    {"\x20\x43\x72\x6f\x77\x6e", 6},
    {"\x20\x61\x64", 3},
    {"\x65\x74\x68\x65", 4},
    {"\x73\x65\x73", 3},
    {"\x6f\x75\x74", 3},
    {"\x64\x73", 2},
    {"\x61\x6c\x76\x65\x73", 5},
    {"\x61\x64\x65", 3},
    {"\x69\x63\x65", 3},
    {"\x79\x65\x61\x72", 4},
    {"\x20\x79\x65\x61\x72", 5},
    {"\x20\x62\x65\x63", 4},
    {"\x6c\x6f\x63", 3},
    {"\x20\x66\x6c\x6f\x63", 5},
    {"\x20\x66\x6c\x6f\x63\x6b", 6},
    {"\x6c\x79", 2},
    {"\x20\x63\x6f\x75\x72\x74\x73", 7},
    {"\x20\x6d\x61\x64\x65", 5},
    {"\x20\x63\x61\x6c\x76\x65\x73", 7},
    {"\x20\x43\x6f\x75\x72\x74", 6},
    {"\x20\x57\x6f\x6f\x64", 5},
    {"\x65\x66", 2},
    {"\x65\x72\x76", 3},
    {"\x67\x68\x74\x65\x72", 5},
    {"\x61\x75\x67\x68\x74\x65\x72", 7},
    {"\x20\x73\x6c\x61\x75\x67\x68\x74\x65\x72", 10},
    {"\x61\x63\x65", 3},
    {"\x63\x72\x69", 3},
    {"\x69\x75\x6d", 3},
    {"\x6b\x65\x65", 3},
    {"\x6f\x79", 2},
    {"\x6f\x72\x69\x75\x6d", 5},
    {"\x69\x6e\x67\x73", 4},
    {"\x20\x77\x6f\x72\x6b\x73", 6},
    {"\x75\x6c\x74", 3},
    {"\x20\x53\x63\x72\x69", 5},
    {"\x20\x66\x6f\x61\x6c", 5},
    {"\x70\x74\x6f\x72\x69\x75\x6d", 7},
    {"\x20\x61\x6e\x6f\x69\x6e", 6},
    {"\x6b\x65\x65\x70", 4},
    {"\x20\x53\x63\x72\x69\x70\x74\x6f\x72\x69\x75\x6d", 12},
    {"\x61\x74\x69\x6f\x6e", 5},
    {"\x20\x72\x65\x6c\x61\x74\x69\x6f\x6e", 9},
    {"\x20\x72\x65\x6c\x61\x74\x69\x6f\x6e\x73", 10},
    {"\x6b\x65", 2},
    {"\x20\x6f\x6c\x64", 4},
    {"\x61\x63\x68", 3},
    {"\x65\x64\x73", 3},
    {"\x20\x72\x65\x61\x63\x68", 6},
    {"\x20\x72\x61\x69\x73\x65\x64", 7},
    {"\x61\x79\x73", 3},
    {"\x20\x72\x65\x61\x63\x68\x65\x73", 8},
    {"\x65\x64\x65\x64", 4},
    {"\x20\x41\x62\x62\x6f\x74", 6},
    {"\x69\x6c\x64", 3},
    {"\x20\x67\x61", 3},
    {"\x20\x6c\x6f\x72\x65", 5},
    {"\x20\x72\x65\x70\x61\x69\x72\x73", 8},
    {"\x65\x6e\x74", 3},
    {"\x20\x73\x68\x65", 4},
    {"\x20\x68\x65", 3},
    {"\x6f\x72\x6e", 3},
    {"\x20\x63\x6c\x6f\x73", 5},
    {"\x64\x64\x65\x72", 4},
    {"\x20\x6c\x6f\x63", 4},
    {"\x20\x66\x6f\x64\x64\x65\x72", 7},
    {"\x20\x6c\x6f\x63\x61\x6c", 6},
    {"\x68\x65\x61\x74", 4},
    {"\x75\x6d\x66\x65\x6c\x6c", 6},
    {"\x69\x6c\x67\x61\x74\x65", 6},
    {"\x6f\x77\x66\x65\x6c\x6c", 6},
    {"\x75\x6d\x6d\x65\x72\x65", 6},
    {"\x69\x6c\x64\x65\x6e", 5},
    {"\x65\x6e\x6d\x65\x72\x65", 6},
    {"\x61\x77\x69\x63\x6b", 5},
    {"\x61\x6d\x6f\x6f\x72", 5},
    {"\x65\x6e\x77\x69\x63\x6b", 6},
    {"\x6f\x77\x67\x61\x74\x65", 6},
    {"\x65\x74\x68\x65\x74\x68", 6},
    {"\x74\x6f\x6e\x65", 4},
    {"\x6f\x72\x68\x6f\x6c\x74", 6},
    {"\x61\x64\x65\x6e", 4},
    {"\x65\x6e\x66\x6f\x72\x64", 6},
    {"\x6f\x77\x77\x69\x63\x6b", 6},
    {"\x65\x6e\x68\x6f\x6c\x74", 6},
    {"\x6f\x77\x68\x6f\x6c\x74", 6},
    {"\x69\x6c\x68\x6f\x6c\x74", 6},
    {"\x6f\x72\x6d\x6f\x6f\x72", 6},
    {"\x75\x6d\x67\x61\x74\x65", 6},
    {"\x75\x6d\x66\x6f\x72\x64", 6},
    {"\x6f\x77\x6d\x65\x72\x65", 6},
    {"\x65\x6e\x64\x65\x6e", 5},
    {"\x6f\x77\x6d\x6f\x6f\x72", 6},
    {"\x6f\x77\x64\x65\x6e", 5},
    {"\x69\x6c\x77\x69\x63\x6b", 6},
    {"\x6f\x72\x6d\x65\x72\x65", 6},
    {"\x69\x6c\x66\x6f\x72\x64", 6},
    {"\x61\x66\x65\x6c\x6c", 5},
    {"\x61\x73\x68\x67\x61\x74\x65", 7},
    {"\x20\x66\x75\x6e\x64", 5},
    {"\x6f\x75\x67\x68\x74", 5},
    {"\x6c\x65\x63", 3},
    {"\x6f\x61\x72\x64", 4},
    {"\x61\x73\x68\x66\x65\x6c\x6c", 7},
    {"\x20\x62\x72", 3},
    {"\x61\x67\x61\x74\x65", 5},
    {"\x20\x68\x6f\x61\x72\x64", 6},
    {"\x6f\x72\x66\x6f\x72\x64", 6},
    {"\x69\x6c\x6d\x6f\x6f\x72", 6},
    {"\x61\x73\x68\x6d\x6f\x6f\x72", 7},
    {"\x61\x73\x68\x64\x65\x6e", 6},
    {"\x6f\x72\x77\x69\x63\x6b", 6},
    {"\x61\x73\x68\x68\x6f\x6c\x74", 7},
    {"\x65\x6e\x67\x61\x74\x65", 6},
    {"\x61\x73\x68\x6d\x65\x72\x65", 7},
    {"\x61\x68\x6f\x6c\x74", 5},
    {"\x61\x73\x68\x66\x6f\x72\x64", 7},
    {"\x63\x63\x65", 3},
    {"\x75\x63\x63\x65", 4},
    {"\x6f\x72\x67\x61\x74\x65", 6},
    {"\x20\x73\x75\x63\x63\x65", 6},
    {"\x75\x6d\x68\x6f\x6c\x74", 6},
    {"\x75\x6d\x77\x69\x63\x6b", 6},
    {"\x75\x6d\x64\x65\x6e", 5},
    {"\x20\x72\x65\x73\x75\x6d", 6},
    {"\x61\x6d\x65\x72\x65", 5},
    {"\x6f\x77\x66\x6f\x72\x64", 6},
    {"\x69\x6c\x6d\x65\x72\x65", 6},
    {"\x69\x6c\x66\x65\x6c\x6c", 6},
    {"\x6f\x72\x66\x65\x6c\x6c", 6},
    {"\x20\x72\x75", 3},
    {"\x61\x73\x68\x77\x69\x63\x6b", 7},
    {"\x65\x6e\x66\x65\x6c\x6c", 6},
    {"\x65\x6e\x6d\x6f\x6f\x72", 6},
    {"\x75\x6d\x6d\x6f\x6f\x72", 6},
    {"\x73\x65", 2},
    {"\x61\x66\x6f\x72\x64", 5},
    {"\x6f\x72\x64\x65\x6e", 5},
    {"\x66\x65", 2},
    {"\x20\x77\x65\x65\x6b", 5},
    {"\x20\x74\x61\x6b", 4},
    {"\x20\x73\x74\x6f\x72\x65", 6},
    {"\x20\x72\x61\x69\x64\x73", 6},
    {"\x20\x53\x74\x6f\x6e\x65", 6},
    {"\x20\x74\x61\x6b\x65\x73", 6},
    {"\x69\x6e\x64\x73", 4},
    {"\x20\x62\x69\x6e\x64\x73", 6},
    {"\x20\x63\x72\x6f\x77\x6e\x73", 7},
    {"\x6c\x73", 2},
    {"\x65\x74\x68\x66\x65\x6c\x6c", 7},
    {"\x6f\x6b", 2},
    {"\x20\x74\x6f\x6f\x6b", 5},
    {"\x65\x74\x68\x6d\x65\x72\x65", 7},
    {"\x76\x65\x72", 3},
    {"\x20\x77\x65\x6e\x74", 5},
    {"\x20\x63\x75\x74", 4},
    {"\x65\x74\x68\x68\x6f\x6c\x74", 7},
    {"\x65\x74\x68\x66\x6f\x72\x64", 7},
    {"\x65\x74\x68\x77\x69\x63\x6b", 7},
    {"\x20\x70\x6f\x6e", 4},
    {"\x65\x74\x68\x6d\x6f\x6f\x72", 7},
    {"\x6e\x69\x6e\x67", 4},
    {"\x20\x77\x61\x72\x6e\x69\x6e\x67", 8},
    {"\x20\x63\x6f\x6e", 4},
    {"\x74\x69\x6e\x67", 4},
    {"\x6f\x6d\x65", 3},
    {"\x6c\x65\x73", 3},
    {"\x6f\x6f\x6c", 3},
    {"\x70\x69\x6f\x6e", 4},
    {"\x20\x63\x6f\x6c", 4},
    {"\x20\x73\x65\x65\x6b", 5},
    {"\x61\x6d\x70\x69\x6f\x6e", 6},
    {"\x20\x62\x75\x69\x6c\x64", 6},
    {"\x20\x63\x68\x61\x6d\x70\x69\x6f\x6e", 9},
    {"\x69\x64\x65", 3},
    {"\x69\x6d", 2},
    {"\x6e\x65\x79", 3},
    {"\x74\x75", 2},
    {"\x20\x63\x6f\x75", 4},
    {"\x20\x72\x65\x74\x75", 5},
    {"\x20\x67\x72", 3},
    {"\x20\x63\x68\x69\x6d", 5},
    {"\x20\x63\x6f\x75\x6e", 5},
    {"\x20\x72\x65\x74\x75\x72\x6e", 7},
    {"\x20\x63\x68\x69\x6d\x6e\x65\x79", 8},
    {"\x73\x77", 2},
    {"\x65\x74\x68\x67\x61\x74\x65", 7},
    {"\x20\x33", 2},
    {"\x20\x32", 2},
    {"\x65\x74\x68\x64\x65\x6e", 6},
    {"\x20\x73\x74\x6f\x72\x65\x73", 7},
    {"\x64\x65\x64", 3},
    {"\x20\x61\x64\x64\x65\x64", 6},
    {"\x20\x75\x73\x65\x64", 5},
    {"\x20\x73\x74\x6f\x72\x65\x64", 7},
    {"\x20\x6d\x61\x6b", 4},
    {"\x20\x64\x65\x6c\x61\x79", 6},
    {"\x6f\x6e\x65\x79", 4},
    {"\x20\x72\x65\x70\x61\x69\x72\x65\x64", 9},
    {"\x20\x6a\x6f\x69\x6e\x65\x64", 7},
    {"\x20\x75\x70", 3},
    {"\x6c\x69", 2},
    {"\x65\x70", 2},
    {"\x20\x77\x68\x65\x6e", 5},
    {"\x20\x61\x62\x62\x6f\x74", 6},
    {"\x20\x62\x72\x65", 4},
    {"\x20\x77\x65\x72\x65", 5},
    {"\x69\x65\x72", 3},
    {"\x77\x6f", 2},
    {"\x61\x72\x73", 3},
    {"\x20\x72\x75\x6e", 4},
    {"\x20\x74\x77\x6f", 4},
    {"\x20\x6c\x65", 3},
    {"\x20\x6e\x6f\x77", 4},
    {"\x20\x72\x61\x69\x73\x65\x73", 7},
    {"\x20\x63\x6f\x75\x72\x69\x65\x72", 8},
    {"\x20\x57\x68\x65\x61\x74", 6},
    {"\x20\x72\x75\x6e\x73", 5},
    {"\x20\x75\x6e", 3},
    {"\x20\x66\x61\x6c", 4},
    {"\x20\x66\x61\x6c\x6c\x73", 6},
    {"\x20\x52", 2},
    {"\x20\x73\x6c\x61\x75\x67\x68\x74\x65\x72\x65\x64", 12},
    {"\x20\x6d\x6f\x6e\x65\x79", 6},
    {"\x63\x6b", 2},
    {"\x20\x6c\x61\x63\x6b", 5},
    {"\x61\x72\x65\x64", 4},
    {"\x20\x36", 2},
    {"\x20\x63\x6c\x6f\x73\x65\x64", 7},
    {"\x20\x73\x6f\x6d\x65", 5},
    {"\x61\x6d\x65", 3},
    {"\x20\x31\x35", 3},
    {"\x20\x37", 2},
    {"\x20\x31\x34", 3},
    {"\x20\x6e\x65\x65\x64\x65\x64", 7},
    {"\x20\x31\x38", 3},
    {"\x20\x77\x68\x65\x72\x65", 6},
    {"\x61\x69\x6c", 3},
    {"\x61\x6e\x64", 3},
    {"\x63\x69\x6c", 3},
    {"\x65\x61\x6c", 3},
    {"\x66\x75\x6c", 3},
    {"\x67\x65\x72", 3},
    {"\x68\x6b\x65\x65\x70", 5},
    {"\x69\x72", 2},
    {"\x6d\x70\x74", 3},
    {"\x72\x69\x6e\x67", 4},
    {"\x73\x74", 2},
    {"\x73\x68\x6b\x65\x65\x70", 6},
    {"\x74\x77", 2},
    {"\x74\x65\x6e", 3},
    {"\x74\x6f\x6e", 3},
    {"\x74\x6c\x65", 3},
    {"\x77\x66\x75\x6c", 4},
    {"\x65\x6e\x63\x65", 4},
    {"\x61\x72\x76\x65\x73", 5},
    {"\x61\x72\x67\x65", 4},
    {"\x20\x72\x6f\x6f", 4},
    {"\x20\x72\x6f\x79", 4},
    {"\x20\x63\x61\x74", 4},
    {"\x20\x63\x6c\x65", 4},
    {"\x20\x63\x75\x6c\x74", 5},
    {"\x61\x73\x74", 3},
    {"\x75\x6d\x62\x6c", 4},
    {"\x69\x6c\x65\x6e\x63\x65", 6},
    {"\x20\x73\x65\x61\x6c", 5},
    {"\x20\x73\x69\x6c\x65\x6e\x63\x65", 8},
    {"\x20\x74\x61\x72\x67\x65", 6},
    {"\x20\x62\x65\x65", 4},
    {"\x20\x62\x6c\x65\x73", 5},
    {"\x20\x62\x69\x72", 4},
    {"\x68\x65\x61\x64", 4},
    {"\x20\x6c\x6f\x61\x64", 5},
    {"\x20\x6c\x61\x73\x74", 5},
    {"\x20\x64\x75\x6e", 4},
    {"\x20\x70\x61\x67\x65", 5},
    {"\x20\x70\x72\x65", 4},
    {"\x6f\x6f\x64\x73", 4},
    {"\x20\x6e\x61\x6d", 4},
    {"\x20\x68\x6f\x73\x74", 5},
    {"\x20\x68\x69\x64", 4},
    {"\x20\x68\x61\x72\x76\x65\x73", 7},
    {"\x20\x6d\x75\x74", 4},
    {"\x20\x6e\x65\x74\x77", 5},
    {"\x20\x64\x72\x6f\x75\x67\x68\x74", 8},
    {"\x20\x63\x72\x6f\x73", 5},
    {"\x20\x63\x72\x75\x6d\x62\x6c", 7},
    {"\x20\x41\x73\x68\x6b\x65\x65\x70", 8},
    {"\x62\x62\x65\x79", 4},
    {"\x20\x74\x72\x61\x69\x6c", 6},
    {"\x67\x65\x6f\x6e", 4},
    {"\x75\x6e\x67\x65\x72", 5},
    {"\x20\x72\x65\x73\x65\x72\x76", 7},
    {"\x20\x77\x69\x74\x68\x6f\x75\x74", 8},
    {"\x20\x6c\x61\x77\x66\x75\x6c", 7},
    {"\x20\x64\x65\x6c\x69", 5},
    {"\x20\x73\x70\x61\x63\x65", 6},
    {"\x20\x73\x70\x72\x69\x6e\x67", 7},
    {"\x20\x65\x6d\x70\x74", 5},
    {"\x65\x72\x76\x69\x63\x65", 6},
    {"\x20\x66\x6f\x61\x6c\x73", 6},
    {"\x20\x6c\x6f\x63\x61\x6c\x6c\x79", 8},
    {"\x6c\x65\x63\x74", 4},
    {"\x20\x62\x72\x6f\x6f\x64", 6},
    {"\x20\x72\x75\x69\x6e", 5},
    {"\x20\x63\x6f\x6c\x6c\x65\x63\x74", 8},
    {"\x20\x73\x65\x65\x6b\x69\x6e\x67", 8},
    {"\x20\x62\x75\x69\x6c\x64\x69\x6e\x67\x73", 10},
    {"\x20\x63\x6f\x75\x6e\x63\x69\x6c", 8},
    {"\x74\x65\x6e\x64\x65\x72", 6},
    {"\x20\x72\x6f\x6f\x73\x74", 6},
    {"\x20\x72\x6f\x79\x61\x6c", 6},
    {"\x20\x63\x61\x74\x74\x6c\x65", 7},
    {"\x20\x74\x61\x72\x67\x65\x74", 7},
    {"\x20\x62\x65\x65\x66", 5},
    {"\x20\x62\x6c\x65\x73\x73\x69\x6e\x67", 9},
    {"\x20\x62\x69\x72\x74\x68", 6},
    {"\x20\x64\x75\x6e\x67\x65\x6f\x6e", 8},
    {"\x20\x70\x72\x65\x74\x65\x6e\x64\x65\x72", 10},
    {"\x20\x68\x69\x64\x64\x65\x6e", 7},
    {"\x20\x68\x61\x72\x76\x65\x73\x74", 8},
    {"\x20\x6d\x75\x74\x74\x6f\x6e", 7},
    {"\x20\x6e\x65\x74\x77\x6f\x72\x6b", 8},
    {"\x20\x41\x73\x68\x6b\x65\x65\x70\x65\x72\x73", 11},
    {"\x20\x74\x72\x61\x69\x6c\x68\x65\x61\x64", 10},
    {"\x20\x72\x65\x73\x65\x72\x76\x65", 8},
    {"\x20\x65\x6d\x70\x74\x79", 6},
    {"\x61\x70", 2},
    {"\x62\x73", 2},
    {"\x64\x67\x65", 3},
    {"\x69\x70", 2},
    {"\x69\x65\x64", 3},
    {"\x69\x72\x65", 3},
    {"\x69\x65\x66", 3},
    {"\x6c\x69\x6e\x67\x73", 5},
    {"\x6c\x6c\x69", 3},
    {"\x6d\x65\x6e", 3},
    {"\x76\x6f\x79", 3},
    {"\x20\x6b\x65\x65\x70", 5},
    {"\x61\x72\x6b\x65", 4},
    {"\x20\x61\x6c\x6c\x69", 5},
    {"\x20\x72\x6f\x6c", 4},
    {"\x69\x6c\x79", 3},
    {"\x20\x77\x61\x69", 4},
    {"\x20\x74\x72\x65", 4},
    {"\x20\x66\x61\x6d", 4},
    {"\x20\x66\x69\x72\x65", 5},
    {"\x61\x74\x79", 3},
    {"\x20\x62\x72\x69", 4},
    {"\x20\x6c\x69", 3},
    {"\x20\x64\x61\x6d", 4},
    {"\x20\x64\x69\x65\x64", 5},
    {"\x20\x72\x65\x6f\x70", 5},
    {"\x20\x6e\x6f\x74", 4},
    {"\x20\x6d\x61\x72\x6b\x65", 6},
    {"\x61\x6e\x63\x65", 4},
    {"\x61\x6d\x62\x73", 4},
    {"\x20\x73\x68\x69\x70", 5},
    {"\x20\x62\x75\x79", 4},
    {"\x20\x70\x65\x61\x63\x65", 6},
    {"\x20\x72\x65\x6c\x69\x65\x66", 7},
    {"\x20\x6f\x6c\x64\x65\x72", 6},
    {"\x20\x61\x64\x75\x6c\x74", 6},
    {"\x20\x79\x65\x61\x72\x6c\x69\x6e\x67\x73", 10},
    {"\x20\x61\x6e\x6f\x69\x6e\x74\x69\x6e\x67", 10},
    {"\x20\x63\x6f\x6e\x76\x6f\x79", 7},
    {"\x20\x67\x72\x61\x69\x6e", 6},
    {"\x61\x70\x65\x72", 4},
    {"\x6d\x65\x6e\x74\x73", 5},
    {"\x20\x61\x6c\x6c\x69\x61\x6e\x63\x65", 9},
    {"\x20\x72\x6f\x6c\x6c", 5},
    {"\x20\x74\x72\x65\x61\x74\x79", 7},
    {"\x20\x66\x61\x6d\x69\x6c\x79", 7},
    {"\x20\x62\x72\x69\x64\x67\x65", 7},
    {"\x20\x64\x61\x6d\x61\x67\x65", 7},
    {"\x20\x72\x65\x6f\x70\x65\x6e", 7},
    {"\x20\x6e\x6f\x74\x69\x63\x65", 7},
    {"\x20\x6d\x61\x72\x6b\x65\x74", 7},
    {"\x20\x73\x68\x69\x70\x6d\x65\x6e\x74\x73", 10},
    {"\x62\x65\x61\x72", 4},
    {"\x69\x74\x68\x65", 4},
    {"\x20\x34", 2},
    {"\x20\x72\x75\x6c", 4},
    {"\x74\x68\x65\x72", 4},
    {"\x20\x74\x69\x74\x68\x65", 6},
    {"\x61\x64\x65\x72\x73", 5},
    {"\x6d\x6f\x6b\x65", 4},
    {"\x20\x72\x65\x61\x64\x65\x72\x73", 8},
    {"\x20\x62\x75\x72\x6e", 5},
    {"\x69\x73\x73\x69\x6e\x67", 6},
    {"\x20\x67\x61\x74\x68\x65\x72", 7},
    {"\x62\x65\x61\x72\x65\x72\x73", 7},
    {"\x20\x72\x75\x6c\x65\x72", 6},
    {"\x65\x61\x64", 3},
    {"\x20\x64\x65\x61\x64", 5},
    {"\x20\x61\x73\x68", 4},
    {"\x73\x77\x6f\x72\x6e", 5},
    {"\x20\x38", 2},
    {"\x20\x35", 2},
    {"\x20\x31\x30", 3},
    {"\x66\x6f\x72", 3},
    {"\x61\x73\x6f\x6e", 4},
    {"\x20\x31\x33", 3},
    {"\x20\x31\x37", 3},
    {"\x20\x39", 2},
    {"\x20\x31\x36", 3},
    {"\x65\x74", 2},
    {"\x20\x31\x31", 3},
    {"\x20\x31\x32", 3},
    {"\x20\x31\x39", 3},
    {"\x20\x6d\x61\x6b\x69\x6e\x67", 7},
    {"\x20\x73\x75\x63\x63\x65\x65\x64\x65\x64", 10},
    {"\x20\x66\x75\x6e\x64\x69\x6e\x67", 8},
    {"\x20\x72\x65\x73\x75\x6d\x65\x64", 8},
    {"\x73\x69\x64\x65", 4},
    {"\x76\x65", 2},
    {"\x20\x67\x6f\x6f\x64\x73", 6},
    {"\x20\x67\x61\x76\x65", 5},
    {"\x20\x64\x65\x6c\x61\x79\x65\x64", 8},
    {"\x61\x62", 2},
    {"\x20\x73\x74\x61\x62", 5},
    {"\x20\x79\x65\x61\x72\x73", 6},
    {"\x20\x73\x74\x61\x62\x6c\x65", 7},
    {"\x69\x6e\x69\x73", 4},
    {"\x20\x66\x69\x6e\x69\x73", 6},
    {"\x20\x6d\x69\x73\x73\x69\x6e\x67", 8},
    {"\x20\x73\x68\x65\x65\x70", 6},
    {"\x20\x66\x69\x6e\x69\x73\x68", 7},
    {"\x20\x62\x6f\x72\x6e", 5},
    {"\x20\x43\x6f\x75", 4},
    {"\x20\x73\x65\x72\x76\x69\x63\x65", 8},
    {"\x20\x68\x61\x6e\x64", 5},
    {"\x71\x75", 2},
    {"\x20\x71\x75", 3},
    {"\x20\x70\x6f\x6e\x79", 5},
    {"\x20\x71\x75\x61\x72", 5},
    {"\x20\x6f\x6e", 3},
    {"\x69\x6e\x66\x6f\x72", 5},
    {"\x20\x6c\x61\x6d\x62\x73", 6},
    {"\x20\x72\x65\x69\x6e\x66\x6f\x72", 8},
    {"\x61\x75\x73\x65", 4},
    {"\x20\x62\x65\x63\x61\x75\x73\x65", 8},
    {"\x20\x6c\x69\x66\x65", 5},
    {"\x20\x70\x61\x73", 4},
    {"\x65\x77", 2},
    {"\x20\x73\x75\x70", 4},
    {"\x20\x73\x75\x70\x70", 5},
    {"\x4d\x65", 2},
    {"\x55\x6e", 2},
    {"\x66\x75\x6e\x64", 4},
    {"\x69\x74", 2},
    {"\x6f\x6e\x64", 3},
    {"\x6f\x6f\x6c\x73", 4},
    {"\x72\x79", 2},
    {"\x75\x74\x73", 3},
    {"\x77\x61\x74", 3},
    {"\x20\x47", 2},
    {"\x20\x65\x6e", 3},
    {"\x20\x6f\x6e\x65", 4},
    {"\x20\x4d\x65", 3},
    {"\x20\x55\x6e", 3},
    {"\x65\x6e\x64\x73", 4},
    {"\x61\x72\x74", 3},
    {"\x69\x6e\x74\x65\x72", 5},
    {"\x20\x63\x6f\x6e\x64", 5},
    {"\x20\x63\x75\x74\x73", 5},
    {"\x20\x54\x6f\x6f\x6c\x73", 6},
    {"\x20\x77\x69\x6e\x74\x65\x72", 7},
    {"\x20\x64\x61\x79\x73", 5},
    {"\x6f\x6d\x65\x73", 4},
    {"\x20\x68\x61\x73", 4},
    {"\x20\x6d\x69\x6c", 4},
    {"\x20\x6d\x61\x73\x6f\x6e", 6},
    {"\x74\x65\x72\x73", 4},
    {"\x61\x6e\x74", 3},
    {"\x20\x75\x73\x65\x73", 5},
    {"\x20\x75\x73\x65", 4},
    {"\x20\x62\x75\x6e\x64", 5},
    {"\x63\x68\x65\x64", 4},
    {"\x20\x6a\x6f\x69\x6e\x73", 6},
    {"\x20\x62\x65\x63\x6f\x6d\x65\x73", 8},
    {"\x20\x73\x6c\x61\x75\x67\x68\x74\x65\x72\x73", 11},
    {"\x20\x73\x75\x63\x63\x65\x65\x64\x73", 9},
    {"\x20\x72\x65\x73\x75\x6d\x65\x73", 8},
    {"\x20\x77\x65\x65\x6b\x73", 6},
    {"\x20\x62\x72\x65\x65\x64\x73", 7},
    {"\x20\x75\x6e\x77\x61\x74", 6},
    {"\x66\x75\x6e\x64\x65\x64", 6},
    {"\x69\x74\x69\x6f\x6e", 5},
    {"\x20\x65\x6e\x74\x65\x72\x73", 7},
    {"\x20\x4d\x65\x61\x74", 5},
    {"\x20\x55\x6e\x66\x75\x6e\x64\x65\x64", 9},
    {"\x20\x63\x6f\x6e\x64\x69\x74\x69\x6f\x6e", 10},
    {"\x20\x75\x6e\x77\x61\x74\x63\x68\x65\x64", 10},
    {"\x6d\x61\x69\x6e", 4},
    {"\x20\x72\x65\x6d\x61\x69\x6e", 7},
    {"\x20\x72\x65\x74\x75\x72\x6e\x73", 8},
    {"\x61\x77", 2},
    {"\x66\x6f", 2},
    {"\x68\x6f", 2},
    {"\x20\x62\x65\x63\x61\x6d\x65", 7},
    {"\x20\x72\x61\x6e", 4},
    {"\x20\x70\x75\x74", 4},
    {"\x20\x6c\x65\x66", 4},
    {"\x20\x6c\x65\x66\x74", 5},
    {"\x20\x62\x72\x6f\x75", 5},
    {"\x20\x62\x72\x6f\x75\x67\x68\x74", 8},
    {"\x67\x6c\x65\x63", 4},
    {"\x69\x65\x73", 3},
    {"\x20\x6f\x75\x74", 4},
    {"\x20\x73\x6f\x75\x67\x68\x74", 7},
    {"\x20\x77\x6f\x72\x65", 5},
    {"\x6e\x64\x65\x72", 4},
    {"\x20\x6c\x61\x69", 4},
    {"\x20\x63\x61\x72\x65", 5},
    {"\x20\x6e\x65\x67\x6c\x65\x63", 7},
    {"\x20\x75\x6e\x64\x65\x72", 6},
    {"\x75\x74\x63\x68", 4},
    {"\x20\x6c\x61\x6e\x64", 5},
    {"\x20\x63\x6c\x75\x74\x63\x68", 7},
    {"\x20\x61\x6e\x6f\x69\x6e\x74\x65\x64", 9},
    {"\x20\x68\x65\x61\x72\x64", 6},
    {"\x76\x65\x72\x65\x64", 5},
    {"\x20\x70\x6f\x6e\x69\x65\x73", 7},
    {"\x20\x72\x65\x74\x75\x72\x6e\x65\x64", 9},
    {"\x20\x63\x6c\x65\x61\x72\x65\x64", 8},
    {"\x20\x73\x65\x61\x6c\x65\x64", 7},
    {"\x20\x6e\x61\x6d\x65\x64", 6},
    {"\x20\x63\x72\x6f\x73\x73\x65\x64", 8},
    {"\x20\x63\x72\x75\x6d\x62\x6c\x65\x64", 9},
    {"\x20\x64\x65\x6c\x69\x76\x65\x72\x65\x64", 10},
    {"\x20\x6c\x61\x69\x64", 5},
    {"\x20\x6e\x65\x67\x6c\x65\x63\x74\x65\x64", 10},
    {"\x62\x6f\x75\x74", 4},
    {"\x6d\x65\x64", 3},
    {"\x70\x65\x63", 3},
    {"\x78\x70\x65\x63", 4},
    {"\x20\x61\x62\x6f\x75\x74", 6},
    {"\x20\x77\x68\x65\x61\x74", 6},
    {"\x20\x66\x6f\x72\x6d\x65\x64", 7},
    {"\x20\x65\x78\x70\x65\x63", 6},
    {"\x20\x62\x72\x65\x64", 5},
    {"\x20\x6b\x65\x65\x70\x65\x72", 7},
    {"\x20\x72\x65\x6f\x70\x65\x6e\x65\x64", 9},
    {"\x20\x67\x61\x74\x68\x65\x72\x65\x64", 9},
    {"\x20\x65\x78\x70\x65\x63\x74\x65\x64", 9},
    {"\x20\x66\x65\x64", 4},
    {"\x20\x62\x6f\x75\x6e\x64", 6},
    {"\x6f\x73\x65", 3},
    {"\x41\x66\x74\x65\x72", 5},
    {"\x72\x65\x61\x64", 4},
    {"\x20\x67\x61\x69\x6e", 5},
    {"\x20\x67\x61\x69\x6e\x65\x64", 7},
    {"\x20\x74\x68\x61\x74", 5},
    {"\x50\x61\x70\x65\x72", 5},
    {"\x20\x63\x72\x65\x77", 5},
    {"\x20\x63\x72\x65\x77\x73", 6},
    {"\x20\x73\x6f\x6d\x65\x6f\x6e\x65", 8},
    {"\x65\x68", 2},
    {"\x69\x6e\x64", 3},
    {"\x20\x62\x65\x68", 4},
    {"\x20\x72\x75\x6c\x65", 5},
    {"\x20\x62\x65\x68\x69\x6e\x64", 7},
    {"\x20\x68\x75\x6e\x67\x65\x72", 7},
    {"\x20\x61\x62\x62\x65\x79", 6},
    {"\x6f\x72\x6d", 3},
    {"\x65\x61\x72\x73", 4},
    {"\x20\x72\x6f\x61\x64\x73\x69\x64\x65", 9},
    {"\x67\x61", 2},
    {"\x6f\x77\x6d", 3},
    {"\x77\x69", 2},
    {"\x75\x6d\x6d", 3},
    {"\x61\x67\x73", 3},
    {"\x20\x52\x61\x67\x73", 5},
    {"\x69\x6c\x6d", 3},
    {"\x65\x6e\x66", 3},
    {"\x6f\x61\x64\x73\x69\x64\x65", 7},
    {"\x65\x6e\x6d", 3},
    {"\x61\x74\x65\x72", 4},
    {"\x20\x6c\x61\x74\x65\x72", 6},
    {"\x20\x77\x68\x61\x74", 5},
    {"\x77\x61\x72\x64", 4},
    {"\x20\x6f\x76\x65\x72", 5},
    {"\x20\x66\x6f\x72\x77\x61\x72\x64", 8},
    {"\x20\x62\x75\x72\x6e\x65\x64", 7},
    {"\x48\x75\x6e\x67\x65\x72", 6},
    {"\x75\x6d\x66", 3},
    {"\x20\x72\x65\x70\x6f\x72\x74", 7},
    {"\x20\x66\x69\x6e\x69\x73\x68\x65\x64", 9},
    {"\x20\x72\x65\x70\x6f\x72\x74\x65\x64", 9},
    {"\x20\x33\x33", 3},
    {"\x6f\x77\x65\x72", 4},
    {"\x20\x64\x6f\x77\x6e", 5},
    {"\x20\x70\x6f\x77\x65\x72", 6},
    {"\x20\x4e\x6f\x72\x65\x74\x68\x65\x74\x68", 10},
    {"\x20\x77\x6f\x6f\x6c", 5},
    {"\x20\x73\x68\x65\x61\x72\x65\x64", 8},
    {"\x20\x72\x6f\x73\x65", 5},
    {"\x69\x6c\x66", 3},
    {"\x61\x64\x65\x64", 4},
    {"\x20\x68\x65\x61\x64\x65\x64", 7},
    {"\x72\x69\x65\x64", 4},
    {"\x20\x71\x75\x61\x72\x72\x69\x65\x64", 9},
    {"\x20\x70\x61\x70\x65\x72", 6},
    {"\x20\x64\x65\x6c\x61\x79\x69\x6e\x67", 9},
    {"\x20\x74\x72\x69", 4},
    {"\x20\x70\x6f\x73\x74", 5},
    {"\x20\x74\x72\x69\x70", 5},
    {"\x20\x70\x6f\x73\x74\x65\x64", 7},
    {"\x63\x65\x64", 3},
    {"\x20\x73\x6d\x6f\x6b\x65", 6},
    {"\x20\x77\x61\x69\x74\x65\x64", 7},
    {"\x20\x72\x65\x69\x6e\x66\x6f\x72\x63\x65\x64", 11},
    {"\x43\x6f\x75\x72", 4},
    {"\x43\x6f\x75\x72\x74", 5},
    {"\x74\x69\x6e", 3},
    {"\x75\x65\x64", 3},
    {"\x20\x73\x6c\x65", 4},
    {"\x20\x63\x6f\x6e\x74\x69\x6e", 7},
    {"\x20\x73\x6c\x65\x77", 5},
    {"\x20\x63\x6f\x6e\x74\x69\x6e\x75\x65\x64", 10},
    {"\x20\x66\x75\x6e\x64\x65\x64", 7},
    {"\x20\x62\x72\x65\x61\x64", 6},
    {"\x20\x54\x61\x72\x65\x74\x68\x65\x74\x68", 10},
    {"\x76\x69\x6e\x67", 4},
    {"\x20\x70\x61\x73\x73\x65\x64", 7},
    {"\x20\x42\x65\x6c\x65\x74\x68\x65\x74\x68", 10},
    {"\x49\x74\x73", 3},
    {"\x61\x76\x65\x73", 4},
    {"\x63\x61\x6c", 3},
    {"\x63\x65\x6e\x64\x73", 5},
    {"\x64\x65\x73", 3},
    {"\x65\x6d", 2},
    {"\x67\x67", 2},
    {"\x67\x61\x6c", 3},
    {"\x69\x76\x65\x73", 4},
    {"\x6c\x6f\x74", 3},
    {"\x6d\x6f\x6e", 3},
    {"\x6e\x6f\x74", 3},
    {"\x70\x74\x73", 3},
    {"\x72\x65\x73", 3},
    {"\x72\x65\x65", 3},
    {"\x73\x75", 2},
    {"\x73\x63\x61\x6c", 4},
    {"\x74\x6f\x72\x65", 4},
    {"\x74\x61\x6e\x74", 4},
    {"\x76\x65\x6c", 3},
    {"\x76\x65\x72\x73", 4},
    {"\x77\x65\x6e\x74", 4},
    {"\x20\x6d\x6f", 3},
    {"\x20\x50\x61\x70\x65\x72", 6},
    {"\x20\x49\x74\x73", 4},
    {"\x20\x61\x67\x65", 4},
    {"\x65\x72\x79", 3},
    {"\x20\x63\x6f\x77", 4},
    {"\x20\x63\x61\x6e", 4},
    {"\x20\x54\x6f\x6f\x6c", 5},
    {"\x20\x54\x77\x65\x6e\x74", 6},
    {"\x20\x42\x72\x65\x61\x64", 6},
    {"\x20\x77\x68\x6f\x6c", 5},
    {"\x20\x77\x61\x6e\x74", 5},
    {"\x20\x77\x65\x61\x72\x73", 6},
    {"\x6f\x6c\x64", 3},
    {"\x65\x73\x63\x65\x6e\x64\x73", 7},
    {"\x20\x62\x61\x6b", 4},
    {"\x20\x6c\x6f\x73", 4},
    {"\x20\x6c\x61\x79\x73", 5},
    {"\x20\x64\x61\x79", 4},
    {"\x20\x64\x75\x65", 4},
    {"\x20\x64\x69\x73", 4},
    {"\x20\x64\x65\x66", 4},
    {"\x20\x64\x65\x73\x63\x65\x6e\x64\x73", 9},
    {"\x20\x69\x6e\x73\x69\x64\x65", 7},
    {"\x20\x70\x6f\x73", 4},
    {"\x20\x70\x61\x72\x74", 5},
    {"\x20\x70\x72\x65\x73", 5},
    {"\x20\x72\x65\x61\x6c", 5},
    {"\x20\x67\x69\x76\x65\x73", 6},
    {"\x63\x65\x70\x74\x73", 5},
    {"\x20\x63\x6f\x6d\x6d\x6f\x6e", 7},
    {"\x20\x57\x65\x65\x6b", 5},
    {"\x20\x57\x6f\x6f\x6c", 5},
    {"\x20\x74\x68\x69\x73", 5},
    {"\x20\x74\x68\x72\x65\x65", 6},
    {"\x20\x72\x69\x73\x65\x73", 6},
    {"\x20\x72\x69\x64\x65\x73", 6},
    {"\x20\x61\x63\x63\x65\x70\x74\x73", 8},
    {"\x20\x61\x6e\x73\x77", 5},
    {"\x20\x72\x65\x73\x74\x6f\x72\x65", 8},
    {"\x20\x77\x6f\x6f\x64\x6c\x6f\x74", 8},
    {"\x20\x64\x65\x6c\x61\x79\x73", 7},
    {"\x20\x73\x70\x65\x6e\x64\x73", 7},
    {"\x20\x65\x76\x65\x72", 5},
    {"\x20\x65\x67\x67", 4},
    {"\x20\x61\x6e\x6f\x69\x6e\x74\x73", 8},
    {"\x20\x73\x68\x65\x61\x72\x73", 7},
    {"\x20\x68\x65\x61\x72\x73", 6},
    {"\x20\x68\x65\x61\x72\x74", 6},
    {"\x20\x63\x6c\x6f\x73\x65", 6},
    {"\x20\x63\x6c\x6f\x73\x65\x73", 7},
    {"\x20\x66\x75\x6e\x64\x73", 6},
    {"\x20\x77\x65\x65\x6b\x6c\x79", 7},
    {"\x20\x63\x6f\x6c\x74", 5},
    {"\x20\x73\x65\x65\x6b\x73", 6},
    {"\x20\x62\x75\x69\x6c\x64\x65\x72\x73", 9},
    {"\x20\x67\x72\x6f\x75\x6e\x64", 7},
    {"\x20\x6d\x61\x6b\x65", 5},
    {"\x20\x6c\x65\x61\x76\x65\x73", 7},
    {"\x20\x6c\x65\x67\x61\x6c", 6},
    {"\x20\x6c\x65\x76\x65\x6c", 6},
    {"\x20\x52\x61\x77", 4},
    {"\x20\x63\x6c\x65\x61\x72\x73", 7},
    {"\x20\x6e\x61\x6d\x65\x73", 6},
    {"\x20\x63\x72\x6f\x73\x73\x69\x6e\x67", 9},
    {"\x20\x63\x72\x75\x6d\x62\x6c\x65\x73", 9},
    {"\x20\x64\x65\x6c\x69\x76\x65\x72\x73", 9},
    {"\x20\x6b\x65\x65\x70\x73", 6},
    {"\x20\x77\x61\x69\x74\x73", 6},
    {"\x20\x66\x69\x6e\x69\x73\x68\x65\x73", 9},
    {"\x20\x71\x75\x61\x72\x72\x79", 7},
    {"\x20\x72\x65\x69\x6e\x66\x6f\x72\x63\x65", 10},
    {"\x20\x70\x61\x73\x73", 5},
    {"\x20\x73\x75\x70\x70\x6c\x79", 7},
    {"\x20\x47\x65\x6d", 4},
    {"\x20\x47\x6f\x6c\x64", 5},
    {"\x20\x6d\x69\x6c\x6c", 5},
    {"\x20\x6d\x69\x6c\x6c\x73", 6},
    {"\x20\x6d\x61\x73\x6f\x6e\x73", 7},
    {"\x20\x6d\x61\x73\x6f\x6e\x72\x79", 8},
    {"\x20\x62\x75\x6e\x64\x6c\x65", 7},
    {"\x20\x62\x75\x6e\x64\x6c\x65\x73", 8},
    {"\x20\x72\x65\x6d\x61\x69\x6e\x73", 8},
    {"\x20\x33\x33\x30", 4},
    {"\x73\x75\x72\x65", 4},
    {"\x73\x63\x61\x6c\x65", 5},
    {"\x20\x6d\x6f\x76\x65\x73", 6},
    {"\x20\x63\x61\x6e\x6e\x6f\x74", 7},
    {"\x20\x54\x77\x65\x6e\x74\x79", 7},
    {"\x20\x77\x68\x6f\x6c\x65", 6},
    {"\x20\x62\x61\x6b\x65\x72\x79", 7},
    {"\x20\x6c\x6f\x73\x65\x73", 6},
    {"\x20\x64\x69\x73\x74\x61\x6e\x74", 8},
    {"\x20\x64\x65\x66\x65\x72\x73", 7},
    {"\x20\x70\x6f\x73\x74\x73", 6},
    {"\x20\x70\x72\x65\x73\x73\x75\x72\x65", 9},
    {"\x20\x57\x65\x65\x6b\x6c\x79", 7},
    {"\x20\x61\x6e\x73\x77\x65\x72\x73", 8},
    {"\x20\x65\x76\x65\x72\x79", 6},
    {"\x20\x65\x67\x67\x73", 5},
    {"\x20\x47\x65\x6d\x73", 5},
    {"\x65\x65\x64\x73", 4},
    {"\x69\x67\x68", 3},
    {"\x74\x69\x6c", 3},
    {"\x6f\x77\x66", 3},
    {"\x20\x66\x65\x65\x64\x73", 6},
    {"\x6f\x6c\x65\x6e", 4},
    {"\x20\x73\x74\x6f\x6c\x65\x6e", 7},
    {"\x20\x6e\x69\x67\x68", 5},
    {"\x20\x63\x6f\x6d\x65\x73", 6},
    {"\x20\x53\x6d\x6f\x6b\x65", 6},
    {"\x20\x73\x6c\x61\x79\x73", 6},
    {"\x20\x63\x6f\x75\x6e\x74", 6},
    {"\x20\x63\x68\x69\x6d\x6e\x65\x79\x73", 9},
    {"\x20\x75\x6e\x74\x69\x6c", 6},
    {"\x20\x62\x75\x72\x6e\x73", 6},
    {"\x20\x67\x61\x74\x68\x65\x72\x73", 8},
    {"\x20\x6e\x69\x67\x68\x74\x73", 7},
    {"\x20\x73\x68\x6f\x72\x74\x61\x67\x65", 9},
    {"\x6f\x72\x66", 3},
    {"\x54\x61\x72\x6f\x77", 5},
    {"\x53\x6f\x6d\x65", 4},
    {"\x42\x65\x6c\x75\x6d", 5},
    {"\x46\x65\x6e\x6f\x77", 5},
    {"\x20\x46\x65\x6e\x65\x74\x68\x65\x74\x68", 10},
    {"\x61\x6d\x6f", 3},
    {"\x42\x65\x6c\x6f\x72", 5},
    {"\x54\x61\x72\x65\x6e", 5},
    {"\x61\x66", 2},
    {"\x64\x65", 2},
    {"\x42\x65\x6c\x6f\x77", 5},
    {"\x46\x65\x6e\x75\x6d", 5},
    {"\x46\x65\x6e\x61", 4},
    {"\x4e\x6f\x72\x61\x73\x68", 6},
    {"\x42\x65\x6c\x65\x6e", 5},
    {"\x46\x65\x6e\x65\x6e", 5},
    {"\x54\x61\x72\x75\x6d", 5},
    {"\x4e\x6f\x72\x65\x6e", 5},
    {"\x46\x65\x6e\x6f\x72", 5},
    {"\x42\x65\x6c\x65\x74\x68", 6},
    {"\x46\x65\x6e\x69\x6c", 5},
    {"\x54\x61\x72\x6f\x72", 5},
    {"\x54\x61\x72\x69\x6c", 5},
    {"\x54\x61\x72\x61\x73\x68", 6},
    {"\x42\x65\x6c\x61\x73\x68", 6},
    {"\x4e\x6f\x72\x75\x6d", 5},
    {"\x54\x61\x72\x61", 4},
    {"\x4e\x6f\x72\x6f\x72", 5},
    {"\x42\x65\x6c\x61", 4},
    {"\x4e\x6f\x72\x69\x6c", 5},
    {"\x4e\x6f\x72\x6f\x77", 5},
    {"\x42\x65\x6c\x69\x6c", 5},
    {"\x46\x65\x6e\x61\x73\x68", 6},
    {"\x4e\x6f\x72\x61", 4},
    {"\x4e\x6f\x72\x65\x74\x68", 6},
    {"\x46\x65\x6e\x65\x74\x68", 6},
    {"\x20\x48\x75\x6e\x67\x65\x72", 7},
    {"\x20\x41\x6e", 3},
    {"\x20\x41\x62\x62\x65\x79", 6},
    {"\x65\x74\x68\x65\x74", 5},
    {"\x20\x52\x6f\x61\x64\x73\x69\x64\x65", 9},
    {"\x54\x61\x72\x65\x74\x68", 6},
    {"\x6f\x72\x67", 3},
    {"\x65\x6e\x67", 3},
    {"\x4d\x61\x73\x6f\x6e", 5},
    {"\x61\x68\x6f", 3},
    {"\x75\x6d\x67", 3},
    {"\x4d\x61\x73\x6f\x6e\x73", 6},
    {"\x20\x77\x68\x6f", 4},
    {"\x42\x72\x65\x61\x64", 5},
    {"\x20\x73\x6c\x61\x69\x6e", 6},
    {"\x6f\x72\x77", 3},
    {"\x75\x6d\x68", 3},
    {"\x69\x6c\x77", 3},
    {"\x20\x6c\x69\x76\x69\x6e\x67", 7},
    {"\x4c\x61\x6d\x62\x73", 5},
    {"\x4f\x6e", 2},
    {"\x52\x6f\x61\x64\x73\x69\x64\x65", 8},
    {"\x53\x6d\x6f\x6b\x65", 5},
    {"\x20\x66\x65\x61\x72", 5},
    {"\x20\x63\x6f\x6d\x69\x6e\x67", 7},
    {"\x20\x77\x61\x69\x74\x69\x6e\x67", 8},
    {"\x20\x73\x75\x70\x70\x6f\x72\x74", 8},
    {"\x52\x6f\x61\x64", 4},
    {"\x66\x69\x63\x65", 4},
    {"\x20\x6f\x66\x66\x69\x63\x65", 7},
    {"\x47\x6f", 2},
    {"\x49\x6e", 2},
    {"\x69\x6c\x67", 3},
    {"\x47\x6f\x62\x6c\x69\x6e", 6},
    {"\x6f\x77\x68", 3},
    {"\x50\x6f\x6e", 3},
    {"\x50\x6f\x6e\x79", 4},
    {"\x4e\x65\x77", 3},
    {"\x53\x74\x6f\x6e\x65", 5},
    {"\x20\x63\x61\x6d\x65", 5},
    {"\x65\x74\x68\x66", 4},
    {"\x61\x77\x69", 3},
    {"\x48\x61\x6e\x64", 4},
    {"\x53\x65\x72\x76\x69\x63\x65", 7},
    {"\x20\x72\x61\x6e\x6b", 5},
    {"\x57\x6f\x6f\x6c", 4},
    {"\x61\x66\x65", 3},
    {"\x61\x72\x69\x6e\x67", 5},
    {"\x20\x73\x68\x65\x61\x72\x69\x6e\x67", 9},
    {"\x4c\x65", 2},
    {"\x61\x76\x69\x6e\x67", 5},
    {"\x4c\x65\x61\x76\x69\x6e\x67", 7},
    {"\x41\x62\x62\x65\x79", 5},
    {"\x57\x6f\x6f\x64", 4},
    {"\x63\x75\x74", 3},
    {"\x57\x6f\x6f\x64\x63\x75\x74", 7},
    {"\x57\x6f\x6f\x64\x63\x75\x74\x74\x69\x6e\x67", 11},
    {"\x63\x6f\x6d", 3},
    {"\x65\x6c\x63\x6f\x6d", 5},
    {"\x6f\x77\x64", 3},
    {"\x20\x77\x65\x6c\x63\x6f\x6d", 7},
    {"\x20\x43\x6f", 3},
    {"\x20\x77\x65\x6c\x63\x6f\x6d\x65\x64", 9},
    {"\x41\x74", 2},
    {"\x53\x68\x65", 3},
    {"\x54\x68", 2},
    {"\x6c\x65\x74\x65\x64", 5},
    {"\x20\x63\x6f\x6d\x70\x6c\x65\x74\x65\x64", 10},
    {"\x53\x68\x65\x65\x70", 5},
    {"\x54\x68\x65\x72\x65", 5},
    {"\x42\x75", 2},
    {"\x46\x6f\x6f\x64", 4},
    {"\x4d\x6f\x6e\x65\x79", 5},
    {"\x20\x61\x72", 3},
    {"\x6f\x6e\x67", 3},
    {"\x20\x6c\x6f\x6e\x67", 5},
    {"\x69\x6c\x64\x65\x72\x73", 6},
    {"\x53\x6f\x6d\x65\x6f\x6e\x65", 7},
    {"\x42\x75\x69\x6c\x64\x65\x72\x73", 8},
    {"\x20\x61\x72\x6f\x73\x65", 6},
    {"\x4d\x69\x73\x73\x69\x6e\x67", 7},
    {"\x6c\x61\x6d", 3},
    {"\x20\x62\x6c\x61\x6d", 5},
    {"\x6c\x69\x65\x73", 4},
    {"\x20\x62\x75\x72\x6e\x69\x6e\x67", 8},
    {"\x20\x73\x75\x70\x70\x6c\x69\x65\x73", 9},
    {"\x20\x62\x6c\x61\x6d\x65\x64", 7},
    {"\x59\x65\x61\x72\x73", 5},
    {"\x41\x6e", 2},
    {"\x65\x6e\x77", 3},
    {"\x61\x73\x68\x66", 4},
    {"\x20\x6c\x65\x64", 4},
    {"\x4c\x6f\x72\x65", 4},
    {"\x52\x65\x70", 3},
    {"\x6f\x72\x68", 3},
    {"\x61\x69\x72\x73", 4},
    {"\x52\x65\x70\x61\x69\x72\x73", 7},
    {"\x43\x61\x6c\x76\x65\x73", 6},
    {"\x6f\x77\x77", 3},
    {"\x61\x73\x68\x6d", 4},
    {"\x61\x67\x61", 3},
    {"\x75\x6d\x77", 3},
    {"\x47\x6f\x6f\x64\x73", 5},
    {"\x69\x6c\x68", 3},
    {"\x75\x6d\x64", 3},
    {"\x65\x74\x68\x6d", 4},
    {"\x65\x6e\x64", 3},
    {"\x6f\x77\x67", 3},
    {"\x61\x66\x6f", 3},
    {"\x65\x6e\x68", 3},
    {"\x61\x68", 2},
    {"\x20\x32\x30", 3},
    {"\x20\x4e\x6f\x72\x61\x65\x74\x68", 8},
    {"\x20\x31\x30\x32", 4},
    {"\x65\x6e\x66\x65", 4},
    {"\x20\x37\x36", 3},
    {"\x75\x6d\x6d\x6f", 4},
    {"\x20\x31\x34\x34", 4},
    {"\x61\x6d\x6f\x6f", 4},
    {"\x69\x6c\x6d\x6f", 4},
    {"\x20\x32\x39", 3},
    {"\x65\x6e\x77\x69", 4},
    {"\x20\x36\x30", 3},
    {"\x20\x36\x31", 3},
    {"\x20\x38\x38", 3},
    {"\x20\x31\x35\x35", 4},
    {"\x20\x31\x38\x38", 4},
    {"\x20\x31\x37\x38", 4},
    {"\x6f\x72\x67\x61", 4},
    {"\x6f\x77\x66\x6f", 4},
    {"\x6f\x77\x67\x61", 4},
    {"\x69\x6c\x66\x65", 4},
    {"\x20\x36\x39", 3},
    {"\x75\x6d\x66\x65", 4},
    {"\x61\x73\x68\x77", 4},
    {"\x20\x31\x35\x39", 4},
    {"\x20\x34\x33", 3},
    {"\x20\x31\x30\x30", 4},
    {"\x20\x31\x33\x36", 4},
    {"\x6f\x72\x6d\x65", 4},
    {"\x65\x6e\x64\x65", 4},
    {"\x69\x6c\x64\x65", 4},
    {"\x20\x31\x32\x31", 4},
    {"\x20\x31\x32\x34", 4},
    {"\x69\x6c\x66\x6f", 4},
    {"\x20\x33\x39", 3},
    {"\x20\x37\x37", 3},
    {"\x20\x31\x34\x37", 4},
    {"\x20\x31\x38\x39", 4},
    {"\x20\x31\x30\x33", 4},
    {"\x20\x31\x33\x31", 4},
    {"\x20\x39\x31", 3},
    {"\x65\x6e\x68\x6f", 4},
    {"\x20\x36\x33", 3},
    {"\x20\x37\x33", 3},
    {"\x20\x31\x34\x35", 4},
    {"\x20\x38\x34", 3},
    {"\x65\x6e\x6d\x6f", 4},
    {"\x75\x6d\x64\x65", 4},
    {"\x20\x33\x35", 3},
    {"\x20\x31\x38\x31", 4},
    {"\x20\x34\x34", 3},
    {"\x20\x38\x36", 3},
    {"\x20\x31\x31\x32", 4},
    {"\x75\x6d\x67\x61", 4},
    {"\x20\x46\x65\x6e\x61\x65\x74\x68", 8},
    {"\x20\x33\x30", 3},
    {"\x20\x36\x38", 3},
    {"\x20\x31\x38\x30", 4},
    {"\x20\x34\x30", 3},
    {"\x20\x38\x32", 3},
    {"\x20\x31\x33\x38", 4},
    {"\x20\x39\x32", 3},
    {"\x20\x39\x33", 3},
    {"\x20\x31\x36\x32", 4},
    {"\x20\x31\x36\x35", 4},
    {"\x20\x31\x31\x33", 4},
    {"\x20\x31\x31\x36", 4},
    {"\x6f\x72\x6d\x6f", 4},
    {"\x6f\x72\x66\x6f", 4},
    {"\x6f\x77\x6d\x6f", 4},
    {"\x6f\x77\x77\x69", 4},
    {"\x61\x67\x61\x74", 4},
    {"\x20\x31\x35\x30", 4},
    {"\x20\x37\x31", 3},
    {"\x20\x31\x34\x31", 4},
    {"\x20\x31\x38\x32", 4},
    {"\x20\x38\x30", 3},
    {"\x20\x35\x33", 3},
    {"\x20\x35\x35", 3},
    {"\x20\x31\x33\x34", 4},
    {"\x20\x31\x33\x37", 4},
    {"\x20\x31\x36\x34", 4},
    {"\x20\x31\x36\x36", 4},
    {"\x75\x6d\x66\x6f", 4},
    {"\x61\x73\x68\x68", 4},
    {"\x20\x46\x65\x6e\x65\x74\x68\x65", 8},
    {"\x20\x33\x31", 3},
    {"\x20\x33\x37", 3},
    {"\x20\x32\x31", 3},
    {"\x20\x32\x36", 3},
    {"\x20\x31\x35\x31", 4},
    {"\x20\x31\x35\x36", 4},
    {"\x20\x37\x39", 3},
    {"\x20\x31\x30\x34", 4},
    {"\x20\x31\x37\x31", 4},
    {"\x20\x39\x36", 3},
    {"\x20\x31\x31\x39", 4},
    {"\x20\x31\x32\x33", 4},
    {"\x20\x31\x39\x38", 4},
    {"\x65\x6e\x67\x61", 4},
    {"\x69\x6c\x77\x69", 4},
    {"\x20\x4e\x6f\x72\x65\x6e\x65\x74\x68", 9},
    {"\x20\x32\x32", 3},
    {"\x20\x36\x37", 3},
    {"\x20\x31\x34\x39", 4},
    {"\x20\x31\x38\x33", 4},
    {"\x20\x31\x38\x35", 4},
    {"\x20\x38\x35", 3},
    {"\x20\x35\x32", 3},
    {"\x20\x35\x37", 3},
    {"\x20\x31\x30\x31", 4},
    {"\x20\x31\x37\x37", 4},
    {"\x20\x39\x30", 3},
    {"\x20\x39\x39", 3},
    {"\x6f\x77\x6d\x65", 4},
    {"\x69\x6c\x6d\x65", 4},
    {"\x20\x4e\x6f\x72\x65\x74\x68\x65", 8},
    {"\x20\x31\x35\x34", 4},
    {"\x20\x37\x38", 3},
    {"\x20\x31\x34\x30", 4},
    {"\x20\x34\x35", 3},
    {"\x20\x34\x37", 3},
    {"\x20\x31\x37\x34", 4},
    {"\x20\x31\x31\x30", 4},
    {"\x6f\x72\x77\x69", 4},
    {"\x20\x4e\x6f\x72\x65\x74\x68\x6f\x72", 9},
    {"\x20\x33\x32", 3},
    {"\x20\x36\x35", 3},
    {"\x20\x34\x38", 3},
    {"\x20\x35\x31", 3},
    {"\x20\x31\x30\x35", 4},
    {"\x20\x31\x37\x33", 4},
    {"\x20\x31\x37\x39", 4},
    {"\x20\x31\x36\x31", 4},
    {"\x20\x31\x36\x33", 4},
    {"\x20\x31\x39\x36", 4},
    {"\x61\x66\x65\x6c", 4},
    {"\x61\x68\x6f\x6c", 4},
    {"\x20\x42\x65\x6c\x61\x65\x74\x68", 8},
    {"\x20\x4e\x6f\x72\x65\x74\x68\x6f", 8},
    {"\x20\x31\x35\x32", 4},
    {"\x20\x31\x35\x38", 4},
    {"\x20\x37\x35", 3},
    {"\x20\x35\x39", 3},
    {"\x20\x31\x33\x35", 4},
    {"\x20\x31\x37\x35", 4},
    {"\x20\x39\x37", 3},
    {"\x75\x6d\x6d\x65", 4},
    {"\x65\x6e\x66\x6f", 4},
    {"\x6f\x77\x64\x65", 4},
    {"\x61\x73\x68\x67", 4},
    {"\x20\x4e\x6f\x72\x61\x73\x68\x61", 8},
    {"\x20\x46\x65\x6e\x6f\x77\x65\x74\x68", 9},
    {"\x20\x31\x34\x38", 4},
    {"\x20\x35\x38", 3},
    {"\x20\x31\x30\x37", 4},
    {"\x20\x31\x39\x30", 4},
    {"\x20\x31\x39\x39", 4},
    {"\x69\x6c\x67\x61", 4},
    {"\x20\x4e\x6f\x72\x61\x73\x68\x6f", 8},
    {"\x20\x4e\x6f\x72\x69\x6c\x65\x74\x68", 9},
    {"\x20\x33\x34", 3},
    {"\x20\x32\x37", 3},
    {"\x20\x37\x34", 3},
    {"\x20\x38\x37", 3},
    {"\x20\x31\x33\x39", 4},
    {"\x20\x31\x31\x35", 4},
    {"\x20\x31\x39\x33", 4},
    {"\x75\x6d\x68\x6f", 4},
    {"\x20\x4e\x6f\x72\x65\x74\x68\x65\x74", 9},
    {"\x20\x46\x65\x6e\x75\x6d\x6f\x77\x77\x69\x63\x6b", 12},
    {"\x20\x42\x65\x6c\x65\x74\x68\x61", 8},
    {"\x20\x36\x36", 3},
    {"\x20\x31\x35\x33", 4},
    {"\x20\x31\x34\x33", 4},
    {"\x20\x31\x34\x36", 4},
    {"\x20\x35\x30", 3},
    {"\x20\x35\x36", 3},
    {"\x20\x31\x37\x32", 4},
    {"\x20\x39\x38", 3},
    {"\x20\x31\x31\x37", 4},
    {"\x61\x6d\x65\x72", 4},
    {"\x20\x54\x61\x72\x61\x65\x74\x68", 8},
    {"\x20\x46\x65\x6e\x69\x6c\x65\x74\x68", 9},
    {"\x20\x42\x65\x6c\x75\x6d\x61\x73\x68", 9},
    {"\x20\x42\x65\x6c\x61\x73\x68\x6f", 8},
    {"\x20\x33\x38", 3},
    {"\x20\x31\x35\x37", 4},
    {"\x20\x31\x38\x36", 4},
    {"\x20\x34\x31", 3},
    {"\x20\x31\x37\x30", 4},
    {"\x20\x31\x36\x39", 4},
    {"\x20\x31\x32\x35", 4},
    {"\x20\x31\x32\x36", 4},
    {"\x20\x31\x39\x35", 4},
    {"\x20\x54\x61\x72\x65\x6e\x69\x6c\x6d\x6f\x6f\x72", 12},
    {"\x20\x4e\x6f\x72\x6f\x77\x65\x74\x68\x6d\x65\x72\x65", 13},
    {"\x6f\x77\x68\x6f", 4},
    {"\x20\x4e\x6f\x72\x61\x73\x68\x61\x73", 9},
    {"\x20\x46\x65\x6e\x75\x6d\x61\x73\x68", 9},
    {"\x20\x46\x65\x6e\x75\x6d\x65\x74\x68", 9},
    {"\x20\x54\x61\x72\x69\x6c\x65\x74\x68", 9},
    {"\x20\x36\x34", 3},
    {"\x20\x37\x32", 3},
    {"\x20\x31\x34\x32", 4},
    {"\x20\x31\x38\x34", 4},
    {"\x20\x34\x36", 3},
    {"\x20\x34\x39", 3},
    {"\x20\x38\x33", 3},
    {"\x20\x31\x30\x36", 4},
    {"\x20\x31\x33\x32", 4},
    {"\x20\x31\x33\x33", 4},
    {"\x20\x31\x36\x37", 4},
    {"\x20\x31\x36\x38", 4},
    {"\x20\x54\x61\x72\x61\x69\x6c\x66\x6f\x72\x64", 11},
    {"\x20\x4e\x6f\x72\x6f\x77\x75\x6d\x77\x69\x63\x6b", 12},
    {"\x20\x4e\x6f\x72\x6f\x77\x6f\x77\x66\x6f\x72\x64", 12},
    {"\x61\x66\x6f\x72", 4},
    {"\x6f\x77\x66\x65", 4},
    {"\x75\x6d\x77\x69", 4},
    {"\x20\x46\x65\x6e\x65\x74\x68\x65\x74", 9},
    {"\x20\x4e\x6f\x72\x61\x73\x68\x65\x6e\x64\x65\x6e", 12},
    {"\x20\x46\x65\x6e\x61\x75\x6d\x6d\x6f\x6f\x72", 11},
    {"\x20\x42\x65\x6c\x61\x73\x68\x69\x6c", 9},
    {"\x20\x4e\x6f\x72\x6f\x77\x65\x74\x68", 9},
    {"\x20\x4e\x6f\x72\x65\x74\x68\x61", 8},
    {"\x20\x54\x61\x72\x65\x74\x68\x6f\x72", 9},
    {"\x20\x38\x31", 3},
    {"\x20\x31\x30\x39", 4},
    {"\x20\x31\x32\x30", 4},
    {"\x20\x31\x39\x32", 4},
    {"\x20\x46\x65\x6e\x6f\x72\x65\x74\x68\x64\x65\x6e", 12},
    {"\x6f\x72\x64\x65", 4},
    {"\x20\x4e\x6f\x72\x61\x73\x68\x61\x73\x68\x68\x6f\x6c\x74", 14},
    {"\x20\x54\x61\x72\x61\x73\x68\x61", 8},
    {"\x20\x54\x61\x72\x61\x73\x68\x6f", 8},
    {"\x20\x46\x65\x6e\x6f\x72\x65\x74\x68", 9},
    {"\x20\x46\x65\x6e\x69\x6c\x61\x73\x68", 9},
    {"\x20\x4e\x6f\x72\x6f\x72\x61\x67\x61\x74\x65", 11},
    {"\x20\x42\x65\x6c\x61\x73\x68\x65\x74", 9},
    {"\x20\x42\x65\x6c\x6f\x72\x65\x74\x68", 9},
    {"\x20\x54\x61\x72\x75\x6d\x65\x6e\x6d\x65\x72\x65", 12},
    {"\x20\x4e\x6f\x72\x65\x74\x68\x75\x6d", 9},
    {"\x20\x37\x30", 3},
    {"\x20\x34\x32", 3},
    {"\x20\x38\x39", 3},
    {"\x20\x31\x32\x37", 4},
    {"\x20\x4e\x6f\x72\x75\x6d\x75\x6d\x6d\x6f\x6f\x72", 12},
    {"\x20\x46\x65\x6e\x75\x6d\x6f\x72\x66\x6f\x72\x64", 12},
    {"\x20\x42\x65\x6c\x61\x73\x68\x6f\x77\x66\x65\x6c\x6c", 13},
    {"\x20\x42\x65\x6c\x65\x74\x68\x65", 8},
    {"\x20\x4e\x6f\x72\x61\x73\x68\x65\x74", 9},
    {"\x20\x54\x61\x72\x61\x61\x73\x68", 8},
    {"\x20\x46\x65\x6e\x75\x6d\x65\x74\x68\x68\x6f\x6c\x74", 13},
    {"\x20\x42\x65\x6c\x75\x6d\x65\x74\x68", 9},
    {"\x20\x4e\x6f\x72\x6f\x72\x65\x74\x68", 9},
    {"\x20\x42\x65\x6c\x61\x73\x68\x61", 8},
    {"\x20\x54\x61\x72\x75\x6d\x65\x74\x68", 9},
    {"\x20\x54\x61\x72\x75\x6d\x65\x6e\x68\x6f\x6c\x74", 12},
    {"\x20\x46\x65\x6e\x61\x73\x68\x6f\x77", 9},
    {"\x20\x4e\x6f\x72\x65\x74\x68\x75\x6d\x77\x69\x63\x6b", 13},
    {"\x20\x33\x36", 3},
    {"\x20\x32\x35", 3},
    {"\x20\x31\x39\x34", 4},
    {"\x20\x54\x61\x72\x6f\x72\x65\x74\x68\x67\x61\x74\x65", 13},
    {"\x20\x4e\x6f\x72\x61\x73\x68\x65\x74\x68\x6d\x6f\x6f\x72", 14},
    {"\x20\x54\x61\x72\x61\x73\x68\x65\x74\x68\x68\x6f\x6c\x74", 14},
    {"\x20\x42\x65\x6c\x65\x6e\x65\x6e\x77\x69\x63\x6b", 12},
    {"\x20\x4e\x6f\x72\x61\x75\x6d\x6d\x6f\x6f\x72", 11},
    {"\x20\x46\x65\x6e\x61\x61\x77\x69\x63\x6b", 10},
    {"\x20\x4e\x6f\x72\x6f\x77\x6f\x72\x66\x6f\x72\x64", 12},
    {"\x20\x32\x33", 3},
    {"\x20\x32\x34", 3},
    {"\x20\x31\x31\x31", 4},
    {"\x20\x54\x61\x72\x61\x6f\x72\x6d\x6f\x6f\x72", 11},
    {"\x20\x54\x61\x72\x61\x75\x6d\x67\x61\x74\x65", 11},
    {"\x20\x54\x61\x72\x61\x73\x68\x75\x6d\x6d\x65\x72\x65", 13},
    {"\x20\x4e\x6f\x72\x69\x6c\x75\x6d\x66\x65\x6c\x6c", 12},
    {"\x20\x4e\x6f\x72\x61\x69\x6c\x67\x61\x74\x65", 11},
    {"\x20\x54\x61\x72\x65\x6e\x6f\x72\x68\x6f\x6c\x74", 12},
    {"\x20\x46\x65\x6e\x69\x6c\x65\x74\x68\x66\x65\x6c\x6c", 13},
    {"\x20\x4e\x6f\x72\x65\x6e\x6f\x77\x64\x65\x6e", 11},
    {"\x20\x54\x61\x72\x65\x74\x68\x65", 8},
    {"\x20\x54\x61\x72\x61\x6f\x72\x66\x65\x6c\x6c", 11},
    {"\x20\x54\x61\x72\x65\x6e\x65\x74\x68\x66\x65\x6c\x6c", 13},
    {"\x20\x4e\x6f\x72\x65\x6e\x61\x73\x68", 9},
    {"\x20\x4e\x6f\x72\x65\x6e\x65\x74\x68\x68\x6f\x6c\x74", 13},
    {"\x20\x42\x65\x6c\x6f\x77\x65\x74\x68", 9},
    {"\x20\x46\x65\x6e\x61\x73\x68\x69\x6c", 9},
    {"\x20\x46\x65\x6e\x6f\x77\x65\x6e\x6d\x6f\x6f\x72", 12},
    {"\x20\x4e\x6f\x72\x65\x74\x68\x65\x6e\x77\x69\x63\x6b", 13},
    {"\x20\x42\x65\x6c\x65\x74\x68\x6f\x72", 9},
    {"\x20\x54\x61\x72\x65\x74\x68\x6f", 8},
    {"\x20\x54\x61\x72\x65\x74\x68\x6f\x77\x6d\x65\x72\x65", 13},
    {"\x20\x36\x32", 3},
    {"\x20\x31\x33\x30", 4},
    {"\x20\x39\x34", 3},
    {"\x20\x31\x39\x37", 4},
    {"\x20\x54\x61\x72\x61\x69\x6c\x77\x69\x63\x6b", 11},
    {"\x20\x54\x61\x72\x61\x73\x68\x65\x74\x68\x67\x61\x74\x65", 14},
    {"\x20\x4e\x6f\x72\x6f\x72\x6f\x77\x6d\x6f\x6f\x72", 12},
    {"\x20\x4e\x6f\x72\x65\x6e\x6f\x72\x77\x69\x63\x6b", 12},
    {"\x20\x54\x61\x72\x75\x6d\x65\x6e\x64\x65\x6e", 11},
    {"\x20\x54\x61\x72\x75\x6d\x65\x74\x68\x68\x6f\x6c\x74", 13},
    {"\x20\x42\x65\x6c\x61\x65\x6e\x77\x69\x63\x6b", 11},
    {"\x20\x4e\x6f\x72\x61\x73\x68\x65", 8},
    {"\x20\x4e\x6f\x72\x61\x73\x68\x65\x6e", 9},
    {"\x20\x4e\x6f\x72\x75\x6d\x69\x6c\x64\x65\x6e", 11},
    {"\x20\x4e\x6f\x72\x75\x6d\x65\x6e\x6d\x65\x72\x65", 12},
    {"\x20\x54\x61\x72\x61\x65\x74\x68\x6d\x65\x72\x65", 12},
    {"\x20\x42\x65\x6c\x65\x6e\x61\x73\x68", 9},
    {"\x20\x4e\x6f\x72\x69\x6c\x6f\x72\x68\x6f\x6c\x74", 12},
    {"\x20\x46\x65\x6e\x6f\x72\x61\x73\x68", 9},
    {"\x20\x46\x65\x6e\x61\x61\x66\x65\x6c\x6c", 10},
    {"\x20\x4e\x6f\x72\x6f\x72\x61\x73\x68", 9},
    {"\x20\x42\x65\x6c\x6f\x77\x6f\x72\x6d\x65\x72\x65", 12},
    {"\x20\x54\x61\x72\x69\x6c\x69\x6c\x6d\x6f\x6f\x72", 12},
    {"\x20\x42\x65\x6c\x69\x6c\x65\x74\x68", 9},
    {"\x20\x42\x65\x6c\x69\x6c\x65\x74\x68\x77\x69\x63\x6b", 13},
    {"\x20\x46\x65\x6e\x61\x73\x68\x65\x74", 9},
    {"\x20\x46\x65\x6e\x65\x74\x68\x61", 8},
    {"\x20\x46\x65\x6e\x65\x74\x68\x69\x6c\x64\x65\x6e", 12},
    {"\x20\x31\x38\x37", 4},
    {"\x20\x31\x30\x38", 4},
    {"\x20\x39\x35", 3},
    {"\x20\x54\x61\x72\x61\x61\x66\x6f\x72\x64", 10},
    {"\x20\x54\x61\x72\x61\x73\x68\x75\x6d\x66\x6f\x72\x64", 13},
    {"\x20\x4e\x6f\x72\x69\x6c\x69\x6c\x68\x6f\x6c\x74", 12},
    {"\x20\x54\x61\x72\x65\x6e\x69\x6c\x68\x6f\x6c\x74", 12},
    {"\x20\x46\x65\x6e\x61\x65\x74\x68\x68\x6f\x6c\x74", 12},
    {"\x20\x4e\x6f\x72\x6f\x72\x61\x6d\x6f\x6f\x72", 11},
    {"\x20\x4e\x6f\x72\x6f\x72\x75\x6d\x66\x6f\x72\x64", 12},
    {"\x20\x42\x65\x6c\x61\x73\x68\x65\x74\x68\x77\x69\x63\x6b", 14},
    {"\x20\x42\x65\x6c\x61\x75\x6d\x67\x61\x74\x65", 11},
    {"\x20\x42\x65\x6c\x65\x74\x68\x6f\x77\x68\x6f\x6c\x74", 13},
    {"\x20\x4e\x6f\x72\x65\x74\x68\x65\x74\x68\x66\x6f\x72\x64", 14},
    {"\x20\x54\x61\x72\x61\x69\x6c\x67\x61\x74\x65", 11},
    {"\x20\x54\x61\x72\x61\x65\x6e\x68\x6f\x6c\x74", 11},
    {"\x20\x54\x61\x72\x61\x73\x68\x6f\x77\x67\x61\x74\x65", 13},
    {"\x20\x42\x65\x6c\x65\x6e\x65\x74\x68\x66\x6f\x72\x64", 13},
    {"\x20\x46\x65\x6e\x6f\x72\x61\x73\x68\x67\x61\x74\x65", 13},
    {"\x20\x54\x61\x72\x6f\x77\x75\x6d\x77\x69\x63\x6b", 12},
    {"\x20\x42\x65\x6c\x61\x73\x68\x65", 8},
    {"\x20\x42\x65\x6c\x61\x73\x68\x6f\x77\x6d\x6f\x6f\x72", 13},
    {"\x20\x42\x65\x6c\x61\x73\x68\x6f\x72\x6d\x65\x72\x65", 13},
    {"\x20\x42\x65\x6c\x6f\x72\x61\x73\x68\x66\x65\x6c\x6c", 13},
    {"\x20\x46\x65\x6e\x61\x73\x68\x61\x67\x61\x74\x65", 12},
    {"\x20\x46\x65\x6e\x65\x6e\x69\x6c\x67\x61\x74\x65", 12},
    {"\x20\x46\x65\x6e\x65\x6e\x65\x6e\x67\x61\x74\x65", 12},
    {"\x20\x4e\x6f\x72\x65\x74\x68\x61\x73", 9},
    {"\x20\x54\x61\x72\x65\x74\x68\x6f\x77", 9},
    {"\x20\x31\x36\x30", 4},
    {"\x20\x31\x31\x38", 4},
    {"\x20\x31\x32\x32", 4},
    {"\x20\x31\x39\x31", 4},
    {"\x65\x6e\x6d\x65", 4},
    {"\x20\x4e\x6f\x72\x65\x74\x68\x65\x74\x68\x6d\x65\x72\x65", 14},
    {"\x20\x4e\x6f\x72\x61\x73\x68\x75\x6d\x67\x61\x74\x65", 13},
    {"\x20\x4e\x6f\x72\x61\x73\x68\x65\x74\x68\x68\x6f\x6c\x74", 14},
    {"\x20\x54\x61\x72\x61\x61\x64\x65\x6e", 9},
    {"\x20\x54\x61\x72\x61\x6f\x72\x64\x65\x6e", 10},
    {"\x20\x46\x65\x6e\x75\x6d\x61\x73\x68\x64\x65\x6e", 12},
    {"\x20\x42\x65\x6c\x65\x6e\x69\x6c\x66\x6f\x72\x64", 12},
    {"\x20\x42\x65\x6c\x65\x6e\x61\x73\x68\x6d\x65\x72\x65", 13},
    {"\x20\x54\x61\x72\x6f\x77\x75\x6d\x64\x65\x6e", 11},
    {"\x20\x42\x65\x6c\x75\x6d\x6f\x77\x66\x6f\x72\x64", 12},
    {"\x20\x4e\x6f\x72\x6f\x72\x6f\x72\x77\x69\x63\x6b", 12},
    {"\x20\x42\x65\x6c\x61\x75\x6d\x77\x69\x63\x6b", 11},
    {"\x20\x42\x65\x6c\x69\x6c\x69\x6c\x77\x69\x63\x6b", 12},
    {"\x20\x4e\x6f\x72\x65\x74\x68\x6f\x72\x68\x6f\x6c\x74", 13},
    {"\x20\x4e\x6f\x72\x65\x74\x68\x69\x6c\x6d\x6f\x6f\x72", 13},
    {"\x6f\x72\x66\x65", 4},
    {"\x6f\x72\x68\x6f", 4},
    {"\x20\x4e\x6f\x72\x61\x73\x68\x69\x6c\x68\x6f\x6c\x74", 13},
    {"\x20\x42\x65\x6c\x65\x6e\x6f\x77\x67\x61\x74\x65", 12},
    {"\x20\x42\x65\x6c\x65\x6e\x65\x6e\x64\x65\x6e", 11},
    {"\x20\x42\x65\x6c\x65\x6e\x69\x6c\x77\x69\x63\x6b", 12},
    {"\x20\x46\x65\x6e\x6f\x72\x75\x6d", 8},
    {"\x20\x46\x65\x6e\x69\x6c\x65\x74\x68\x66\x6f\x72\x64", 13},
    {"\x20\x42\x65\x6c\x75\x6d\x6f\x77\x77\x69\x63\x6b", 12},
    {"\x20\x4e\x6f\x72\x65\x6e\x65\x6e\x77\x69\x63\x6b", 12},
    {"\x20\x4e\x6f\x72\x65\x6e\x6f\x72\x68\x6f\x6c\x74", 12},
    {"\x20\x42\x65\x6c\x61\x73\x68\x75\x6d", 9},
    {"\x20\x42\x65\x6c\x6f\x77\x75\x6d\x6d\x65\x72\x65", 12},
    {"\x20\x54\x61\x72\x69\x6c\x61\x73\x68", 9},
    {"\x20\x54\x61\x72\x75\x6d\x65\x6e\x77\x69\x63\x6b", 12},
    {"\x20\x46\x65\x6e\x61\x73\x68\x65\x6e\x67\x61\x74\x65", 13},
    {"\x20\x42\x65\x6c\x65\x74\x68\x6f", 8},
    {"\x20\x54\x61\x72\x65\x74\x68\x61\x67\x61\x74\x65", 12},
    {"\x20\x32\x38", 3},
    {"\x20\x31\x32\x39", 4},
    {"\x20\x54\x61\x72\x61\x65\x6e\x77\x69\x63\x6b", 11},
    {"\x20\x54\x61\x72\x61\x73\x68\x61\x6d\x6f\x6f\x72", 12},
    {"\x20\x54\x61\x72\x61\x73\x68\x6f\x77\x6d\x65\x72\x65", 13},
    {"\x20\x46\x65\x6e\x61\x61\x64\x65\x6e", 9},
    {"\x20\x46\x65\x6e\x69\x6c\x65\x6e\x6d\x65\x72\x65", 12},
    {"\x20\x46\x65\x6e\x69\x6c\x61\x6d\x6f\x6f\x72", 11},
    {"\x20\x46\x65\x6e\x69\x6c\x75\x6d\x64\x65\x6e", 11},
    {"\x20\x42\x65\x6c\x75\x6d\x75\x6d\x66\x65\x6c\x6c", 12},
    {"\x20\x42\x65\x6c\x6f\x77\x69\x6c\x6d\x65\x72\x65", 12},
    {"\x20\x4e\x6f\x72\x6f\x77\x69\x6c\x64\x65\x6e", 11},
    {"\x20\x54\x61\x72\x75\x6d\x69\x6c\x67\x61\x74\x65", 12},
    {"\x20\x42\x65\x6c\x61\x65\x6e\x6d\x65\x72\x65", 11},
    {"\x20\x42\x65\x6c\x69\x6c\x69\x6c\x66\x65\x6c\x6c", 12},
    {"\x20\x46\x65\x6e\x61\x73\x68\x6f\x77\x64\x65\x6e", 12},
    {"\x20\x46\x65\x6e\x61\x73\x68\x61\x73\x68\x66\x65\x6c\x6c", 14},
    {"\x20\x54\x61\x72\x6f\x72\x61\x73\x68\x6d\x6f\x6f\x72", 13},
    {"\x20\x54\x61\x72\x61\x65\x6e\x6d\x6f\x6f\x72", 11},
    {"\x20\x54\x61\x72\x61\x73\x68\x61\x66\x6f\x72\x64", 12},
    {"\x20\x42\x65\x6c\x65\x6e\x65\x74\x68", 9},
    {"\x20\x4e\x6f\x72\x69\x6c\x6f\x77\x66\x65\x6c\x6c", 12},
    {"\x20\x4e\x6f\x72\x69\x6c\x6f\x77\x67\x61\x74\x65", 12},
    {"\x20\x4e\x6f\x72\x69\x6c\x65\x6e\x66\x6f\x72\x64", 12},
    {"\x20\x4e\x6f\x72\x69\x6c\x75\x6d\x68\x6f\x6c\x74", 12},
    {"\x20\x4e\x6f\x72\x61\x65\x6e\x64\x65\x6e", 10},
    {"\x20\x54\x61\x72\x65\x6e\x6f\x77\x66\x6f\x72\x64", 12},
    {"\x20\x54\x61\x72\x6f\x77\x65\x74\x68", 9},
    {"\x20\x54\x61\x72\x6f\x77\x69\x6c\x67\x61\x74\x65", 12},
    {"\x20\x54\x61\x72\x6f\x77\x69\x6c\x64\x65\x6e", 11},
    {"\x20\x4e\x6f\x72\x6f\x72\x65\x6e\x6d\x65\x72\x65", 12},
    {"\x20\x42\x65\x6c\x61\x73\x68\x75\x6d\x66\x65\x6c\x6c", 13},
    {"\x20\x42\x65\x6c\x6f\x77\x6f\x77\x66\x65\x6c\x6c", 12},
    {"\x20\x42\x65\x6c\x6f\x72\x65\x6e\x64\x65\x6e", 11},
    {"\x20\x54\x61\x72\x75\x6d\x75\x6d\x77\x69\x63\x6b", 12},
    {"\x20\x42\x65\x6c\x61\x69\x6c\x68\x6f\x6c\x74", 11},
    {"\x20\x42\x65\x6c\x61\x75\x6d\x64\x65\x6e", 10},
    {"\x20\x42\x65\x6c\x61\x65\x6e\x66\x65\x6c\x6c", 11},
    {"\x20\x46\x65\x6e\x65\x6e\x65\x74\x68\x6d\x6f\x6f\x72", 13},
    {"\x20\x54\x61\x72\x6f\x72\x65\x74\x68", 9},
    {"\x20\x54\x61\x72\x6f\x72\x61\x73\x68\x67\x61\x74\x65", 13},
    {"\x20\x54\x61\x72\x6f\x72\x65\x74\x68\x66\x65\x6c\x6c", 13},
    {"\x20\x4e\x6f\x72\x65\x74\x68\x61\x6d\x6f\x6f\x72", 12},
    {"\x20\x42\x65\x6c\x65\x74\x68\x65\x6e", 9},
    {"\x20\x42\x65\x6c\x65\x74\x68\x6f\x77\x66\x65\x6c\x6c", 13},
    {"\x20\x54\x61\x72\x65\x74\x68\x61", 8},
    {"\x20\x31\x32\x38", 4},
    {"\x20\x4e\x6f\x72\x75\x6d\x69\x6c\x67\x61\x74\x65", 12},
    {"\x20\x54\x61\x72\x61\x61\x66\x65\x6c\x6c", 10},
    {"\x20\x54\x61\x72\x61\x69\x6c\x66\x65\x6c\x6c", 11},
    {"\x20\x54\x61\x72\x61\x73\x68\x65\x74\x68\x66\x6f\x72\x64", 14},
    {"\x20\x46\x65\x6e\x6f\x72\x65\x6e\x6d\x65\x72\x65", 12},
    {"\x20\x46\x65\x6e\x6f\x72\x6f\x72\x68\x6f\x6c\x74", 12},
    {"\x20\x4e\x6f\x72\x61\x61\x6d\x65\x72\x65", 10},
    {"\x20\x54\x61\x72\x65\x6e\x61\x64\x65\x6e", 10},
    {"\x20\x54\x61\x72\x65\x6e\x75\x6d\x6d\x6f\x6f\x72", 12},
    {"\x20\x46\x65\x6e\x61\x6f\x77\x64\x65\x6e", 10},
    {"\x20\x46\x65\x6e\x61\x61\x73\x68\x64\x65\x6e", 11},
    {"\x20\x46\x65\x6e\x61\x65\x74\x68\x67\x61\x74\x65", 12},
    {"\x20\x42\x65\x6c\x6f\x77\x61\x73\x68\x6d\x6f\x6f\x72", 13},
    {"\x20\x42\x65\x6c\x61\x61\x77\x69\x63\x6b", 10},
    {"\x20\x46\x65\x6e\x65\x6e\x61\x77\x69\x63\x6b", 11},
    {"\x20\x46\x65\x6e\x65\x6e\x61\x73\x68\x77\x69\x63\x6b", 13},
    {"\x20\x54\x61\x72\x6f\x72\x65\x74\x68\x64\x65\x6e", 12},
    {"\x20\x46\x65\x6e\x65\x74\x68\x65\x6e\x64\x65\x6e", 12},
    {"\x20\x46\x65\x6e\x65\x74\x68\x69\x6c\x77\x69\x63\x6b", 13},
    {"\x20\x46\x65\x6e\x65\x74\x68\x61\x67\x61\x74\x65", 12},
    {"\x20\x4e\x6f\x72\x75\x6d\x61\x73\x68\x6d\x6f\x6f\x72", 13},
    {"\x20\x54\x61\x72\x61\x61\x77\x69\x63\x6b", 10},
    {"\x20\x46\x65\x6e\x75\x6d\x69\x6c\x64\x65\x6e", 11},
    {"\x20\x46\x65\x6e\x75\x6d\x65\x6e\x68\x6f\x6c\x74", 12},
    {"\x20\x46\x65\x6e\x75\x6d\x75\x6d\x67\x61\x74\x65", 12},
    {"\x20\x54\x61\x72\x61\x73\x68\x65", 8},
    {"\x20\x54\x61\x72\x61\x73\x68\x75\x6d", 9},
    {"\x20\x54\x61\x72\x61\x73\x68\x69\x6c\x6d\x65\x72\x65", 13},
    {"\x20\x46\x65\x6e\x6f\x72\x69\x6c\x6d\x6f\x6f\x72", 12},
    {"\x20\x4e\x6f\x72\x61\x65\x6e\x77\x69\x63\x6b", 11},
    {"\x20\x54\x61\x72\x6f\x77\x61\x77\x69\x63\x6b", 11},
    {"\x20\x46\x65\x6e\x61\x61\x73\x68\x67\x61\x74\x65", 12},
    {"\x20\x42\x65\x6c\x75\x6d\x75\x6d\x6d\x6f\x6f\x72", 12},
    {"\x20\x4e\x6f\x72\x65\x6e\x65\x6e\x67\x61\x74\x65", 12},
    {"\x20\x4e\x6f\x72\x65\x6e\x6f\x77\x66\x6f\x72\x64", 12},
    {"\x20\x42\x65\x6c\x61\x73\x68\x65\x6e", 9},
    {"\x20\x42\x65\x6c\x61\x73\x68\x6f\x77", 9},
    {"\x20\x54\x61\x72\x69\x6c\x75\x6d\x6d\x65\x72\x65", 12},
    {"\x20\x42\x65\x6c\x61\x6f\x72\x68\x6f\x6c\x74", 11},
    {"\x20\x42\x65\x6c\x61\x61\x64\x65\x6e", 9},
    {"\x20\x54\x61\x72\x6f\x72\x69\x6c\x68\x6f\x6c\x74", 12},
    {"\x20\x54\x61\x72\x6f\x72\x6f\x72\x6d\x6f\x6f\x72", 12},
    {"\x20\x46\x65\x6e\x6f\x77\x75\x6d\x68\x6f\x6c\x74", 12},
    {"\x20\x4e\x6f\x72\x65\x74\x68\x61\x73\x68\x6d\x65\x72\x65", 14},
    {"\x20\x46\x65\x6e\x65\x74\x68\x65\x6e\x67\x61\x74\x65", 13},
    {"\x20\x54\x61\x72\x65\x74\x68\x61\x73", 9},
    {"\x20\x54\x61\x72\x65\x74\x68\x65\x6e\x66\x6f\x72\x64", 13},
    {"\x20\x35\x34", 3},
    {"\x20\x4e\x6f\x72\x61\x73\x68\x6f\x77\x6d\x65\x72\x65", 13},
    {"\x20\x54\x61\x72\x61\x6f\x77\x67\x61\x74\x65", 11},
    {"\x20\x54\x61\x72\x61\x69\x6c\x6d\x65\x72\x65", 11},
    {"\x20\x4e\x6f\x72\x61\x65\x74\x68\x6d\x65\x72\x65", 12},
    {"\x20\x54\x61\x72\x6f\x77\x61\x73\x68\x66\x6f\x72\x64", 13},
    {"\x20\x54\x61\x72\x6f\x77\x69\x6c\x66\x65\x6c\x6c", 12},
    {"\x20\x46\x65\x6e\x69\x6c\x69\x6c\x68\x6f\x6c\x74", 12},
    {"\x20\x46\x65\x6e\x69\x6c\x61\x6d\x65\x72\x65", 11},
    {"\x20\x4e\x6f\x72\x6f\x72\x6f\x77\x67\x61\x74\x65", 12},
    {"\x20\x42\x65\x6c\x61\x73\x68\x61\x73\x68\x68\x6f\x6c\x74", 14},
    {"\x20\x42\x65\x6c\x6f\x77\x6f\x77\x66\x6f\x72\x64", 12},
    {"\x20\x42\x65\x6c\x6f\x72\x65\x74\x68\x6d\x6f\x6f\x72", 13},
    {"\x20\x42\x65\x6c\x61\x61\x66\x65\x6c\x6c", 10},
    {"\x20\x42\x65\x6c\x61\x6f\x72\x66\x65\x6c\x6c", 11},
    {"\x20\x42\x65\x6c\x69\x6c\x75\x6d\x66\x6f\x72\x64", 12},
    {"\x20\x54\x61\x72\x6f\x72\x65\x6e\x68\x6f\x6c\x74", 12},
    {"\x20\x54\x61\x72\x6f\x72\x61\x66\x65\x6c\x6c", 11},
    {"\x20\x54\x61\x72\x6f\x72\x69\x6c\x6d\x6f\x6f\x72", 12},
    {"\x20\x46\x65\x6e\x6f\x77\x6f\x72\x66\x6f\x72\x64", 12},
    {"\x20\x42\x65\x6c\x65\x74\x68\x69\x6c\x66\x6f\x72\x64", 13},
    {"\x20\x46\x65\x6e\x65\x74\x68\x65\x6e\x68\x6f\x6c\x74", 13},
    {"\x20\x46\x65\x6e\x65\x74\x68\x69\x6c\x68\x6f\x6c\x74", 13},
    {"\x20\x54\x61\x72\x65\x74\x68\x6f\x72\x6d\x6f\x6f\x72", 13},
    {"\x20\x54\x61\x72\x65\x74\x68\x65\x74\x68\x6d\x6f\x6f\x72", 14},
    {"\x20\x4e\x6f\x72\x61\x73\x68\x69\x6c", 9},
    {"\x20\x4e\x6f\x72\x61\x73\x68\x75\x6d\x6d\x65\x72\x65", 13},
    {"\x20\x4e\x6f\x72\x61\x73\x68\x61\x6d\x6f\x6f\x72", 12},
    {"\x20\x4e\x6f\x72\x61\x73\x68\x6f\x72\x68\x6f\x6c\x74", 13},
    {"\x20\x4e\x6f\x72\x61\x73\x68\x65\x6e\x67\x61\x74\x65", 13},
    {"\x20\x54\x61\x72\x61\x6f\x77\x6d\x6f\x6f\x72", 11},
    {"\x20\x54\x61\x72\x61\x61\x6d\x65\x72\x65", 10},
    {"\x20\x46\x65\x6e\x75\x6d\x61\x73\x68\x67\x61\x74\x65", 13},
    {"\x20\x54\x61\x72\x61\x73\x68\x6f\x77", 9},
    {"\x20\x54\x61\x72\x61\x73\x68\x69\x6c", 9},
    {"\x20\x54\x61\x72\x61\x73\x68\x65\x6e\x77\x69\x63\x6b", 13},
    {"\x20\x4e\x6f\x72\x69\x6c\x6f\x72", 8},
    {"\x20\x46\x65\x6e\x6f\x72\x6f\x77\x77\x69\x63\x6b", 12},
    {"\x20\x4e\x6f\x72\x61\x75\x6d\x6d\x65\x72\x65", 11},
    {"\x20\x4e\x6f\x72\x61\x6f\x77\x64\x65\x6e", 10},
    {"\x20\x54\x61\x72\x65\x6e\x61\x77\x69\x63\x6b", 11},
    {"\x20\x54\x61\x72\x6f\x77\x61\x66\x65\x6c\x6c", 11},
    {"\x20\x46\x65\x6e\x61\x6f\x72\x6d\x6f\x6f\x72", 11},
    {"\x20\x46\x65\x6e\x61\x6f\x72\x66\x65\x6c\x6c", 11},
    {"\x20\x46\x65\x6e\x61\x65\x6e\x66\x65\x6c\x6c", 11},
    {"\x20\x46\x65\x6e\x69\x6c\x75\x6d\x6d\x65\x72\x65", 12},
    {"\x20\x46\x65\x6e\x69\x6c\x65\x6e\x66\x6f\x72\x64", 12},
    {"\x20\x46\x65\x6e\x69\x6c\x6f\x77\x6d\x65\x72\x65", 12},
    {"\x20\x46\x65\x6e\x69\x6c\x61\x73\x68\x66\x65\x6c\x6c", 13},
    {"\x20\x46\x65\x6e\x69\x6c\x61\x68\x6f\x6c\x74", 11},
    {"\x20\x42\x65\x6c\x75\x6d\x65\x6e\x64\x65\x6e", 11},
    {"\x20\x42\x65\x6c\x75\x6d\x61\x66\x6f\x72\x64", 11},
    {"\x20\x4e\x6f\x72\x6f\x72\x6f\x77\x77\x69\x63\x6b", 12},
    {"\x20\x4e\x6f\x72\x6f\x72\x69\x6c\x6d\x6f\x6f\x72", 12},
    {"\x20\x4e\x6f\x72\x6f\x72\x65\x74\x68\x68\x6f\x6c\x74", 13},
    {"\x20\x4e\x6f\x72\x65\x6e\x65\x6e\x68\x6f\x6c\x74", 12},
    {"\x20\x4e\x6f\x72\x65\x6e\x61\x68\x6f\x6c\x74", 11},
    {"\x20\x42\x65\x6c\x6f\x72\x75\x6d", 8},
    {"\x20\x42\x65\x6c\x6f\x72\x65\x6e\x67\x61\x74\x65", 12},
    {"\x20\x54\x61\x72\x69\x6c\x6f\x77\x6d\x65\x72\x65", 12},
    {"\x20\x54\x61\x72\x69\x6c\x61\x73\x68\x66\x65\x6c\x6c", 13},
    {"\x20\x54\x61\x72\x75\x6d\x6f\x77\x66\x65\x6c\x6c", 12},
    {"\x20\x42\x65\x6c\x61\x61\x73\x68\x77\x69\x63\x6b", 12},
    {"\x20\x46\x65\x6e\x61\x73\x68\x75\x6d\x6d\x65\x72\x65", 13},
    {"\x20\x46\x65\x6e\x61\x73\x68\x61\x6d\x6f\x6f\x72", 12},
    {"\x20\x54\x61\x72\x6f\x72\x75\x6d\x66\x65\x6c\x6c", 12},
    {"\x20\x54\x61\x72\x6f\x72\x6f\x72\x77\x69\x63\x6b", 12},
    {"\x20\x4e\x6f\x72\x65\x74\x68\x61\x64\x65\x6e", 11},
    {"\x20\x4e\x6f\x72\x65\x74\x68\x61\x73\x68\x66\x65\x6c\x6c", 14},
    {"\x20\x42\x65\x6c\x65\x74\x68\x75\x6d\x6d\x65\x72\x65", 13},
    {"\x20\x54\x61\x72\x65\x74\x68\x69\x6c", 9},
    {"\x20\x54\x61\x72\x65\x74\x68\x65\x6e\x66\x65\x6c\x6c", 13},
    {"\x20\x31\x37\x36", 4},
    {"\x20\x31\x31\x34", 4},
    {"\x20\x4e\x6f\x72\x61\x73\x68\x75\x6d\x66\x6f\x72\x64", 13},
    {"\x20\x4e\x6f\x72\x61\x73\x68\x65\x6e\x6d\x6f\x6f\x72", 13},
    {"\x20\x4e\x6f\x72\x75\x6d\x61\x67\x61\x74\x65", 11},
    {"\x20\x46\x65\x6e\x75\x6d\x69\x6c\x67\x61\x74\x65", 12},
    {"\x20\x46\x65\x6e\x75\x6d\x6f\x72\x6d\x65\x72\x65", 12},
    {"\x20\x46\x65\x6e\x75\x6d\x61\x73\x68\x6d\x65\x72\x65", 13},
    {"\x20\x54\x61\x72\x61\x73\x68\x75\x6d\x64\x65\x6e", 12},
    {"\x20\x42\x65\x6c\x65\x6e\x6f\x77\x64\x65\x6e", 11},
    {"\x20\x42\x65\x6c\x65\x6e\x65\x6e\x66\x65\x6c\x6c", 12},
    {"\x20\x4e\x6f\x72\x69\x6c\x65\x6e\x77\x69\x63\x6b", 12},
    {"\x20\x4e\x6f\x72\x69\x6c\x65\x74\x68\x6d\x6f\x6f\x72", 13},
    {"\x20\x46\x65\x6e\x6f\x72\x6f\x77\x6d\x65\x72\x65", 12},
    {"\x20\x4e\x6f\x72\x61\x69\x6c\x66\x6f\x72\x64", 11},
    {"\x20\x4e\x6f\x72\x61\x65\x6e\x67\x61\x74\x65", 11},
    {"\x20\x4e\x6f\x72\x61\x65\x74\x68\x66\x65\x6c\x6c", 12},
    {"\x20\x54\x61\x72\x65\x6e\x75\x6d\x67\x61\x74\x65", 12},
    {"\x20\x54\x61\x72\x65\x6e\x65\x74\x68\x77\x69\x63\x6b", 13},
    {"\x20\x54\x61\x72\x6f\x77\x69\x6c\x77\x69\x63\x6b", 12},
    {"\x20\x54\x61\x72\x6f\x77\x61\x73\x68\x6d\x6f\x6f\x72", 13},
    {"\x20\x42\x65\x6c\x75\x6d\x6f\x77\x6d\x6f\x6f\x72", 12},
    {"\x20\x4e\x6f\x72\x65\x6e\x6f\x77\x68\x6f\x6c\x74", 12},
    {"\x20\x4e\x6f\x72\x65\x6e\x6f\x72\x66\x6f\x72\x64", 12},
    {"\x20\x42\x65\x6c\x61\x73\x68\x61\x77\x69\x63\x6b", 12},
    {"\x20\x42\x65\x6c\x61\x73\x68\x61\x67\x61\x74\x65", 12},
    {"\x20\x42\x65\x6c\x61\x73\x68\x61\x73\x68\x6d\x65\x72\x65", 14},
    {"\x20\x42\x65\x6c\x6f\x77\x65\x74\x68\x66\x6f\x72\x64", 13},
    {"\x20\x42\x65\x6c\x6f\x72\x65\x6e\x66\x6f\x72\x64", 12},
    {"\x20\x4e\x6f\x72\x6f\x77\x65\x74\x68\x64\x65\x6e", 12},
    {"\x20\x54\x61\x72\x75\x6d\x6f\x77\x67\x61\x74\x65", 12},
    {"\x20\x54\x61\x72\x75\x6d\x6f\x77\x77\x69\x63\x6b", 12},
    {"\x20\x54\x61\x72\x75\x6d\x75\x6d\x68\x6f\x6c\x74", 12},
    {"\x20\x42\x65\x6c\x61\x65\x74\x68\x66\x65\x6c\x6c", 12},
    {"\x20\x46\x65\x6e\x65\x6e\x75\x6d\x66\x65\x6c\x6c", 12},
    {"\x20\x46\x65\x6e\x65\x6e\x65\x6e\x68\x6f\x6c\x74", 12},
    {"\x20\x46\x65\x6e\x65\x6e\x6f\x72\x6d\x6f\x6f\x72", 12},
    {"\x20\x46\x65\x6e\x6f\x77\x65\x6e\x66\x6f\x72\x64", 12},
    {"\x20\x4e\x6f\x72\x65\x74\x68\x69\x6c\x67\x61\x74\x65", 13},
    {"\x20\x42\x65\x6c\x65\x74\x68\x61\x73\x68\x68\x6f\x6c\x74", 14},
    {"\x20\x46\x65\x6e\x65\x74\x68\x61\x66\x65\x6c\x6c", 12},
    {"\x20\x42\x65\x6c\x65\x74\x68\x65\x74\x68\x68\x6f\x6c\x74", 14},
    {"\x69\x6c\x68\x6f", 4},
    {"\x20\x4e\x6f\x72\x61\x73\x68\x75\x6d\x66\x65\x6c\x6c", 13},
    {"\x20\x4e\x6f\x72\x61\x73\x68\x6f\x77\x64\x65\x6e", 12},
    {"\x20\x54\x61\x72\x61\x75\x6d\x66\x6f\x72\x64", 11},
    {"\x20\x54\x61\x72\x61\x6f\x72\x66\x6f\x72\x64", 11},
    {"\x20\x46\x65\x6e\x75\x6d\x6f\x77\x68\x6f\x6c\x74", 12},
    {"\x20\x46\x65\x6e\x75\x6d\x61\x73\x68\x66\x65\x6c\x6c", 13},
    {"\x20\x46\x65\x6e\x75\x6d\x65\x74\x68\x66\x65\x6c\x6c", 13},
    {"\x20\x54\x61\x72\x61\x73\x68\x6f\x72\x66\x65\x6c\x6c", 13},
    {"\x20\x54\x61\x72\x61\x73\x68\x65\x74\x68\x77\x69\x63\x6b", 14},
    {"\x20\x54\x61\x72\x61\x73\x68\x65\x74", 9},
    {"\x20\x42\x65\x6c\x65\x6e\x61\x73\x68\x68\x6f\x6c\x74", 13},
    {"\x20\x42\x65\x6c\x65\x6e\x6f\x72\x64\x65\x6e", 11},
    {"\x20\x4e\x6f\x72\x69\x6c\x61\x73", 8},
    {"\x20\x46\x65\x6e\x6f\x72\x65\x74\x68\x77\x69\x63\x6b", 13},
    {"\x20\x4e\x6f\x72\x61\x61\x73\x68", 8},
    {"\x20\x4e\x6f\x72\x61\x65\x6e\x66\x6f\x72\x64", 11},
    {"\x20\x4e\x6f\x72\x61\x65\x74\x68\x66\x6f\x72\x64", 12},
    {"\x20\x54\x61\x72\x65\x6e\x61\x73\x68", 9},
    {"\x20\x54\x61\x72\x65\x6e\x6f\x77\x77\x69\x63\x6b", 12},
    {"\x20\x54\x61\x72\x65\x6e\x65\x74\x68\x68\x6f\x6c\x74", 13},
    {"\x20\x46\x65\x6e\x69\x6c\x75\x6d\x66\x65\x6c\x6c", 12},
    {"\x20\x46\x65\x6e\x69\x6c\x6f\x77\x68\x6f\x6c\x74", 12},
    {"\x20\x46\x65\x6e\x69\x6c\x69\x6c\x66\x6f\x72\x64", 12},
    {"\x20\x46\x65\x6e\x69\x6c\x61\x66\x65\x6c\x6c", 11},
    {"\x20\x42\x65\x6c\x75\x6d\x6f\x72\x66\x6f\x72\x64", 12},
    {"\x20\x4e\x6f\x72\x6f\x72\x65\x74\x68\x64\x65\x6e", 12},
    {"\x20\x42\x65\x6c\x61\x73\x68\x65\x6e\x66\x6f\x72\x64", 13},
    {"\x20\x42\x65\x6c\x61\x73\x68\x75\x6d\x64\x65\x6e", 12},
    {"\x20\x42\x65\x6c\x6f\x77\x6f\x77\x64\x65\x6e", 11},
    {"\x20\x42\x65\x6c\x6f\x72\x69\x6c\x66\x6f\x72\x64", 12},
    {"\x20\x4e\x6f\x72\x6f\x77\x69\x6c\x68\x6f\x6c\x74", 12},
    {"\x20\x4e\x6f\x72\x6f\x77\x6f\x77\x64\x65\x6e", 11},
    {"\x20\x54\x61\x72\x69\x6c\x69\x6c\x77\x69\x63\x6b", 12},
    {"\x20\x54\x61\x72\x69\x6c\x65\x74\x68\x6d\x65\x72\x65", 13},
    {"\x20\x54\x61\x72\x75\x6d\x75\x6d\x66\x65\x6c\x6c", 12},
    {"\x20\x54\x61\x72\x75\x6d\x61\x73\x68\x64\x65\x6e", 12},
    {"\x20\x54\x61\x72\x75\x6d\x65\x74\x68\x77\x69\x63\x6b", 13},
    {"\x20\x42\x65\x6c\x61\x69\x6c\x64\x65\x6e", 10},
    {"\x20\x42\x65\x6c\x69\x6c\x65\x74", 8},
    {"\x20\x46\x65\x6e\x61\x73\x68\x6f", 8},
    {"\x20\x46\x65\x6e\x61\x73\x68\x61\x73\x68\x66\x6f\x72\x64", 14},
    {"\x20\x54\x61\x72\x6f\x72\x61\x73\x68\x68\x6f\x6c\x74", 13},
    {"\x20\x46\x65\x6e\x6f\x77\x6f\x77\x67\x61\x74\x65", 12},
    {"\x20\x4e\x6f\x72\x65\x74\x68\x75\x6d\x67\x61\x74\x65", 13},
    {"\x20\x42\x65\x6c\x65\x74\x68\x65\x6e\x66\x65\x6c\x6c", 13},
    {"\x20\x42\x65\x6c\x65\x74\x68\x6f\x72\x64\x65\x6e", 12},
    {"\x20\x46\x65\x6e\x65\x74\x68\x6f", 8},
    {"\x20\x46\x65\x6e\x65\x74\x68\x6f\x77\x66\x65\x6c\x6c", 13},
    {"\x20\x54\x61\x72\x65\x74\x68\x75\x6d", 9},
    {"\x20\x54\x61\x72\x65\x74\x68\x6f\x77\x68\x6f\x6c\x74", 13},
    {"\x20\x54\x61\x72\x65\x74\x68\x65\x6e\x6d\x6f\x6f\x72", 13},
    {"\x20\x4e\x6f\x72\x61\x73\x68\x65\x6e\x77\x69\x63\x6b", 13},
    {"\x20\x4e\x6f\x72\x61\x73\x68\x75\x6d\x64\x65\x6e", 12},
    {"\x20\x54\x61\x72\x61\x69\x6c\x64\x65\x6e", 10},
    {"\x20\x54\x61\x72\x61\x61\x73\x68\x64\x65\x6e", 11},
    {"\x20\x46\x65\x6e\x75\x6d\x6f\x77\x64\x65\x6e", 11},
    {"\x20\x42\x65\x6c\x65\x6e\x61\x64\x65\x6e", 10},
    {"\x20\x42\x65\x6c\x65\x6e\x61\x73\x68\x67\x61\x74\x65", 13},
    {"\x20\x42\x65\x6c\x65\x6e\x6f\x72\x77\x69\x63\x6b", 12},
    {"\x20\x4e\x6f\x72\x69\x6c\x6f\x72\x6d\x6f\x6f\x72", 12},
    {"\x20\x4e\x6f\x72\x69\x6c\x69\x6c\x6d\x6f\x6f\x72", 12},
    {"\x20\x54\x61\x72\x65\x6e\x6f\x77\x6d\x65\x72\x65", 12},
    {"\x20\x54\x61\x72\x65\x6e\x6f\x72\x67\x61\x74\x65", 12},
    {"\x20\x54\x61\x72\x6f\x77\x65\x74\x68\x6d\x65\x72\x65", 13},
    {"\x20\x46\x65\x6e\x61\x61\x73\x68\x66\x6f\x72\x64", 12},
    {"\x20\x46\x65\x6e\x61\x65\x74\x68\x66\x65\x6c\x6c", 12},
    {"\x20\x46\x65\x6e\x69\x6c\x69\x6c\x67\x61\x74\x65", 12},
    {"\x20\x46\x65\x6e\x69\x6c\x6f\x72\x64\x65\x6e", 11},
    {"\x20\x4e\x6f\x72\x65\x6e\x61\x73\x68\x67\x61\x74\x65", 13},
    {"\x20\x42\x65\x6c\x61\x73\x68\x6f\x72\x6d\x6f\x6f\x72", 13},
    {"\x20\x42\x65\x6c\x61\x73\x68\x61\x68\x6f\x6c\x74", 12},
    {"\x20\x42\x65\x6c\x6f\x77\x6f\x72\x6d\x6f\x6f\x72", 12},
    {"\x20\x42\x65\x6c\x6f\x77\x69\x6c\x66\x6f\x72\x64", 12},
    {"\x20\x42\x65\x6c\x6f\x77\x65\x6e\x67\x61\x74\x65", 12},
    {"\x20\x42\x65\x6c\x6f\x77\x69\x6c\x66\x65\x6c\x6c", 12},
    {"\x20\x42\x65\x6c\x6f\x72\x69\x6c\x67\x61\x74\x65", 12},
    {"\x20\x42\x65\x6c\x6f\x72\x6f\x77\x68\x6f\x6c\x74", 12},
    {"\x20\x42\x65\x6c\x61\x75\x6d\x66\x65\x6c\x6c", 11},
    {"\x20\x42\x65\x6c\x61\x6f\x77\x77\x69\x63\x6b", 11},
    {"\x20\x42\x65\x6c\x61\x65\x6e\x68\x6f\x6c\x74", 11},
    {"\x20\x42\x65\x6c\x69\x6c\x6f\x77\x68\x6f\x6c\x74", 12},
    {"\x20\x42\x65\x6c\x69\x6c\x61\x73\x68\x64\x65\x6e", 12},
    {"\x20\x46\x65\x6e\x61\x73\x68\x61\x68\x6f\x6c\x74", 12},
    {"\x20\x46\x65\x6e\x61\x73\x68\x69\x6c\x6d\x65\x72\x65", 13},
    {"\x20\x46\x65\x6e\x65\x6e\x65\x74\x68\x64\x65\x6e", 12},
    {"\x20\x54\x61\x72\x6f\x72\x6f\x77\x64\x65\x6e", 11},
    {"\x20\x46\x65\x6e\x6f\x77\x6f\x77\x66\x65\x6c\x6c", 12},
    {"\x20\x42\x65\x6c\x65\x74\x68\x61\x6d\x6f\x6f\x72", 12},
    {"\x20\x4e\x6f\x72\x61\x73\x68\x75\x6d\x6d\x6f\x6f\x72", 13},
    {"\x20\x4e\x6f\x72\x75\x6d\x6f\x77\x66\x65\x6c\x6c", 12},
    {"\x20\x4e\x6f\x72\x75\x6d\x6f\x77\x6d\x65\x72\x65", 12},
    {"\x20\x4e\x6f\x72\x75\x6d\x61\x6d\x65\x72\x65", 11},
    {"\x20\x46\x65\x6e\x75\x6d\x6f\x77\x66\x65\x6c\x6c", 12},
    {"\x20\x46\x65\x6e\x75\x6d\x6f\x72\x6d\x6f\x6f\x72", 12},
    {"\x20\x46\x65\x6e\x75\x6d\x6f\x77\x6d\x6f\x6f\x72", 12},
    {"\x20\x54\x61\x72\x61\x73\x68\x65\x6e\x68\x6f\x6c\x74", 13},
    {"\x20\x54\x61\x72\x61\x73\x68\x61\x73\x68\x67\x61\x74\x65", 14},
    {"\x20\x42\x65\x6c\x65\x6e\x6f\x77\x77\x69\x63\x6b", 12},
    {"\x20\x42\x65\x6c\x65\x6e\x65\x6e\x68\x6f\x6c\x74", 12},
    {"\x20\x42\x65\x6c\x65\x6e\x61\x66\x65\x6c\x6c", 11},
    {"\x20\x46\x65\x6e\x6f\x72\x6f\x77\x67\x61\x74\x65", 12},
    {"\x20\x4e\x6f\x72\x61\x69\x6c\x6d\x65\x72\x65", 11},
    {"\x20\x54\x61\x72\x6f\x77\x6f\x72\x77\x69\x63\x6b", 12},
    {"\x20\x54\x61\x72\x6f\x77\x69\x6c\x6d\x65\x72\x65", 12},
    {"\x20\x46\x65\x6e\x61\x75\x6d\x66\x65\x6c\x6c", 11},
    {"\x20\x46\x65\x6e\x61\x65\x6e\x6d\x65\x72\x65", 11},
    {"\x20\x46\x65\x6e\x61\x75\x6d\x68\x6f\x6c\x74", 11},
    {"\x20\x46\x65\x6e\x69\x6c\x61\x64\x65\x6e", 10},
    {"\x20\x42\x65\x6c\x75\x6d\x65\x6e\x6d\x65\x72\x65", 12},
    {"\x20\x42\x65\x6c\x75\x6d\x65\x74\x68\x6d\x6f\x6f\x72", 13},
    {"\x20\x4e\x6f\x72\x6f\x72\x61\x73\x68\x6d\x6f\x6f\x72", 13},
    {"\x20\x4e\x6f\x72\x6f\x72\x6f\x72\x67\x61\x74\x65", 12},
    {"\x20\x42\x65\x6c\x61\x73\x68\x6f\x72", 9},
    {"\x20\x42\x65\x6c\x6f\x72\x65\x74\x68\x66\x6f\x72\x64", 13},
    {"\x20\x54\x61\x72\x69\x6c\x6f\x72", 8},
    {"\x20\x54\x61\x72\x69\x6c\x6f\x77\x6d\x6f\x6f\x72", 12},
    {"\x20\x54\x61\x72\x75\x6d\x75\x6d\x64\x65\x6e", 11},
    {"\x20\x42\x65\x6c\x61\x6f\x77\x66\x65\x6c\x6c", 11},
    {"\x20\x42\x65\x6c\x61\x69\x6c\x77\x69\x63\x6b", 11},
    {"\x20\x42\x65\x6c\x69\x6c\x6f\x72\x67\x61\x74\x65", 12},
    {"\x20\x46\x65\x6e\x61\x73\x68\x69\x6c\x6d\x6f\x6f\x72", 13},
    {"\x20\x46\x65\x6e\x65\x6e\x6f\x77\x6d\x65\x72\x65", 12},
    {"\x20\x46\x65\x6e\x6f\x77\x61\x73\x68\x64\x65\x6e", 12},
    {"\x20\x46\x65\x6e\x6f\x77\x65\x6e\x67\x61\x74\x65", 12},
    {"\x20\x4e\x6f\x72\x65\x74\x68\x75\x6d\x6d\x65\x72\x65", 13},
    {"\x20\x42\x65\x6c\x65\x74\x68\x61\x68\x6f\x6c\x74", 12},
    {"\x20\x46\x65\x6e\x65\x74\x68\x61\x6d\x6f\x6f\x72", 12},
    {"\x20\x46\x65\x6e\x65\x74\x68\x75\x6d\x66\x6f\x72\x64", 13},
    {"\x20\x4e\x6f\x72\x61\x73\x68\x61\x77\x69\x63\x6b", 12},
    {"\x20\x4e\x6f\x72\x75\x6d\x61\x6d\x6f\x6f\x72", 11},
    {"\x20\x4e\x6f\x72\x75\x6d\x69\x6c\x6d\x65\x72\x65", 12},
    {"\x20\x54\x61\x72\x61\x75\x6d\x6d\x65\x72\x65", 11},
    {"\x20\x54\x61\x72\x61\x69\x6c\x6d\x6f\x6f\x72", 11},
    {"\x20\x54\x61\x72\x61\x73\x68\x6f\x77\x6d\x6f\x6f\x72", 13},
    {"\x20\x42\x65\x6c\x65\x6e\x61\x73\x68\x66\x6f\x72\x64", 13},
    {"\x20\x42\x65\x6c\x65\x6e\x65\x74\x68\x77\x69\x63\x6b", 13},
    {"\x20\x46\x65\x6e\x6f\x72\x75\x6d\x6d\x65\x72\x65", 12},
    {"\x20\x46\x65\x6e\x6f\x72\x6f\x77\x6d\x6f\x6f\x72", 12},
    {"\x20\x46\x65\x6e\x6f\x72\x6f\x72\x6d\x65\x72\x65", 12},
    {"\x20\x46\x65\x6e\x6f\x72\x61\x73\x68\x68\x6f\x6c\x74", 13},
    {"\x20\x46\x65\x6e\x6f\x72\x61\x73\x68\x77\x69\x63\x6b", 13},
    {"\x20\x4e\x6f\x72\x61\x61\x77\x69\x63\x6b", 10},
    {"\x20\x4e\x6f\x72\x61\x61\x64\x65\x6e", 9},
    {"\x20\x4e\x6f\x72\x61\x6f\x72\x64\x65\x6e", 10},
    {"\x20\x54\x61\x72\x65\x6e\x61\x73\x68\x66\x6f\x72\x64", 13},
    {"\x20\x54\x61\x72\x6f\x77\x69\x6c\x66\x6f\x72\x64", 12},
    {"\x20\x54\x61\x72\x6f\x77\x61\x73\x68\x66\x65\x6c\x6c", 13},
    {"\x20\x54\x61\x72\x6f\x77\x65\x74\x68\x6d\x6f\x6f\x72", 13},
    {"\x20\x46\x65\x6e\x61\x75\x6d\x66\x6f\x72\x64", 11},
    {"\x20\x46\x65\x6e\x61\x61\x73\x68\x6d\x6f\x6f\x72", 12},
    {"\x20\x46\x65\x6e\x69\x6c\x61\x73\x68\x6d\x65\x72\x65", 13},
    {"\x20\x46\x65\x6e\x69\x6c\x65\x74\x68\x67\x61\x74\x65", 13},
    {"\x20\x42\x65\x6c\x75\x6d\x61\x6d\x6f\x6f\x72", 11},
    {"\x20\x4e\x6f\x72\x65\x6e\x6f\x77\x66\x65\x6c\x6c", 12},
    {"\x20\x4e\x6f\x72\x65\x6e\x6f\x72\x6d\x65\x72\x65", 12},
    {"\x20\x42\x65\x6c\x6f\x77\x6f\x77\x67\x61\x74\x65", 12},
    {"\x20\x42\x65\x6c\x6f\x77\x61\x66\x65\x6c\x6c", 11},
    {"\x20\x42\x65\x6c\x6f\x72\x65\x6e\x6d\x65\x72\x65", 12},
    {"\x20\x42\x65\x6c\x6f\x72\x6f\x72\x68\x6f\x6c\x74", 12},
    {"\x20\x42\x65\x6c\x6f\x72\x75\x6d\x64\x65\x6e", 11},
    {"\x20\x4e\x6f\x72\x6f\x77\x65\x6e\x6d\x6f\x6f\x72", 12},
    {"\x20\x54\x61\x72\x75\x6d\x75\x6d\x6d\x65\x72\x65", 12},
    {"\x20\x54\x61\x72\x75\x6d\x6f\x72\x68\x6f\x6c\x74", 12},
    {"\x20\x54\x61\x72\x75\x6d\x6f\x77\x6d\x65\x72\x65", 12},
    {"\x20\x42\x65\x6c\x69\x6c\x65\x6e\x77\x69\x63\x6b", 12},
    {"\x20\x42\x65\x6c\x69\x6c\x61\x73\x68\x66\x65\x6c\x6c", 13},
    {"\x20\x42\x65\x6c\x69\x6c\x75\x6d\x68\x6f\x6c\x74", 12},
    {"\x20\x42\x65\x6c\x69\x6c\x65\x74\x68\x66\x6f\x72\x64", 13},
    {"\x20\x46\x65\x6e\x65\x6e\x75\x6d\x66\x6f\x72\x64", 12},
    {"\x20\x46\x65\x6e\x65\x6e\x61\x73\x68\x6d\x65\x72\x65", 13},
    {"\x20\x46\x65\x6e\x6f\x77\x65\x6e\x6d\x65\x72\x65", 12},
    {"\x20\x46\x65\x6e\x6f\x77\x61\x6d\x65\x72\x65", 11},
    {"\x20\x42\x65\x6c\x65\x74\x68\x6f\x72\x68\x6f\x6c\x74", 13},
    {"\x20\x42\x65\x6c\x65\x74\x68\x65\x6e\x68\x6f\x6c\x74", 13},
    {"\x20\x42\x65\x6c\x65\x74\x68\x69\x6c\x68\x6f\x6c\x74", 13},
    {"\x20\x42\x65\x6c\x65\x74\x68\x6f\x77\x66\x6f\x72\x64", 13},
    {"\x20\x46\x65\x6e\x65\x74\x68\x75\x6d\x67\x61\x74\x65", 13},
    {"\x20\x54\x61\x72\x65\x74\x68\x6f\x77\x66\x65\x6c\x6c", 13},
    {"\x20\x4e\x6f\x72\x61\x73\x68\x69\x6c\x67\x61\x74\x65", 13},
    {"\x20\x4e\x6f\x72\x61\x73\x68\x6f\x77\x66\x65\x6c\x6c", 13},
    {"\x20\x4e\x6f\x72\x61\x73\x68\x61\x73\x68\x77\x69\x63\x6b", 14},
    {"\x20\x4e\x6f\x72\x75\x6d\x75\x6d\x64\x65\x6e", 11},
    {"\x20\x4e\x6f\x72\x75\x6d\x65\x74\x68\x6d\x6f\x6f\x72", 13},
    {"\x20\x54\x61\x72\x61\x6f\x77\x68\x6f\x6c\x74", 11},
    {"\x20\x54\x61\x72\x61\x61\x73\x68\x67\x61\x74\x65", 12},
    {"\x20\x54\x61\x72\x61\x65\x74\x68\x66\x6f\x72\x64", 12},
    {"\x20\x54\x61\x72\x61\x73\x68\x69\x6c\x64\x65\x6e", 12},
    {"\x20\x54\x61\x72\x61\x73\x68\x6f\x72\x66\x6f\x72\x64", 13},
    {"\x20\x42\x65\x6c\x65\x6e\x69\x6c\x67\x61\x74\x65", 12},
    {"\x20\x46\x65\x6e\x6f\x72\x61\x68\x6f\x6c\x74", 11},
    {"\x20\x54\x61\x72\x65\x6e\x6f\x77\x67\x61\x74\x65", 12},
    {"\x20\x54\x61\x72\x65\x6e\x61\x73\x68\x68\x6f\x6c\x74", 13},
    {"\x20\x54\x61\x72\x65\x6e\x75\x6d\x77\x69\x63\x6b", 12},
    {"\x20\x54\x61\x72\x6f\x77\x6f\x77\x66\x65\x6c\x6c", 12},
    {"\x20\x54\x61\x72\x6f\x77\x61\x73\x68\x67\x61\x74\x65", 13},
    {"\x20\x54\x61\x72\x6f\x77\x6f\x72\x67\x61\x74\x65", 12},
    {"\x20\x46\x65\x6e\x61\x6f\x72\x6d\x65\x72\x65", 11},
    {"\x20\x46\x65\x6e\x61\x6f\x77\x66\x6f\x72\x64", 11},
    {"\x20\x42\x65\x6c\x75\x6d\x6f\x77\x67\x61\x74\x65", 12},
    {"\x20\x42\x65\x6c\x75\x6d\x69\x6c\x66\x6f\x72\x64", 12},
    {"\x20\x4e\x6f\x72\x6f\x72\x61\x6d\x65\x72\x65", 11},
    {"\x20\x4e\x6f\x72\x65\x6e\x6f\x77\x6d\x65\x72\x65", 12},
    {"\x20\x4e\x6f\x72\x65\x6e\x69\x6c\x77\x69\x63\x6b", 12},
    {"\x20\x42\x65\x6c\x6f\x77\x61\x6d\x6f\x6f\x72", 11},
    {"\x20\x42\x65\x6c\x6f\x77\x65\x6e\x66\x6f\x72\x64", 12},
    {"\x20\x42\x65\x6c\x6f\x77\x61\x67\x61\x74\x65", 11},
    {"\x20\x42\x65\x6c\x6f\x77\x6f\x72\x67\x61\x74\x65", 12},
    {"\x20\x42\x65\x6c\x6f\x77\x75\x6d\x64\x65\x6e", 11},
    {"\x20\x42\x65\x6c\x6f\x72\x61\x73\x68\x64\x65\x6e", 12},
    {"\x20\x42\x65\x6c\x6f\x72\x75\x6d\x77\x69\x63\x6b", 12},
    {"\x20\x4e\x6f\x72\x6f\x77\x6f\x77\x66\x65\x6c\x6c", 12},
    {"\x20\x4e\x6f\x72\x6f\x77\x6f\x72\x77\x69\x63\x6b", 12},
    {"\x20\x4e\x6f\x72\x6f\x77\x65\x74\x68\x66\x65\x6c\x6c", 13},
    {"\x20\x54\x61\x72\x75\x6d\x69\x6c\x77\x69\x63\x6b", 12},
    {"\x20\x42\x65\x6c\x69\x6c\x6f\x77\x66\x65\x6c\x6c", 12},
    {"\x20\x46\x65\x6e\x61\x73\x68\x6f\x77\x66\x65\x6c\x6c", 13},
    {"\x20\x46\x65\x6e\x61\x73\x68\x6f\x77\x66\x6f\x72\x64", 13},
    {"\x20\x46\x65\x6e\x65\x6e\x61\x73\x68", 9},
    {"\x20\x46\x65\x6e\x65\x6e\x75\x6d\x6d\x65\x72\x65", 12},
    {"\x20\x54\x61\x72\x6f\x72\x61\x73\x68", 9},
    {"\x20\x54\x61\x72\x6f\x72\x61\x73\x68\x64\x65\x6e", 12},
    {"\x20\x54\x61\x72\x6f\x72\x65\x6e\x67\x61\x74\x65", 12},
    {"\x20\x46\x65\x6e\x6f\x77\x6f\x77\x68\x6f\x6c\x74", 12},
    {"\x20\x46\x65\x6e\x6f\x77\x6f\x72\x67\x61\x74\x65", 12},
    {"\x20\x4e\x6f\x72\x65\x74\x68\x61\x73\x68\x64\x65\x6e", 13},
    {"\x20\x4e\x6f\x72\x65\x74\x68\x61\x73\x68\x77\x69\x63\x6b", 14},
    {"\x20\x42\x65\x6c\x65\x74\x68\x61\x73", 9},
    {"\x20\x42\x65\x6c\x65\x74\x68\x69\x6c", 9},
    {"\x20\x42\x65\x6c\x65\x74\x68\x75\x6d\x66\x65\x6c\x6c", 13},
    {"\x20\x42\x65\x6c\x65\x74\x68\x6f\x72\x6d\x6f\x6f\x72", 13},
    {"\x20\x46\x65\x6e\x65\x74\x68\x69\x6c\x6d\x6f\x6f\x72", 13},
    {"\x20\x54\x61\x72\x65\x74\x68\x75\x6d\x6d\x65\x72\x65", 13},
    {"\x20\x54\x61\x72\x65\x74\x68\x6f\x72\x6d\x65\x72\x65", 13},
    {"\x20\x42\x65\x6c\x65\x74\x68\x65\x74\x68\x67\x61\x74\x65", 14},
    {"\x20\x4e\x6f\x72\x61\x73\x68\x69\x6c\x6d\x65\x72\x65", 13},
    {"\x20\x4e\x6f\x72\x61\x73\x68\x65\x74\x68\x66\x6f\x72\x64", 14},
    {"\x20\x4e\x6f\x72\x75\x6d\x61\x64\x65\x6e", 10},
    {"\x20\x4e\x6f\x72\x75\x6d\x61\x66\x65\x6c\x6c", 11},
    {"\x20\x4e\x6f\x72\x75\x6d\x61\x73\x68\x66\x65\x6c\x6c", 13},
    {"\x20\x4e\x6f\x72\x75\x6d\x61\x73\x68\x64\x65\x6e", 12},
    {"\x20\x4e\x6f\x72\x75\x6d\x75\x6d\x68\x6f\x6c\x74", 12},
    {"\x20\x4e\x6f\x72\x75\x6d\x65\x74\x68\x77\x69\x63\x6b", 13},
    {"\x20\x54\x61\x72\x61\x65\x6e\x6d\x65\x72\x65", 11},
    {"\x20\x54\x61\x72\x61\x65\x6e\x64\x65\x6e", 10},
    {"\x20\x54\x61\x72\x61\x75\x6d\x77\x69\x63\x6b", 11},
    {"\x20\x46\x65\x6e\x75\x6d\x6f\x77\x6d\x65\x72\x65", 12},
    {"\x20\x46\x65\x6e\x75\x6d\x65\x6e\x66\x65\x6c\x6c", 12},
    {"\x20\x54\x61\x72\x61\x73\x68\x65\x6e\x67\x61\x74\x65", 13},
    {"\x20\x42\x65\x6c\x65\x6e\x6f\x72\x66\x6f\x72\x64", 12},
    {"\x20\x4e\x6f\x72\x69\x6c\x61\x73\x68\x6d\x6f\x6f\x72", 13},
    {"\x20\x4e\x6f\x72\x69\x6c\x61\x73\x68\x64\x65\x6e", 12},
    {"\x20\x4e\x6f\x72\x69\x6c\x75\x6d\x6d\x6f\x6f\x72", 12},
    {"\x20\x4e\x6f\x72\x69\x6c\x6f\x72\x64\x65\x6e", 11},
    {"\x20\x46\x65\x6e\x6f\x72\x61\x64\x65\x6e", 10},
    {"\x20\x4e\x6f\x72\x61\x69\x6c\x68\x6f\x6c\x74", 11},
    {"\x20\x4e\x6f\x72\x61\x6f\x77\x6d\x65\x72\x65", 11},
    {"\x20\x54\x61\x72\x65\x6e\x61\x66\x65\x6c\x6c", 11},
    {"\x20\x54\x61\x72\x6f\x77\x65\x6e\x77\x69\x63\x6b", 12},
    {"\x20\x54\x61\x72\x6f\x77\x6f\x77\x68\x6f\x6c\x74", 12},
    {"\x20\x54\x61\x72\x6f\x77\x69\x6c\x68\x6f\x6c\x74", 12},
    {"\x20\x54\x61\x72\x6f\x77\x6f\x77\x6d\x65\x72\x65", 12},
    {"\x20\x54\x61\x72\x6f\x77\x65\x74\x68\x77\x69\x63\x6b", 13},
    {"\x20\x46\x65\x6e\x61\x61\x6d\x6f\x6f\x72", 10},
    {"\x20\x42\x65\x6c\x75\x6d\x75\x6d\x6d\x65\x72\x65", 12},
    {"\x20\x42\x65\x6c\x75\x6d\x61\x66\x65\x6c\x6c", 11},
    {"\x20\x42\x65\x6c\x75\x6d\x61\x73\x68\x67\x61\x74\x65", 13},
    {"\x20\x42\x65\x6c\x75\x6d\x75\x6d\x68\x6f\x6c\x74", 12},
    {"\x20\x42\x65\x6c\x75\x6d\x61\x6d\x65\x72\x65", 11},
    {"\x20\x4e\x6f\x72\x6f\x72\x6f\x77\x6d\x65\x72\x65", 12},
    {"\x20\x4e\x6f\x72\x6f\x72\x61\x73\x68\x77\x69\x63\x6b", 13},
    {"\x20\x42\x65\x6c\x6f\x77\x75\x6d\x67\x61\x74\x65", 12},
    {"\x20\x42\x65\x6c\x6f\x77\x6f\x72\x64\x65\x6e", 11},
    {"\x20\x42\x65\x6c\x6f\x77\x65\x74\x68\x66\x65\x6c\x6c", 13},
    {"\x20\x42\x65\x6c\x6f\x72\x69\x6c\x77\x69\x63\x6b", 12},
    {"\x20\x4e\x6f\x72\x6f\x77\x69\x6c\x67\x61\x74\x65", 12},
    {"\x20\x4e\x6f\x72\x6f\x77\x61\x77\x69\x63\x6b", 11},
    {"\x20\x4e\x6f\x72\x6f\x77\x6f\x77\x68\x6f\x6c\x74", 12},
    {"\x20\x4e\x6f\x72\x6f\x77\x69\x6c\x66\x6f\x72\x64", 12},
    {"\x20\x54\x61\x72\x69\x6c\x75\x6d\x66\x65\x6c\x6c", 12},
    {"\x20\x54\x61\x72\x69\x6c\x6f\x72\x64\x65\x6e", 11},
    {"\x20\x54\x61\x72\x75\x6d\x61\x66\x6f\x72\x64", 11},
    {"\x20\x42\x65\x6c\x69\x6c\x61\x66\x6f\x72\x64", 11},
    {"\x20\x46\x65\x6e\x65\x6e\x61\x66\x65\x6c\x6c", 11},
    {"\x20\x46\x65\x6e\x65\x6e\x69\x6c\x66\x65\x6c\x6c", 12},
    {"\x20\x54\x61\x72\x6f\x72\x6f\x72\x67\x61\x74\x65", 12},
    {"\x20\x46\x65\x6e\x6f\x77\x75\x6d\x67\x61\x74\x65", 12},
    {"\x20\x46\x65\x6e\x6f\x77\x61\x73\x68\x66\x6f\x72\x64", 13},
    {"\x20\x4e\x6f\x72\x65\x74\x68\x6f\x77\x77\x69\x63\x6b", 13},
    {"\x20\x4e\x6f\x72\x65\x74\x68\x75\x6d\x68\x6f\x6c\x74", 13},
    {"\x20\x42\x65\x6c\x65\x74\x68\x65\x6e\x66\x6f\x72\x64", 13},
    {"\x20\x46\x65\x6e\x65\x74\x68\x61\x73\x68\x6d\x6f\x6f\x72", 14},
    {"\x20\x46\x65\x6e\x65\x74\x68\x61\x68\x6f\x6c\x74", 12},
    {"\x20\x54\x61\x72\x65\x74\x68\x6f\x77\x67\x61\x74\x65", 13},
    {"\x20\x54\x61\x72\x65\x74\x68\x6f\x77\x77\x69\x63\x6b", 13},
    {"\x20\x54\x61\x72\x65\x74\x68\x65\x74", 9},
    {"\x20\x4e\x6f\x72\x61\x73\x68\x69\x6c\x77\x69\x63\x6b", 13},
    {"\x20\x4e\x6f\x72\x61\x73\x68\x6f\x72\x77\x69\x63\x6b", 13},
    {"\x20\x4e\x6f\x72\x61\x73\x68\x6f\x72\x67\x61\x74\x65", 13},
    {"\x20\x4e\x6f\x72\x75\x6d\x61\x73\x68", 9},
    {"\x20\x4e\x6f\x72\x75\x6d\x6f\x77\x77\x69\x63\x6b", 12},
    {"\x20\x4e\x6f\x72\x75\x6d\x65\x6e\x64\x65\x6e", 11},
    {"\x20\x4e\x6f\x72\x75\x6d\x69\x6c\x66\x6f\x72\x64", 12},
    {"\x20\x4e\x6f\x72\x75\x6d\x6f\x72\x77\x69\x63\x6b", 12},
    {"\x20\x4e\x6f\x72\x75\x6d\x6f\x77\x66\x6f\x72\x64", 12},
    {"\x20\x4e\x6f\x72\x75\x6d\x61\x66\x6f\x72\x64", 11},
    {"\x20\x54\x61\x72\x61\x65\x74\x68\x67\x61\x74\x65", 12},
    {"\x20\x46\x65\x6e\x75\x6d\x65\x6e\x66\x6f\x72\x64", 12},
    {"\x20\x46\x65\x6e\x75\x6d\x61\x66\x65\x6c\x6c", 11},
    {"\x20\x46\x65\x6e\x75\x6d\x75\x6d\x68\x6f\x6c\x74", 12},
    {"\x20\x46\x65\x6e\x75\x6d\x6f\x72\x66\x65\x6c\x6c", 12},
    {"\x20\x54\x61\x72\x61\x73\x68\x61\x73", 9},
    {"\x20\x54\x61\x72\x61\x73\x68\x6f\x72\x68\x6f\x6c\x74", 13},
    {"\x20\x54\x61\x72\x61\x73\x68\x69\x6c\x68\x6f\x6c\x74", 13},
    {"\x20\x54\x61\x72\x61\x73\x68\x65\x74\x68\x64\x65\x6e", 13},
    {"\x20\x42\x65\x6c\x65\x6e\x75\x6d\x66\x65\x6c\x6c", 12},
    {"\x20\x42\x65\x6c\x65\x6e\x6f\x77\x6d\x65\x72\x65", 12},
    {"\x20\x42\x65\x6c\x65\x6e\x61\x67\x61\x74\x65", 11},
    {"\x20\x46\x65\x6e\x6f\x72\x6f\x77\x68\x6f\x6c\x74", 12},
    {"\x20\x4e\x6f\x72\x61\x6f\x72\x6d\x65\x72\x65", 11},
    {"\x20\x54\x61\x72\x65\x6e\x6f\x77\x64\x65\x6e", 11},
    {"\x20\x54\x61\x72\x65\x6e\x75\x6d\x68\x6f\x6c\x74", 12},
    {"\x20\x54\x61\x72\x65\x6e\x69\x6c\x6d\x65\x72\x65", 12},
    {"\x20\x54\x61\x72\x65\x6e\x61\x73\x68\x77\x69\x63\x6b", 13},
    {"\x20\x54\x61\x72\x6f\x77\x69\x6c", 8},
    {"\x20\x54\x61\x72\x6f\x77\x6f\x77\x67\x61\x74\x65", 12},
    {"\x20\x54\x61\x72\x6f\x77\x61\x73\x68\x6d\x65\x72\x65", 13},
    {"\x20\x46\x65\x6e\x61\x61\x73\x68", 8},
    {"\x20\x46\x65\x6e\x69\x6c\x6f\x72\x6d\x6f\x6f\x72", 12},
    {"\x20\x42\x65\x6c\x75\x6d\x6f\x72", 8},
    {"\x20\x42\x65\x6c\x75\x6d\x69\x6c\x64\x65\x6e", 11},
    {"\x20\x42\x65\x6c\x75\x6d\x75\x6d\x66\x6f\x72\x64", 12},
    {"\x20\x42\x65\x6c\x75\x6d\x61\x67\x61\x74\x65", 11},
    {"\x20\x42\x65\x6c\x75\x6d\x65\x74\x68\x66\x6f\x72\x64", 13},
    {"\x20\x4e\x6f\x72\x6f\x72\x69\x6c\x64\x65\x6e", 11},
    {"\x20\x4e\x6f\x72\x6f\x72\x61\x64\x65\x6e", 10},
    {"\x20\x4e\x6f\x72\x6f\x72\x65\x6e\x66\x6f\x72\x64", 12},
    {"\x20\x4e\x6f\x72\x6f\x72\x6f\x77\x64\x65\x6e", 11},
    {"\x20\x4e\x6f\x72\x65\x6e\x69\x6c\x64\x65\x6e", 11},
    {"\x20\x4e\x6f\x72\x65\x6e\x65\x6e\x66\x6f\x72\x64", 12},
    {"\x20\x42\x65\x6c\x61\x73\x68\x61\x6d\x6f\x6f\x72", 12},
    {"\x20\x42\x65\x6c\x61\x73\x68\x65\x6e\x68\x6f\x6c\x74", 13},
    {"\x20\x42\x65\x6c\x61\x73\x68\x61\x73\x68\x66\x65\x6c\x6c", 14},
    {"\x20\x42\x65\x6c\x6f\x77\x6f\x77\x6d\x6f\x6f\x72", 12},
    {"\x20\x42\x65\x6c\x6f\x77\x61\x73\x68\x68\x6f\x6c\x74", 13},
    {"\x20\x42\x65\x6c\x6f\x72\x6f\x72\x6d\x6f\x6f\x72", 12},
    {"\x20\x42\x65\x6c\x6f\x72\x6f\x72\x66\x6f\x72\x64", 12},
    {"\x20\x54\x61\x72\x69\x6c\x61\x6d\x6f\x6f\x72", 11},
    {"\x20\x54\x61\x72\x69\x6c\x6f\x77\x64\x65\x6e", 11},
    {"\x20\x54\x61\x72\x75\x6d\x6f\x77\x68\x6f\x6c\x74", 12},
    {"\x20\x54\x61\x72\x75\x6d\x61\x68\x6f\x6c\x74", 11},
    {"\x20\x42\x65\x6c\x61\x65\x6e\x6d\x6f\x6f\x72", 11},
    {"\x20\x42\x65\x6c\x61\x65\x74\x68\x68\x6f\x6c\x74", 12},
    {"\x20\x42\x65\x6c\x69\x6c\x69\x6c", 8},
    {"\x20\x42\x65\x6c\x69\x6c\x61\x77\x69\x63\x6b", 11},
    {"\x20\x42\x65\x6c\x69\x6c\x61\x73\x68\x66\x6f\x72\x64", 13},
    {"\x20\x46\x65\x6e\x61\x73\x68\x61", 8},
    {"\x20\x46\x65\x6e\x61\x73\x68\x61\x73", 9},
    {"\x20\x46\x65\x6e\x61\x73\x68\x69\x6c\x64\x65\x6e", 12},
    {"\x20\x46\x65\x6e\x65\x6e\x65\x74\x68", 9},
    {"\x20\x46\x65\x6e\x65\x6e\x69\x6c\x77\x69\x63\x6b", 12},
    {"\x20\x54\x61\x72\x6f\x72\x75\x6d\x66\x6f\x72\x64", 12},
    {"\x20\x46\x65\x6e\x6f\x77\x61\x66\x65\x6c\x6c", 11},
    {"\x20\x46\x65\x6e\x6f\x77\x61\x73\x68\x6d\x65\x72\x65", 13},
    {"\x20\x42\x65\x6c\x65\x74\x68\x61\x73\x68\x64\x65\x6e", 13},
    {"\x20\x46\x65\x6e\x65\x74\x68\x75\x6d", 9},
    {"\x20\x46\x65\x6e\x65\x74\x68\x65\x6e\x6d\x65\x72\x65", 13},
    {"\x20\x46\x65\x6e\x65\x74\x68\x61\x73\x68\x67\x61\x74\x65", 14},
    {"\x20\x46\x65\x6e\x65\x74\x68\x61\x73\x68\x66\x6f\x72\x64", 14},
    {"\x20\x54\x61\x72\x65\x74\x68\x65\x6e", 9},
    {"\x20\x4e\x6f\x72\x65\x74\x68\x65\x74\x68\x67\x61\x74\x65", 14},
    {"\x20\x4e\x6f\x72\x61\x73\x68\x6f\x72\x6d\x65\x72\x65", 13},
    {"\x20\x4e\x6f\x72\x75\x6d\x6f\x72\x68\x6f\x6c\x74", 12},
    {"\x20\x4e\x6f\x72\x75\x6d\x6f\x72\x6d\x6f\x6f\x72", 12},
    {"\x20\x4e\x6f\x72\x75\x6d\x65\x6e\x66\x65\x6c\x6c", 12},
    {"\x20\x46\x65\x6e\x75\x6d\x6f\x77\x67\x61\x74\x65", 12},
    {"\x20\x46\x65\x6e\x75\x6d\x61\x73\x68\x66\x6f\x72\x64", 13},
    {"\x20\x54\x61\x72\x61\x73\x68\x6f\x72\x6d\x65\x72\x65", 13},
    {"\x20\x42\x65\x6c\x65\x6e\x75\x6d\x77\x69\x63\x6b", 12},
    {"\x20\x4e\x6f\x72\x69\x6c\x75\x6d\x6d\x65\x72\x65", 12},
    {"\x20\x4e\x6f\x72\x69\x6c\x75\x6d\x67\x61\x74\x65", 12},
    {"\x20\x4e\x6f\x72\x69\x6c\x6f\x72\x77\x69\x63\x6b", 12},
    {"\x20\x46\x65\x6e\x6f\x72\x69\x6c\x67\x61\x74\x65", 12},
    {"\x20\x46\x65\x6e\x6f\x72\x6f\x77\x64\x65\x6e", 11},
    {"\x20\x46\x65\x6e\x6f\x72\x65\x74\x68\x67\x61\x74\x65", 13},
    {"\x20\x4e\x6f\x72\x61\x6f\x77\x77\x69\x63\x6b", 11},
    {"\x20\x4e\x6f\x72\x61\x75\x6d\x77\x69\x63\x6b", 11},
    {"\x20\x4e\x6f\x72\x61\x69\x6c\x66\x65\x6c\x6c", 11},
    {"\x20\x54\x61\x72\x65\x6e\x6f\x72\x6d\x65\x72\x65", 12},
    {"\x20\x54\x61\x72\x65\x6e\x61\x73\x68\x67\x61\x74\x65", 13},
    {"\x20\x54\x61\x72\x65\x6e\x6f\x72\x66\x65\x6c\x6c", 12},
    {"\x20\x46\x65\x6e\x61\x6f\x72\x67\x61\x74\x65", 11},
    {"\x20\x46\x65\x6e\x61\x6f\x72\x64\x65\x6e", 10},
    {"\x20\x46\x65\x6e\x69\x6c\x75\x6d\x66\x6f\x72\x64", 12},
    {"\x20\x42\x65\x6c\x75\x6d\x69\x6c\x6d\x6f\x6f\x72", 12},
    {"\x20\x42\x65\x6c\x75\x6d\x61\x68\x6f\x6c\x74", 11},
    {"\x20\x42\x65\x6c\x75\x6d\x65\x6e\x66\x65\x6c\x6c", 12},
    {"\x20\x4e\x6f\x72\x6f\x72\x6f\x77\x66\x65\x6c\x6c", 12},
    {"\x20\x4e\x6f\x72\x6f\x72\x61\x68\x6f\x6c\x74", 11},
    {"\x20\x4e\x6f\x72\x6f\x72\x69\x6c\x6d\x65\x72\x65", 12},
    {"\x20\x4e\x6f\x72\x6f\x72\x65\x74\x68\x66\x65\x6c\x6c", 13},
    {"\x20\x4e\x6f\x72\x6f\x72\x65\x74\x68\x67\x61\x74\x65", 13},
    {"\x20\x4e\x6f\x72\x65\x6e\x61\x64\x65\x6e", 10},
    {"\x20\x4e\x6f\x72\x65\x6e\x6f\x77\x77\x69\x63\x6b", 12},
    {"\x20\x4e\x6f\x72\x65\x6e\x61\x73\x68\x66\x6f\x72\x64", 13},
    {"\x20\x42\x65\x6c\x61\x73\x68\x69\x6c\x67\x61\x74\x65", 13},
    {"\x20\x42\x65\x6c\x61\x73\x68\x75\x6d\x77\x69\x63\x6b", 13},
    {"\x20\x42\x65\x6c\x6f\x77\x65\x6e\x6d\x65\x72\x65", 12},
    {"\x20\x42\x65\x6c\x6f\x72\x65\x6e\x77\x69\x63\x6b", 12},
    {"\x20\x42\x65\x6c\x6f\x72\x6f\x72\x6d\x65\x72\x65", 12},
    {"\x20\x42\x65\x6c\x6f\x72\x6f\x72\x64\x65\x6e", 11},
    {"\x20\x42\x65\x6c\x6f\x72\x65\x74\x68\x77\x69\x63\x6b", 13},
    {"\x20\x4e\x6f\x72\x6f\x77\x75\x6d\x6d\x65\x72\x65", 12},
    {"\x20\x4e\x6f\x72\x6f\x77\x61\x6d\x6f\x6f\x72", 11},
    {"\x20\x4e\x6f\x72\x6f\x77\x69\x6c\x77\x69\x63\x6b", 12},
    {"\x20\x54\x61\x72\x69\x6c\x6f\x72\x66\x65\x6c\x6c", 12},
    {"\x20\x54\x61\x72\x69\x6c\x65\x6e\x66\x65\x6c\x6c", 12},
    {"\x20\x54\x61\x72\x69\x6c\x65\x74\x68\x66\x6f\x72\x64", 13},
    {"\x20\x54\x61\x72\x75\x6d\x61\x6d\x6f\x6f\x72", 11},
    {"\x20\x54\x61\x72\x75\x6d\x65\x6e\x66\x6f\x72\x64", 12},
    {"\x20\x42\x65\x6c\x61\x61\x6d\x6f\x6f\x72", 10},
    {"\x20\x42\x65\x6c\x69\x6c\x65\x6e\x66\x6f\x72\x64", 12},
    {"\x20\x42\x65\x6c\x69\x6c\x65\x6e\x64\x65\x6e", 11},
    {"\x20\x46\x65\x6e\x61\x73\x68\x65\x6e\x66\x65\x6c\x6c", 13},
    {"\x20\x46\x65\x6e\x65\x6e\x65\x6e\x6d\x65\x72\x65", 12},
    {"\x20\x46\x65\x6e\x65\x6e\x6f\x72\x66\x6f\x72\x64", 12},
    {"\x20\x54\x61\x72\x6f\x72\x61\x77\x69\x63\x6b", 11},
    {"\x20\x54\x61\x72\x6f\x72\x69\x6c\x66\x65\x6c\x6c", 12},
    {"\x20\x46\x65\x6e\x6f\x77\x69\x6c\x66\x65\x6c\x6c", 12},
    {"\x20\x46\x65\x6e\x6f\x77\x6f\x72\x66\x65\x6c\x6c", 12},
    {"\x20\x46\x65\x6e\x6f\x77\x65\x74\x68\x77\x69\x63\x6b", 13},
    {"\x20\x4e\x6f\x72\x65\x74\x68\x6f\x72\x6d\x65\x72\x65", 13},
    {"\x20\x4e\x6f\x72\x65\x74\x68\x6f\x72\x77\x69\x63\x6b", 13},
    {"\x20\x4e\x6f\x72\x65\x74\x68\x61\x73\x68\x66\x6f\x72\x64", 14},
    {"\x20\x4e\x6f\x72\x65\x74\x68\x6f\x72\x67\x61\x74\x65", 13},
    {"\x20\x42\x65\x6c\x65\x74\x68\x75\x6d\x66\x6f\x72\x64", 13},
    {"\x20\x42\x65\x6c\x65\x74\x68\x61\x66\x65\x6c\x6c", 12},
    {"\x20\x46\x65\x6e\x65\x74\x68\x69\x6c\x66\x65\x6c\x6c", 13},
    {"\x20\x54\x61\x72\x65\x74\x68\x69\x6c\x64\x65\x6e", 12},
    {"\x20\x54\x61\x72\x65\x74\x68\x65\x6e\x77\x69\x63\x6b", 13},
    {"\x20\x54\x61\x72\x65\x74\x68\x6f\x72\x64\x65\x6e", 12},
    {"\x20\x4e\x6f\x72\x65\x74\x68\x65\x74\x68\x77\x69\x63\x6b", 14},
    {"\x61\x77\x69\x63", 4},
    {"\x20\x4e\x6f\x72\x61\x73\x68\x6f\x77", 9},
    {"\x20\x4e\x6f\x72\x61\x73\x68\x75\x6d", 9},
    {"\x20\x4e\x6f\x72\x61\x73\x68\x61\x67\x61\x74\x65", 12},
    {"\x20\x4e\x6f\x72\x61\x73\x68\x65\x74\x68\x66\x65\x6c\x6c", 14},
    {"\x20\x4e\x6f\x72\x61\x73\x68\x65\x74\x68\x67\x61\x74\x65", 14},
    {"\x20\x4e\x6f\x72\x75\x6d\x6f\x72", 8},
    {"\x20\x4e\x6f\x72\x75\x6d\x61\x73", 8},
    {"\x20\x4e\x6f\x72\x75\x6d\x6f\x77\x64\x65\x6e", 11},
    {"\x20\x4e\x6f\x72\x75\x6d\x6f\x72\x66\x65\x6c\x6c", 12},
    {"\x20\x54\x61\x72\x61\x65\x74\x68\x77\x69\x63\x6b", 12},
    {"\x20\x46\x65\x6e\x75\x6d\x75\x6d\x66\x65\x6c\x6c", 12},
    {"\x20\x46\x65\x6e\x75\x6d\x6f\x72\x77\x69\x63\x6b", 12},
    {"\x20\x46\x65\x6e\x75\x6d\x65\x6e\x6d\x6f\x6f\x72", 12},
    {"\x20\x46\x65\x6e\x75\x6d\x65\x74\x68\x64\x65\x6e", 12},
    {"\x20\x54\x61\x72\x61\x73\x68\x61\x64\x65\x6e", 11},
    {"\x20\x42\x65\x6c\x65\x6e\x69\x6c\x64\x65\x6e", 11},
    {"\x20\x42\x65\x6c\x65\x6e\x61\x68\x6f\x6c\x74", 11},
    {"\x20\x4e\x6f\x72\x69\x6c\x6f\x77", 8},
    {"\x20\x4e\x6f\x72\x69\x6c\x69\x6c\x67\x61\x74\x65", 12},
    {"\x20\x4e\x6f\x72\x69\x6c\x6f\x72\x67\x61\x74\x65", 12},
    {"\x20\x4e\x6f\x72\x69\x6c\x6f\x77\x66\x6f\x72\x64", 12},
    {"\x20\x46\x65\x6e\x6f\x72\x61\x73\x68\x6d\x65\x72\x65", 13},
    {"\x20\x46\x65\x6e\x6f\x72\x61\x73\x68\x66\x6f\x72\x64", 13},
    {"\x20\x46\x65\x6e\x6f\x72\x69\x6c\x66\x65\x6c\x6c", 12},
    {"\x20\x4e\x6f\x72\x61\x69\x6c\x6d\x6f\x6f\x72", 11},
    {"\x20\x54\x61\x72\x65\x6e\x75\x6d\x6d\x65\x72\x65", 12},
    {"\x20\x54\x61\x72\x65\x6e\x65\x6e\x77\x69\x63\x6b", 12},
    {"\x20\x54\x61\x72\x65\x6e\x61\x67\x61\x74\x65", 11},
    {"\x20\x54\x61\x72\x6f\x77\x75\x6d\x67\x61\x74\x65", 12},
    {"\x20\x54\x61\x72\x6f\x77\x6f\x72\x6d\x65\x72\x65", 12},
    {"\x20\x54\x61\x72\x6f\x77\x65\x74\x68\x66\x65\x6c\x6c", 13},
    {"\x20\x46\x65\x6e\x61\x69\x6c\x66\x6f\x72\x64", 11},
    {"\x20\x46\x65\x6e\x61\x61\x73\x68\x66\x65\x6c\x6c", 12},
    {"\x20\x46\x65\x6e\x69\x6c\x61\x67\x61\x74\x65", 11},
    {"\x20\x42\x65\x6c\x75\x6d\x6f\x77", 8},
    {"\x20\x42\x65\x6c\x75\x6d\x6f\x72\x68\x6f\x6c\x74", 12},
    {"\x20\x4e\x6f\x72\x6f\x72\x61\x73\x68\x67\x61\x74\x65", 13},
    {"\x20\x4e\x6f\x72\x6f\x72\x75\x6d\x6d\x6f\x6f\x72", 12},
    {"\x20\x4e\x6f\x72\x65\x6e\x6f\x77\x67\x61\x74\x65", 12},
    {"\x20\x4e\x6f\x72\x65\x6e\x6f\x72\x6d\x6f\x6f\x72", 12},
    {"\x20\x4e\x6f\x72\x65\x6e\x75\x6d\x77\x69\x63\x6b", 12},
    {"\x20\x42\x65\x6c\x61\x73\x68\x61\x73", 9},
    {"\x20\x42\x65\x6c\x61\x73\x68\x6f\x77\x64\x65\x6e", 12},
    {"\x20\x42\x65\x6c\x61\x73\x68\x61\x73\x68\x64\x65\x6e", 13},
    {"\x20\x42\x65\x6c\x61\x73\x68\x69\x6c\x66\x65\x6c\x6c", 13},
    {"\x20\x42\x65\x6c\x6f\x77\x75\x6d\x66\x65\x6c\x6c", 12},
    {"\x20\x42\x65\x6c\x6f\x77\x6f\x77\x77\x69\x63\x6b", 12},
    {"\x20\x42\x65\x6c\x6f\x77\x6f\x77\x68\x6f\x6c\x74", 12},
    {"\x20\x42\x65\x6c\x6f\x77\x65\x6e\x66\x65\x6c\x6c", 12},
    {"\x20\x42\x65\x6c\x6f\x72\x65\x6e\x6d\x6f\x6f\x72", 12},
    {"\x20\x4e\x6f\x72\x6f\x77\x65\x6e\x6d\x65\x72\x65", 12},
    {"\x20\x4e\x6f\x72\x6f\x77\x6f\x72\x66\x65\x6c\x6c", 12},
    {"\x20\x54\x61\x72\x69\x6c\x65\x6e\x64\x65\x6e", 11},
    {"\x20\x54\x61\x72\x75\x6d\x61\x77\x69\x63\x6b", 11},
    {"\x20\x54\x61\x72\x75\x6d\x61\x73\x68\x6d\x6f\x6f\x72", 13},
    {"\x20\x42\x65\x6c\x61\x6f\x77\x68\x6f\x6c\x74", 11},
    {"\x20\x42\x65\x6c\x61\x61\x73\x68\x6d\x6f\x6f\x72", 12},
    {"\x20\x42\x65\x6c\x61\x6f\x72\x67\x61\x74\x65", 11},
    {"\x20\x42\x65\x6c\x61\x65\x74\x68\x66\x6f\x72\x64", 12},
    {"\x20\x46\x65\x6e\x61\x73\x68\x75\x6d\x66\x6f\x72\x64", 13},
    {"\x20\x46\x65\x6e\x61\x73\x68\x75\x6d\x68\x6f\x6c\x74", 13},
    {"\x20\x46\x65\x6e\x61\x73\x68\x65\x74\x68\x6d\x65\x72\x65", 14},
    {"\x20\x46\x65\x6e\x65\x6e\x6f\x77", 8},
    {"\x20\x46\x65\x6e\x65\x6e\x65\x74\x68\x6d\x65\x72\x65", 13},
    {"\x20\x46\x65\x6e\x65\x6e\x65\x74\x68\x66\x6f\x72\x64", 13},
    {"\x20\x46\x65\x6e\x6f\x77\x69\x6c\x66\x6f\x72\x64", 12},
    {"\x20\x4e\x6f\x72\x65\x74\x68\x69\x6c\x64\x65\x6e", 12},
    {"\x20\x4e\x6f\x72\x65\x74\x68\x69\x6c\x68\x6f\x6c\x74", 13},
    {"\x20\x42\x65\x6c\x65\x74\x68\x6f\x77", 9},
    {"\x20\x42\x65\x6c\x65\x74\x68\x61\x73\x68\x66\x6f\x72\x64", 14},
    {"\x20\x42\x65\x6c\x65\x74\x68\x6f\x72\x67\x61\x74\x65", 13},
    {"\x20\x46\x65\x6e\x65\x74\x68\x61\x73", 9},
    {"\x20\x46\x65\x6e\x65\x74\x68\x6f\x77\x77\x69\x63\x6b", 13},
    {"\x20\x46\x65\x6e\x65\x74\x68\x6f\x72\x77\x69\x63\x6b", 13},
    {"\x20\x54\x61\x72\x65\x74\x68\x75\x6d\x66\x65\x6c\x6c", 13},
    {"\x20\x54\x61\x72\x65\x74\x68\x65\x6e\x68\x6f\x6c\x74", 13},
    {"\x20\x54\x61\x72\x65\x74\x68\x6f\x77\x6d\x6f\x6f\x72", 13},
    {"\x20\x54\x61\x72\x65\x74\x68\x6f\x77\x64\x65\x6e", 12},
    {"\x20\x54\x61\x72\x65\x74\x68\x75\x6d\x64\x65\x6e", 12},
    {"\x20\x4e\x6f\x72\x65\x74\x68\x65\x74\x68\x66\x65\x6c\x6c", 14},
    {"\x20\x46\x65\x6e\x65\x74\x68\x65\x74\x68\x6d\x6f\x6f\x72", 14},
    {"\x20\x4e\x6f\x72\x61\x73\x68\x75\x6d\x68\x6f\x6c\x74", 13},
    {"\x20\x4e\x6f\x72\x75\x6d\x61\x77\x69\x63\x6b", 11},
    {"\x20\x4e\x6f\x72\x75\x6d\x65\x6e\x68\x6f\x6c\x74", 12},
    {"\x20\x4e\x6f\x72\x75\x6d\x75\x6d\x66\x6f\x72\x64", 12},
    {"\x20\x4e\x6f\x72\x75\x6d\x65\x74\x68\x6d\x65\x72\x65", 13},
    {"\x20\x46\x65\x6e\x75\x6d\x61\x68\x6f\x6c\x74", 11},
    {"\x20\x54\x61\x72\x61\x73\x68\x65\x6e\x6d\x65\x72\x65", 13},
    {"\x20\x54\x61\x72\x61\x73\x68\x65\x6e\x64\x65\x6e", 12},
    {"\x20\x54\x61\x72\x61\x73\x68\x69\x6c\x6d\x6f\x6f\x72", 13},
    {"\x20\x42\x65\x6c\x65\x6e\x61\x73\x68\x6d\x6f\x6f\x72", 13},
    {"\x20\x42\x65\x6c\x65\x6e\x65\x74\x68\x6d\x65\x72\x65", 13},
    {"\x20\x4e\x6f\x72\x69\x6c\x61\x67\x61\x74\x65", 11},
    {"\x20\x4e\x6f\x72\x69\x6c\x61\x73\x68\x6d\x65\x72\x65", 13},
    {"\x20\x4e\x6f\x72\x69\x6c\x75\x6d\x64\x65\x6e", 11},
    {"\x20\x46\x65\x6e\x6f\x72\x69\x6c\x68\x6f\x6c\x74", 12},
    {"\x20\x46\x65\x6e\x6f\x72\x6f\x72\x6d\x6f\x6f\x72", 12},
    {"\x20\x46\x65\x6e\x6f\x72\x75\x6d\x67\x61\x74\x65", 12},
    {"\x20\x46\x65\x6e\x6f\x72\x65\x74\x68\x6d\x6f\x6f\x72", 13},
    {"\x20\x4e\x6f\x72\x61\x61\x73\x68\x6d\x65\x72\x65", 12},
    {"\x20\x4e\x6f\x72\x61\x61\x73\x68\x77\x69\x63\x6b", 12},
    {"\x20\x54\x61\x72\x65\x6e\x61\x6d\x65\x72\x65", 11},
    {"\x20\x54\x61\x72\x65\x6e\x65\x74\x68\x66\x6f\x72\x64", 13},
    {"\x20\x54\x61\x72\x6f\x77\x61\x73\x68\x68\x6f\x6c\x74", 13},
    {"\x20\x54\x61\x72\x6f\x77\x65\x74\x68\x64\x65\x6e", 12},
    {"\x20\x46\x65\x6e\x61\x69\x6c\x67\x61\x74\x65", 11},
    {"\x20\x46\x65\x6e\x61\x6f\x77\x6d\x6f\x6f\x72", 11},
    {"\x20\x46\x65\x6e\x61\x61\x68\x6f\x6c\x74", 10},
    {"\x20\x46\x65\x6e\x61\x65\x6e\x6d\x6f\x6f\x72", 11},
    {"\x20\x42\x65\x6c\x75\x6d\x75\x6d\x67\x61\x74\x65", 12},
    {"\x20\x42\x65\x6c\x75\x6d\x61\x73\x68\x64\x65\x6e", 12},
    {"\x20\x42\x65\x6c\x75\x6d\x65\x6e\x6d\x6f\x6f\x72", 12},
    {"\x20\x4e\x6f\x72\x6f\x72\x65\x6e\x67\x61\x74\x65", 12},
    {"\x20\x4e\x6f\x72\x6f\x72\x75\x6d\x77\x69\x63\x6b", 12},
    {"\x20\x4e\x6f\x72\x6f\x72\x6f\x72\x64\x65\x6e", 11},
    {"\x20\x4e\x6f\x72\x65\x6e\x75\x6d\x66\x65\x6c\x6c", 12},
    {"\x20\x4e\x6f\x72\x65\x6e\x61\x66\x6f\x72\x64", 11},
    {"\x20\x4e\x6f\x72\x65\x6e\x65\x74\x68\x6d\x65\x72\x65", 13},
    {"\x20\x42\x65\x6c\x61\x73\x68\x61\x6d\x65\x72\x65", 12},
    {"\x20\x42\x65\x6c\x6f\x77\x69\x6c\x64\x65\x6e", 11},
    {"\x20\x42\x65\x6c\x6f\x77\x61\x73\x68\x66\x65\x6c\x6c", 13},
    {"\x20\x42\x65\x6c\x6f\x72\x61\x64\x65\x6e", 10},
    {"\x20\x42\x65\x6c\x6f\x72\x61\x68\x6f\x6c\x74", 11},
    {"\x20\x42\x65\x6c\x6f\x72\x61\x73\x68\x66\x6f\x72\x64", 13},
    {"\x20\x42\x65\x6c\x6f\x72\x69\x6c\x6d\x65\x72\x65", 12},
    {"\x20\x42\x65\x6c\x6f\x72\x61\x66\x6f\x72\x64", 11},
    {"\x20\x4e\x6f\x72\x6f\x77\x6f\x77\x77\x69\x63\x6b", 12},
    {"\x20\x4e\x6f\x72\x6f\x77\x61\x66\x65\x6c\x6c", 11},
    {"\x20\x4e\x6f\x72\x6f\x77\x61\x68\x6f\x6c\x74", 11},
    {"\x20\x54\x61\x72\x69\x6c\x6f\x72\x68\x6f\x6c\x74", 12},
    {"\x20\x54\x61\x72\x69\x6c\x61\x73\x68\x64\x65\x6e", 12},
    {"\x20\x54\x61\x72\x69\x6c\x65\x74\x68\x77\x69\x63\x6b", 13},
    {"\x20\x54\x61\x72\x69\x6c\x65\x74\x68\x6d\x6f\x6f\x72", 13},
    {"\x20\x54\x61\x72\x75\x6d\x6f\x77\x64\x65\x6e", 11},
    {"\x20\x54\x61\x72\x75\x6d\x61\x73\x68\x67\x61\x74\x65", 13},
    {"\x20\x42\x65\x6c\x61\x6f\x77\x64\x65\x6e", 10},
    {"\x20\x42\x65\x6c\x61\x65\x6e\x67\x61\x74\x65", 11},
    {"\x20\x42\x65\x6c\x69\x6c\x65\x6e\x6d\x6f\x6f\x72", 12},
    {"\x20\x46\x65\x6e\x61\x73\x68\x75\x6d\x66\x65\x6c\x6c", 13},
    {"\x20\x46\x65\x6e\x61\x73\x68\x6f\x77\x77\x69\x63\x6b", 13},
    {"\x20\x46\x65\x6e\x61\x73\x68\x65\x6e\x64\x65\x6e", 12},
    {"\x20\x46\x65\x6e\x61\x73\x68\x6f\x72\x6d\x65\x72\x65", 13},
    {"\x20\x46\x65\x6e\x61\x73\x68\x6f\x72\x66\x65\x6c\x6c", 13},
    {"\x20\x46\x65\x6e\x65\x6e\x6f\x77\x67\x61\x74\x65", 12},
    {"\x20\x46\x65\x6e\x65\x6e\x61\x67\x61\x74\x65", 11},
    {"\x20\x46\x65\x6e\x65\x6e\x65\x74\x68\x68\x6f\x6c\x74", 13},
    {"\x20\x54\x61\x72\x6f\x72\x61\x67\x61\x74\x65", 11},
    {"\x20\x54\x61\x72\x6f\x72\x61\x6d\x65\x72\x65", 11},
    {"\x20\x46\x65\x6e\x6f\x77\x69\x6c\x6d\x65\x72\x65", 12},
    {"\x20\x46\x65\x6e\x6f\x77\x65\x74\x68\x6d\x65\x72\x65", 13},
    {"\x20\x4e\x6f\x72\x65\x74\x68\x6f\x77\x67\x61\x74\x65", 13},
    {"\x20\x4e\x6f\x72\x65\x74\x68\x61\x73\x68\x67\x61\x74\x65", 14},
    {"\x20\x4e\x6f\x72\x65\x74\x68\x61\x66\x6f\x72\x64", 12},
    {"\x20\x42\x65\x6c\x65\x74\x68\x6f\x77\x6d\x6f\x6f\x72", 13},
    {"\x20\x42\x65\x6c\x65\x74\x68\x69\x6c\x66\x65\x6c\x6c", 13},
    {"\x20\x54\x61\x72\x65\x74\x68\x6f\x72\x68\x6f\x6c\x74", 13},
    {"\x20\x54\x61\x72\x65\x74\x68\x61\x64\x65\x6e", 11},
    {"\x20\x54\x61\x72\x65\x74\x68\x65\x74\x68\x6d\x65\x72\x65", 14},
    {"\x20\x4e\x6f\x72\x61\x73\x68\x75", 8},
    {"\x20\x4e\x6f\x72\x61\x73\x68\x6f\x77\x67\x61\x74\x65", 13},
    {"\x20\x4e\x6f\x72\x61\x73\x68\x61\x73\x68\x67\x61\x74\x65", 14},
    {"\x20\x4e\x6f\x72\x61\x73\x68\x6f\x72\x66\x65\x6c\x6c", 13},
    {"\x20\x4e\x6f\x72\x75\x6d\x65\x6e", 8},
    {"\x20\x4e\x6f\x72\x75\x6d\x75\x6d", 8},
    {"\x20\x54\x61\x72\x61\x75\x6d\x68\x6f\x6c\x74", 11},
    {"\x20\x46\x65\x6e\x75\x6d\x75\x6d\x6d\x65\x72\x65", 12},
    {"\x20\x46\x65\x6e\x75\x6d\x6f\x72\x68\x6f\x6c\x74", 12},
    {"\x20\x46\x65\x6e\x75\x6d\x6f\x72\x64\x65\x6e", 11},
    {"\x20\x54\x61\x72\x61\x73\x68\x61\x77\x69\x63\x6b", 12},
    {"\x20\x54\x61\x72\x61\x73\x68\x61\x6d\x65\x72\x65", 12},
    {"\x20\x54\x61\x72\x61\x73\x68\x6f\x77\x66\x6f\x72\x64", 13},
    {"\x20\x42\x65\x6c\x65\x6e\x6f\x72", 8},
    {"\x20\x42\x65\x6c\x65\x6e\x65\x6e\x6d\x65\x72\x65", 12},
    {"\x20\x4e\x6f\x72\x69\x6c\x6f\x77\x68\x6f\x6c\x74", 12},
    {"\x20\x4e\x6f\x72\x69\x6c\x69\x6c\x66\x65\x6c\x6c", 12},
    {"\x20\x46\x65\x6e\x6f\x72\x65\x6e\x64\x65\x6e", 11},
    {"\x20\x46\x65\x6e\x6f\x72\x65\x74\x68\x66\x65\x6c\x6c", 13},
    {"\x20\x4e\x6f\x72\x61\x65\x6e\x68\x6f\x6c\x74", 11},
    {"\x20\x4e\x6f\x72\x61\x65\x74\x68\x68\x6f\x6c\x74", 12},
    {"\x20\x4e\x6f\x72\x61\x65\x74\x68\x6d\x6f\x6f\x72", 12},
    {"\x20\x54\x61\x72\x6f\x77\x6f\x77\x6d\x6f\x6f\x72", 12},
    {"\x20\x54\x61\x72\x6f\x77\x61\x73\x68\x77\x69\x63\x6b", 13},
    {"\x20\x46\x65\x6e\x61\x69\x6c\x64\x65\x6e", 10},
    {"\x20\x46\x65\x6e\x61\x65\x6e\x64\x65\x6e", 10},
    {"\x20\x46\x65\x6e\x61\x65\x6e\x67\x61\x74\x65", 11},
    {"\x20\x46\x65\x6e\x61\x61\x73\x68\x6d\x65\x72\x65", 12},
    {"\x20\x46\x65\x6e\x61\x61\x73\x68\x77\x69\x63\x6b", 12},
    {"\x20\x46\x65\x6e\x69\x6c\x75\x6d\x67\x61\x74\x65", 12},
    {"\x20\x46\x65\x6e\x69\x6c\x61\x73\x68\x68\x6f\x6c\x74", 13},
    {"\x20\x42\x65\x6c\x75\x6d\x6f\x77\x6d\x65\x72\x65", 12},
    {"\x20\x42\x65\x6c\x75\x6d\x61\x73\x68\x66\x65\x6c\x6c", 13},
    {"\x20\x42\x65\x6c\x75\x6d\x75\x6d\x77\x69\x63\x6b", 12},
    {"\x20\x4e\x6f\x72\x6f\x72\x6f\x77\x68\x6f\x6c\x74", 12},
    {"\x20\x4e\x6f\x72\x6f\x72\x61\x73\x68\x68\x6f\x6c\x74", 13},
    {"\x20\x4e\x6f\x72\x6f\x72\x75\x6d\x68\x6f\x6c\x74", 12},
    {"\x20\x4e\x6f\x72\x65\x6e\x61\x73\x68\x77\x69\x63\x6b", 13},
    {"\x20\x42\x65\x6c\x6f\x77\x6f\x77", 8},
    {"\x20\x42\x65\x6c\x6f\x77\x75\x6d\x68\x6f\x6c\x74", 12},
    {"\x20\x42\x65\x6c\x6f\x77\x61\x6d\x65\x72\x65", 11},
    {"\x20\x42\x65\x6c\x6f\x77\x61\x66\x6f\x72\x64", 11},
    {"\x20\x42\x65\x6c\x6f\x72\x75\x6d\x66\x65\x6c\x6c", 12},
    {"\x20\x42\x65\x6c\x6f\x72\x6f\x77\x77\x69\x63\x6b", 12},
    {"\x20\x4e\x6f\x72\x6f\x77\x61\x73", 8},
    {"\x20\x4e\x6f\x72\x6f\x77\x6f\x77\x6d\x65\x72\x65", 12},
    {"\x20\x4e\x6f\x72\x6f\x77\x61\x73\x68\x66\x65\x6c\x6c", 13},
    {"\x20\x4e\x6f\x72\x6f\x77\x61\x73\x68\x77\x69\x63\x6b", 13},
    {"\x20\x54\x61\x72\x69\x6c\x6f\x77\x66\x65\x6c\x6c", 12},
    {"\x20\x54\x61\x72\x69\x6c\x65\x6e\x6d\x65\x72\x65", 12},
    {"\x20\x54\x61\x72\x69\x6c\x61\x67\x61\x74\x65", 11},
    {"\x20\x54\x61\x72\x69\x6c\x6f\x77\x66\x6f\x72\x64", 12},
    {"\x20\x54\x61\x72\x69\x6c\x61\x73\x68\x77\x69\x63\x6b", 13},
    {"\x20\x54\x61\x72\x75\x6d\x61\x6d\x65\x72\x65", 11},
    {"\x20\x42\x65\x6c\x69\x6c\x75\x6d", 8},
    {"\x20\x42\x65\x6c\x69\x6c\x75\x6d\x6d\x65\x72\x65", 12},
    {"\x20\x42\x65\x6c\x69\x6c\x6f\x72\x77\x69\x63\x6b", 12},
    {"\x20\x42\x65\x6c\x69\x6c\x65\x74\x68\x67\x61\x74\x65", 13},
    {"\x20\x46\x65\x6e\x61\x73\x68\x65\x6e", 9},
    {"\x20\x54\x61\x72\x6f\x72\x61\x73\x68\x77\x69\x63\x6b", 13},
    {"\x20\x54\x61\x72\x6f\x72\x61\x66\x6f\x72\x64", 11},
    {"\x20\x54\x61\x72\x6f\x72\x65\x74\x68\x6d\x65\x72\x65", 13},
    {"\x20\x54\x61\x72\x6f\x72\x65\x74\x68\x6d\x6f\x6f\x72", 13},
    {"\x20\x46\x65\x6e\x6f\x77\x75\x6d\x66\x6f\x72\x64", 12},
    {"\x20\x46\x65\x6e\x6f\x77\x61\x66\x6f\x72\x64", 11},
    {"\x20\x4e\x6f\x72\x65\x74\x68\x6f\x77", 9},
    {"\x20\x4e\x6f\x72\x65\x74\x68\x65\x6e\x66\x6f\x72\x64", 13},
    {"\x20\x4e\x6f\x72\x65\x74\x68\x61\x66\x65\x6c\x6c", 12},
    {"\x20\x42\x65\x6c\x65\x74\x68\x61\x6d\x65\x72\x65", 12},
    {"\x20\x46\x65\x6e\x65\x74\x68\x65\x6e", 9},
    {"\x20\x46\x65\x6e\x65\x74\x68\x75\x6d\x66\x65\x6c\x6c", 13},
    {"\x20\x46\x65\x6e\x65\x74\x68\x61\x73\x68\x6d\x65\x72\x65", 14},
    {"\x20\x46\x65\x6e\x65\x74\x68\x6f\x72\x66\x65\x6c\x6c", 13},
    {"\x20\x54\x61\x72\x65\x74\x68\x65\x74\x68\x66\x65\x6c\x6c", 14},
    {"\x20\x4e\x6f\x72\x61\x73\x68\x6f\x77\x6d\x6f\x6f\x72", 13},
    {"\x20\x4e\x6f\x72\x61\x73\x68\x61\x73\x68\x66\x65\x6c\x6c", 14},
    {"\x20\x4e\x6f\x72\x61\x73\x68\x69\x6c\x6d\x6f\x6f\x72", 13},
    {"\x20\x4e\x6f\x72\x75\x6d\x69\x6c\x77\x69\x63\x6b", 12},
    {"\x20\x4e\x6f\x72\x75\x6d\x61\x68\x6f\x6c\x74", 11},
    {"\x20\x4e\x6f\x72\x75\x6d\x6f\x72\x64\x65\x6e", 11},
    {"\x20\x4e\x6f\x72\x75\x6d\x65\x74\x68\x66\x65\x6c\x6c", 13},
    {"\x20\x54\x61\x72\x61\x61\x6d\x6f\x6f\x72", 10},
    {"\x20\x54\x61\x72\x61\x61\x73\x68\x6d\x6f\x6f\x72", 12},
    {"\x20\x54\x61\x72\x61\x61\x73\x68\x68\x6f\x6c\x74", 12},
    {"\x20\x46\x65\x6e\x75\x6d\x61\x73\x68\x6d\x6f\x6f\x72", 13},
    {"\x20\x46\x65\x6e\x75\x6d\x65\x6e\x67\x61\x74\x65", 12},
    {"\x20\x46\x65\x6e\x75\x6d\x61\x73\x68\x77\x69\x63\x6b", 13},
    {"\x20\x46\x65\x6e\x75\x6d\x65\x74\x68\x6d\x65\x72\x65", 13},
    {"\x20\x54\x61\x72\x61\x73\x68\x69\x6c\x67\x61\x74\x65", 13},
    {"\x20\x54\x61\x72\x61\x73\x68\x6f\x77\x68\x6f\x6c\x74", 13},
    {"\x20\x42\x65\x6c\x65\x6e\x65\x74\x68\x68\x6f\x6c\x74", 13},
    {"\x20\x4e\x6f\x72\x69\x6c\x65\x6e\x68\x6f\x6c\x74", 12},
    {"\x20\x4e\x6f\x72\x69\x6c\x6f\x77\x6d\x65\x72\x65", 12},
    {"\x20\x4e\x6f\x72\x69\x6c\x69\x6c\x77\x69\x63\x6b", 12},
    {"\x20\x46\x65\x6e\x6f\x72\x75\x6d\x66\x6f\x72\x64", 12},
    {"\x20\x46\x65\x6e\x6f\x72\x69\x6c\x66\x6f\x72\x64", 12},
    {"\x20\x4e\x6f\x72\x61\x6f\x77\x68\x6f\x6c\x74", 11},
    {"\x20\x4e\x6f\x72\x61\x65\x74\x68\x77\x69\x63\x6b", 12},
    {"\x20\x54\x61\x72\x65\x6e\x6f\x77\x66\x65\x6c\x6c", 12},
    {"\x20\x54\x61\x72\x65\x6e\x61\x6d\x6f\x6f\x72", 11},
    {"\x20\x54\x61\x72\x65\x6e\x65\x6e\x6d\x6f\x6f\x72", 12},
    {"\x20\x54\x61\x72\x65\x6e\x6f\x72\x64\x65\x6e", 11},
    {"\x20\x54\x61\x72\x65\x6e\x65\x74\x68\x6d\x6f\x6f\x72", 13},
    {"\x20\x46\x65\x6e\x61\x6f\x77\x6d\x65\x72\x65", 11},
    {"\x20\x46\x65\x6e\x69\x6c\x6f\x77\x77\x69\x63\x6b", 12},
    {"\x20\x42\x65\x6c\x75\x6d\x65\x6e\x68\x6f\x6c\x74", 12},
    {"\x20\x42\x65\x6c\x75\x6d\x61\x73\x68\x6d\x6f\x6f\x72", 13},
    {"\x20\x42\x65\x6c\x75\x6d\x65\x74\x68\x6d\x65\x72\x65", 13},
    {"\x20\x4e\x6f\x72\x6f\x72\x65\x6e\x64\x65\x6e", 11},
    {"\x20\x4e\x6f\x72\x6f\x72\x6f\x72\x66\x6f\x72\x64", 12},
    {"\x20\x4e\x6f\x72\x6f\x72\x65\x6e\x66\x65\x6c\x6c", 12},
    {"\x20\x4e\x6f\x72\x65\x6e\x75\x6d\x64\x65\x6e", 11},
    {"\x20\x4e\x6f\x72\x65\x6e\x69\x6c\x66\x65\x6c\x6c", 12},
    {"\x20\x4e\x6f\x72\x65\x6e\x65\x74\x68\x64\x65\x6e", 12},
    {"\x20\x42\x65\x6c\x6f\x77\x65\x6e\x68\x6f\x6c\x74", 12},
    {"\x20\x42\x65\x6c\x6f\x77\x69\x6c\x77\x69\x63\x6b", 12},
    {"\x20\x42\x65\x6c\x6f\x72\x6f\x77\x6d\x6f\x6f\x72", 12},
    {"\x20\x42\x65\x6c\x6f\x72\x75\x6d\x68\x6f\x6c\x74", 12},
    {"\x20\x4e\x6f\x72\x6f\x77\x75\x6d\x66\x65\x6c\x6c", 12},
    {"\x20\x4e\x6f\x72\x6f\x77\x61\x64\x65\x6e", 10},
    {"\x20\x4e\x6f\x72\x6f\x77\x65\x6e\x64\x65\x6e", 11},
    {"\x20\x4e\x6f\x72\x6f\x77\x61\x67\x61\x74\x65", 11},
    {"\x20\x4e\x6f\x72\x6f\x77\x61\x73\x68\x6d\x65\x72\x65", 13},
    {"\x20\x54\x61\x72\x69\x6c\x69\x6c\x64\x65\x6e", 11},
    {"\x20\x54\x61\x72\x69\x6c\x61\x64\x65\x6e", 10},
    {"\x20\x54\x61\x72\x69\x6c\x75\x6d\x66\x6f\x72\x64", 12},
    {"\x20\x54\x61\x72\x69\x6c\x6f\x72\x77\x69\x63\x6b", 12},
    {"\x20\x54\x61\x72\x75\x6d\x75\x6d\x66\x6f\x72\x64", 12},
    {"\x20\x54\x61\x72\x75\x6d\x6f\x77\x6d\x6f\x6f\x72", 12},
    {"\x20\x54\x61\x72\x75\x6d\x61\x73\x68\x6d\x65\x72\x65", 13},
    {"\x20\x42\x65\x6c\x61\x69\x6c\x66\x6f\x72\x64", 11},
    {"\x20\x42\x65\x6c\x61\x61\x73\x68\x67\x61\x74\x65", 12},
    {"\x20\x42\x65\x6c\x61\x61\x67\x61\x74\x65", 10},
    {"\x20\x42\x65\x6c\x69\x6c\x75\x6d\x67\x61\x74\x65", 12},
    {"\x20\x46\x65\x6e\x61\x73\x68\x69\x6c\x67\x61\x74\x65", 13},
    {"\x20\x46\x65\x6e\x61\x73\x68\x65\x6e\x6d\x65\x72\x65", 13},
    {"\x20\x46\x65\x6e\x61\x73\x68\x61\x77\x69\x63\x6b", 12},
    {"\x20\x46\x65\x6e\x61\x73\x68\x65\x6e\x77\x69\x63\x6b", 13},
    {"\x20\x46\x65\x6e\x61\x73\x68\x75\x6d\x64\x65\x6e", 12},
    {"\x20\x46\x65\x6e\x61\x73\x68\x65\x6e\x6d\x6f\x6f\x72", 13},
    {"\x20\x46\x65\x6e\x61\x73\x68\x65\x74\x68\x66\x6f\x72\x64", 14},
    {"\x20\x46\x65\x6e\x65\x6e\x69\x6c\x68\x6f\x6c\x74", 12},
    {"\x20\x46\x65\x6e\x65\x6e\x61\x73\x68\x67\x61\x74\x65", 13},
    {"\x20\x46\x65\x6e\x65\x6e\x61\x68\x6f\x6c\x74", 11},
    {"\x20\x54\x61\x72\x6f\x72\x6f\x77\x66\x65\x6c\x6c", 12},
    {"\x20\x54\x61\x72\x6f\x72\x65\x6e\x66\x6f\x72\x64", 12},
    {"\x20\x54\x61\x72\x6f\x72\x6f\x77\x77\x69\x63\x6b", 12},
    {"\x20\x54\x61\x72\x6f\x72\x6f\x72\x66\x65\x6c\x6c", 12},
    {"\x20\x54\x61\x72\x6f\x72\x6f\x72\x64\x65\x6e", 11},
    {"\x20\x46\x65\x6e\x6f\x77\x61\x77\x69\x63\x6b", 11},
    {"\x20\x46\x65\x6e\x6f\x77\x69\x6c\x77\x69\x63\x6b", 12},
    {"\x20\x46\x65\x6e\x6f\x77\x61\x73\x68\x6d\x6f\x6f\x72", 13},
    {"\x20\x4e\x6f\x72\x65\x74\x68\x6f\x77\x68\x6f\x6c\x74", 13},
    {"\x20\x42\x65\x6c\x65\x74\x68\x65\x6e\x6d\x65\x72\x65", 13},
    {"\x20\x42\x65\x6c\x65\x74\x68\x6f\x77\x6d\x65\x72\x65", 13},
    {"\x20\x42\x65\x6c\x65\x74\x68\x6f\x72\x66\x6f\x72\x64", 13},
    {"\x20\x42\x65\x6c\x65\x74\x68\x6f\x72\x66\x65\x6c\x6c", 13},
    {"\x20\x46\x65\x6e\x65\x74\x68\x6f\x72\x67\x61\x74\x65", 13},
    {"\x20\x46\x65\x6e\x65\x74\x68\x61\x6d\x65\x72\x65", 12},
    {"\x20\x54\x61\x72\x65\x74\x68\x69\x6c\x67\x61\x74\x65", 13},
    {"\x20\x54\x61\x72\x65\x74\x68\x61\x73\x68\x68\x6f\x6c\x74", 14},
    {"\x20\x54\x61\x72\x65\x74\x68\x61\x6d\x65\x72\x65", 12},
    {"\x20\x54\x61\x72\x65\x74\x68\x69\x6c\x6d\x65\x72\x65", 13},
    {"\x54\x61\x72\x65\x74\x68\x65\x74\x68", 9},
    {"\x20\x4e\x6f\x72\x61\x73\x68\x61\x68\x6f\x6c\x74", 12},
    {"\x20\x4e\x6f\x72\x75\x6d\x75\x6d\x66\x65\x6c\x6c", 12},
    {"\x20\x4e\x6f\x72\x75\x6d\x61\x73\x68\x66\x6f\x72\x64", 13},
    {"\x20\x54\x61\x72\x61\x6f\x72\x68\x6f\x6c\x74", 11},
    {"\x20\x54\x61\x72\x61\x73\x68\x6f\x72", 9},
    {"\x20\x54\x61\x72\x61\x73\x68\x65\x6e", 9},
    {"\x20\x54\x61\x72\x61\x73\x68\x75\x6d\x67\x61\x74\x65", 13},
    {"\x20\x54\x61\x72\x61\x73\x68\x69\x6c\x66\x6f\x72\x64", 13},
    {"\x20\x54\x61\x72\x61\x73\x68\x75\x6d\x68\x6f\x6c\x74", 13},
    {"\x20\x54\x61\x72\x61\x73\x68\x65\x6e\x66\x65\x6c\x6c", 13},
    {"\x20\x54\x61\x72\x61\x73\x68\x65\x74\x68\x6d\x6f\x6f\x72", 14},
    {"\x20\x42\x65\x6c\x65\x6e\x69\x6c\x6d\x6f\x6f\x72", 12},
    {"\x20\x42\x65\x6c\x65\x6e\x61\x66\x6f\x72\x64", 11},
    {"\x20\x4e\x6f\x72\x69\x6c\x61\x64\x65\x6e", 10},
    {"\x20\x46\x65\x6e\x6f\x72\x61\x77\x69\x63\x6b", 11},
    {"\x20\x46\x65\x6e\x6f\x72\x61\x73\x68\x64\x65\x6e", 12},
    {"\x20\x46\x65\x6e\x6f\x72\x65\x6e\x67\x61\x74\x65", 12},
    {"\x20\x4e\x6f\x72\x61\x65\x6e\x6d\x65\x72\x65", 11},
    {"\x20\x4e\x6f\x72\x61\x61\x73\x68\x68\x6f\x6c\x74", 12},
    {"\x20\x4e\x6f\x72\x61\x65\x6e\x66\x65\x6c\x6c", 11},
    {"\x20\x54\x61\x72\x65\x6e\x69\x6c\x66\x65\x6c\x6c", 12},
    {"\x20\x54\x61\x72\x6f\x77\x75\x6d", 8},
    {"\x20\x54\x61\x72\x6f\x77\x75\x6d\x66\x65\x6c\x6c", 12},
    {"\x20\x54\x61\x72\x6f\x77\x6f\x72\x64\x65\x6e", 11},
    {"\x20\x46\x65\x6e\x61\x6f\x77\x77\x69\x63\x6b", 11},
    {"\x20\x46\x65\x6e\x61\x61\x6d\x65\x72\x65", 10},
    {"\x20\x46\x65\x6e\x69\x6c\x6f\x72\x66\x6f\x72\x64", 12},
    {"\x20\x46\x65\x6e\x69\x6c\x65\x74\x68\x6d\x65\x72\x65", 13},
    {"\x20\x42\x65\x6c\x75\x6d\x61\x77\x69\x63\x6b", 11},
    {"\x20\x42\x65\x6c\x75\x6d\x65\x6e\x66\x6f\x72\x64", 12},
    {"\x20\x42\x65\x6c\x75\x6d\x6f\x72\x6d\x65\x72\x65", 12},
    {"\x20\x42\x65\x6c\x75\x6d\x6f\x72\x66\x65\x6c\x6c", 12},
    {"\x20\x4e\x6f\x72\x6f\x72\x65\x6e", 8},
    {"\x20\x4e\x6f\x72\x6f\x72\x6f\x72\x6d\x65\x72\x65", 12},
    {"\x20\x4e\x6f\x72\x6f\x72\x65\x6e\x6d\x6f\x6f\x72", 12},
    {"\x20\x4e\x6f\x72\x65\x6e\x69\x6c\x68\x6f\x6c\x74", 12},
    {"\x20\x4e\x6f\x72\x65\x6e\x75\x6d\x67\x61\x74\x65", 12},
    {"\x20\x4e\x6f\x72\x65\x6e\x61\x73\x68\x68\x6f\x6c\x74", 13},
    {"\x20\x42\x65\x6c\x61\x73\x68\x69\x6c\x68\x6f\x6c\x74", 13},
    {"\x20\x42\x65\x6c\x61\x73\x68\x6f\x77\x6d\x65\x72\x65", 13},
    {"\x20\x42\x65\x6c\x6f\x77\x61\x73\x68", 9},
    {"\x20\x42\x65\x6c\x6f\x77\x65\x6e\x77\x69\x63\x6b", 12},
    {"\x20\x42\x65\x6c\x6f\x77\x69\x6c\x68\x6f\x6c\x74", 12},
    {"\x20\x42\x65\x6c\x6f\x77\x6f\x72\x77\x69\x63\x6b", 12},
    {"\x20\x42\x65\x6c\x6f\x77\x6f\x72\x66\x65\x6c\x6c", 12},
    {"\x20\x42\x65\x6c\x6f\x77\x65\x74\x68\x67\x61\x74\x65", 13},
    {"\x20\x42\x65\x6c\x6f\x72\x61\x73\x68", 9},
    {"\x20\x42\x65\x6c\x6f\x72\x69\x6c\x64\x65\x6e", 11},
    {"\x20\x42\x65\x6c\x6f\x72\x61\x73\x68\x6d\x6f\x6f\x72", 13},
    {"\x20\x42\x65\x6c\x6f\x72\x6f\x77\x66\x6f\x72\x64", 12},
    {"\x20\x4e\x6f\x72\x6f\x77\x65\x74\x68\x67\x61\x74\x65", 13},
    {"\x20\x54\x61\x72\x69\x6c\x6f\x77\x68\x6f\x6c\x74", 12},
    {"\x20\x54\x61\x72\x69\x6c\x6f\x72\x67\x61\x74\x65", 12},
    {"\x20\x54\x61\x72\x69\x6c\x75\x6d\x77\x69\x63\x6b", 12},
    {"\x20\x54\x61\x72\x75\x6d\x61\x73\x68\x77\x69\x63\x6b", 13},
    {"\x20\x42\x65\x6c\x61\x61\x73\x68", 8},
    {"\x20\x42\x65\x6c\x61\x6f\x72\x6d\x6f\x6f\x72", 11},
    {"\x20\x42\x65\x6c\x61\x61\x68\x6f\x6c\x74", 10},
    {"\x20\x42\x65\x6c\x69\x6c\x65\x6e", 8},
    {"\x20\x42\x65\x6c\x69\x6c\x61\x6d\x6f\x6f\x72", 11},
    {"\x20\x42\x65\x6c\x69\x6c\x6f\x77\x64\x65\x6e", 11},
    {"\x20\x42\x65\x6c\x69\x6c\x69\x6c\x6d\x6f\x6f\x72", 12},
    {"\x20\x42\x65\x6c\x69\x6c\x75\x6d\x6d\x6f\x6f\x72", 12},
    {"\x20\x46\x65\x6e\x61\x73\x68\x6f\x72", 9},
    {"\x20\x46\x65\x6e\x61\x73\x68\x65\x6e\x68\x6f\x6c\x74", 13},
    {"\x20\x46\x65\x6e\x61\x73\x68\x61\x73\x68\x68\x6f\x6c\x74", 14},
    {"\x20\x46\x65\x6e\x61\x73\x68\x6f\x72\x67\x61\x74\x65", 13},
    {"\x20\x46\x65\x6e\x65\x6e\x6f\x72", 8},
    {"\x20\x54\x61\x72\x6f\x72\x69\x6c\x77\x69\x63\x6b", 12},
    {"\x20\x46\x65\x6e\x6f\x77\x6f\x77\x64\x65\x6e", 11},
    {"\x20\x46\x65\x6e\x6f\x77\x61\x67\x61\x74\x65", 11},
    {"\x20\x46\x65\x6e\x6f\x77\x75\x6d\x6d\x6f\x6f\x72", 12},
    {"\x20\x46\x65\x6e\x6f\x77\x65\x74\x68\x6d\x6f\x6f\x72", 13},
    {"\x20\x4e\x6f\x72\x65\x74\x68\x69", 8},
    {"\x20\x4e\x6f\x72\x65\x74\x68\x65\x6e", 9},
    {"\x20\x4e\x6f\x72\x65\x74\x68\x6f\x77\x6d\x6f\x6f\x72", 13},
    {"\x20\x4e\x6f\x72\x65\x74\x68\x61\x67\x61\x74\x65", 12},
    {"\x20\x4e\x6f\x72\x65\x74\x68\x6f\x72\x66\x6f\x72\x64", 13},
    {"\x20\x4e\x6f\x72\x65\x74\x68\x69\x6c\x6d\x65\x72\x65", 13},
    {"\x20\x4e\x6f\x72\x65\x74\x68\x65\x6e\x6d\x6f\x6f\x72", 13},
    {"\x20\x42\x65\x6c\x65\x74\x68\x69\x6c\x64\x65\x6e", 12},
    {"\x20\x42\x65\x6c\x65\x74\x68\x6f\x77\x67\x61\x74\x65", 13},
    {"\x20\x42\x65\x6c\x65\x74\x68\x61\x73\x68\x67\x61\x74\x65", 14},
    {"\x20\x42\x65\x6c\x65\x74\x68\x69\x6c\x6d\x6f\x6f\x72", 13},
    {"\x20\x42\x65\x6c\x65\x74\x68\x75\x6d\x68\x6f\x6c\x74", 13},
    {"\x20\x46\x65\x6e\x65\x74\x68\x69\x6c", 9},
    {"\x20\x46\x65\x6e\x65\x74\x68\x65\x6e\x77\x69\x63\x6b", 13},
    {"\x20\x46\x65\x6e\x65\x74\x68\x6f\x77\x68\x6f\x6c\x74", 13},
    {"\x20\x46\x65\x6e\x65\x74\x68\x6f\x72\x66\x6f\x72\x64", 13},
    {"\x20\x46\x65\x6e\x65\x74\x68\x75\x6d\x64\x65\x6e", 12},
    {"\x20\x46\x65\x6e\x65\x74\x68\x61\x66\x6f\x72\x64", 12},
    {"\x20\x54\x61\x72\x65\x74\x68\x69\x6c\x66\x65\x6c\x6c", 13},
    {"\x20\x4e\x6f\x72\x61\x73\x68\x65\x6e\x66\x6f\x72\x64", 13},
    {"\x20\x4e\x6f\x72\x61\x73\x68\x6f\x72\x6d\x6f\x6f\x72", 13},
    {"\x20\x4e\x6f\x72\x75\x6d\x75\x6d\x6d\x65\x72\x65", 12},
    {"\x20\x4e\x6f\x72\x75\x6d\x69\x6c\x6d\x6f\x6f\x72", 12},
    {"\x20\x4e\x6f\x72\x75\x6d\x61\x73\x68\x68\x6f\x6c\x74", 13},
    {"\x20\x54\x61\x72\x61\x6f\x72\x67\x61\x74\x65", 11},
    {"\x20\x54\x61\x72\x61\x65\x74\x68\x66\x65\x6c\x6c", 12},
    {"\x20\x46\x65\x6e\x75\x6d\x69\x6c\x77\x69\x63\x6b", 12},
    {"\x20\x46\x65\x6e\x75\x6d\x65\x74\x68\x6d\x6f\x6f\x72", 13},
    {"\x20\x54\x61\x72\x61\x73\x68\x69\x6c\x77\x69\x63\x6b", 13},
    {"\x20\x54\x61\x72\x61\x73\x68\x61\x73\x68\x66\x6f\x72\x64", 14},
    {"\x20\x54\x61\x72\x61\x73\x68\x69\x6c\x66\x65\x6c\x6c", 13},
    {"\x20\x54\x61\x72\x61\x73\x68\x75\x6d\x6d\x6f\x6f\x72", 13},
    {"\x20\x42\x65\x6c\x65\x6e\x61\x77\x69\x63\x6b", 11},
    {"\x20\x42\x65\x6c\x65\x6e\x61\x6d\x6f\x6f\x72", 11},
    {"\x20\x42\x65\x6c\x65\x6e\x65\x74\x68\x6d\x6f\x6f\x72", 13},
    {"\x20\x4e\x6f\x72\x69\x6c\x75\x6d\x66\x6f\x72\x64", 12},
    {"\x20\x4e\x6f\x72\x69\x6c\x61\x73\x68\x66\x65\x6c\x6c", 13},
    {"\x20\x4e\x6f\x72\x69\x6c\x65\x6e\x6d\x6f\x6f\x72", 12},
    {"\x20\x4e\x6f\x72\x69\x6c\x65\x74\x68\x77\x69\x63\x6b", 13},
    {"\x20\x46\x65\x6e\x6f\x72\x65\x6e\x66\x6f\x72\x64", 12},
    {"\x20\x46\x65\x6e\x6f\x72\x65\x6e\x68\x6f\x6c\x74", 12},
    {"\x20\x4e\x6f\x72\x61\x69\x6c\x64\x65\x6e", 10},
    {"\x20\x4e\x6f\x72\x61\x6f\x72\x66\x6f\x72\x64", 11},
    {"\x20\x54\x61\x72\x65\x6e\x61\x73\x68\x6d\x65\x72\x65", 13},
    {"\x20\x54\x61\x72\x6f\x77\x65\x6e\x6d\x65\x72\x65", 12},
    {"\x20\x54\x61\x72\x6f\x77\x65\x6e\x66\x65\x6c\x6c", 12},
    {"\x20\x46\x65\x6e\x61\x75\x6d\x6d\x65\x72\x65", 11},
    {"\x20\x46\x65\x6e\x61\x65\x6e\x68\x6f\x6c\x74", 11},
    {"\x20\x46\x65\x6e\x69\x6c\x6f\x72\x6d\x65\x72\x65", 12},
    {"\x20\x46\x65\x6e\x69\x6c\x61\x73\x68\x64\x65\x6e", 12},
    {"\x20\x46\x65\x6e\x69\x6c\x65\x6e\x67\x61\x74\x65", 12},
    {"\x20\x46\x65\x6e\x69\x6c\x75\x6d\x68\x6f\x6c\x74", 12},
    {"\x20\x46\x65\x6e\x69\x6c\x65\x74\x68\x68\x6f\x6c\x74", 13},
    {"\x20\x46\x65\x6e\x69\x6c\x65\x74\x68\x6d\x6f\x6f\x72", 13},
    {"\x20\x42\x65\x6c\x75\x6d\x61\x64\x65\x6e", 10},
    {"\x20\x42\x65\x6c\x75\x6d\x69\x6c\x68\x6f\x6c\x74", 12},
    {"\x20\x4e\x6f\x72\x6f\x72\x69\x6c\x67\x61\x74\x65", 12},
    {"\x20\x4e\x6f\x72\x65\x6e\x61\x77\x69\x63\x6b", 11},
    {"\x20\x4e\x6f\x72\x65\x6e\x65\x74\x68\x66\x65\x6c\x6c", 13},
    {"\x20\x42\x65\x6c\x61\x73\x68\x6f\x72\x68\x6f\x6c\x74", 13},
    {"\x20\x42\x65\x6c\x61\x73\x68\x6f\x72\x66\x6f\x72\x64", 13},
    {"\x20\x42\x65\x6c\x61\x73\x68\x6f\x77\x66\x6f\x72\x64", 13},
    {"\x20\x42\x65\x6c\x61\x73\x68\x75\x6d\x6d\x6f\x6f\x72", 13},
    {"\x20\x42\x65\x6c\x6f\x77\x6f\x72\x68\x6f\x6c\x74", 12},
    {"\x20\x42\x65\x6c\x6f\x72\x61\x77\x69\x63\x6b", 11},
    {"\x20\x42\x65\x6c\x6f\x72\x69\x6c\x6d\x6f\x6f\x72", 12},
    {"\x20\x42\x65\x6c\x6f\x72\x6f\x72\x77\x69\x63\x6b", 12},
    {"\x20\x42\x65\x6c\x6f\x72\x6f\x72\x66\x65\x6c\x6c", 12},
    {"\x20\x42\x65\x6c\x6f\x72\x65\x74\x68\x67\x61\x74\x65", 13},
    {"\x20\x42\x65\x6c\x6f\x72\x65\x74\x68\x64\x65\x6e", 12},
    {"\x20\x4e\x6f\x72\x6f\x77\x65\x6e\x67\x61\x74\x65", 12},
    {"\x20\x4e\x6f\x72\x6f\x77\x61\x73\x68\x66\x6f\x72\x64", 13},
    {"\x20\x4e\x6f\x72\x6f\x77\x69\x6c\x66\x65\x6c\x6c", 12},
    {"\x20\x54\x61\x72\x69\x6c\x69\x6c\x66\x6f\x72\x64", 12},
    {"\x20\x54\x61\x72\x69\x6c\x61\x73\x68\x68\x6f\x6c\x74", 13},
    {"\x20\x42\x65\x6c\x61\x65\x6e\x64\x65\x6e", 10},
    {"\x20\x42\x65\x6c\x69\x6c\x6f\x72\x6d\x65\x72\x65", 12},
    {"\x20\x42\x65\x6c\x69\x6c\x65\x74\x68\x66\x65\x6c\x6c", 13},
    {"\x20\x42\x65\x6c\x69\x6c\x65\x74\x68\x6d\x6f\x6f\x72", 13},
    {"\x20\x46\x65\x6e\x61\x73\x68\x6f\x72\x68\x6f\x6c\x74", 13},
    {"\x20\x46\x65\x6e\x61\x73\x68\x61\x64\x65\x6e", 11},
    {"\x20\x46\x65\x6e\x61\x73\x68\x61\x73\x68\x6d\x65\x72\x65", 14},
    {"\x20\x46\x65\x6e\x61\x73\x68\x61\x6d\x65\x72\x65", 12},
    {"\x20\x46\x65\x6e\x65\x6e\x61\x6d\x65\x72\x65", 11},
    {"\x20\x54\x61\x72\x6f\x72\x65\x6e\x6d\x65\x72\x65", 12},
    {"\x20\x54\x61\x72\x6f\x72\x61\x64\x65\x6e", 10},
    {"\x20\x46\x65\x6e\x6f\x77\x75\x6d\x77\x69\x63\x6b", 12},
    {"\x20\x4e\x6f\x72\x65\x74\x68\x6f\x77\x6d\x65\x72\x65", 13},
    {"\x20\x4e\x6f\x72\x65\x74\x68\x61\x73\x68\x68\x6f\x6c\x74", 14},
    {"\x20\x42\x65\x6c\x65\x74\x68\x75\x6d\x67\x61\x74\x65", 13},
    {"\x20\x46\x65\x6e\x65\x74\x68\x6f\x72\x6d\x65\x72\x65", 13},
    {"\x20\x46\x65\x6e\x65\x74\x68\x61\x73\x68\x66\x65\x6c\x6c", 14},
    {"\x20\x54\x61\x72\x65\x74\x68\x61\x6d\x6f\x6f\x72", 12},
    {"\x20\x54\x61\x72\x65\x74\x68\x61\x73\x68\x64\x65\x6e", 13},
    {"\x20\x54\x61\x72\x65\x74\x68\x6f\x72\x77\x69\x63\x6b", 13},
    {"\x20\x42\x65\x6c\x65\x74\x68\x65\x74\x68\x66\x6f\x72\x64", 14},
    {"\x20\x4e\x6f\x72\x61\x73\x68\x6f\x77\x77\x69\x63\x6b", 13},
    {"\x20\x4e\x6f\x72\x61\x73\x68\x61\x73\x68\x64\x65\x6e", 13},
    {"\x20\x4e\x6f\x72\x61\x73\x68\x75\x6d\x77\x69\x63\x6b", 13},
    {"\x20\x4e\x6f\x72\x61\x73\x68\x61\x6d\x65\x72\x65", 12},
    {"\x20\x4e\x6f\x72\x61\x73\x68\x65\x74\x68\x6d\x65\x72\x65", 14},
    {"\x20\x4e\x6f\x72\x75\x6d\x75\x6d\x77\x69\x63\x6b", 12},
    {"\x20\x4e\x6f\x72\x75\x6d\x69\x6c\x66\x65\x6c\x6c", 12},
    {"\x20\x54\x61\x72\x61\x75\x6d\x66\x65\x6c\x6c", 11},
    {"\x20\x54\x61\x72\x61\x65\x6e\x66\x6f\x72\x64", 11},
    {"\x20\x54\x61\x72\x61\x61\x73\x68\x66\x65\x6c\x6c", 12},
    {"\x20\x54\x61\x72\x61\x65\x6e\x66\x65\x6c\x6c", 11},
    {"\x20\x46\x65\x6e\x75\x6d\x61\x73", 8},
    {"\x20\x46\x65\x6e\x75\x6d\x75\x6d\x6d\x6f\x6f\x72", 12},
    {"\x20\x54\x61\x72\x61\x73\x68\x65\x6e\x66\x6f\x72\x64", 13},
    {"\x20\x42\x65\x6c\x65\x6e\x65\x6e\x66\x6f\x72\x64", 12},
    {"\x20\x42\x65\x6c\x65\x6e\x75\x6d\x66\x6f\x72\x64", 12},
    {"\x20\x42\x65\x6c\x65\x6e\x65\x6e\x67\x61\x74\x65", 12},
    {"\x20\x4e\x6f\x72\x69\x6c\x61\x73\x68\x67\x61\x74\x65", 13},
    {"\x20\x4e\x6f\x72\x69\x6c\x61\x66\x6f\x72\x64", 11},
    {"\x20\x4e\x6f\x72\x69\x6c\x65\x74\x68\x66\x65\x6c\x6c", 13},
    {"\x20\x46\x65\x6e\x6f\x72\x61\x73\x68\x6d\x6f\x6f\x72", 13},
    {"\x20\x4e\x6f\x72\x61\x75\x6d\x66\x65\x6c\x6c", 11},
    {"\x20\x4e\x6f\x72\x61\x61\x68\x6f\x6c\x74", 10},
    {"\x20\x4e\x6f\x72\x61\x75\x6d\x64\x65\x6e", 10},
    {"\x20\x4e\x6f\x72\x61\x6f\x77\x66\x6f\x72\x64", 11},
    {"\x20\x4e\x6f\x72\x61\x65\x74\x68\x67\x61\x74\x65", 12},
    {"\x20\x54\x61\x72\x65\x6e\x6f\x72", 8},
    {"\x20\x54\x61\x72\x65\x6e\x65\x74\x68", 9},
    {"\x20\x54\x61\x72\x65\x6e\x75\x6d\x66\x65\x6c\x6c", 12},
    {"\x20\x54\x61\x72\x65\x6e\x61\x73\x68\x64\x65\x6e", 12},
    {"\x20\x54\x61\x72\x65\x6e\x61\x68\x6f\x6c\x74", 11},
    {"\x20\x54\x61\x72\x65\x6e\x61\x66\x6f\x72\x64", 11},
    {"\x20\x54\x61\x72\x6f\x77\x61\x73\x68", 9},
    {"\x20\x46\x65\x6e\x61\x6f\x72\x66\x6f\x72\x64", 11},
    {"\x20\x46\x65\x6e\x61\x65\x74\x68\x6d\x65\x72\x65", 12},
    {"\x20\x46\x65\x6e\x69\x6c\x69\x6c\x64\x65\x6e", 11},
    {"\x20\x46\x65\x6e\x69\x6c\x61\x73\x68\x67\x61\x74\x65", 13},
    {"\x20\x42\x65\x6c\x75\x6d\x61\x73", 8},
    {"\x20\x42\x65\x6c\x75\x6d\x75\x6d", 8},
    {"\x20\x42\x65\x6c\x75\x6d\x61\x73\x68\x6d\x65\x72\x65", 13},
    {"\x20\x42\x65\x6c\x75\x6d\x61\x73\x68\x66\x6f\x72\x64", 13},
    {"\x20\x4e\x6f\x72\x6f\x72\x61\x77\x69\x63\x6b", 11},
    {"\x20\x4e\x6f\x72\x6f\x72\x69\x6c\x66\x6f\x72\x64", 12},
    {"\x20\x4e\x6f\x72\x6f\x72\x65\x74", 8},
    {"\x20\x4e\x6f\x72\x65\x6e\x61\x6d\x65\x72\x65", 11},
    {"\x20\x42\x65\x6c\x61\x73\x68\x75\x6d\x67\x61\x74\x65", 13},
    {"\x20\x42\x65\x6c\x6f\x77\x61\x73\x68\x6d\x65\x72\x65", 13},
    {"\x20\x42\x65\x6c\x6f\x72\x69\x6c", 8},
    {"\x20\x42\x65\x6c\x6f\x72\x61\x66\x65\x6c\x6c", 11},
    {"\x20\x4e\x6f\x72\x6f\x77\x61\x73\x68", 9},
    {"\x20\x4e\x6f\x72\x6f\x77\x6f\x77\x6d\x6f\x6f\x72", 12},
    {"\x20\x4e\x6f\x72\x6f\x77\x61\x73\x68\x6d\x6f\x6f\x72", 13},
    {"\x20\x4e\x6f\x72\x6f\x77\x6f\x72\x67\x61\x74\x65", 12},
    {"\x20\x4e\x6f\x72\x6f\x77\x6f\x72\x64\x65\x6e", 11},
    {"\x20\x54\x61\x72\x69\x6c\x69\x6c\x68\x6f\x6c\x74", 12},
    {"\x20\x54\x61\x72\x69\x6c\x75\x6d\x64\x65\x6e", 11},
    {"\x20\x54\x61\x72\x75\x6d\x6f\x72\x67\x61\x74\x65", 12},
    {"\x20\x42\x65\x6c\x61\x61\x73\x68\x66\x6f\x72\x64", 12},
    {"\x20\x42\x65\x6c\x69\x6c\x61\x73\x68", 9},
    {"\x20\x42\x65\x6c\x69\x6c\x6f\x72\x68\x6f\x6c\x74", 12},
    {"\x20\x42\x65\x6c\x69\x6c\x65\x6e\x66\x65\x6c\x6c", 12},
    {"\x20\x46\x65\x6e\x61\x73\x68\x65", 8},
    {"\x20\x46\x65\x6e\x61\x73\x68\x6f\x77\x68\x6f\x6c\x74", 13},
    {"\x20\x46\x65\x6e\x61\x73\x68\x6f\x72\x66\x6f\x72\x64", 13},
    {"\x20\x46\x65\x6e\x61\x73\x68\x61\x73\x68\x6d\x6f\x6f\x72", 14},
    {"\x20\x46\x65\x6e\x61\x73\x68\x75\x6d\x6d\x6f\x6f\x72", 13},
    {"\x20\x46\x65\x6e\x61\x73\x68\x65\x74\x68\x66\x65\x6c\x6c", 14},
    {"\x20\x46\x65\x6e\x65\x6e\x69\x6c\x64\x65\x6e", 11},
    {"\x20\x46\x65\x6e\x65\x6e\x6f\x72\x68\x6f\x6c\x74", 12},
    {"\x20\x46\x65\x6e\x65\x6e\x6f\x72\x67\x61\x74\x65", 12},
    {"\x20\x46\x65\x6e\x65\x6e\x69\x6c\x6d\x65\x72\x65", 12},
    {"\x20\x54\x61\x72\x6f\x72\x6f\x77", 8},
    {"\x20\x46\x65\x6e\x6f\x77\x6f\x72\x6d\x6f\x6f\x72", 12},
    {"\x20\x46\x65\x6e\x6f\x77\x61\x73\x68\x66\x65\x6c\x6c", 13},
    {"\x20\x4e\x6f\x72\x65\x74\x68\x69\x6c\x66\x65\x6c\x6c", 13},
    {"\x20\x42\x65\x6c\x65\x74\x68\x69\x6c\x67\x61\x74\x65", 13},
    {"\x20\x42\x65\x6c\x65\x74\x68\x69\x6c\x6d\x65\x72\x65", 13},
    {"\x20\x54\x61\x72\x65\x74\x68\x61\x73\x68\x66\x6f\x72\x64", 14},
    {"\x20\x54\x61\x72\x65\x74\x68\x75\x6d\x68\x6f\x6c\x74", 13},
    {"\x20\x54\x61\x72\x65\x74\x68\x61\x73\x68\x77\x69\x63\x6b", 14},
    {"\x20\x4e\x6f\x72\x61\x73\x68\x6f\x77\x68\x6f\x6c\x74", 13},
    {"\x20\x4e\x6f\x72\x75\x6d\x6f\x77\x6d\x6f\x6f\x72", 12},
    {"\x20\x4e\x6f\x72\x75\x6d\x61\x73\x68\x67\x61\x74\x65", 13},
    {"\x20\x54\x61\x72\x61\x61\x73\x68\x6d\x65\x72\x65", 12},
    {"\x20\x46\x65\x6e\x75\x6d\x65\x6e\x6d\x65\x72\x65", 12},
    {"\x20\x46\x65\x6e\x75\x6d\x61\x64\x65\x6e", 10},
    {"\x20\x54\x61\x72\x61\x73\x68\x6f\x77\x66\x65\x6c\x6c", 13},
    {"\x20\x54\x61\x72\x61\x73\x68\x61\x68\x6f\x6c\x74", 12},
    {"\x20\x42\x65\x6c\x65\x6e\x6f\x72\x67\x61\x74\x65", 12},
    {"\x20\x4e\x6f\x72\x69\x6c\x69\x6c\x64\x65\x6e", 11},
    {"\x20\x4e\x6f\x72\x69\x6c\x65\x6e\x6d\x65\x72\x65", 12},
    {"\x20\x4e\x6f\x72\x69\x6c\x65\x74\x68\x64\x65\x6e", 12},
    {"\x20\x46\x65\x6e\x6f\x72\x61\x66\x65\x6c\x6c", 11},
    {"\x20\x46\x65\x6e\x6f\x72\x69\x6c\x6d\x65\x72\x65", 12},
    {"\x20\x46\x65\x6e\x6f\x72\x65\x6e\x66\x65\x6c\x6c", 12},
    {"\x20\x46\x65\x6e\x6f\x72\x65\x74\x68\x68\x6f\x6c\x74", 13},
    {"\x20\x46\x65\x6e\x6f\x72\x65\x74\x68\x66\x6f\x72\x64", 13},
    {"\x20\x4e\x6f\x72\x61\x61\x73\x68\x66\x6f\x72\x64", 12},
    {"\x20\x54\x61\x72\x6f\x77\x6f\x72\x6d\x6f\x6f\x72", 12},
    {"\x20\x46\x65\x6e\x61\x6f\x77\x66\x65\x6c\x6c", 11},
    {"\x20\x46\x65\x6e\x61\x75\x6d\x67\x61\x74\x65", 11},
    {"\x20\x46\x65\x6e\x61\x75\x6d\x64\x65\x6e", 10},
    {"\x20\x46\x65\x6e\x69\x6c\x6f\x77\x67\x61\x74\x65", 12},
    {"\x20\x46\x65\x6e\x69\x6c\x61\x73\x68\x66\x6f\x72\x64", 13},
    {"\x20\x42\x65\x6c\x75\x6d\x61\x73\x68\x68\x6f\x6c\x74", 13},
    {"\x20\x42\x65\x6c\x75\x6d\x6f\x72\x67\x61\x74\x65", 12},
    {"\x20\x4e\x6f\x72\x6f\x72\x75\x6d\x67\x61\x74\x65", 12},
    {"\x20\x4e\x6f\x72\x6f\x72\x65\x74\x68\x77\x69\x63\x6b", 13},
    {"\x20\x4e\x6f\x72\x65\x6e\x75\x6d\x6d\x65\x72\x65", 12},
    {"\x20\x4e\x6f\x72\x65\x6e\x69\x6c\x6d\x6f\x6f\x72", 12},
    {"\x20\x42\x65\x6c\x61\x73\x68\x61\x64\x65\x6e", 11},
    {"\x20\x42\x65\x6c\x61\x73\x68\x65\x6e\x64\x65\x6e", 12},
    {"\x20\x42\x65\x6c\x61\x73\x68\x65\x74\x68\x67\x61\x74\x65", 14},
    {"\x20\x42\x65\x6c\x6f\x77\x61\x73\x68\x66\x6f\x72\x64", 13},
    {"\x20\x42\x65\x6c\x6f\x72\x6f\x77\x67\x61\x74\x65", 12},
    {"\x20\x42\x65\x6c\x6f\x72\x61\x73\x68\x67\x61\x74\x65", 13},
    {"\x20\x42\x65\x6c\x6f\x72\x65\x6e\x66\x65\x6c\x6c", 12},
    {"\x20\x54\x61\x72\x69\x6c\x65\x6e\x68\x6f\x6c\x74", 12},
    {"\x20\x54\x61\x72\x75\x6d\x61\x66\x65\x6c\x6c", 11},
    {"\x20\x54\x61\x72\x75\x6d\x61\x73\x68\x66\x65\x6c\x6c", 13},
    {"\x20\x54\x61\x72\x75\x6d\x65\x74\x68\x66\x65\x6c\x6c", 13},
    {"\x20\x42\x65\x6c\x61\x61\x73\x68\x64\x65\x6e", 11},
    {"\x20\x42\x65\x6c\x69\x6c\x69\x6c\x68\x6f\x6c\x74", 12},
    {"\x20\x42\x65\x6c\x69\x6c\x6f\x77\x66\x6f\x72\x64", 12},
    {"\x20\x46\x65\x6e\x61\x73\x68\x69\x6c\x68\x6f\x6c\x74", 13},
    {"\x20\x46\x65\x6e\x61\x73\x68\x69\x6c\x66\x65\x6c\x6c", 13},
    {"\x20\x46\x65\x6e\x65\x6e\x75\x6d\x67\x61\x74\x65", 12},
    {"\x20\x54\x61\x72\x6f\x72\x6f\x77\x67\x61\x74\x65", 12},
    {"\x20\x54\x61\x72\x6f\x72\x69\x6c\x66\x6f\x72\x64", 12},
    {"\x20\x54\x61\x72\x6f\x72\x61\x73\x68\x66\x65\x6c\x6c", 13},
    {"\x20\x54\x61\x72\x6f\x72\x61\x68\x6f\x6c\x74", 11},
    {"\x20\x54\x61\x72\x6f\x72\x75\x6d\x68\x6f\x6c\x74", 12},
    {"\x20\x46\x65\x6e\x6f\x77\x75\x6d\x66\x65\x6c\x6c", 12},
    {"\x20\x46\x65\x6e\x6f\x77\x6f\x77\x77\x69\x63\x6b", 12},
    {"\x20\x46\x65\x6e\x6f\x77\x6f\x72\x6d\x65\x72\x65", 12},
    {"\x20\x46\x65\x6e\x6f\x77\x61\x73\x68\x68\x6f\x6c\x74", 13},
    {"\x20\x46\x65\x6e\x6f\x77\x65\x74\x68\x64\x65\x6e", 12},
    {"\x20\x4e\x6f\x72\x65\x74\x68\x61\x77\x69\x63\x6b", 12},
    {"\x20\x42\x65\x6c\x65\x74\x68\x65\x6e\x77\x69\x63\x6b", 13},
    {"\x20\x42\x65\x6c\x65\x74\x68\x65\x6e\x64\x65\x6e", 12},
    {"\x20\x42\x65\x6c\x65\x74\x68\x65\x6e\x6d\x6f\x6f\x72", 13},
    {"\x20\x54\x61\x72\x65\x74\x68\x65\x6e\x6d\x65\x72\x65", 13},
    {"\x20\x54\x61\x72\x65\x74\x68\x69\x6c\x66\x6f\x72\x64", 13},
    {"\x20\x54\x61\x72\x65\x74\x68\x6f\x72\x67\x61\x74\x65", 13},
    {"\x20\x4e\x6f\x72\x65\x74\x68\x65\x74\x68\x68\x6f\x6c\x74", 14},
    {"\x20\x4e\x6f\x72\x65\x74\x68\x65\x74\x68\x6d\x6f\x6f\x72", 14},
    {"\x20\x54\x61\x72\x65\x74\x68\x65\x74\x68\x67\x61\x74\x65", 14},
    {"\x20\x46\x65\x6e\x65\x74\x68\x65\x74\x68\x77\x69\x63\x6b", 14},
    {"\x20\x4e\x6f\x72\x61\x73\x68\x6f\x72\x66\x6f\x72\x64", 13},
    {"\x20\x4e\x6f\x72\x75\x6d\x6f\x77\x67\x61\x74\x65", 12},
    {"\x20\x4e\x6f\x72\x75\x6d\x65\x6e\x66\x6f\x72\x64", 12},
    {"\x20\x4e\x6f\x72\x75\x6d\x6f\x77\x68\x6f\x6c\x74", 12},
    {"\x20\x4e\x6f\x72\x75\x6d\x61\x73\x68\x77\x69\x63\x6b", 13},
    {"\x20\x54\x61\x72\x61\x6f\x77\x66\x65\x6c\x6c", 11},
    {"\x20\x54\x61\x72\x61\x61\x73\x68\x77\x69\x63\x6b", 12},
    {"\x20\x54\x61\x72\x61\x73\x68\x61\x73\x68\x64\x65\x6e", 13},
    {"\x20\x42\x65\x6c\x65\x6e\x75\x6d", 8},
    {"\x20\x42\x65\x6c\x65\x6e\x6f\x72\x6d\x65\x72\x65", 12},
    {"\x20\x42\x65\x6c\x65\x6e\x75\x6d\x68\x6f\x6c\x74", 12},
    {"\x20\x42\x65\x6c\x65\x6e\x6f\x77\x66\x6f\x72\x64", 12},
    {"\x20\x42\x65\x6c\x65\x6e\x69\x6c\x66\x65\x6c\x6c", 12},
    {"\x20\x42\x65\x6c\x65\x6e\x65\x74\x68\x67\x61\x74\x65", 13},
    {"\x20\x4e\x6f\x72\x69\x6c\x6f\x72\x6d\x65\x72\x65", 12},
    {"\x20\x4e\x6f\x72\x69\x6c\x6f\x72\x66\x6f\x72\x64", 12},
    {"\x20\x46\x65\x6e\x6f\x72\x69\x6c\x64\x65\x6e", 11},
    {"\x20\x46\x65\x6e\x6f\x72\x6f\x72\x77\x69\x63\x6b", 12},
    {"\x20\x46\x65\x6e\x6f\x72\x75\x6d\x6d\x6f\x6f\x72", 12},
    {"\x20\x4e\x6f\x72\x61\x6f\x77\x6d\x6f\x6f\x72", 11},
    {"\x20\x4e\x6f\x72\x61\x61\x67\x61\x74\x65", 10},
    {"\x20\x54\x61\x72\x65\x6e\x61\x73", 8},
    {"\x20\x54\x61\x72\x65\x6e\x65\x6e\x66\x6f\x72\x64", 12},
    {"\x20\x54\x61\x72\x6f\x77\x65\x6e\x66\x6f\x72\x64", 12},
    {"\x20\x46\x65\x6e\x61\x65\x6e\x77\x69\x63\x6b", 11},
    {"\x20\x46\x65\x6e\x69\x6c\x6f\x72\x77\x69\x63\x6b", 12},
    {"\x20\x42\x65\x6c\x75\x6d\x69\x6c\x67\x61\x74\x65", 12},
    {"\x20\x42\x65\x6c\x75\x6d\x6f\x77\x66\x65\x6c\x6c", 12},
    {"\x20\x42\x65\x6c\x75\x6d\x65\x6e\x77\x69\x63\x6b", 12},
    {"\x20\x4e\x6f\x72\x6f\x72\x6f\x72\x6d\x6f\x6f\x72", 12},
    {"\x20\x4e\x6f\x72\x6f\x72\x6f\x72\x66\x65\x6c\x6c", 12},
    {"\x20\x4e\x6f\x72\x65\x6e\x6f\x77", 8},
    {"\x20\x4e\x6f\x72\x65\x6e\x65\x6e\x6d\x65\x72\x65", 12},
    {"\x20\x4e\x6f\x72\x65\x6e\x61\x6d\x6f\x6f\x72", 11},
    {"\x20\x4e\x6f\x72\x65\x6e\x75\x6d\x66\x6f\x72\x64", 12},
    {"\x20\x4e\x6f\x72\x65\x6e\x61\x73\x68\x6d\x6f\x6f\x72", 13},
    {"\x20\x4e\x6f\x72\x65\x6e\x65\x6e\x66\x65\x6c\x6c", 12},
    {"\x20\x42\x65\x6c\x61\x73\x68\x65\x6e\x6d\x65\x72\x65", 13},
    {"\x20\x42\x65\x6c\x61\x73\x68\x75\x6d\x66\x6f\x72\x64", 13},
    {"\x20\x42\x65\x6c\x61\x73\x68\x69\x6c\x77\x69\x63\x6b", 13},
    {"\x20\x42\x65\x6c\x61\x73\x68\x61\x73\x68\x67\x61\x74\x65", 14},
    {"\x20\x42\x65\x6c\x61\x73\x68\x61\x73\x68\x6d\x6f\x6f\x72", 14},
    {"\x20\x42\x65\x6c\x6f\x77\x6f\x72", 8},
    {"\x20\x42\x65\x6c\x6f\x77\x65\x6e\x64\x65\x6e", 11},
    {"\x20\x42\x65\x6c\x6f\x77\x69\x6c\x6d\x6f\x6f\x72", 12},
    {"\x20\x42\x65\x6c\x6f\x77\x65\x6e\x6d\x6f\x6f\x72", 12},
    {"\x20\x42\x65\x6c\x6f\x77\x65\x74\x68\x64\x65\x6e", 12},
    {"\x20\x42\x65\x6c\x6f\x72\x75\x6d\x67\x61\x74\x65", 12},
    {"\x20\x42\x65\x6c\x6f\x72\x61\x67\x61\x74\x65", 11},
    {"\x20\x42\x65\x6c\x6f\x72\x61\x73\x68\x6d\x65\x72\x65", 13},
    {"\x20\x4e\x6f\x72\x6f\x77\x75\x6d\x67\x61\x74\x65", 12},
    {"\x20\x4e\x6f\x72\x6f\x77\x75\x6d\x66\x6f\x72\x64", 12},
    {"\x20\x4e\x6f\x72\x6f\x77\x61\x73\x68\x68\x6f\x6c\x74", 13},
    {"\x20\x54\x61\x72\x69\x6c\x6f\x77", 8},
    {"\x20\x54\x61\x72\x69\x6c\x61\x77\x69\x63\x6b", 11},
    {"\x20\x54\x61\x72\x69\x6c\x69\x6c\x66\x65\x6c\x6c", 12},
    {"\x20\x54\x61\x72\x69\x6c\x65\x6e\x6d\x6f\x6f\x72", 12},
    {"\x20\x54\x61\x72\x69\x6c\x75\x6d\x6d\x6f\x6f\x72", 12},
    {"\x20\x54\x61\x72\x69\x6c\x65\x74\x68\x68\x6f\x6c\x74", 13},
    {"\x20\x54\x61\x72\x69\x6c\x65\x74", 8},
    {"\x20\x54\x61\x72\x75\x6d\x69\x6c\x6d\x6f\x6f\x72", 12},
    {"\x20\x42\x65\x6c\x61\x6f\x77\x6d\x6f\x6f\x72", 11},
    {"\x20\x42\x65\x6c\x61\x75\x6d\x6d\x6f\x6f\x72", 11},
    {"\x20\x42\x65\x6c\x61\x65\x74\x68\x67\x61\x74\x65", 12},
    {"\x20\x42\x65\x6c\x69\x6c\x6f\x72", 8},
    {"\x20\x42\x65\x6c\x69\x6c\x61\x73", 8},
    {"\x20\x42\x65\x6c\x69\x6c\x61\x64\x65\x6e", 10},
    {"\x20\x42\x65\x6c\x69\x6c\x69\x6c\x66\x6f\x72\x64", 12},
    {"\x20\x42\x65\x6c\x69\x6c\x75\x6d\x64\x65\x6e", 11},
    {"\x20\x42\x65\x6c\x69\x6c\x65\x74\x68\x6d\x65\x72\x65", 13},
    {"\x20\x42\x65\x6c\x69\x6c\x65\x74\x68\x68\x6f\x6c\x74", 13},
    {"\x20\x46\x65\x6e\x65\x6e\x6f\x77\x68\x6f\x6c\x74", 12},
    {"\x20\x46\x65\x6e\x65\x6e\x65\x6e\x64\x65\x6e", 11},
    {"\x20\x46\x65\x6e\x65\x6e\x69\x6c\x66\x6f\x72\x64", 12},
    {"\x20\x54\x61\x72\x6f\x72\x75\x6d\x67\x61\x74\x65", 12},
    {"\x20\x54\x61\x72\x6f\x72\x65\x74\x68\x77\x69\x63\x6b", 13},
    {"\x20\x46\x65\x6e\x6f\x77\x65\x6e", 8},
    {"\x20\x46\x65\x6e\x6f\x77\x69\x6c", 8},
    {"\x20\x46\x65\x6e\x6f\x77\x69\x6c\x67\x61\x74\x65", 12},
    {"\x20\x46\x65\x6e\x6f\x77\x65\x6e\x64\x65\x6e", 11},
    {"\x20\x46\x65\x6e\x6f\x77\x65\x74\x68\x66\x65\x6c\x6c", 13},
    {"\x20\x4e\x6f\x72\x65\x74\x68\x61\x6d\x65\x72\x65", 12},
    {"\x20\x42\x65\x6c\x65\x74\x68\x61\x77\x69\x63\x6b", 12},
    {"\x20\x42\x65\x6c\x65\x74\x68\x6f\x72\x6d\x65\x72\x65", 13},
    {"\x20\x42\x65\x6c\x65\x74\x68\x61\x73\x68\x6d\x6f\x6f\x72", 14},
    {"\x20\x46\x65\x6e\x65\x74\x68\x6f\x72", 9},
    {"\x20\x46\x65\x6e\x65\x74\x68\x65\x6e\x66\x6f\x72\x64", 13},
    {"\x20\x46\x65\x6e\x65\x74\x68\x6f\x72\x6d\x6f\x6f\x72", 13},
    {"\x20\x46\x65\x6e\x65\x74\x68\x6f\x77\x6d\x6f\x6f\x72", 13},
    {"\x20\x46\x65\x6e\x65\x74\x68\x69\x6c\x66\x6f\x72\x64", 13},
    {"\x20\x46\x65\x6e\x65\x74\x68\x75\x6d\x68\x6f\x6c\x74", 13},
    {"\x20\x54\x61\x72\x65\x74\x68\x61\x73\x68\x6d\x6f\x6f\x72", 14},
    {"\x20\x54\x61\x72\x65\x74\x68\x65\x74\x68\x77\x69\x63\x6b", 14},
    {"\x20\x54\x61\x72\x65\x74\x68\x65\x74\x68\x66\x6f\x72\x64", 14},
    {"\x20\x42\x65\x6c\x65\x74\x68\x65\x74\x68\x6d\x65\x72\x65", 14},
    {"\x20\x46\x65\x6e\x65\x74\x68\x65\x74\x68\x68\x6f\x6c\x74", 14},
    {"\x20\x4e\x6f\x72\x61\x73\x68\x61\x64\x65\x6e", 11},
    {"\x20\x4e\x6f\x72\x61\x73\x68\x61\x73\x68\x6d\x65\x72\x65", 14},
    {"\x20\x4e\x6f\x72\x75\x6d\x6f\x72\x6d\x65\x72\x65", 12},
    {"\x20\x4e\x6f\x72\x75\x6d\x65\x74\x68\x67\x61\x74\x65", 13},
    {"\x20\x54\x61\x72\x61\x65\x6e\x67\x61\x74\x65", 11},
    {"\x20\x46\x65\x6e\x75\x6d\x61\x77\x69\x63\x6b", 11},
    {"\x20\x46\x65\x6e\x75\x6d\x65\x6e\x77\x69\x63\x6b", 12},
    {"\x20\x46\x65\x6e\x75\x6d\x69\x6c\x6d\x6f\x6f\x72", 12},
    {"\x20\x54\x61\x72\x61\x73\x68\x65\x74\x68\x66\x65\x6c\x6c", 14},
    {"\x20\x42\x65\x6c\x65\x6e\x75\x6d\x6d\x65\x72\x65", 12},
    {"\x20\x42\x65\x6c\x65\x6e\x6f\x72\x6d\x6f\x6f\x72", 12},
    {"\x20\x42\x65\x6c\x65\x6e\x65\x74\x68\x66\x65\x6c\x6c", 13},
    {"\x20\x4e\x6f\x72\x69\x6c\x65\x74\x68\x66\x6f\x72\x64", 13},
    {"\x20\x46\x65\x6e\x6f\x72\x65\x6e\x77\x69\x63\x6b", 12},
    {"\x20\x46\x65\x6e\x6f\x72\x61\x6d\x65\x72\x65", 11},
    {"\x20\x4e\x6f\x72\x61\x6f\x77\x66\x65\x6c\x6c", 11},
    {"\x20\x4e\x6f\x72\x61\x69\x6c\x77\x69\x63\x6b", 11},
    {"\x20\x54\x61\x72\x65\x6e\x65\x6e\x64\x65\x6e", 11},
    {"\x20\x54\x61\x72\x6f\x77\x65\x74\x68\x67\x61\x74\x65", 13},
    {"\x20\x46\x65\x6e\x61\x6f\x72\x68\x6f\x6c\x74", 11},
    {"\x20\x46\x65\x6e\x61\x69\x6c\x77\x69\x63\x6b", 11},
    {"\x20\x46\x65\x6e\x61\x61\x66\x6f\x72\x64", 10},
    {"\x20\x46\x65\x6e\x69\x6c\x61\x77\x69\x63\x6b", 11},
    {"\x20\x46\x65\x6e\x69\x6c\x65\x6e\x77\x69\x63\x6b", 12},
    {"\x20\x46\x65\x6e\x69\x6c\x61\x73\x68\x6d\x6f\x6f\x72", 13},
    {"\x20\x46\x65\x6e\x69\x6c\x6f\x72\x67\x61\x74\x65", 12},
    {"\x20\x42\x65\x6c\x75\x6d\x6f\x72\x77\x69\x63\x6b", 12},
    {"\x20\x42\x65\x6c\x75\x6d\x69\x6c\x66\x65\x6c\x6c", 12},
    {"\x20\x42\x65\x6c\x75\x6d\x6f\x72\x64\x65\x6e", 11},
    {"\x20\x4e\x6f\x72\x6f\x72\x6f\x72\x68\x6f\x6c\x74", 12},
    {"\x20\x4e\x6f\x72\x6f\x72\x75\x6d\x64\x65\x6e", 11},
    {"\x20\x4e\x6f\x72\x65\x6e\x65\x6e\x64\x65\x6e", 11},
    {"\x20\x4e\x6f\x72\x65\x6e\x75\x6d\x68\x6f\x6c\x74", 12},
    {"\x20\x42\x65\x6c\x61\x73\x68\x6f\x77\x67\x61\x74\x65", 13},
    {"\x20\x42\x65\x6c\x61\x73\x68\x6f\x72\x77\x69\x63\x6b", 13},
    {"\x20\x42\x65\x6c\x6f\x77\x75\x6d\x66\x6f\x72\x64", 12},
    {"\x20\x42\x65\x6c\x6f\x77\x61\x73\x68\x64\x65\x6e", 12},
    {"\x20\x42\x65\x6c\x6f\x77\x61\x73\x68\x77\x69\x63\x6b", 13},
    {"\x20\x4e\x6f\x72\x6f\x77\x61\x73\x68\x67\x61\x74\x65", 13},
    {"\x20\x4e\x6f\x72\x6f\x77\x65\x74\x68\x66\x6f\x72\x64", 13},
    {"\x20\x54\x61\x72\x69\x6c\x65\x6e\x66\x6f\x72\x64", 12},
    {"\x20\x54\x61\x72\x69\x6c\x75\x6d\x67\x61\x74\x65", 12},
    {"\x20\x54\x61\x72\x75\x6d\x61\x64\x65\x6e", 10},
    {"\x20\x54\x61\x72\x75\x6d\x6f\x72\x66\x6f\x72\x64", 12},
    {"\x20\x54\x61\x72\x75\x6d\x6f\x72\x77\x69\x63\x6b", 12},
    {"\x20\x54\x61\x72\x75\x6d\x65\x74\x68\x67\x61\x74\x65", 13},
    {"\x20\x42\x65\x6c\x61\x61\x6d\x65\x72\x65", 10},
    {"\x20\x42\x65\x6c\x61\x6f\x77\x66\x6f\x72\x64", 11},
    {"\x20\x46\x65\x6e\x61\x73\x68\x6f\x77\x67\x61\x74\x65", 13},
    {"\x20\x46\x65\x6e\x65\x6e\x65\x6e\x77\x69\x63\x6b", 12},
    {"\x20\x46\x65\x6e\x65\x6e\x6f\x72\x66\x65\x6c\x6c", 12},
    {"\x20\x46\x65\x6e\x65\x6e\x65\x74\x68\x66\x65\x6c\x6c", 13},
    {"\x20\x46\x65\x6e\x65\x6e\x65\x74\x68\x77\x69\x63\x6b", 13},
    {"\x20\x54\x61\x72\x6f\x72\x69\x6c\x67\x61\x74\x65", 12},
    {"\x20\x54\x61\x72\x6f\x72\x75\x6d\x6d\x65\x72\x65", 12},
    {"\x20\x54\x61\x72\x6f\x72\x6f\x72\x68\x6f\x6c\x74", 12},
    {"\x20\x54\x61\x72\x6f\x72\x65\x74\x68\x66\x6f\x72\x64", 13},
    {"\x20\x46\x65\x6e\x6f\x77\x65\x6e\x66\x65\x6c\x6c", 12},
    {"\x20\x4e\x6f\x72\x65\x74\x68\x69\x6c\x77\x69\x63\x6b", 13},
    {"\x20\x4e\x6f\x72\x65\x74\x68\x65\x6e\x67\x61\x74\x65", 13},
    {"\x20\x4e\x6f\x72\x65\x74\x68\x75\x6d\x64\x65\x6e", 12},
    {"\x20\x4e\x6f\x72\x65\x74\x68\x6f\x77\x66\x6f\x72\x64", 13},
    {"\x20\x46\x65\x6e\x65\x74\x68\x61\x73\x68\x77\x69\x63\x6b", 14},
    {"\x20\x42\x65\x6c\x65\x74\x68\x65\x74\x68\x6d\x6f\x6f\x72", 14},
    {"\x20\x42\x65\x6c\x65\x74\x68\x65\x74", 9},
    {"\x20\x4e\x6f\x72\x61\x73\x68\x61\x66\x65\x6c\x6c", 12},
    {"\x20\x4e\x6f\x72\x61\x73\x68\x6f\x77\x66\x6f\x72\x64", 13},
    {"\x20\x4e\x6f\x72\x61\x73\x68\x69\x6c\x66\x65\x6c\x6c", 13},
    {"\x20\x4e\x6f\x72\x75\x6d\x65\x74\x68", 9},
    {"\x20\x4e\x6f\x72\x75\x6d\x6f\x72\x67\x61\x74\x65", 12},
    {"\x20\x4e\x6f\x72\x75\x6d\x65\x74\x68\x64\x65\x6e", 12},
    {"\x20\x46\x65\x6e\x75\x6d\x69\x6c", 8},
    {"\x20\x46\x65\x6e\x75\x6d\x61\x67\x61\x74\x65", 11},
    {"\x20\x46\x65\x6e\x75\x6d\x65\x74", 8},
    {"\x20\x54\x61\x72\x61\x73\x68\x75\x6d\x66\x65\x6c\x6c", 13},
    {"\x20\x42\x65\x6c\x65\x6e\x65\x6e", 8},
    {"\x20\x4e\x6f\x72\x69\x6c\x65\x6e", 8},
    {"\x20\x4e\x6f\x72\x69\x6c\x69\x6c", 8},
    {"\x20\x4e\x6f\x72\x69\x6c\x61\x73\x68", 9},
    {"\x20\x4e\x6f\x72\x69\x6c\x65\x6e\x64\x65\x6e", 11},
    {"\x20\x4e\x6f\x72\x69\x6c\x6f\x77\x6d\x6f\x6f\x72", 12},
    {"\x20\x4e\x6f\x72\x69\x6c\x61\x68\x6f\x6c\x74", 11},
    {"\x20\x4e\x6f\x72\x69\x6c\x65\x74\x68\x67\x61\x74\x65", 13},
    {"\x20\x46\x65\x6e\x6f\x72\x6f\x72", 8},
    {"\x20\x46\x65\x6e\x6f\x72\x61\x6d\x6f\x6f\x72", 11},
    {"\x20\x46\x65\x6e\x6f\x72\x75\x6d\x77\x69\x63\x6b", 12},
    {"\x20\x46\x65\x6e\x6f\x72\x65\x6e\x6d\x6f\x6f\x72", 12},
    {"\x20\x46\x65\x6e\x6f\x72\x65\x74\x68\x6d\x65\x72\x65", 13},
    {"\x20\x4e\x6f\x72\x61\x6f\x72\x6d\x6f\x6f\x72", 11},
    {"\x20\x54\x61\x72\x65\x6e\x6f\x72\x6d\x6f\x6f\x72", 12},
    {"\x20\x54\x61\x72\x6f\x77\x75\x6d\x66\x6f\x72\x64", 12},
    {"\x20\x54\x61\x72\x6f\x77\x6f\x77\x64\x65\x6e", 11},
    {"\x20\x54\x61\x72\x6f\x77\x61\x68\x6f\x6c\x74", 11},
    {"\x20\x54\x61\x72\x6f\x77\x75\x6d\x68\x6f\x6c\x74", 12},
    {"\x20\x46\x65\x6e\x61\x6f\x77\x67\x61\x74\x65", 11},
    {"\x20\x46\x65\x6e\x69\x6c\x65\x6e\x68\x6f\x6c\x74", 12},
    {"\x20\x46\x65\x6e\x69\x6c\x61\x66\x6f\x72\x64", 11},
    {"\x20\x46\x65\x6e\x69\x6c\x65\x74\x68\x64\x65\x6e", 12},
    {"\x20\x42\x65\x6c\x75\x6d\x61\x73\x68\x77\x69\x63\x6b", 13},
    {"\x20\x42\x65\x6c\x75\x6d\x65\x74\x68\x68\x6f\x6c\x74", 13},
    {"\x20\x4e\x6f\x72\x6f\x72\x61\x73\x68\x66\x65\x6c\x6c", 13},
    {"\x20\x4e\x6f\x72\x65\x6e\x69\x6c", 8},
    {"\x20\x4e\x6f\x72\x65\x6e\x6f\x77\x6d\x6f\x6f\x72", 12},
    {"\x20\x4e\x6f\x72\x65\x6e\x65\x74\x68\x77\x69\x63\x6b", 13},
    {"\x20\x42\x65\x6c\x61\x73\x68\x65\x74\x68", 10},
    {"\x20\x42\x65\x6c\x61\x73\x68\x65\x74\x68\x66\x65\x6c\x6c", 14},
    {"\x20\x42\x65\x6c\x61\x73\x68\x65\x74\x68\x6d\x65\x72\x65", 14},
    {"\x20\x42\x65\x6c\x6f\x77\x65\x74", 8},
    {"\x20\x42\x65\x6c\x6f\x72\x61\x6d\x65\x72\x65", 11},
    {"\x20\x42\x65\x6c\x6f\x72\x75\x6d\x6d\x6f\x6f\x72", 12},
    {"\x20\x4e\x6f\x72\x6f\x77\x65\x74\x68\x6d\x6f\x6f\x72", 13},
    {"\x20\x54\x61\x72\x69\x6c\x6f\x77\x67\x61\x74\x65", 12},
    {"\x20\x54\x61\x72\x69\x6c\x61\x73\x68\x6d\x6f\x6f\x72", 13},
    {"\x20\x54\x61\x72\x75\x6d\x6f\x77", 8},
    {"\x20\x54\x61\x72\x75\x6d\x6f\x77\x66\x6f\x72\x64", 12},
    {"\x20\x54\x61\x72\x75\x6d\x69\x6c\x6d\x65\x72\x65", 12},
    {"\x20\x42\x65\x6c\x61\x75\x6d\x6d\x65\x72\x65", 11},
    {"\x20\x42\x65\x6c\x61\x75\x6d\x66\x6f\x72\x64", 11},
    {"\x20\x42\x65\x6c\x61\x6f\x77\x6d\x65\x72\x65", 11},
    {"\x20\x42\x65\x6c\x61\x6f\x72\x66\x6f\x72\x64", 11},
    {"\x20\x42\x65\x6c\x61\x6f\x72\x77\x69\x63\x6b", 11},
    {"\x20\x42\x65\x6c\x61\x61\x66\x6f\x72\x64", 10},
    {"\x20\x42\x65\x6c\x69\x6c\x6f\x77\x6d\x65\x72\x65", 12},
    {"\x20\x42\x65\x6c\x69\x6c\x65\x6e\x67\x61\x74\x65", 12},
    {"\x20\x42\x65\x6c\x69\x6c\x61\x68\x6f\x6c\x74", 11},
    {"\x20\x42\x65\x6c\x69\x6c\x6f\x72\x66\x65\x6c\x6c", 12},
    {"\x20\x42\x65\x6c\x69\x6c\x65\x74\x68\x64\x65\x6e", 12},
    {"\x20\x46\x65\x6e\x61\x73\x68\x69\x6c\x77\x69\x63\x6b", 13},
    {"\x20\x46\x65\x6e\x61\x73\x68\x65\x74\x68\x68\x6f\x6c\x74", 14},
    {"\x20\x46\x65\x6e\x65\x6e\x61\x64\x65\x6e", 10},
    {"\x20\x46\x65\x6e\x65\x6e\x61\x73\x68\x68\x6f\x6c\x74", 13},
    {"\x20\x54\x61\x72\x6f\x72\x6f\x77\x68\x6f\x6c\x74", 12},
    {"\x20\x54\x61\x72\x6f\x72\x61\x73\x68\x6d\x65\x72\x65", 13},
    {"\x20\x54\x61\x72\x6f\x72\x75\x6d\x77\x69\x63\x6b", 12},
    {"\x20\x46\x65\x6e\x6f\x77\x61\x73\x68\x77\x69\x63\x6b", 13},
    {"\x20\x46\x65\x6e\x6f\x77\x6f\x72\x64\x65\x6e", 11},
    {"\x20\x4e\x6f\x72\x65\x74\x68\x61\x73\x68\x6d\x6f\x6f\x72", 14},
    {"\x20\x4e\x6f\x72\x65\x74\x68\x6f\x72\x66\x65\x6c\x6c", 13},
    {"\x20\x42\x65\x6c\x65\x74\x68\x61\x73\x68\x6d\x65\x72\x65", 14},
    {"\x20\x42\x65\x6c\x65\x74\x68\x61\x66\x6f\x72\x64", 12},
    {"\x20\x46\x65\x6e\x65\x74\x68\x6f\x77", 9},
    {"\x20\x46\x65\x6e\x65\x74\x68\x61\x73\x68\x64\x65\x6e", 13},
    {"\x20\x46\x65\x6e\x65\x74\x68\x69\x6c\x6d\x65\x72\x65", 13},
    {"\x20\x46\x65\x6e\x65\x74\x68\x6f\x72\x64\x65\x6e", 12},
    {"\x20\x54\x61\x72\x65\x74\x68\x61\x66\x65\x6c\x6c", 12},
    {"\x20\x54\x61\x72\x65\x74\x68\x61\x73\x68\x67\x61\x74\x65", 14},
    {"\x20\x54\x61\x72\x65\x74\x68\x75\x6d\x6d\x6f\x6f\x72", 13},
    {"\x20\x46\x65\x6e\x65\x74\x68\x65\x74\x68\x64\x65\x6e", 13},
    {"\x20\x4e\x6f\x72\x61\x73\x68\x61\x73\x68\x66\x6f\x72\x64", 14},
    {"\x20\x4e\x6f\x72\x75\x6d\x69\x6c\x68\x6f\x6c\x74", 12},
    {"\x20\x4e\x6f\x72\x75\x6d\x61\x73\x68\x6d\x65\x72\x65", 13},
    {"\x20\x4e\x6f\x72\x75\x6d\x65\x6e\x6d\x6f\x6f\x72", 12},
    {"\x20\x54\x61\x72\x61\x6f\x77\x77\x69\x63\x6b", 11},
    {"\x20\x54\x61\x72\x61\x69\x6c\x68\x6f\x6c\x74", 11},
    {"\x20\x54\x61\x72\x61\x61\x68\x6f\x6c\x74", 10},
    {"\x20\x54\x61\x72\x61\x75\x6d\x6d\x6f\x6f\x72", 11},
    {"\x20\x46\x65\x6e\x75\x6d\x61\x6d\x6f\x6f\x72", 11},
    {"\x20\x54\x61\x72\x61\x73\x68\x6f\x72\x64\x65\x6e", 12},
    {"\x20\x42\x65\x6c\x65\x6e\x61\x73\x68\x77\x69\x63\x6b", 13},
    {"\x20\x4e\x6f\x72\x69\x6c\x61\x73\x68\x66\x6f\x72\x64", 13},
    {"\x20\x46\x65\x6e\x6f\x72\x69\x6c\x77\x69\x63\x6b", 12},
    {"\x20\x46\x65\x6e\x6f\x72\x6f\x77\x66\x6f\x72\x64", 12},
    {"\x20\x4e\x6f\x72\x61\x6f\x72\x68\x6f\x6c\x74", 11},
    {"\x20\x4e\x6f\x72\x61\x61\x66\x65\x6c\x6c", 10},
    {"\x20\x4e\x6f\x72\x61\x61\x73\x68\x6d\x6f\x6f\x72", 12},
    {"\x20\x4e\x6f\x72\x61\x61\x66\x6f\x72\x64", 10},
    {"\x20\x54\x61\x72\x65\x6e\x65\x74\x68\x6d\x65\x72\x65", 13},
    {"\x20\x54\x61\x72\x6f\x77\x65\x6e\x68\x6f\x6c\x74", 12},
    {"\x20\x54\x61\x72\x6f\x77\x65\x6e\x6d\x6f\x6f\x72", 12},
    {"\x20\x46\x65\x6e\x61\x69\x6c\x68\x6f\x6c\x74", 11},
    {"\x20\x46\x65\x6e\x69\x6c\x6f\x77\x66\x65\x6c\x6c", 12},
    {"\x20\x46\x65\x6e\x69\x6c\x6f\x72\x68\x6f\x6c\x74", 12},
    {"\x20\x46\x65\x6e\x69\x6c\x69\x6c\x6d\x65\x72\x65", 12},
    {"\x20\x46\x65\x6e\x69\x6c\x6f\x72\x66\x65\x6c\x6c", 12},
    {"\x20\x42\x65\x6c\x75\x6d\x6f\x72\x6d\x6f\x6f\x72", 12},
    {"\x20\x42\x65\x6c\x75\x6d\x65\x74\x68\x77\x69\x63\x6b", 13},
    {"\x20\x4e\x6f\x72\x6f\x72\x69\x6c\x68\x6f\x6c\x74", 12},
    {"\x20\x4e\x6f\x72\x6f\x72\x61\x73\x68\x64\x65\x6e", 12},
    {"\x20\x4e\x6f\x72\x6f\x72\x6f\x77\x66\x6f\x72\x64", 12},
    {"\x20\x4e\x6f\x72\x6f\x72\x65\x74\x68\x6d\x6f\x6f\x72", 13},
    {"\x20\x42\x65\x6c\x61\x73\x68\x69\x6c\x6d\x65\x72\x65", 13},
    {"\x20\x42\x65\x6c\x61\x73\x68\x65\x74\x68\x64\x65\x6e", 13},
    {"\x20\x42\x65\x6c\x6f\x72\x6f\x77\x66\x65\x6c\x6c", 12},
    {"\x20\x42\x65\x6c\x6f\x72\x75\x6d\x66\x6f\x72\x64", 12},
    {"\x20\x42\x65\x6c\x6f\x72\x6f\x77\x64\x65\x6e", 11},
    {"\x20\x4e\x6f\x72\x6f\x77\x6f\x72\x68\x6f\x6c\x74", 12},
    {"\x20\x54\x61\x72\x69\x6c\x69\x6c\x6d\x65\x72\x65", 12},
    {"\x20\x54\x61\x72\x69\x6c\x65\x74\x68\x66\x65\x6c\x6c", 13},
    {"\x20\x54\x61\x72\x75\x6d\x6f\x72\x6d\x65\x72\x65", 12},
    {"\x20\x42\x65\x6c\x61\x6f\x72\x64\x65\x6e", 10},
    {"\x20\x42\x65\x6c\x69\x6c\x69\x6c\x64\x65\x6e", 11},
    {"\x20\x42\x65\x6c\x69\x6c\x6f\x77\x6d\x6f\x6f\x72", 12},
    {"\x20\x46\x65\x6e\x65\x6e\x6f\x77\x6d\x6f\x6f\x72", 12},
    {"\x20\x46\x65\x6e\x65\x6e\x6f\x72\x6d\x65\x72\x65", 12},
    {"\x20\x46\x65\x6e\x65\x6e\x61\x73\x68\x6d\x6f\x6f\x72", 13},
    {"\x20\x46\x65\x6e\x65\x6e\x6f\x72\x77\x69\x63\x6b", 12},
    {"\x20\x46\x65\x6e\x6f\x77\x65\x6e\x68\x6f\x6c\x74", 12},
    {"\x20\x42\x65\x6c\x65\x74\x68\x6f\x72\x77\x69\x63\x6b", 13},
    {"\x20\x42\x65\x6c\x65\x74\x68\x75\x6d\x77\x69\x63\x6b", 13},
    {"\x20\x46\x65\x6e\x65\x74\x68\x69\x6c\x67\x61\x74\x65", 13},
    {"\x20\x46\x65\x6e\x65\x74\x68\x61\x73\x68\x68\x6f\x6c\x74", 14},
    {"\x20\x46\x65\x6e\x65\x74\x68\x75\x6d\x6d\x6f\x6f\x72", 13},
    {"\x20\x54\x61\x72\x65\x74\x68\x65\x74\x68\x68\x6f\x6c\x74", 14},
    {"\x20\x54\x61\x72\x65\x74\x68\x65\x74\x68\x64\x65\x6e", 13},
    {"\x20\x42\x65\x6c\x65\x74\x68\x65\x74\x68\x77\x69\x63\x6b", 14},
    {"\x20\x46\x65\x6e\x65\x74\x68\x65\x74\x68\x66\x6f\x72\x64", 14},
    {"\x20\x4e\x6f\x72\x61\x73\x68\x6f\x72", 9},
    {"\x20\x4e\x6f\x72\x61\x73\x68\x65\x6e\x68\x6f\x6c\x74", 13},
    {"\x20\x4e\x6f\x72\x61\x73\x68\x61\x66\x6f\x72\x64", 12},
    {"\x20\x4e\x6f\x72\x75\x6d\x6f\x77", 8},
    {"\x20\x4e\x6f\x72\x75\x6d\x75\x6d\x67\x61\x74\x65", 12},
    {"\x20\x4e\x6f\x72\x75\x6d\x65\x74", 8},
    {"\x20\x54\x61\x72\x61\x65\x74\x68\x6d\x6f\x6f\x72", 12},
    {"\x20\x46\x65\x6e\x75\x6d\x75\x6d\x64\x65\x6e", 11},
    {"\x20\x46\x65\x6e\x75\x6d\x65\x74\x68\x67\x61\x74\x65", 13},
    {"\x20\x42\x65\x6c\x65\x6e\x6f\x77\x6d\x6f\x6f\x72", 12},
    {"\x20\x42\x65\x6c\x65\x6e\x61\x73\x68\x64\x65\x6e", 12},
    {"\x20\x42\x65\x6c\x65\x6e\x75\x6d\x64\x65\x6e", 11},
    {"\x20\x4e\x6f\x72\x69\x6c\x61\x6d\x6f\x6f\x72", 11},
    {"\x20\x4e\x6f\x72\x69\x6c\x65\x6e\x66\x65\x6c\x6c", 12},
    {"\x20\x4e\x6f\x72\x61\x61\x6d\x6f\x6f\x72", 10},
    {"\x20\x4e\x6f\x72\x61\x75\x6d\x67\x61\x74\x65", 11},
    {"\x20\x4e\x6f\x72\x61\x61\x73\x68\x64\x65\x6e", 11},
    {"\x20\x54\x61\x72\x65\x6e\x69\x6c\x77\x69\x63\x6b", 12},
    {"\x20\x54\x61\x72\x6f\x77\x61\x6d\x6f\x6f\x72", 11},
    {"\x20\x54\x61\x72\x6f\x77\x6f\x77\x77\x69\x63\x6b", 12},
    {"\x20\x54\x61\x72\x6f\x77\x65\x6e\x67\x61\x74\x65", 12},
    {"\x20\x46\x65\x6e\x69\x6c\x75\x6d", 8},
    {"\x20\x46\x65\x6e\x69\x6c\x69\x6c", 8},
    {"\x20\x46\x65\x6e\x69\x6c\x65\x6e\x64\x65\x6e", 11},
    {"\x20\x46\x65\x6e\x69\x6c\x6f\x77\x6d\x6f\x6f\x72", 12},
    {"\x20\x4e\x6f\x72\x6f\x72\x6f\x72", 8},
    {"\x20\x4e\x6f\x72\x6f\x72\x61\x73\x68\x66\x6f\x72\x64", 13},
    {"\x20\x4e\x6f\x72\x65\x6e\x65\x6e", 8},
    {"\x20\x4e\x6f\x72\x65\x6e\x61\x66\x65\x6c\x6c", 11},
    {"\x20\x4e\x6f\x72\x65\x6e\x69\x6c\x6d\x65\x72\x65", 12},
    {"\x20\x4e\x6f\x72\x65\x6e\x75\x6d\x6d\x6f\x6f\x72", 12},
    {"\x20\x42\x65\x6c\x61\x73\x68\x69", 8},
    {"\x20\x42\x65\x6c\x61\x73\x68\x6f\x72\x67\x61\x74\x65", 13},
    {"\x20\x42\x65\x6c\x61\x73\x68\x65\x6e\x66\x65\x6c\x6c", 13},
    {"\x20\x42\x65\x6c\x6f\x77\x69\x6c", 8},
    {"\x20\x42\x65\x6c\x6f\x77\x69\x6c\x67\x61\x74\x65", 12},
    {"\x20\x42\x65\x6c\x6f\x77\x61\x77\x69\x63\x6b", 11},
    {"\x20\x42\x65\x6c\x6f\x77\x65\x74\x68\x6d\x65\x72\x65", 13},
    {"\x20\x42\x65\x6c\x6f\x72\x6f\x72", 8},
    {"\x20\x42\x65\x6c\x6f\x72\x69\x6c\x68\x6f\x6c\x74", 12},
    {"\x20\x42\x65\x6c\x6f\x72\x6f\x72\x67\x61\x74\x65", 12},
    {"\x20\x4e\x6f\x72\x6f\x77\x6f\x72", 8},
    {"\x20\x4e\x6f\x72\x6f\x77\x6f\x72\x6d\x6f\x6f\x72", 12},
    {"\x20\x4e\x6f\x72\x6f\x77\x65\x74\x68\x77\x69\x63\x6b", 13},
    {"\x20\x54\x61\x72\x69\x6c\x75\x6d", 8},
    {"\x20\x54\x61\x72\x69\x6c\x6f\x72\x66\x6f\x72\x64", 12},
    {"\x20\x54\x61\x72\x75\x6d\x75\x6d", 8},
    {"\x20\x54\x61\x72\x75\x6d\x61\x73\x68\x68\x6f\x6c\x74", 13},
    {"\x20\x54\x61\x72\x75\x6d\x6f\x72\x64\x65\x6e", 11},
    {"\x20\x42\x65\x6c\x61\x6f\x72\x6d\x65\x72\x65", 11},
    {"\x20\x42\x65\x6c\x61\x61\x73\x68\x6d\x65\x72\x65", 12},
    {"\x20\x42\x65\x6c\x61\x65\x74\x68\x64\x65\x6e", 11},
    {"\x20\x42\x65\x6c\x69\x6c\x61\x73\x68\x68\x6f\x6c\x74", 13},
    {"\x20\x42\x65\x6c\x69\x6c\x61\x6d\x65\x72\x65", 11},
    {"\x20\x46\x65\x6e\x61\x73\x68\x61\x73\x68", 10},
    {"\x20\x46\x65\x6e\x61\x73\x68\x6f\x77\x6d\x6f\x6f\x72", 13},
    {"\x20\x46\x65\x6e\x61\x73\x68\x65\x74\x68\x67\x61\x74\x65", 14},
    {"\x20\x46\x65\x6e\x65\x6e\x75\x6d", 8},
    {"\x20\x46\x65\x6e\x65\x6e\x69\x6c\x6d\x6f\x6f\x72", 12},
    {"\x20\x54\x61\x72\x6f\x72\x65\x6e\x77\x69\x63\x6b", 12},
    {"\x20\x54\x61\x72\x6f\x72\x6f\x72\x6d\x65\x72\x65", 12},
    {"\x20\x54\x61\x72\x6f\x72\x6f\x72\x66\x6f\x72\x64", 12},
    {"\x20\x4e\x6f\x72\x65\x74\x68\x65\x6e\x64\x65\x6e", 12},
    {"\x20\x4e\x6f\x72\x65\x74\x68\x69\x6c\x66\x6f\x72\x64", 13},
    {"\x20\x42\x65\x6c\x65\x74\x68\x75\x6d\x6d\x6f\x6f\x72", 13},
    {"\x20\x54\x61\x72\x65\x74\x68\x69", 8},
    {"\x20\x54\x61\x72\x65\x74\x68\x69\x6c\x77\x69\x63\x6b", 13},
    {"\x20\x54\x61\x72\x65\x74\x68\x69\x6c\x6d\x6f\x6f\x72", 13},
    {"\x20\x4e\x6f\x72\x65\x74\x68\x65\x74\x68\x64\x65\x6e", 13},
    {"\x69\x6c\x66\x65\x6c", 5},
    {"\x20\x4e\x6f\x72\x61\x73\x68\x65\x74\x68\x77\x69\x63\x6b", 14},
    {"\x20\x4e\x6f\x72\x75\x6d\x65\x74\x68\x66\x6f\x72\x64", 13},
    {"\x20\x46\x65\x6e\x75\x6d\x69\x6c\x68\x6f\x6c\x74", 12},
    {"\x20\x46\x65\x6e\x75\x6d\x65\x74\x68\x77\x69\x63\x6b", 13},
    {"\x20\x54\x61\x72\x61\x73\x68\x6f\x77\x64\x65\x6e", 12},
    {"\x20\x54\x61\x72\x61\x73\x68\x61\x66\x65\x6c\x6c", 12},
    {"\x20\x54\x61\x72\x61\x73\x68\x61\x73\x68\x66\x65\x6c\x6c", 14},
    {"\x20\x54\x61\x72\x61\x73\x68\x6f\x72\x77\x69\x63\x6b", 13},
    {"\x20\x4e\x6f\x72\x69\x6c\x61\x77\x69\x63\x6b", 11},
    {"\x20\x4e\x6f\x72\x69\x6c\x61\x73\x68\x68\x6f\x6c\x74", 13},
    {"\x20\x4e\x6f\x72\x69\x6c\x65\x6e\x67\x61\x74\x65", 12},
    {"\x20\x4e\x6f\x72\x69\x6c\x61\x6d\x65\x72\x65", 11},
    {"\x20\x4e\x6f\x72\x61\x75\x6d\x66\x6f\x72\x64", 11},
    {"\x20\x4e\x6f\x72\x61\x61\x73\x68\x66\x65\x6c\x6c", 12},
    {"\x20\x54\x61\x72\x65\x6e\x69\x6c\x64\x65\x6e", 11},
    {"\x20\x54\x61\x72\x65\x6e\x61\x73\x68\x66\x65\x6c\x6c", 13},
    {"\x20\x54\x61\x72\x65\x6e\x6f\x72\x66\x6f\x72\x64", 12},
    {"\x20\x54\x61\x72\x65\x6e\x6f\x72\x77\x69\x63\x6b", 12},
    {"\x20\x54\x61\x72\x65\x6e\x65\x6e\x67\x61\x74\x65", 12},
    {"\x20\x54\x61\x72\x6f\x77\x6f\x72\x68\x6f\x6c\x74", 12},
    {"\x20\x46\x65\x6e\x61\x69\x6c\x6d\x65\x72\x65", 11},
    {"\x20\x46\x65\x6e\x61\x65\x74\x68\x6d\x6f\x6f\x72", 12},
    {"\x20\x46\x65\x6e\x69\x6c\x69\x6c\x77\x69\x63\x6b", 12},
    {"\x20\x46\x65\x6e\x69\x6c\x65\x6e\x6d\x6f\x6f\x72", 12},
    {"\x20\x42\x65\x6c\x75\x6d\x6f\x77\x68\x6f\x6c\x74", 12},
    {"\x20\x42\x65\x6c\x75\x6d\x6f\x77\x64\x65\x6e", 11},
    {"\x20\x42\x65\x6c\x75\x6d\x69\x6c\x6d\x65\x72\x65", 12},
    {"\x20\x4e\x6f\x72\x6f\x72\x75\x6d\x6d\x65\x72\x65", 12},
    {"\x20\x4e\x6f\x72\x6f\x72\x65\x74\x68\x6d\x65\x72\x65", 13},
    {"\x20\x4e\x6f\x72\x6f\x72\x65\x74\x68\x66\x6f\x72\x64", 13},
    {"\x20\x42\x65\x6c\x61\x73\x68\x75\x6d\x6d\x65\x72\x65", 13},
    {"\x20\x42\x65\x6c\x6f\x77\x61\x64\x65\x6e", 10},
    {"\x20\x42\x65\x6c\x6f\x72\x61\x73\x68\x77\x69\x63\x6b", 13},
    {"\x20\x42\x65\x6c\x6f\x72\x65\x74\x68\x6d\x65\x72\x65", 13},
    {"\x20\x4e\x6f\x72\x6f\x77\x61\x66\x6f\x72\x64", 11},
    {"\x20\x54\x61\x72\x69\x6c\x61\x73\x68\x67\x61\x74\x65", 13},
    {"\x20\x54\x61\x72\x69\x6c\x61\x73\x68\x6d\x65\x72\x65", 13},
    {"\x20\x54\x61\x72\x75\x6d\x69\x6c\x68\x6f\x6c\x74", 12},
    {"\x20\x42\x65\x6c\x61\x65\x6e\x66\x6f\x72\x64", 11},
    {"\x20\x46\x65\x6e\x61\x73\x68\x6f\x72\x6d\x6f\x6f\x72", 13},
    {"\x20\x46\x65\x6e\x61\x73\x68\x6f\x77\x6d\x65\x72\x65", 13},
    {"\x20\x54\x61\x72\x6f\x72\x61\x73\x68\x66\x6f\x72\x64", 13},
    {"\x20\x46\x65\x6e\x6f\x77\x61\x68\x6f\x6c\x74", 11},
    {"\x20\x46\x65\x6e\x6f\x77\x6f\x77\x66\x6f\x72\x64", 12},
    {"\x20\x4e\x6f\x72\x65\x74\x68\x75\x6d\x66\x65\x6c\x6c", 13},
    {"\x20\x4e\x6f\x72\x65\x74\x68\x6f\x72\x6d\x6f\x6f\x72", 13},
    {"\x20\x4e\x6f\x72\x65\x74\x68\x61\x68\x6f\x6c\x74", 12},
    {"\x20\x42\x65\x6c\x65\x74\x68\x6f\x77\x64\x65\x6e", 12},
    {"\x20\x42\x65\x6c\x65\x74\x68\x69\x6c\x77\x69\x63\x6b", 13},
    {"\x20\x46\x65\x6e\x65\x74\x68\x6f\x72\x68\x6f\x6c\x74", 13},
    {"\x20\x54\x61\x72\x65\x74\x68\x6f\x72\x66\x6f\x72\x64", 13},
    {"\x20\x54\x61\x72\x65\x74\x68\x6f\x72\x66\x65\x6c\x6c", 13},
    {"\x20\x54\x61\x72\x65\x74\x68\x61\x66\x6f\x72\x64", 12},
    {"\x20\x46\x65\x6e\x65\x74\x68\x65\x74\x68\x66\x65\x6c\x6c", 14},
    {"\x4e\x6f\x72\x65\x74\x68\x65\x74\x68", 9},
    {"\x20\x4e\x6f\x72\x61\x73\x68\x65\x74\x68", 10},
    {"\x20\x4e\x6f\x72\x75\x6d\x65\x6e\x67\x61\x74\x65", 12},
    {"\x20\x54\x61\x72\x61\x65\x74\x68\x68\x6f\x6c\x74", 12},
    {"\x20\x54\x61\x72\x61\x65\x74\x68\x64\x65\x6e", 11},
    {"\x20\x46\x65\x6e\x75\x6d\x6f\x72", 8},
    {"\x20\x46\x65\x6e\x75\x6d\x69\x6c\x66\x6f\x72\x64", 12},
    {"\x20\x46\x65\x6e\x75\x6d\x61\x66\x6f\x72\x64", 11},
    {"\x20\x46\x65\x6e\x75\x6d\x65\x74\x68\x66\x6f\x72\x64", 13},
    {"\x20\x54\x61\x72\x61\x73\x68\x75", 8},
    {"\x20\x54\x61\x72\x61\x73\x68\x61\x73\x68\x6d\x6f\x6f\x72", 14},
    {"\x20\x54\x61\x72\x61\x73\x68\x61\x73\x68\x68\x6f\x6c\x74", 14},
    {"\x20\x54\x61\x72\x61\x73\x68\x75\x6d\x77\x69\x63\x6b", 13},
    {"\x20\x42\x65\x6c\x65\x6e\x61\x73", 8},
    {"\x20\x4e\x6f\x72\x69\x6c\x6f\x77\x64\x65\x6e", 11},
    {"\x20\x4e\x6f\x72\x69\x6c\x69\x6c\x66\x6f\x72\x64", 12},
    {"\x20\x4e\x6f\x72\x69\x6c\x61\x66\x65\x6c\x6c", 11},
    {"\x20\x46\x65\x6e\x6f\x72\x6f\x77", 8},
    {"\x20\x46\x65\x6e\x6f\x72\x75\x6d\x64\x65\x6e", 11},
    {"\x20\x4e\x6f\x72\x61\x6f\x72\x66\x65\x6c\x6c", 11},
    {"\x20\x4e\x6f\x72\x61\x65\x6e\x6d\x6f\x6f\x72", 11},
    {"\x20\x54\x61\x72\x65\x6e\x6f\x77\x68\x6f\x6c\x74", 12},
    {"\x20\x54\x61\x72\x65\x6e\x75\x6d\x66\x6f\x72\x64", 12},
    {"\x20\x54\x61\x72\x65\x6e\x69\x6c\x66\x6f\x72\x64", 12},
    {"\x20\x54\x61\x72\x65\x6e\x65\x74\x68\x67\x61\x74\x65", 13},
    {"\x20\x54\x61\x72\x65\x6e\x65\x74\x68\x64\x65\x6e", 12},
    {"\x20\x46\x65\x6e\x61\x65\x74\x68\x64\x65\x6e", 11},
    {"\x20\x46\x65\x6e\x69\x6c\x61\x73", 8},
    {"\x20\x46\x65\x6e\x69\x6c\x6f\x77\x66\x6f\x72\x64", 12},
    {"\x20\x46\x65\x6e\x69\x6c\x61\x73\x68\x77\x69\x63\x6b", 13},
    {"\x20\x4e\x6f\x72\x6f\x72\x65\x6e\x68\x6f\x6c\x74", 12},
    {"\x20\x4e\x6f\x72\x6f\x72\x69\x6c\x66\x65\x6c\x6c", 12},
    {"\x20\x4e\x6f\x72\x65\x6e\x69\x6c\x66\x6f\x72\x64", 12},
    {"\x20\x4e\x6f\x72\x65\x6e\x61\x73\x68\x6d\x65\x72\x65", 13},
    {"\x20\x4e\x6f\x72\x65\x6e\x6f\x72\x66\x65\x6c\x6c", 12},
    {"\x20\x42\x65\x6c\x61\x73\x68\x69\x6c\x64\x65\x6e", 12},
    {"\x20\x42\x65\x6c\x61\x73\x68\x65\x74\x68\x66\x6f\x72\x64", 14},
    {"\x20\x42\x65\x6c\x61\x73\x68\x65\x74\x68\x6d\x6f\x6f\x72", 14},
    {"\x20\x42\x65\x6c\x6f\x77\x65\x74\x68\x6d\x6f\x6f\x72", 13},
    {"\x20\x54\x61\x72\x69\x6c\x75\x6d\x68\x6f\x6c\x74", 12},
    {"\x20\x54\x61\x72\x75\x6d\x69\x6c\x64\x65\x6e", 11},
    {"\x20\x42\x65\x6c\x61\x69\x6c\x6d\x65\x72\x65", 11},
    {"\x20\x42\x65\x6c\x69\x6c\x75\x6d\x66\x65\x6c\x6c", 12},
    {"\x20\x42\x65\x6c\x69\x6c\x6f\x77\x67\x61\x74\x65", 12},
    {"\x20\x42\x65\x6c\x69\x6c\x61\x66\x65\x6c\x6c", 11},
    {"\x20\x46\x65\x6e\x61\x73\x68\x75\x6d", 9},
    {"\x20\x46\x65\x6e\x61\x73\x68\x65\x6e\x66\x6f\x72\x64", 13},
    {"\x20\x46\x65\x6e\x61\x73\x68\x69\x6c\x66\x6f\x72\x64", 13},
    {"\x20\x46\x65\x6e\x61\x73\x68\x6f\x72\x64\x65\x6e", 12},
    {"\x20\x46\x65\x6e\x65\x6e\x6f\x77\x64\x65\x6e", 11},
    {"\x20\x54\x61\x72\x6f\x72\x6f\x72", 8},
    {"\x20\x54\x61\x72\x6f\x72\x75\x6d", 8},
    {"\x20\x46\x65\x6e\x6f\x77\x6f\x72", 8},
    {"\x20\x46\x65\x6e\x6f\x77\x61\x73\x68", 9},
    {"\x20\x46\x65\x6e\x6f\x77\x6f\x72\x68\x6f\x6c\x74", 12},
    {"\x20\x46\x65\x6e\x6f\x77\x69\x6c\x68\x6f\x6c\x74", 12},
    {"\x20\x46\x65\x6e\x6f\x77\x6f\x77\x6d\x6f\x6f\x72", 12},
    {"\x20\x4e\x6f\x72\x65\x74\x68\x6f\x77\x66\x65\x6c\x6c", 13},
    {"\x20\x42\x65\x6c\x65\x74\x68\x61\x73\x68\x66\x65\x6c\x6c", 14},
    {"\x20\x46\x65\x6e\x65\x74\x68\x61\x64\x65\x6e", 11},
    {"\x20\x46\x65\x6e\x65\x74\x68\x65\x6e\x66\x65\x6c\x6c", 13},
    {"\x20\x54\x61\x72\x65\x74\x68\x61\x73\x68", 10},
    {"\x20\x54\x61\x72\x65\x74\x68\x61\x73\x68\x6d\x65\x72\x65", 14},
    {"\x20\x54\x61\x72\x61\x61\x67\x61\x74\x65", 10},
    {"\x20\x46\x65\x6e\x75\x6d\x75\x6d\x66\x6f\x72\x64", 12},
    {"\x20\x54\x61\x72\x61\x73\x68\x6f\x77\x77\x69\x63\x6b", 13},
    {"\x20\x54\x61\x72\x61\x73\x68\x61\x73\x68\x6d\x65\x72\x65", 14},
    {"\x20\x54\x61\x72\x61\x73\x68\x6f\x72\x67\x61\x74\x65", 13},
    {"\x20\x54\x61\x72\x61\x73\x68\x61\x73\x68\x77\x69\x63\x6b", 14},
    {"\x20\x42\x65\x6c\x65\x6e\x61\x73\x68\x66\x65\x6c\x6c", 13},
    {"\x20\x42\x65\x6c\x65\x6e\x6f\x72\x66\x65\x6c\x6c", 12},
    {"\x20\x4e\x6f\x72\x69\x6c\x69\x6c\x6d\x65\x72\x65", 12},
    {"\x20\x4e\x6f\x72\x69\x6c\x65\x74\x68\x68\x6f\x6c\x74", 13},
    {"\x20\x46\x65\x6e\x6f\x72\x75\x6d\x66\x65\x6c\x6c", 12},
    {"\x20\x4e\x6f\x72\x61\x6f\x77\x67\x61\x74\x65", 11},
    {"\x20\x54\x61\x72\x65\x6e\x61\x73\x68\x6d\x6f\x6f\x72", 13},
    {"\x20\x54\x61\x72\x6f\x77\x65\x6e\x64\x65\x6e", 11},
    {"\x20\x54\x61\x72\x6f\x77\x61\x67\x61\x74\x65", 11},
    {"\x20\x54\x61\x72\x6f\x77\x6f\x72\x66\x6f\x72\x64", 12},
    {"\x20\x54\x61\x72\x6f\x77\x61\x73\x68\x64\x65\x6e", 12},
    {"\x20\x54\x61\x72\x6f\x77\x65\x74\x68\x68\x6f\x6c\x74", 13},
    {"\x20\x46\x65\x6e\x61\x6f\x72\x77\x69\x63\x6b", 11},
    {"\x20\x46\x65\x6e\x61\x69\x6c\x66\x65\x6c\x6c", 11},
    {"\x20\x46\x65\x6e\x61\x65\x74\x68\x66\x6f\x72\x64", 12},
    {"\x20\x4e\x6f\x72\x6f\x72\x61\x66\x6f\x72\x64", 11},
    {"\x20\x4e\x6f\x72\x65\x6e\x6f\x72\x67\x61\x74\x65", 12},
    {"\x20\x4e\x6f\x72\x65\x6e\x65\x6e\x6d\x6f\x6f\x72", 12},
    {"\x20\x42\x65\x6c\x61\x73\x68\x69\x6c\x66\x6f\x72\x64", 13},
    {"\x20\x42\x65\x6c\x61\x73\x68\x61\x66\x65\x6c\x6c", 12},
    {"\x20\x42\x65\x6c\x6f\x77\x61\x73\x68\x67\x61\x74\x65", 13},
    {"\x20\x42\x65\x6c\x6f\x72\x61\x6d\x6f\x6f\x72", 11},
    {"\x20\x42\x65\x6c\x6f\x72\x65\x74\x68\x68\x6f\x6c\x74", 13},
    {"\x20\x4e\x6f\x72\x6f\x77\x65\x6e\x77\x69\x63\x6b", 12},
    {"\x20\x4e\x6f\x72\x6f\x77\x65\x6e\x68\x6f\x6c\x74", 12},
    {"\x20\x4e\x6f\x72\x6f\x77\x61\x6d\x65\x72\x65", 11},
    {"\x20\x4e\x6f\x72\x6f\x77\x75\x6d\x6d\x6f\x6f\x72", 12},
    {"\x20\x54\x61\x72\x69\x6c\x69\x6c\x67\x61\x74\x65", 12},
    {"\x20\x54\x61\x72\x69\x6c\x65\x6e\x77\x69\x63\x6b", 12},
    {"\x20\x54\x61\x72\x69\x6c\x6f\x72\x6d\x65\x72\x65", 12},
    {"\x20\x54\x61\x72\x69\x6c\x61\x68\x6f\x6c\x74", 11},
    {"\x20\x42\x65\x6c\x61\x65\x74\x68\x6d\x65\x72\x65", 12},
    {"\x20\x42\x65\x6c\x61\x65\x74\x68\x6d\x6f\x6f\x72", 12},
    {"\x20\x46\x65\x6e\x61\x73\x68\x65\x74\x68\x77\x69\x63\x6b", 14},
    {"\x20\x46\x65\x6e\x65\x6e\x65\x6e\x66\x65\x6c\x6c", 12},
    {"\x20\x46\x65\x6e\x65\x6e\x61\x66\x6f\x72\x64", 11},
    {"\x20\x54\x61\x72\x6f\x72\x6f\x77\x6d\x6f\x6f\x72", 12},
    {"\x20\x54\x61\x72\x6f\x72\x69\x6c\x6d\x65\x72\x65", 12},
    {"\x20\x54\x61\x72\x6f\x72\x65\x6e\x66\x65\x6c\x6c", 12},
    {"\x20\x54\x61\x72\x6f\x72\x75\x6d\x6d\x6f\x6f\x72", 12},
    {"\x20\x46\x65\x6e\x6f\x77\x6f\x72\x77\x69\x63\x6b", 12},
    {"\x20\x46\x65\x6e\x6f\x77\x65\x74\x68\x68\x6f\x6c\x74", 13},
    {"\x20\x4e\x6f\x72\x65\x74\x68\x6f\x77\x64\x65\x6e", 12},
    {"\x20\x46\x65\x6e\x65\x74\x68\x6f\x77\x6d\x65\x72\x65", 13},
    {"\x20\x54\x61\x72\x65\x74\x68\x61\x77\x69\x63\x6b", 12},
    {"\x20\x54\x61\x72\x65\x74\x68\x75\x6d\x66\x6f\x72\x64", 13},
    {"\x20\x4e\x6f\x72\x61\x73\x68\x69\x6c\x64\x65\x6e", 12},
    {"\x20\x4e\x6f\x72\x61\x73\x68\x61\x73\x68\x6d\x6f\x6f\x72", 14},
    {"\x20\x54\x61\x72\x61\x6f\x72\x6d\x65\x72\x65", 11},
    {"\x20\x54\x61\x72\x61\x61\x73\x68\x66\x6f\x72\x64", 12},
    {"\x20\x46\x65\x6e\x75\x6d\x6f\x72\x67\x61\x74\x65", 12},
    {"\x20\x46\x65\x6e\x75\x6d\x69\x6c\x6d\x65\x72\x65", 12},
    {"\x20\x46\x65\x6e\x75\x6d\x69\x6c\x66\x65\x6c\x6c", 12},
    {"\x20\x54\x61\x72\x61\x73\x68\x69", 8},
    {"\x20\x42\x65\x6c\x65\x6e\x6f\x77\x68\x6f\x6c\x74", 12},
    {"\x20\x42\x65\x6c\x65\x6e\x69\x6c\x68\x6f\x6c\x74", 12},
    {"\x20\x42\x65\x6c\x65\x6e\x75\x6d\x67\x61\x74\x65", 12},
    {"\x20\x42\x65\x6c\x65\x6e\x75\x6d\x6d\x6f\x6f\x72", 12},
    {"\x20\x4e\x6f\x72\x69\x6c\x75\x6d", 8},
    {"\x20\x4e\x6f\x72\x69\x6c\x61\x73\x68\x77\x69\x63\x6b", 13},
    {"\x20\x4e\x6f\x72\x69\x6c\x65\x74", 8},
    {"\x20\x46\x65\x6e\x6f\x72\x61\x73\x68\x66\x65\x6c\x6c", 13},
    {"\x20\x46\x65\x6e\x6f\x72\x61\x67\x61\x74\x65", 11},
    {"\x20\x46\x65\x6e\x6f\x72\x65\x74", 8},
    {"\x20\x4e\x6f\x72\x61\x6f\x72\x77\x69\x63\x6b", 11},
    {"\x20\x46\x65\x6e\x61\x65\x6e\x66\x6f\x72\x64", 11},
    {"\x20\x4e\x6f\x72\x6f\x72\x69\x6c", 8},
    {"\x20\x4e\x6f\x72\x65\x6e\x69\x6c\x67\x61\x74\x65", 12},
    {"\x20\x4e\x6f\x72\x65\x6e\x65\x74\x68\x6d\x6f\x6f\x72", 13},
    {"\x20\x42\x65\x6c\x61\x73\x68\x75", 8},
    {"\x20\x42\x65\x6c\x61\x73\x68\x61\x73\x68", 10},
    {"\x20\x42\x65\x6c\x61\x73\x68\x61\x73\x68\x77\x69\x63\x6b", 14},
    {"\x20\x42\x65\x6c\x61\x73\x68\x65\x6e\x6d\x6f\x6f\x72", 13},
    {"\x20\x4e\x6f\x72\x6f\x77\x65\x6e", 8},
    {"\x20\x4e\x6f\x72\x6f\x77\x6f\x77\x67\x61\x74\x65", 12},
    {"\x20\x4e\x6f\x72\x6f\x77\x69\x6c\x6d\x65\x72\x65", 12},
    {"\x20\x54\x61\x72\x69\x6c\x61\x73", 8},
    {"\x20\x54\x61\x72\x75\x6d\x6f\x72", 8},
    {"\x20\x54\x61\x72\x75\x6d\x61\x73", 8},
    {"\x20\x54\x61\x72\x75\x6d\x61\x73\x68", 9},
    {"\x20\x54\x61\x72\x75\x6d\x65\x6e\x6d\x6f\x6f\x72", 12},
    {"\x20\x54\x61\x72\x75\x6d\x65\x74\x68\x6d\x6f\x6f\x72", 13},
    {"\x20\x42\x65\x6c\x61\x61\x73\x68\x68\x6f\x6c\x74", 12},
    {"\x20\x42\x65\x6c\x69\x6c\x61\x73\x68\x6d\x6f\x6f\x72", 13},
    {"\x20\x42\x65\x6c\x69\x6c\x75\x6d\x77\x69\x63\x6b", 12},
    {"\x20\x42\x65\x6c\x69\x6c\x69\x6c\x6d\x65\x72\x65", 12},
    {"\x20\x46\x65\x6e\x61\x73\x68\x75\x6d\x77\x69\x63\x6b", 13},
    {"\x20\x46\x65\x6e\x61\x73\x68\x61\x66\x6f\x72\x64", 12},
    {"\x20\x46\x65\x6e\x65\x6e\x61\x73", 8},
    {"\x20\x46\x65\x6e\x65\x6e\x61\x73\x68\x66\x65\x6c\x6c", 13},
    {"\x20\x46\x65\x6e\x65\x6e\x61\x73\x68\x64\x65\x6e", 12},
    {"\x20\x46\x65\x6e\x65\x6e\x75\x6d\x64\x65\x6e", 11},
    {"\x20\x46\x65\x6e\x65\x6e\x75\x6d\x6d\x6f\x6f\x72", 12},
    {"\x20\x46\x65\x6e\x6f\x77\x61\x73\x68\x67\x61\x74\x65", 13},
    {"\x20\x46\x65\x6e\x6f\x77\x75\x6d\x64\x65\x6e", 11},
    {"\x20\x4e\x6f\x72\x65\x74\x68\x61\x73\x68", 10},
    {"\x20\x4e\x6f\x72\x65\x74\x68\x65\x6e\x66\x65\x6c\x6c", 13},
    {"\x20\x4e\x6f\x72\x65\x74\x68\x75\x6d\x6d\x6f\x6f\x72", 13},
    {"\x20\x42\x65\x6c\x65\x74\x68\x61\x64\x65\x6e", 11},
    {"\x20\x42\x65\x6c\x65\x74\x68\x65\x6e\x67\x61\x74\x65", 13},
    {"\x20\x46\x65\x6e\x65\x74\x68\x61\x77\x69\x63\x6b", 12},
    {"\x75\x6d\x6d\x65\x72", 5},
    {"\x20\x42\x65\x6c\x65\x74\x68\x65\x74\x68\x66\x65\x6c\x6c", 14},
    {"\x20\x46\x65\x6e\x75\x6d\x65\x6e\x64\x65\x6e", 11},
    {"\x20\x46\x65\x6e\x75\x6d\x6f\x77\x66\x6f\x72\x64", 12},
    {"\x20\x54\x61\x72\x61\x73\x68\x6f\x72\x6d\x6f\x6f\x72", 13},
    {"\x20\x42\x65\x6c\x65\x6e\x6f\x77\x66\x65\x6c\x6c", 12},
    {"\x20\x42\x65\x6c\x65\x6e\x65\x74\x68\x64\x65\x6e", 12},
    {"\x20\x4e\x6f\x72\x61\x61\x73\x68\x67\x61\x74\x65", 12},
    {"\x20\x4e\x6f\x72\x61\x6f\x72\x67\x61\x74\x65", 11},
    {"\x20\x54\x61\x72\x65\x6e\x65\x6e\x6d\x65\x72\x65", 12},
    {"\x20\x54\x61\x72\x6f\x77\x75\x6d\x6d\x65\x72\x65", 12},
    {"\x20\x46\x65\x6e\x61\x61\x67\x61\x74\x65", 10},
    {"\x20\x42\x65\x6c\x75\x6d\x75\x6d\x64\x65\x6e", 11},
    {"\x20\x4e\x6f\x72\x6f\x72\x65\x6e\x77\x69\x63\x6b", 12},
    {"\x20\x4e\x6f\x72\x65\x6e\x65\x74\x68\x67\x61\x74\x65", 13},
    {"\x20\x42\x65\x6c\x61\x73\x68\x6f\x77\x68\x6f\x6c\x74", 13},
    {"\x20\x42\x65\x6c\x61\x73\x68\x6f\x72\x66\x65\x6c\x6c", 13},
    {"\x20\x42\x65\x6c\x6f\x77\x6f\x77\x6d\x65\x72\x65", 12},
    {"\x20\x42\x65\x6c\x6f\x77\x75\x6d\x77\x69\x63\x6b", 12},
    {"\x20\x42\x65\x6c\x6f\x77\x65\x74\x68\x77\x69\x63\x6b", 13},
    {"\x20\x42\x65\x6c\x6f\x72\x65\x6e\x68\x6f\x6c\x74", 12},
    {"\x20\x4e\x6f\x72\x6f\x77\x75\x6d\x68\x6f\x6c\x74", 12},
    {"\x20\x54\x61\x72\x69\x6c\x61\x73\x68\x66\x6f\x72\x64", 13},
    {"\x20\x54\x61\x72\x75\x6d\x6f\x72\x6d\x6f\x6f\x72", 12},
    {"\x20\x54\x61\x72\x75\x6d\x61\x67\x61\x74\x65", 11},
    {"\x20\x42\x65\x6c\x61\x69\x6c\x66\x65\x6c\x6c", 11},
    {"\x20\x42\x65\x6c\x61\x65\x74\x68\x77\x69\x63\x6b", 12},
    {"\x20\x42\x65\x6c\x69\x6c\x6f\x72\x6d\x6f\x6f\x72", 12},
    {"\x20\x42\x65\x6c\x69\x6c\x61\x73\x68\x67\x61\x74\x65", 13},
    {"\x20\x42\x65\x6c\x69\x6c\x6f\x72\x66\x6f\x72\x64", 12},
    {"\x20\x42\x65\x6c\x69\x6c\x6f\x72\x64\x65\x6e", 11},
    {"\x20\x46\x65\x6e\x61\x73\x68\x6f\x72\x77\x69\x63\x6b", 13},
    {"\x20\x46\x65\x6e\x6f\x77\x65\x6e\x77\x69\x63\x6b", 12},
    {"\x20\x46\x65\x6e\x6f\x77\x61\x64\x65\x6e", 10},
    {"\x20\x46\x65\x6e\x6f\x77\x65\x74\x68\x66\x6f\x72\x64", 13},
    {"\x20\x4e\x6f\x72\x65\x74\x68\x75\x6d\x66\x6f\x72\x64", 13},
    {"\x20\x42\x65\x6c\x65\x74\x68\x6f\x77\x77\x69\x63\x6b", 13},
    {"\x20\x42\x65\x6c\x65\x74\x68\x75\x6d\x64\x65\x6e", 12},
    {"\x20\x42\x65\x6c\x65\x74\x68\x61\x73\x68\x77\x69\x63\x6b", 14},
    {"\x20\x46\x65\x6e\x65\x74\x68\x6f\x77\x64\x65\x6e", 12},
    {"\x20\x46\x65\x6e\x65\x74\x68\x75\x6d\x77\x69\x63\x6b", 13},
    {"\x20\x46\x65\x6e\x65\x74\x68\x6f\x77\x66\x6f\x72\x64", 13},
    {"\x20\x54\x61\x72\x65\x74\x68\x61\x73\x68\x66\x65\x6c\x6c", 14},
    {"\x20\x46\x65\x6e\x65\x74\x68\x65\x74\x68\x6d\x65\x72\x65", 14},
    {"\x20\x54\x61\x72\x61\x6f\x77\x66\x6f\x72\x64", 11},
    {"\x20\x46\x65\x6e\x75\x6d\x75\x6d\x77\x69\x63\x6b", 12},
    {"\x20\x4e\x6f\x72\x69\x6c\x6f\x77\x77\x69\x63\x6b", 12},
    {"\x20\x46\x65\x6e\x6f\x72\x61\x73", 8},
    {"\x20\x46\x65\x6e\x6f\x72\x6f\x72\x67\x61\x74\x65", 12},
    {"\x20\x46\x65\x6e\x6f\x72\x75\x6d\x68\x6f\x6c\x74", 12},
    {"\x20\x46\x65\x6e\x6f\x72\x6f\x72\x66\x65\x6c\x6c", 12},
    {"\x20\x4e\x6f\x72\x61\x75\x6d\x68\x6f\x6c\x74", 11},
    {"\x20\x54\x61\x72\x65\x6e\x6f\x77", 8},
    {"\x20\x54\x61\x72\x65\x6e\x75\x6d", 8},
    {"\x20\x54\x61\x72\x65\x6e\x69\x6c\x67\x61\x74\x65", 12},
    {"\x20\x54\x61\x72\x65\x6e\x6f\x77\x6d\x6f\x6f\x72", 12},
    {"\x20\x54\x61\x72\x6f\x77\x65\x6e", 8},
    {"\x20\x54\x61\x72\x6f\x77\x61\x66\x6f\x72\x64", 11},
    {"\x20\x54\x61\x72\x6f\x77\x65\x74", 8},
    {"\x20\x46\x65\x6e\x61\x75\x6d\x77\x69\x63\x6b", 11},
    {"\x20\x46\x65\x6e\x69\x6c\x6f\x72", 8},
    {"\x20\x46\x65\x6e\x69\x6c\x65\x6e", 8},
    {"\x20\x46\x65\x6e\x69\x6c\x65\x6e\x66\x65\x6c\x6c", 12},
    {"\x20\x46\x65\x6e\x69\x6c\x65\x74\x68\x77\x69\x63\x6b", 13},
    {"\x20\x46\x65\x6e\x69\x6c\x6f\x77\x6d", 9},
    {"\x20\x42\x65\x6c\x75\x6d\x65\x74", 8},
    {"\x20\x4e\x6f\x72\x6f\x72\x61\x73\x68\x6d\x65\x72\x65", 13},
    {"\x20\x4e\x6f\x72\x65\x6e\x61\x73\x68\x66\x65\x6c\x6c", 13},
    {"\x20\x42\x65\x6c\x6f\x72\x75\x6d\x6d\x65\x72\x65", 12},
    {"\x20\x42\x65\x6c\x6f\x72\x61\x73\x68\x68\x6f\x6c\x74", 13},
    {"\x20\x42\x65\x6c\x6f\x72\x65\x74", 8},
    {"\x20\x4e\x6f\x72\x6f\x77\x6f\x77", 8},
    {"\x20\x4e\x6f\x72\x6f\x77\x75\x6d\x64\x65\x6e", 11},
    {"\x20\x54\x61\x72\x69\x6c\x6f\x72\x6d\x6f\x6f\x72", 12},
    {"\x20\x54\x61\x72\x75\x6d\x65\x74\x68\x6d\x65\x72\x65", 13},
    {"\x20\x42\x65\x6c\x69\x6c\x6f\x77", 8},
    {"\x20\x42\x65\x6c\x69\x6c\x6f\x77\x77\x69\x63\x6b", 12},
    {"\x20\x42\x65\x6c\x69\x6c\x61\x67\x61\x74\x65", 11},
    {"\x20\x46\x65\x6e\x61\x73\x68\x65\x74\x68", 10},
    {"\x20\x46\x65\x6e\x65\x6e\x69\x6c", 8},
    {"\x20\x46\x65\x6e\x65\x6e\x6f\x77\x66\x6f\x72\x64", 12},
    {"\x20\x54\x61\x72\x6f\x72\x65\x6e", 8},
    {"\x20\x54\x61\x72\x6f\x72\x69\x6c\x64\x65\x6e", 11},
    {"\x20\x54\x61\x72\x6f\x72\x75\x6d\x66", 9},
    {"\x20\x46\x65\x6e\x6f\x77\x61\x73", 8},
    {"\x20\x46\x65\x6e\x6f\x77\x65\x74\x68\x67\x61\x74\x65", 13},
    {"\x20\x4e\x6f\x72\x65\x74\x68\x65\x6e\x68\x6f\x6c\x74", 13},
    {"\x20\x4e\x6f\x72\x65\x74\x68\x6f\x72\x64\x65\x6e", 12},
    {"\x20\x42\x65\x6c\x65\x74\x68\x69", 8},
    {"\x20\x42\x65\x6c\x65\x74\x68\x61\x67\x61\x74\x65", 12},
    {"\x20\x46\x65\x6e\x65\x74\x68\x69", 8},
    {"\x20\x46\x65\x6e\x65\x74\x68\x75", 8},
    {"\x20\x46\x65\x6e\x65\x74\x68\x65\x6e\x6d\x6f\x6f\x72", 13},
    {"\x42\x65\x6c\x65\x74\x68\x65\x74\x68", 9},
    {"\x20\x46\x65\x6e\x65\x74\x68\x65\x74\x68\x67\x61\x74\x65", 14},
    {"\x6f\x72\x67\x61\x74", 5},
    {"\x20\x4e\x6f\x72\x61\x73\x68\x69\x6c\x66\x6f\x72\x64", 13},
    {"\x20\x54\x61\x72\x61\x75\x6d\x64\x65\x6e", 10},
    {"\x20\x46\x65\x6e\x75\x6d\x61\x73\x68\x68\x6f\x6c\x74", 13},
    {"\x20\x46\x65\x6e\x75\x6d\x61\x6d\x65\x72\x65", 11},
    {"\x20\x54\x61\x72\x61\x73\x68\x61\x67\x61\x74\x65", 12},
    {"\x20\x54\x61\x72\x61\x73\x68\x65\x74\x68\x6d\x65\x72\x65", 14},
    {"\x20\x42\x65\x6c\x65\x6e\x61\x6d\x65\x72\x65", 11},
    {"\x20\x4e\x6f\x72\x69\x6c\x75\x6d\x77\x69\x63\x6b", 12},
    {"\x20\x54\x61\x72\x6f\x77\x61\x64\x65\x6e", 10},
    {"\x20\x54\x61\x72\x6f\x77\x69\x6c\x6d\x6f\x6f\x72", 12},
    {"\x20\x54\x61\x72\x6f\x77\x61\x6d\x65\x72\x65", 11},
    {"\x20\x54\x61\x72\x6f\x77\x6f\x77\x66\x6f\x72\x64", 12},
    {"\x20\x46\x65\x6e\x61\x65\x74\x68\x77\x69\x63\x6b", 12},
    {"\x20\x46\x65\x6e\x69\x6c\x69\x6c\x6d\x6f\x6f\x72", 12},
    {"\x20\x42\x65\x6c\x75\x6d\x65\x6e\x67\x61\x74\x65", 12},
    {"\x20\x4e\x6f\x72\x6f\x72\x75\x6d\x66\x65\x6c\x6c", 12},
    {"\x20\x4e\x6f\x72\x65\x6e\x61\x73\x68\x64\x65\x6e", 12},
    {"\x20\x42\x65\x6c\x61\x73\x68\x6f\x77\x77\x69\x63\x6b", 13},
    {"\x20\x42\x65\x6c\x6f\x77\x6f\x72\x66\x6f\x72\x64", 12},
    {"\x20\x4e\x6f\x72\x6f\x77\x65\x6e\x66\x6f\x72\x64", 12},
    {"\x20\x54\x61\x72\x69\x6c\x61\x6d\x65\x72\x65", 11},
    {"\x20\x42\x65\x6c\x61\x6f\x77\x67\x61\x74\x65", 11},
    {"\x20\x42\x65\x6c\x69\x6c\x69\x6c\x67\x61\x74\x65", 12},
    {"\x20\x42\x65\x6c\x69\x6c\x65\x6e\x68\x6f\x6c\x74", 12},
    {"\x20\x42\x65\x6c\x69\x6c\x61\x73\x68\x6d\x65\x72\x65", 13},
    {"\x20\x46\x65\x6e\x61\x73\x68\x61\x73\x68\x64\x65\x6e", 13},
    {"\x20\x46\x65\x6e\x65\x6e\x65\x74\x68\x67\x61\x74\x65", 13},
    {"\x20\x54\x61\x72\x6f\x72\x61\x6d\x6f\x6f\x72", 11},
    {"\x20\x54\x61\x72\x6f\x72\x65\x74\x68\x68\x6f\x6c\x74", 13},
    {"\x20\x46\x65\x6e\x6f\x77\x6f\x77\x6d\x65\x72\x65", 12},
    {"\x20\x54\x61\x72\x65\x74\x68\x69\x6c\x68\x6f\x6c\x74", 13},
    {"\x20\x54\x61\x72\x65\x74\x68\x65\x6e\x67\x61\x74\x65", 13},
    {"\x20\x4e\x6f\x72\x61\x73\x68\x69", 8},
    {"\x20\x4e\x6f\x72\x61\x73\x68\x65\x6e\x6d\x65\x72\x65", 13},
    {"\x20\x4e\x6f\x72\x75\x6d\x69\x6c", 8},
    {"\x20\x4e\x6f\x72\x75\x6d\x65\x6e\x77\x69\x63\x6b", 12},
    {"\x20\x4e\x6f\x72\x75\x6d\x6f\x72\x66\x6f\x72\x64", 12},
    {"\x20\x4e\x6f\x72\x75\x6d\x6f\x72\x6d", 9},
    {"\x20\x54\x61\x72\x61\x6f\x72\x77\x69\x63\x6b", 11},
    {"\x20\x54\x61\x72\x61\x75\x6d\x6d\x6f", 9},
    {"\x20\x46\x65\x6e\x75\x6d\x65\x6e", 8},
    {"\x20\x46\x65\x6e\x75\x6d\x6f\x77", 8},
    {"\x20\x46\x65\x6e\x75\x6d\x75\x6d", 8},
    {"\x20\x42\x65\x6c\x65\x6e\x6f\x77", 8},
    {"\x20\x42\x65\x6c\x65\x6e\x69\x6c\x6d\x65\x72\x65", 12},
    {"\x20\x42\x65\x6c\x65\x6e\x65\x6e\x6d\x6f\x6f\x72", 12},
    {"\x20\x46\x65\x6e\x6f\x72\x65\x6e", 8},
    {"\x20\x4e\x6f\x72\x61\x65\x74\x68\x64\x65\x6e", 11},
    {"\x20\x54\x61\x72\x65\x6e\x65\x6e\x66\x65\x6c\x6c", 12},
    {"\x20\x54\x61\x72\x6f\x77\x61\x73", 8},
    {"\x20\x54\x61\x72\x6f\x77\x6f\x72\x66\x65\x6c\x6c", 12},
    {"\x20\x46\x65\x6e\x69\x6c\x6f\x77\x64\x65\x6e", 11},
    {"\x20\x46\x65\x6e\x69\x6c\x75\x6d\x77\x69\x63\x6b", 12},
    {"\x20\x42\x65\x6c\x75\x6d\x65\x6e", 8},
    {"\x20\x42\x65\x6c\x75\x6d\x65\x74\x68\x64\x65\x6e", 12},
    {"\x20\x4e\x6f\x72\x6f\x72\x75\x6d", 8},
    {"\x20\x42\x65\x6c\x61\x73\x68\x65\x6e\x77\x69\x63\x6b", 13},
    {"\x20\x42\x65\x6c\x61\x73\x68\x65\x6e\x67\x61\x74\x65", 13},
    {"\x20\x42\x65\x6c\x61\x73\x68\x61\x73\x68\x66\x6f\x72\x64", 14},
    {"\x20\x42\x65\x6c\x61\x73\x68\x65\x74\x68\x68\x6f\x6c\x74", 14},
    {"\x20\x42\x65\x6c\x6f\x72\x6f\x77", 8},
    {"\x20\x42\x65\x6c\x6f\x72\x61\x73", 8},
    {"\x20\x4e\x6f\x72\x6f\x77\x6f\x72\x6d\x65\x72\x65", 12},
    {"\x20\x54\x61\x72\x75\x6d\x65\x74\x68\x66\x6f\x72\x64", 13},
    {"\x20\x54\x61\x72\x75\x6d\x65\x74", 8},
    {"\x20\x42\x65\x6c\x61\x61\x73\x68\x66\x65\x6c\x6c", 12},
    {"\x20\x46\x65\x6e\x61\x73\x68\x75", 8},
    {"\x20\x46\x65\x6e\x61\x73\x68\x75\x6d\x67\x61\x74\x65", 13},
    {"\x20\x46\x65\x6e\x61\x73\x68\x65\x74\x68\x6d\x6f\x6f\x72", 14},
    {"\x20\x46\x65\x6e\x65\x6e\x61\x73\x68\x66\x6f\x72\x64", 13},
    {"\x20\x46\x65\x6e\x65\x6e\x75\x6d\x68\x6f\x6c\x74", 12},
    {"\x20\x46\x65\x6e\x65\x6e\x65\x6e\x6d\x6f\x6f\x72", 12},
    {"\x20\x54\x61\x72\x65\x74\x68\x75", 8},
    {"\x20\x54\x61\x72\x65\x74\x68\x61\x68\x6f\x6c\x74", 12},
    {"\x20\x54\x61\x72\x65\x74\x68\x75\x6d\x77\x69\x63\x6b", 13},
    {"\x20\x4e\x6f\x72\x75\x6d\x65\x74\x68\x68\x6f\x6c\x74", 13},
    {"\x20\x54\x61\x72\x65\x6e\x75\x6d\x64\x65\x6e", 11},
    {"\x20\x42\x65\x6c\x61\x73\x68\x61\x66\x6f\x72\x64", 12},
    {"\x20\x42\x65\x6c\x6f\x72\x69\x6c\x66\x65\x6c\x6c", 12},
    {"\x20\x54\x61\x72\x75\x6d\x75\x6d\x67\x61\x74\x65", 12},
    {"\x20\x54\x61\x72\x75\x6d\x61\x73\x68\x66\x6f\x72\x64", 13},
    {"\x20\x54\x61\x72\x75\x6d\x65\x6e\x66\x65\x6c\x6c", 12},
    {"\x20\x42\x65\x6c\x69\x6c\x65\x6e\x6d\x65\x72\x65", 12},
    {"\x20\x46\x65\x6e\x6f\x77\x61\x6d\x6f\x6f\x72", 11},
    {"\x20\x54\x61\x72\x65\x74\x68\x75\x6d\x67\x61\x74\x65", 13},
    {"\x46\x65\x6e\x65\x74\x68\x65\x74\x68", 9},
    {"\x20\x54\x61\x72\x61\x73\x68\x65\x6e\x6d\x6f\x6f\x72", 13},
    {"\x20\x42\x65\x6c\x65\x6e\x6f\x72\x68\x6f\x6c\x74", 12},
    {"\x20\x42\x65\x6c\x65\x6e\x65\x74", 8},
    {"\x20\x42\x65\x6c\x65\x6e\x6f\x72\x6d", 9},
    {"\x20\x42\x65\x6c\x65\x6e\x69\x6c\x6d", 9},
    {"\x20\x4e\x6f\x72\x69\x6c\x6f\x72\x66\x65\x6c\x6c", 12},
    {"\x20\x54\x61\x72\x65\x6e\x65\x74", 8},
    {"\x20\x54\x61\x72\x65\x6e\x65\x6e\x6d", 9},
    {"\x20\x54\x61\x72\x6f\x77\x6f\x77", 8},
    {"\x20\x54\x61\x72\x6f\x77\x65\x6e\x66", 9},
    {"\x20\x46\x65\x6e\x61\x75\x6d", 7},
    {"\x20\x42\x65\x6c\x75\x6d\x65\x74\x68\x67\x61\x74\x65", 13},
    {"\x20\x4e\x6f\x72\x65\x6e\x61\x67\x61\x74\x65", 11},
    {"\x20\x42\x65\x6c\x6f\x77\x61\x68\x6f\x6c\x74", 11},
    {"\x20\x42\x65\x6c\x6f\x77\x65\x74\x68\x68\x6f\x6c\x74", 13},
    {"\x20\x4e\x6f\x72\x6f\x77\x69\x6c", 8},
    {"\x20\x4e\x6f\x72\x6f\x77\x65\x74\x68\x68\x6f\x6c\x74", 13},
    {"\x20\x54\x61\x72\x69\x6c\x65\x6e", 8},
    {"\x20\x54\x61\x72\x69\x6c\x65\x74\x68\x67\x61\x74\x65", 13},
    {"\x20\x54\x61\x72\x69\x6c\x6f\x77\x66", 9},
    {"\x20\x54\x61\x72\x75\x6d\x65\x6e\x67\x61\x74\x65", 12},
    {"\x20\x46\x65\x6e\x61\x73\x68\x61\x73\x68\x77\x69\x63\x6b", 14},
    {"\x20\x46\x65\x6e\x65\x6e\x65\x6e", 8},
    {"\x20\x46\x65\x6e\x65\x6e\x65\x6e\x66\x6f\x72\x64", 12},
    {"\x20\x46\x65\x6e\x65\x6e\x75\x6d\x77\x69\x63\x6b", 12},
    {"\x20\x46\x65\x6e\x65\x6e\x65\x74", 8},
    {"\x20\x42\x65\x6c\x65\x74\x68\x61\x73\x68", 10},
    {"\x20\x46\x65\x6e\x65\x74\x68\x75\x6d\x6d\x65\x72\x65", 13},
    {"\x20\x4e\x6f\x72\x61\x73\x68\x65\x74\x68\x64\x65\x6e", 13},
    {"\x20\x54\x61\x72\x65\x6e\x65\x6e\x68\x6f\x6c\x74", 12},
    {"\x20\x54\x61\x72\x6f\x77\x65\x74\x68\x66\x6f\x72\x64", 13},
    {"\x20\x46\x65\x6e\x61\x6f\x77\x68\x6f\x6c\x74", 11},
    {"\x20\x46\x65\x6e\x61\x69\x6c\x6d\x6f\x6f\x72", 11},
    {"\x20\x42\x65\x6c\x6f\x77\x75\x6d\x6d\x6f\x6f\x72", 12},
    {"\x20\x42\x65\x6c\x6f\x72\x65\x74\x68\x66\x65\x6c\x6c", 13},
    {"\x20\x54\x61\x72\x69\x6c\x65\x74\x68\x64\x65\x6e", 12},
    {"\x20\x54\x61\x72\x75\x6d\x69\x6c\x66\x6f\x72\x64", 12},
    {"\x20\x42\x65\x6c\x61\x75\x6d\x68\x6f\x6c\x74", 11},
    {"\x20\x42\x65\x6c\x69\x6c\x61\x73\x68\x77\x69\x63\x6b", 13},
    {"\x20\x46\x65\x6e\x65\x6e\x6f\x72\x64\x65\x6e", 11},
    {"\x20\x54\x61\x72\x6f\x72\x6f\x77\x6d\x65\x72\x65", 12},
    {"\x20\x4e\x6f\x72\x61\x73\x68\x65\x6e\x66\x65\x6c\x6c", 13},
    {"\x20\x4e\x6f\x72\x75\x6d\x6f\x77\x6d", 9},
    {"\x20\x4e\x6f\x72\x75\x6d\x69\x6c\x6d", 9},
    {"\x20\x42\x65\x6c\x65\x6e\x69\x6c", 8},
    {"\x20\x42\x65\x6c\x65\x6e\x65\x6e\x66", 9},
    {"\x20\x4e\x6f\x72\x69\x6c\x65\x74\x68\x6d\x65\x72\x65", 13},
    {"\x20\x46\x65\x6e\x6f\x72\x69\x6c", 8},
    {"\x20\x46\x65\x6e\x6f\x72\x6f\x72\x66\x6f\x72\x64", 12},
    {"\x20\x4e\x6f\x72\x61\x6f\x77", 7},
    {"\x20\x54\x61\x72\x65\x6e\x69\x6c", 8},
    {"\x20\x54\x61\x72\x6f\x77\x6f\x72", 8},
    {"\x20\x54\x61\x72\x6f\x77\x6f\x72\x6d", 9},
    {"\x20\x54\x61\x72\x6f\x77\x75\x6d\x66", 9},
    {"\x20\x46\x65\x6e\x61\x61\x73\x68\x68\x6f\x6c\x74", 12},
    {"\x20\x46\x65\x6e\x61\x75\x6d\x6d", 8},
    {"\x20\x42\x65\x6c\x75\x6d\x65\x74\x68\x66\x65\x6c\x6c", 13},
    {"\x20\x4e\x6f\x72\x6f\x72\x61\x73", 8},
    {"\x20\x4e\x6f\x72\x6f\x72\x61\x66\x65\x6c\x6c", 11},
    {"\x20\x4e\x6f\x72\x65\x6e\x61\x73", 8},
    {"\x20\x42\x65\x6c\x61\x73\x68\x6f\x72\x64\x65\x6e", 12},
    {"\x20\x42\x65\x6c\x6f\x72\x65\x6e", 8},
    {"\x20\x4e\x6f\x72\x6f\x77\x69\x6c\x6d\x6f\x6f\x72", 12},
    {"\x20\x54\x61\x72\x69\x6c\x6f", 7},
    {"\x20\x54\x61\x72\x69\x6c\x6f\x77\x77\x69\x63\x6b", 12},
    {"\x20\x54\x61\x72\x75\x6d\x65\x6e", 8},
    {"\x20\x54\x61\x72\x75\x6d\x75\x6d\x6d\x6f\x6f\x72", 12},
    {"\x20\x54\x61\x72\x75\x6d\x65\x74\x68\x64\x65\x6e", 12},
    {"\x20\x42\x65\x6c\x69\x6c\x75\x6d\x66", 9},
    {"\x20\x46\x65\x6e\x65\x6e\x6f\x77\x77\x69\x63\x6b", 12},
    {"\x20\x54\x61\x72\x6f\x72\x61\x73", 8},
    {"\x20\x54\x61\x72\x6f\x72\x69\x6c", 8},
    {"\x20\x46\x65\x6e\x6f\x77\x69\x6c\x64\x65\x6e", 11},
    {"\x20\x4e\x6f\x72\x65\x74\x68\x69\x6c", 9},
    {"\x20\x42\x65\x6c\x65\x74\x68\x75\x6d", 9},
    {"\x20\x42\x65\x6c\x65\x74\x68\x65\x74\x68\x64\x65\x6e", 13},
    {"\x6f\x72\x66\x65\x6c", 5},
    {"\x75\x6d\x67\x61\x74", 5},
    {"\x75\x6d\x6d\x6f\x6f", 5},
    {"\x20\x54\x61\x72\x61\x6f\x77\x64\x65\x6e", 10},
    {"\x20\x42\x65\x6c\x75\x6d\x69\x6c\x77\x69\x63\x6b", 12},
    {"\x20\x4e\x6f\x72\x65\x6e\x6f\x72\x64\x65\x6e", 11},
    {"\x20\x4e\x6f\x72\x6f\x77\x61\x73\x68\x64\x65\x6e", 12},
    {"\x20\x4e\x6f\x72\x6f\x77\x65\x6e\x66\x65\x6c\x6c", 12},
    {"\x20\x54\x61\x72\x75\x6d\x69\x6c\x66\x65\x6c\x6c", 12},
    {"\x20\x42\x65\x6c\x61\x69\x6c\x67\x61\x74\x65", 11},
    {"\x20\x42\x65\x6c\x61\x69\x6c\x6d\x6f\x6f\x72", 11},
    {"\x20\x46\x65\x6e\x65\x6e\x6f\x77\x66\x65\x6c\x6c", 12},
    {"\x20\x4e\x6f\x72\x75\x6d\x65\x6e\x66", 9},
    {"\x20\x54\x61\x72\x61\x65\x74\x68\x66", 9},
    {"\x20\x46\x65\x6e\x75\x6d\x69\x6c\x66", 9},
    {"\x20\x54\x61\x72\x61\x73\x68\x65\x74\x68", 10},
    {"\x20\x42\x65\x6c\x65\x6e\x65\x6e\x6d", 9},
    {"\x20\x4e\x6f\x72\x69\x6c\x6f\x72\x6d", 9},
    {"\x20\x46\x65\x6e\x6f\x72\x61", 7},
    {"\x20\x54\x61\x72\x65\x6e\x65", 7},
    {"\x20\x54\x61\x72\x65\x6e\x6f\x72\x6d", 9},
    {"\x20\x54\x61\x72\x65\x6e\x69\x6c\x66", 9},
    {"\x20\x46\x65\x6e\x69\x6c\x65\x74", 8},
    {"\x20\x4e\x6f\x72\x65\x6e\x65\x74", 8},
    {"\x20\x4e\x6f\x72\x65\x6e\x65\x6e\x6d", 9},
    {"\x20\x42\x65\x6c\x6f\x77\x69\x6c\x66", 9},
    {"\x20\x42\x65\x6c\x6f\x72\x6f\x77\x6d", 9},
    {"\x20\x42\x65\x6c\x6f\x72\x75\x6d\x66", 9},
    {"\x20\x54\x61\x72\x69\x6c\x61\x66\x6f\x72\x64", 11},
    {"\x20\x54\x61\x72\x6f\x72\x75\x6d\x64\x65\x6e", 11},
    {"\x20\x54\x61\x72\x6f\x72\x65\x6e\x6d\x6f\x6f\x72", 12},
    {"\x20\x54\x61\x72\x6f\x72\x65\x74", 8},
    {"\x20\x46\x65\x6e\x6f\x77\x75\x6d\x6d\x65\x72\x65", 12},
    {"\x20\x46\x65\x6e\x6f\x77\x69\x6c\x66", 9},
    {"\x20\x54\x61\x72\x65\x74\x68\x65\x6e\x64\x65\x6e", 12},
    {"\x20\x46\x65\x6e\x6f\x72\x6f\x72\x64\x65\x6e", 11},
    {"\x20\x46\x65\x6e\x69\x6c\x75\x6d\x6d\x6f\x6f\x72", 12},
    {"\x20\x42\x65\x6c\x61\x73\x68\x69\x6c\x6d\x6f\x6f\x72", 13},
    {"\x20\x46\x65\x6e\x61\x73\x68\x65\x74\x68\x64\x65\x6e", 13},
    {"\x20\x46\x65\x6e\x65\x74\x68\x6f\x77\x67\x61\x74\x65", 13},
    {"\x20\x4e\x6f\x72\x75\x6d\x75\x6d\x66", 9},
    {"\x20\x42\x65\x6c\x65\x6e\x65", 7},
    {"\x20\x4e\x6f\x72\x69\x6c\x75\x6d\x6d", 9},
    {"\x20\x4e\x6f\x72\x69\x6c\x65\x6e\x66", 9},
    {"\x20\x4e\x6f\x72\x69\x6c\x6f\x77\x66", 9},
    {"\x20\x46\x65\x6e\x6f\x72\x6f\x77\x66\x65\x6c\x6c", 12},
    {"\x20\x46\x65\x6e\x6f\x72\x75\x6d\x66", 9},
    {"\x20\x54\x61\x72\x65\x6e\x65\x6e", 8},
    {"\x20\x54\x61\x72\x6f\x77\x61", 7},
    {"\x20\x46\x65\x6e\x69\x6c\x6f\x77\x68", 9},
    {"\x20\x42\x65\x6c\x75\x6d\x69\x6c", 8},
    {"\x20\x4e\x6f\x72\x6f\x72\x6f\x77", 8},
    {"\x20\x4e\x6f\x72\x65\x6e\x75\x6d", 8},
    {"\x20\x4e\x6f\x72\x65\x6e\x65\x74\x68\x66\x6f\x72\x64", 13},
    {"\x20\x4e\x6f\x72\x6f\x77\x75\x6d", 8},
    {"\x20\x54\x61\x72\x69\x6c\x65\x6e\x67\x61\x74\x65", 12},
    {"\x20\x46\x65\x6e\x61\x73\x68\x69", 8},
    {"\x20\x46\x65\x6e\x61\x73\x68\x61\x73\x68\x67\x61\x74\x65", 14},
    {"\x20\x46\x65\x6e\x65\x6e\x6f", 7},
    {"\x20\x46\x65\x6e\x65\x6e\x61\x6d\x6f\x6f\x72", 11},
    {"\x20\x46\x65\x6e\x6f\x77\x69\x6c\x6d\x6f\x6f\x72", 12},
    {"\x20\x46\x65\x6e\x6f\x77\x65\x6e\x66", 9},
    {"\x61\x73\x68\x6d\x65", 5},
    {"\x20\x46\x65\x6e\x61\x73\x68\x61\x66\x65\x6c\x6c", 12},
    {"\x20\x4e\x6f\x72\x61\x73\x68\x61\x66", 9},
    {"\x20\x4e\x6f\x72\x75\x6d\x65", 7},
    {"\x20\x54\x61\x72\x61\x6f\x72\x66\x6f", 9},
    {"\x20\x54\x61\x72\x61\x73\x68\x61\x6d", 9},
    {"\x20\x42\x65\x6c\x65\x6e\x65\x6e\x67", 9},
    {"\x20\x46\x65\x6e\x6f\x72\x65\x6e\x66", 9},
    {"\x20\x4e\x6f\x72\x61\x69\x6c", 7},
    {"\x20\x4e\x6f\x72\x61\x61\x73\x68\x66", 9},
    {"\x20\x46\x65\x6e\x69\x6c\x69\x6c\x66\x65\x6c\x6c", 12},
    {"\x20\x46\x65\x6e\x69\x6c\x6f\x72\x6d", 9},
    {"\x20\x4e\x6f\x72\x6f\x72\x6f\x72\x6d", 9},
    {"\x20\x4e\x6f\x72\x6f\x72\x65\x6e\x6d", 9},
    {"\x20\x4e\x6f\x72\x65\x6e\x6f\x72", 8},
    {"\x20\x4e\x6f\x72\x65\x6e\x75\x6d\x66", 9},
    {"\x20\x42\x65\x6c\x6f\x72\x65\x6e\x6d", 9},
    {"\x20\x4e\x6f\x72\x6f\x77\x69\x6c\x66", 9},
    {"\x20\x54\x61\x72\x69\x6c\x6f\x77\x6d", 9},
    {"\x20\x54\x61\x72\x75\x6d\x6f\x72\x66\x65\x6c\x6c", 12},
    {"\x20\x42\x65\x6c\x69\x6c\x75\x6d\x6d", 9},
    {"\x20\x42\x65\x6c\x69\x6c\x65\x6e\x66", 9},
    {"\x20\x54\x61\x72\x6f\x72\x6f\x77\x66\x6f\x72\x64", 12},
    {"\x20\x4e\x6f\x72\x65\x74\x68\x75", 8},
    {"\x20\x42\x65\x6c\x65\x74\x68\x75", 8},
    {"\x20\x46\x65\x6e\x65\x74\x68\x61\x73\x68", 10},
    {"\x6f\x77\x66\x65\x6c", 5},
    {"\x20\x54\x61\x72\x61\x6f\x77\x6d\x65\x72\x65", 11},
    {"\x20\x46\x65\x6e\x6f\x72\x61\x66\x6f\x72\x64", 11},
    {"\x20\x4e\x6f\x72\x75\x6d\x75\x6d\x6d", 9},
    {"\x20\x4e\x6f\x72\x75\x6d\x6f\x72\x66", 9},
    {"\x20\x46\x65\x6e\x75\x6d\x6f\x72\x6d", 9},
    {"\x20\x46\x65\x6e\x75\x6d\x65\x6e\x66", 9},
};
static const CoreMerge CORE_MERGES[] = {
    {87, 90, 265},
    {77, 86, 266},
    {92, 80, 267},
    {73, 90, 268},
    {77, 84, 269},
    {229, 73, 270},
    {81, 86, 271},
    {229, 90, 272},
    {267, 77, 273},
    {77, 90, 274},
    {87, 95, 275},
    {229, 273, 276},
    {229, 75, 277},
    {73, 91, 278},
    {93, 85, 279},
    {229, 60, 280},
    {81, 84, 281},
    {77, 76, 282},
    {229, 91, 283},
    {54, 265, 284},
    {229, 42, 285},
    {46, 266, 286},
    {229, 95, 287},
    {229, 92, 288},
    {229, 284, 289},
    {278, 80, 290},
    {280, 268, 291},
    {285, 269, 292},
    {229, 286, 293},
    {86, 76, 294},
    {77, 267, 295},
    {229, 78, 296},
    {87, 93, 297},
    {87, 84, 298},
    {87, 86, 299},
    {73, 92, 300},
    {271, 79, 301},
    {77, 91, 302},
    {229, 74, 303},
    {288, 87, 304},
    {265, 76, 305},
    {270, 294, 306},
    {80, 77, 307},
    {81, 75, 308},
    {229, 81, 309},
    {229, 84, 310},
    {73, 76, 311},
    {73, 79, 312},
    {229, 76, 313},
    {269, 84, 314},
    {274, 77, 315},
    {85, 87, 316},
    {229, 271, 317},
    {229, 87, 318},
    {229, 88, 319},
    {318, 78, 320},
    {80, 298, 321},
    {87, 87, 322},
    {95, 308, 323},
    {73, 81, 324},
    {85, 315, 325},
    {321, 92, 326},
    {297, 90, 327},
    {300, 77, 328},
    {323, 83, 329},
    {78, 314, 330},
    {316, 265, 331},
    {78, 305, 332},
    {87, 85, 333},
    {272, 77, 334},
    {79, 328, 335},
    {229, 79, 336},
    {76, 266, 337},
    {229, 25, 338},
    {283, 92, 339},
    {73, 84, 340},
    {322, 76, 341},
    {79, 80, 342},
    {229, 86, 343},
    {90, 81, 344},
    {92, 91, 345},
    {229, 80, 346},
    {15, 91, 347},
    {229, 43, 348},
    {229, 85, 349},
    {84, 77, 350},
    {312, 77, 351},
    {87, 91, 352},
    {92, 274, 353},
    {280, 307, 354},
    {87, 311, 355},
    {73, 86, 356},
    {229, 102, 357},
    {309, 91, 358},
    {74, 84, 359},
    {272, 324, 360},
    {73, 85, 361},
    {339, 265, 362},
    {299, 77, 363},
    {77, 77, 364},
    {277, 268, 365},
    {277, 327, 366},
    {265, 83, 367},
    {343, 77, 368},
    {313, 90, 369},
    {75, 77, 370},
    {275, 86, 371},
    {73, 97, 372},
    {277, 333, 373},
    {272, 355, 374},
    {277, 90, 375},
    {336, 87, 376},
    {344, 351, 377},
    {365, 377, 378},
    {287, 278, 379},
    {229, 39, 380},
    {309, 78, 381},
    {229, 93, 382},
    {296, 265, 383},
    {287, 367, 384},
    {312, 299, 385},
    {369, 385, 386},
    {373, 88, 387},
    {90, 77, 388},
    {342, 92, 389},
    {268, 76, 390},
    {356, 97, 391},
    {387, 391, 392},
    {334, 88, 393},
    {87, 92, 394},
    {270, 91, 395},
    {87, 271, 396},
    {78, 353, 397},
    {274, 91, 398},
    {324, 90, 399},
    {393, 399, 400},
    {94, 302, 401},
    {60, 307, 402},
    {229, 41, 403},
    {283, 80, 404},
    {91, 282, 405},
    {289, 290, 406},
    {289, 279, 407},
    {291, 73, 408},
    {81, 299, 409},
    {303, 93, 410},
    {293, 279, 411},
    {270, 92, 412},
    {270, 397, 413},
    {352, 92, 414},
    {291, 290, 415},
    {292, 266, 416},
    {289, 281, 417},
    {293, 265, 418},
    {297, 294, 419},
    {289, 73, 420},
    {291, 266, 421},
    {74, 74, 422},
    {90, 333, 423},
    {296, 423, 424},
    {360, 76, 425},
    {93, 84, 426},
    {291, 275, 427},
    {293, 73, 428},
    {293, 281, 429},
    {292, 279, 430},
    {289, 265, 431},
    {288, 90, 432},
    {77, 268, 433},
    {289, 266, 434},
    {292, 290, 435},
    {292, 275, 436},
    {87, 75, 437},
    {292, 265, 438},
    {289, 275, 439},
    {229, 63, 440},
    {93, 92, 441},
    {229, 59, 442},
    {291, 281, 443},
    {291, 279, 444},
    {292, 73, 445},
    {265, 92, 446},
    {292, 281, 447},
    {293, 290, 448},
    {293, 266, 449},
    {291, 265, 450},
    {229, 267, 451},
    {293, 275, 452},
    {76, 274, 453},
    {296, 87, 454},
    {368, 95, 455},
    {309, 345, 456},
    {87, 88, 457},
    {319, 77, 458},
    {298, 91, 459},
    {272, 81, 460},
    {289, 295, 461},
    {375, 371, 462},
    {292, 295, 463},
    {270, 75, 464},
    {348, 327, 465},
    {79, 77, 466},
    {293, 295, 467},
    {291, 295, 468},
    {93, 77, 469},
    {92, 87, 470},
    {317, 470, 471},
    {364, 83, 472},
    {75, 80, 473},
    {376, 301, 474},
    {366, 92, 475},
    {404, 446, 476},
    {303, 97, 477},
    {93, 86, 478},
    {73, 83, 479},
    {93, 88, 480},
    {90, 297, 481},
    {75, 305, 482},
    {272, 419, 483},
    {287, 305, 484},
    {464, 482, 485},
    {485, 301, 486},
    {265, 77, 487},
    {359, 271, 488},
    {88, 92, 489},
    {93, 359, 490},
    {319, 490, 491},
    {384, 301, 492},
    {422, 394, 493},
    {491, 308, 494},
    {270, 86, 495},
    {272, 269, 496},
    {229, 298, 497},
    {272, 302, 498},
    {272, 279, 499},
    {432, 469, 500},
    {499, 327, 501},
    {296, 341, 502},
    {304, 459, 503},
    {287, 80, 504},
    {77, 75, 505},
    {362, 97, 506},
    {460, 389, 507},
    {376, 488, 508},
    {73, 93, 509},
    {81, 267, 510},
    {287, 510, 511},
    {274, 76, 512},
    {277, 80, 513},
    {346, 512, 514},
    {82, 396, 515},
    {229, 515, 516},
    {310, 73, 517},
    {287, 341, 518},
    {283, 87, 519},
    {283, 372, 520},
    {457, 350, 521},
    {458, 521, 522},
    {310, 414, 523},
    {313, 269, 524},
    {283, 84, 525},
    {374, 91, 526},
    {81, 91, 527},
    {73, 271, 528},
    {42, 269, 529},
    {425, 282, 530},
    {60, 268, 531},
    {92, 282, 532},
    {296, 314, 533},
    {451, 481, 534},
    {534, 342, 535},
    {287, 268, 536},
    {277, 84, 537},
    {285, 322, 538},
    {538, 83, 539},
    {81, 76, 540},
    {93, 294, 541},
    {283, 88, 542},
    {77, 97, 543},
    {229, 77, 544},
    {275, 390, 545},
    {288, 545, 546},
    {91, 301, 547},
    {90, 86, 548},
    {348, 480, 549},
    {339, 363, 550},
    {90, 371, 551},
    {348, 551, 552},
    {270, 76, 553},
    {77, 273, 554},
    {91, 302, 555},
    {297, 92, 556},
    {76, 91, 557},
    {340, 401, 558},
    {311, 77, 559},
    {308, 77, 560},
    {97, 433, 561},
    {229, 561, 562},
    {303, 505, 563},
    {84, 437, 564},
    {296, 564, 565},
    {565, 83, 566},
    {84, 97, 567},
    {366, 345, 568},
    {349, 559, 569},
    {277, 558, 570},
    {465, 92, 571},
    {440, 341, 572},
    {77, 78, 573},
    {274, 94, 574},
    {342, 353, 575},
    {509, 575, 576},
    {525, 576, 577},
    {73, 370, 578},
    {75, 344, 579},
    {81, 279, 580},
    {83, 364, 581},
    {87, 97, 582},
    {265, 580, 583},
    {301, 91, 584},
    {384, 91, 585},
    {426, 92, 586},
    {442, 579, 587},
    {454, 340, 588},
    {489, 583, 589},
    {495, 396, 590},
    {581, 88, 591},
    {587, 589, 592},
    {300, 409, 593},
    {496, 593, 594},
    {594, 91, 595},
    {83, 77, 596},
    {497, 76, 597},
    {73, 473, 598},
    {282, 91, 599},
    {334, 598, 600},
    {360, 405, 601},
    {372, 91, 602},
    {600, 302, 603},
    {282, 282, 604},
    {403, 493, 605},
    {281, 76, 606},
    {336, 73, 607},
    {310, 487, 608},
    {400, 91, 609},
    {266, 92, 610},
    {283, 307, 611},
    {229, 307, 612},
    {265, 86, 613},
    {537, 352, 614},
    {76, 453, 615},
    {310, 437, 616},
    {454, 615, 617},
    {616, 340, 618},
    {307, 300, 619},
    {279, 330, 620},
    {281, 335, 621},
    {275, 330, 622},
    {279, 325, 623},
    {281, 337, 624},
    {266, 325, 625},
    {73, 329, 626},
    {73, 331, 627},
    {266, 329, 628},
    {275, 335, 629},
    {554, 267, 630},
    {92, 363, 631},
    {265, 326, 632},
    {311, 266, 633},
    {266, 332, 634},
    {275, 329, 635},
    {266, 326, 636},
    {275, 326, 637},
    {281, 326, 638},
    {265, 331, 639},
    {279, 335, 640},
    {279, 332, 641},
    {275, 325, 642},
    {266, 337, 643},
    {275, 331, 644},
    {275, 337, 645},
    {281, 329, 646},
    {265, 325, 647},
    {281, 332, 648},
    {73, 330, 649},
    {290, 335, 650},
    {296, 541, 651},
    {297, 389, 652},
    {350, 75, 653},
    {87, 390, 654},
    {290, 330, 655},
    {303, 90, 656},
    {312, 328, 657},
    {346, 654, 658},
    {265, 332, 659},
    {281, 331, 660},
    {290, 331, 661},
    {290, 337, 662},
    {265, 329, 663},
    {290, 326, 664},
    {266, 335, 665},
    {290, 325, 666},
    {73, 326, 667},
    {290, 332, 668},
    {75, 370, 669},
    {93, 669, 670},
    {265, 335, 671},
    {283, 670, 672},
    {279, 326, 673},
    {279, 329, 674},
    {279, 337, 675},
    {498, 279, 676},
    {73, 325, 677},
    {275, 332, 678},
    {281, 325, 679},
    {281, 330, 680},
    {265, 330, 681},
    {272, 93, 682},
    {290, 329, 683},
    {266, 330, 684},
    {266, 331, 685},
    {279, 331, 686},
    {91, 77, 687},
    {73, 332, 688},
    {305, 266, 689},
    {78, 77, 690},
    {287, 472, 691},
    {288, 479, 692},
    {362, 77, 693},
    {425, 91, 694},
    {442, 631, 695},
    {692, 302, 696},
    {271, 557, 697},
    {303, 697, 698},
    {462, 91, 699},
    {84, 91, 700},
    {295, 330, 701},
    {87, 83, 702},
    {304, 702, 703},
    {295, 325, 704},
    {94, 274, 705},
    {287, 610, 706},
    {277, 441, 707},
    {295, 326, 708},
    {295, 332, 709},
    {295, 329, 710},
    {319, 299, 711},
    {295, 331, 712},
    {86, 301, 713},
    {536, 713, 714},
    {277, 299, 715},
    {92, 301, 716},
    {333, 77, 717},
    {84, 302, 718},
    {87, 298, 719},
    {88, 409, 720},
    {277, 298, 721},
    {283, 472, 722},
    {361, 720, 723},
    {410, 606, 724},
    {513, 723, 725},
    {540, 77, 726},
    {81, 85, 727},
    {86, 543, 728},
    {92, 93, 729},
    {277, 297, 730},
    {334, 729, 731},
    {336, 90, 732},
    {513, 727, 733},
    {730, 86, 734},
    {731, 548, 735},
    {733, 728, 736},
    {91, 95, 737},
    {295, 335, 738},
    {229, 27, 739},
    {229, 26, 740},
    {295, 337, 741},
    {362, 302, 742},
    {76, 282, 743},
    {553, 743, 744},
    {382, 405, 745},
    {362, 282, 746},
    {349, 479, 747},
    {524, 372, 748},
    {363, 97, 749},
    {400, 282, 750},
    {516, 282, 751},
    {382, 88, 752},
    {84, 81, 753},
    {77, 88, 754},
    {504, 266, 755},
    {270, 493, 756},
    {303, 388, 757},
    {287, 315, 758},
    {81, 274, 759},
    {95, 87, 760},
    {268, 91, 761},
    {272, 478, 762},
    {288, 760, 763},
    {310, 77, 764},
    {343, 275, 765},
    {360, 555, 766},
    {366, 759, 767},
    {440, 619, 768},
    {762, 91, 769},
    {382, 86, 770},
    {296, 340, 771},
    {771, 700, 772},
    {229, 58, 773},
    {577, 282, 774},
    {349, 749, 775},
    {75, 83, 776},
    {517, 776, 777},
    {268, 282, 778},
    {229, 30, 779},
    {614, 282, 780},
    {283, 717, 781},
    {361, 77, 782},
    {338, 29, 783},
    {229, 31, 784},
    {338, 28, 785},
    {368, 604, 786},
    {338, 32, 787},
    {504, 315, 788},
    {73, 281, 789},
    {73, 294, 790},
    {75, 281, 791},
    {77, 340, 792},
    {78, 426, 793},
    {79, 274, 794},
    {80, 591, 795},
    {81, 90, 796},
    {85, 489, 797},
    {90, 301, 798},
    {91, 92, 799},
    {91, 795, 800},
    {92, 95, 801},
    {92, 266, 802},
    {92, 299, 803},
    {92, 350, 804},
    {95, 793, 805},
    {266, 370, 806},
    {268, 401, 807},
    {268, 466, 808},
    {272, 322, 809},
    {272, 582, 810},
    {277, 300, 811},
    {277, 350, 812},
    {277, 586, 813},
    {278, 92, 814},
    {279, 359, 815},
    {281, 806, 816},
    {283, 792, 817},
    {283, 816, 818},
    {288, 808, 819},
    {303, 364, 820},
    {303, 718, 821},
    {303, 796, 822},
    {307, 311, 823},
    {310, 355, 824},
    {310, 814, 825},
    {313, 478, 826},
    {319, 351, 827},
    {319, 388, 828},
    {341, 91, 829},
    {343, 361, 830},
    {346, 414, 831},
    {346, 540, 832},
    {346, 807, 833},
    {349, 441, 834},
    {368, 801, 835},
    {369, 652, 836},
    {375, 352, 837},
    {375, 815, 838},
    {403, 800, 839},
    {422, 543, 840},
    {432, 789, 841},
    {466, 299, 842},
    {478, 794, 843},
    {498, 574, 844},
    {511, 556, 845},
    {517, 805, 846},
    {524, 81, 847},
    {542, 578, 848},
    {542, 798, 849},
    {544, 797, 850},
    {574, 560, 851},
    {588, 91, 852},
    {618, 567, 853},
    {653, 92, 854},
    {656, 341, 855},
    {682, 271, 856},
    {721, 854, 857},
    {722, 301, 858},
    {724, 584, 859},
    {734, 791, 860},
    {802, 453, 861},
    {809, 799, 862},
    {810, 340, 863},
    {811, 804, 864},
    {819, 92, 865},
    {820, 78, 866},
    {821, 547, 867},
    {822, 267, 868},
    {826, 842, 869},
    {828, 861, 870},
    {832, 337, 871},
    {833, 92, 872},
    {834, 803, 873},
    {835, 367, 874},
    {839, 398, 875},
    {841, 823, 876},
    {844, 77, 877},
    {850, 97, 878},
    {73, 88, 879},
    {74, 91, 880},
    {76, 466, 881},
    {81, 88, 882},
    {81, 282, 883},
    {81, 388, 884},
    {81, 573, 885},
    {84, 584, 886},
    {84, 753, 887},
    {85, 266, 888},
    {94, 582, 889},
    {229, 591, 890},
    {268, 596, 891},
    {270, 887, 892},
    {272, 298, 893},
    {281, 97, 894},
    {287, 324, 895},
    {288, 388, 896},
    {296, 361, 897},
    {296, 884, 898},
    {300, 97, 899},
    {303, 344, 900},
    {310, 81, 901},
    {313, 361, 902},
    {313, 883, 903},
    {334, 457, 904},
    {343, 394, 905},
    {349, 891, 906},
    {356, 370, 907},
    {361, 880, 908},
    {404, 882, 909},
    {410, 97, 910},
    {458, 578, 911},
    {496, 885, 912},
    {497, 453, 913},
    {553, 586, 914},
    {562, 886, 915},
    {590, 716, 916},
    {715, 889, 917},
    {732, 528, 918},
    {879, 274, 919},
    {888, 345, 920},
    {892, 907, 921},
    {893, 84, 922},
    {896, 899, 923},
    {897, 894, 924},
    {900, 881, 925},
    {902, 351, 926},
    {904, 266, 927},
    {905, 560, 928},
    {906, 92, 929},
    {909, 920, 930},
    {74, 433, 931},
    {81, 273, 932},
    {229, 28, 933},
    {272, 426, 934},
    {273, 90, 935},
    {288, 932, 936},
    {311, 398, 937},
    {316, 596, 938},
    {334, 937, 939},
    {410, 548, 940},
    {527, 547, 941},
    {607, 935, 942},
    {931, 398, 943},
    {934, 274, 944},
    {77, 311, 945},
    {313, 945, 946},
    {395, 80, 947},
    {737, 613, 948},
    {229, 32, 949},
    {229, 29, 950},
    {338, 24, 951},
    {78, 265, 952},
    {278, 299, 953},
    {338, 27, 954},
    {338, 31, 955},
    {229, 33, 956},
    {338, 30, 957},
    {77, 92, 958},
    {338, 25, 959},
    {338, 26, 960},
    {338, 33, 961},
    {747, 301, 962},
    {672, 604, 963},
    {651, 301, 964},
    {676, 282, 965},
    {91, 726, 966},
    {94, 77, 967},
    {336, 829, 968},
    {607, 967, 969},
    {748, 282, 970},
    {73, 74, 971},
    {339, 971, 972},
    {562, 91, 973},
    {972, 350, 974},
    {271, 527, 975},
    {296, 975, 976},
    {349, 941, 977},
    {611, 754, 978},
    {976, 80, 979},
    {303, 613, 980},
    {348, 297, 981},
    {283, 851, 982},
    {346, 790, 983},
    {89, 93, 984},
    {229, 984, 985},
    {711, 97, 986},
    {985, 268, 987},
    {229, 299, 988},
    {271, 952, 989},
    {310, 908, 990},
    {334, 989, 991},
    {509, 687, 992},
    {563, 992, 993},
    {901, 690, 994},
    {319, 278, 995},
    {77, 95, 996},
    {283, 480, 997},
    {997, 88, 998},
    {53, 77, 999},
    {61, 86, 1000},
    {78, 541, 1001},
    {81, 92, 1002},
    {87, 294, 1003},
    {87, 459, 1004},
    {90, 97, 1005},
    {93, 345, 1006},
    {95, 300, 1007},
    {229, 47, 1008},
    {229, 266, 1009},
    {229, 363, 1010},
    {229, 999, 1011},
    {229, 1000, 1012},
    {266, 557, 1013},
    {268, 92, 1014},
    {271, 353, 1015},
    {277, 1003, 1016},
    {277, 1006, 1017},
    {280, 1004, 1018},
    {287, 1015, 1019},
    {313, 602, 1020},
    {333, 302, 1021},
    {346, 278, 1022},
    {349, 281, 1023},
    {349, 953, 1024},
    {353, 91, 1025},
    {356, 92, 1026},
    {382, 555, 1027},
    {382, 687, 1028},
    {410, 294, 1029},
    {473, 282, 1030},
    {516, 91, 1031},
    {563, 1021, 1032},
    {577, 91, 1033},
    {672, 599, 1034},
    {676, 302, 1035},
    {691, 91, 1036},
    {757, 599, 1037},
    {770, 1007, 1038},
    {1001, 282, 1039},
    {1002, 409, 1040},
    {1009, 1025, 1041},
    {1011, 300, 1042},
    {1012, 1039, 1043},
    {1016, 1040, 1044},
    {1038, 1030, 1045},
    {85, 528, 1046},
    {334, 1046, 1047},
    {735, 91, 1048},
    {73, 95, 1049},
    {78, 87, 1050},
    {80, 87, 1051},
    {563, 782, 1052},
    {272, 356, 1053},
    {319, 441, 1054},
    {310, 573, 1055},
    {1055, 92, 1056},
    {303, 481, 1057},
    {1057, 389, 1058},
    {79, 653, 1059},
    {81, 302, 1060},
    {229, 556, 1061},
    {283, 652, 1062},
    {287, 487, 1063},
    {294, 274, 1064},
    {310, 324, 1065},
    {365, 77, 1066},
    {368, 1059, 1067},
    {382, 1064, 1068},
    {441, 473, 1069},
    {517, 294, 1070},
    {537, 1069, 1071},
    {590, 532, 1072},
    {612, 390, 1073},
    {705, 282, 1074},
    {711, 1060, 1075},
    {735, 282, 1076},
    {812, 778, 1077},
    {817, 282, 1078},
    {830, 282, 1079},
    {837, 405, 1080},
    {838, 282, 1081},
    {847, 1074, 1082},
    {1065, 76, 1083},
    {1067, 532, 1084},
    {74, 556, 1085},
    {85, 282, 1086},
    {88, 505, 1087},
    {96, 1087, 1088},
    {270, 1085, 1089},
    {287, 619, 1090},
    {383, 1086, 1091},
    {544, 1088, 1092},
    {656, 282, 1093},
    {890, 274, 1094},
    {927, 282, 1095},
    {942, 282, 1096},
    {1092, 532, 1097},
    {296, 282, 1098},
    {303, 419, 1099},
    {352, 77, 1100},
    {41, 397, 1101},
    {388, 311, 1102},
    {336, 528, 1103},
    {1103, 282, 1104},
    {451, 300, 1105},
    {56, 919, 1106},
    {375, 996, 1107},
    {1107, 91, 1108},
    {781, 363, 1109},
    {77, 80, 1110},
    {271, 76, 1111},
    {303, 1110, 1112},
    {682, 350, 1113},
    {1112, 1111, 1114},
    {346, 843, 1115},
    {270, 840, 1116},
    {265, 85, 1117},
    {433, 91, 1118},
    {526, 726, 1119},
    {79, 73, 1120},
    {275, 85, 1121},
    {95, 81, 1122},
    {279, 85, 1123},
    {312, 91, 1124},
    {773, 1124, 1125},
    {281, 85, 1126},
    {266, 78, 1127},
    {355, 966, 1128},
    {266, 85, 1129},
    {300, 274, 1130},
    {310, 1130, 1131},
    {504, 300, 1132},
    {95, 390, 1133},
    {318, 705, 1134},
    {383, 1133, 1135},
    {940, 282, 1136},
    {48, 843, 1137},
    {279, 78, 1138},
    {393, 446, 1139},
    {979, 282, 1140},
    {1139, 282, 1141},
    {739, 27, 1142},
    {275, 274, 1143},
    {313, 371, 1144},
    {319, 1143, 1145},
    {289, 630, 1146},
    {287, 719, 1147},
    {611, 778, 1148},
    {272, 1100, 1149},
    {281, 78, 1150},
    {311, 282, 1151},
    {612, 1151, 1152},
    {344, 282, 1153},
    {987, 1153, 1154},
    {319, 919, 1155},
    {748, 301, 1156},
    {288, 344, 1157},
    {319, 414, 1158},
    {1157, 88, 1159},
    {1158, 282, 1160},
    {75, 282, 1161},
    {283, 938, 1162},
    {895, 532, 1163},
    {991, 1161, 1164},
    {43, 327, 1165},
    {1165, 92, 1166},
    {92, 271, 1167},
    {93, 282, 1168},
    {283, 350, 1169},
    {715, 1167, 1170},
    {1169, 95, 1171},
    {1170, 1168, 1172},
    {651, 282, 1173},
    {757, 311, 1174},
    {291, 630, 1175},
    {94, 301, 1176},
    {995, 405, 1177},
    {292, 630, 1178},
    {49, 345, 1179},
    {73, 401, 1180},
    {75, 340, 1181},
    {75, 1013, 1182},
    {76, 302, 1183},
    {77, 85, 1184},
    {79, 79, 1185},
    {79, 340, 1186},
    {81, 401, 1187},
    {84, 394, 1188},
    {85, 299, 1189},
    {86, 394, 1190},
    {88, 345, 1191},
    {90, 302, 1192},
    {90, 364, 1193},
    {91, 93, 1194},
    {91, 1181, 1195},
    {92, 487, 1196},
    {92, 1026, 1197},
    {94, 269, 1198},
    {94, 398, 1199},
    {95, 610, 1200},
    {229, 316, 1201},
    {229, 1106, 1202},
    {229, 1179, 1203},
    {270, 466, 1204},
    {274, 97, 1205},
    {277, 275, 1206},
    {277, 356, 1207},
    {280, 719, 1208},
    {280, 1200, 1209},
    {285, 1102, 1210},
    {287, 321, 1211},
    {287, 1026, 1212},
    {287, 1118, 1213},
    {298, 76, 1214},
    {302, 1182, 1215},
    {303, 479, 1216},
    {310, 352, 1217},
    {310, 602, 1218},
    {313, 372, 1219},
    {313, 469, 1220},
    {313, 527, 1221},
    {313, 573, 1222},
    {313, 1215, 1223},
    {317, 966, 1224},
    {319, 352, 1225},
    {319, 1014, 1226},
    {319, 1192, 1227},
    {334, 340, 1228},
    {336, 1187, 1229},
    {370, 1191, 1230},
    {373, 1189, 1231},
    {440, 472, 1232},
    {440, 719, 1233},
    {451, 527, 1234},
    {451, 1193, 1235},
    {460, 555, 1236},
    {460, 1183, 1237},
    {464, 1230, 1238},
    {495, 737, 1239},
    {498, 1196, 1240},
    {518, 1188, 1241},
    {524, 602, 1242},
    {542, 1013, 1243},
    {544, 705, 1244},
    {544, 1185, 1245},
    {590, 345, 1246},
    {611, 761, 1247},
    {612, 761, 1248},
    {612, 1014, 1249},
    {614, 77, 1250},
    {614, 302, 1251},
    {651, 91, 1252},
    {691, 567, 1253},
    {721, 92, 1254},
    {722, 91, 1255},
    {724, 398, 1256},
    {732, 419, 1257},
    {747, 77, 1258},
    {764, 1180, 1259},
    {764, 1186, 1260},
    {764, 1198, 1261},
    {773, 1049, 1262},
    {812, 761, 1263},
    {830, 302, 1264},
    {837, 547, 1265},
    {838, 302, 1266},
    {847, 1199, 1267},
    {890, 91, 1268},
    {895, 345, 1269},
    {979, 302, 1270},
    {987, 1005, 1271},
    {991, 370, 1272},
    {995, 91, 1273},
    {998, 567, 1274},
    {1008, 1184, 1275},
    {1008, 1214, 1276},
    {1023, 84, 1277},
    {1023, 700, 1278},
    {1024, 91, 1279},
    {1024, 1005, 1280},
    {1029, 350, 1281},
    {1029, 718, 1282},
    {1047, 91, 1283},
    {1142, 24, 1284},
    {1194, 388, 1285},
    {1195, 77, 1286},
    {1201, 401, 1287},
    {1207, 1190, 1288},
    {1209, 97, 1289},
    {1211, 77, 1290},
    {1216, 1205, 1291},
    {1217, 302, 1292},
    {1221, 1197, 1293},
    {1222, 398, 1294},
    {1225, 345, 1295},
    {1227, 1285, 1296},
    {1232, 567, 1297},
    {1239, 398, 1298},
    {1244, 97, 1299},
    {1245, 91, 1300},
    {1275, 91, 1301},
    {77, 599, 1302},
    {81, 342, 1303},
    {92, 281, 1304},
    {275, 78, 1305},
    {296, 1302, 1306},
    {298, 266, 1307},
    {339, 1307, 1308},
    {343, 1303, 1309},
    {373, 302, 1310},
    {442, 938, 1311},
    {525, 602, 1312},
    {734, 92, 1313},
    {736, 91, 1314},
    {770, 1304, 1315},
    {940, 91, 1316},
    {942, 91, 1317},
    {1309, 345, 1318},
    {476, 351, 1319},
    {265, 78, 1320},
    {531, 275, 1321},
    {59, 717, 1322},
    {529, 279, 1323},
    {286, 275, 1324},
    {293, 630, 1325},
    {73, 316, 1326},
    {529, 265, 1327},
    {531, 266, 1328},
    {73, 78, 1329},
    {76, 77, 1330},
    {529, 275, 1331},
    {286, 279, 1332},
    {286, 73, 1333},
    {284, 290, 1334},
    {529, 266, 1335},
    {286, 266, 1336},
    {531, 279, 1337},
    {284, 266, 1338},
    {286, 265, 1339},
    {529, 295, 1340},
    {286, 281, 1341},
    {531, 265, 1342},
    {531, 281, 1343},
    {531, 290, 1344},
    {529, 290, 1345},
    {284, 279, 1346},
    {531, 73, 1347},
    {284, 265, 1348},
    {529, 73, 1349},
    {284, 281, 1350},
    {284, 275, 1351},
    {529, 281, 1352},
    {286, 290, 1353},
    {284, 73, 1354},
    {284, 295, 1355},
    {286, 295, 1356},
    {229, 1137, 1357},
    {403, 86, 1358},
    {403, 840, 1359},
    {554, 92, 1360},
    {773, 1128, 1361},
    {531, 295, 1362},
    {265, 79, 1363},
    {266, 79, 1364},
    {53, 953, 1365},
    {73, 1051, 1366},
    {279, 79, 1367},
    {1365, 91, 1368},
    {504, 87, 1369},
    {42, 1102, 1370},
    {525, 528, 1371},
    {265, 95, 1372},
    {279, 80, 1373},
    {281, 95, 1374},
    {901, 1176, 1375},
    {52, 908, 1376},
    {55, 86, 1377},
    {58, 1128, 1378},
    {59, 938, 1379},
    {296, 433, 1380},
    {373, 301, 1381},
    {895, 716, 1382},
    {998, 446, 1383},
    {58, 355, 1384},
    {78, 560, 1385},
    {320, 1385, 1386},
    {47, 87, 1387},
    {49, 86, 1388},
    {281, 79, 1389},
    {1387, 488, 1390},
    {275, 80, 1391},
    {56, 299, 1392},
    {1392, 97, 1393},
    {54, 996, 1394},
    {59, 631, 1395},
    {277, 782, 1396},
    {295, 78, 1397},
    {1049, 81, 1398},
    {48, 790, 1399},
    {59, 851, 1400},
    {1053, 83, 1401},
    {63, 719, 1402},
    {73, 690, 1403},
    {268, 301, 1404},
    {611, 1404, 1405},
    {52, 77, 1406},
    {73, 1176, 1407},
    {1406, 1407, 1408},
    {41, 840, 1409},
    {63, 341, 1410},
    {75, 441, 1411},
    {1410, 1411, 1412},
    {1412, 716, 1413},
    {75, 333, 1414},
    {269, 1414, 1415},
    {275, 76, 1416},
    {287, 1415, 1417},
    {348, 87, 1418},
    {1417, 282, 1419},
    {41, 92, 1420},
    {59, 307, 1421},
    {60, 80, 1422},
    {350, 532, 1423},
    {387, 1423, 1424},
    {1421, 754, 1425},
    {1422, 315, 1426},
    {42, 93, 1427},
    {46, 341, 1428},
    {53, 749, 1429},
    {229, 268, 1430},
    {299, 79, 1431},
    {310, 1431, 1432},
    {606, 398, 1433},
    {1322, 363, 1434},
    {1427, 1433, 1435},
    {1430, 1100, 1436},
    {53, 941, 1437},
    {84, 361, 1438},
    {303, 1438, 1439},
    {753, 302, 1440},
    {940, 301, 1441},
    {998, 1440, 1442},
    {1439, 282, 1443},
    {65, 1118, 1444},
    {41, 86, 1445},
    {266, 95, 1446},
    {290, 78, 1447},
    {310, 282, 1448},
    {52, 487, 1449},
    {58, 754, 1450},
    {265, 80, 1451},
    {399, 91, 1452},
    {1450, 1452, 1453},
    {43, 558, 1454},
    {275, 95, 1455},
    {290, 85, 1456},
    {312, 73, 1457},
    {279, 95, 1458},
    {47, 829, 1459},
    {281, 80, 1460},
    {279, 76, 1461},
    {295, 85, 1462},
    {266, 76, 1463},
    {275, 79, 1464},
    {73, 1050, 1465},
    {266, 80, 1466},
    {73, 80, 1467},
    {740, 24, 1468},
    {420, 295, 1469},
    {951, 26, 1470},
    {266, 690, 1471},
    {784, 30, 1472},
    {279, 316, 1473},
    {785, 28, 1474},
    {1326, 87, 1475},
    {281, 316, 1476},
    {740, 33, 1477},
    {266, 1122, 1478},
    {779, 24, 1479},
    {779, 25, 1480},
    {949, 32, 1481},
    {783, 29, 1482},
    {787, 32, 1483},
    {955, 32, 1484},
    {265, 1120, 1485},
    {275, 1050, 1486},
    {275, 1120, 1487},
    {281, 690, 1488},
    {779, 33, 1489},
    {279, 690, 1490},
    {290, 95, 1491},
    {783, 33, 1492},
    {933, 27, 1493},
    {951, 24, 1494},
    {954, 30, 1495},
    {1117, 77, 1496},
    {266, 1330, 1497},
    {606, 77, 1498},
    {960, 25, 1499},
    {960, 28, 1500},
    {281, 1050, 1501},
    {739, 33, 1502},
    {784, 31, 1503},
    {785, 31, 1504},
    {787, 33, 1505},
    {951, 27, 1506},
    {954, 25, 1507},
    {956, 25, 1508},
    {266, 1051, 1509},
    {779, 27, 1510},
    {784, 27, 1511},
    {785, 29, 1512},
    {949, 28, 1513},
    {266, 316, 1514},
    {279, 1330, 1515},
    {739, 29, 1516},
    {787, 25, 1517},
    {933, 28, 1518},
    {949, 30, 1519},
    {959, 26, 1520},
    {279, 1120, 1521},
    {428, 295, 1522},
    {739, 24, 1523},
    {779, 32, 1524},
    {787, 24, 1525},
    {933, 24, 1526},
    {949, 26, 1527},
    {954, 32, 1528},
    {956, 26, 1529},
    {956, 27, 1530},
    {957, 26, 1531},
    {957, 29, 1532},
    {959, 27, 1533},
    {959, 30, 1534},
    {265, 316, 1535},
    {265, 1050, 1536},
    {275, 316, 1537},
    {275, 1122, 1538},
    {312, 300, 1539},
    {783, 24, 1540},
    {784, 25, 1541},
    {785, 25, 1542},
    {787, 26, 1543},
    {949, 24, 1544},
    {950, 27, 1545},
    {950, 29, 1546},
    {954, 28, 1547},
    {954, 31, 1548},
    {957, 28, 1549},
    {957, 30, 1550},
    {279, 1050, 1551},
    {290, 80, 1552},
    {293, 554, 1553},
    {739, 25, 1554},
    {739, 31, 1555},
    {740, 25, 1556},
    {740, 30, 1557},
    {783, 25, 1558},
    {783, 30, 1559},
    {784, 33, 1560},
    {951, 28, 1561},
    {955, 25, 1562},
    {956, 30, 1563},
    {959, 33, 1564},
    {960, 27, 1565},
    {961, 32, 1566},
    {266, 1120, 1567},
    {281, 1122, 1568},
    {434, 295, 1569},
    {740, 26, 1570},
    {779, 31, 1571},
    {785, 33, 1572},
    {787, 27, 1573},
    {787, 29, 1574},
    {949, 29, 1575},
    {950, 26, 1576},
    {950, 31, 1577},
    {951, 25, 1578},
    {955, 31, 1579},
    {956, 24, 1580},
    {956, 33, 1581},
    {1121, 77, 1582},
    {1126, 77, 1583},
    {289, 554, 1584},
    {783, 28, 1585},
    {784, 32, 1586},
    {785, 24, 1587},
    {933, 29, 1588},
    {933, 31, 1589},
    {955, 28, 1590},
    {959, 24, 1591},
    {265, 1122, 1592},
    {461, 265, 1593},
    {739, 26, 1594},
    {779, 29, 1595},
    {933, 32, 1596},
    {950, 25, 1597},
    {951, 29, 1598},
    {955, 27, 1599},
    {955, 33, 1600},
    {957, 25, 1601},
    {957, 27, 1602},
    {961, 30, 1603},
    {1329, 269, 1604},
    {73, 321, 1605},
    {445, 295, 1606},
    {461, 87, 1607},
    {783, 26, 1608},
    {783, 32, 1609},
    {784, 29, 1610},
    {950, 33, 1611},
    {954, 29, 1612},
    {955, 29, 1613},
    {956, 31, 1614},
    {1123, 77, 1615},
    {266, 1050, 1616},
    {275, 1330, 1617},
    {290, 79, 1618},
    {406, 73, 1619},
    {452, 295, 1620},
    {785, 32, 1621},
    {950, 32, 1622},
    {951, 31, 1623},
    {961, 24, 1624},
    {961, 33, 1625},
    {281, 1120, 1626},
    {406, 87, 1627},
    {417, 295, 1628},
    {739, 28, 1629},
    {740, 31, 1630},
    {784, 28, 1631},
    {949, 31, 1632},
    {954, 33, 1633},
    {959, 29, 1634},
    {961, 27, 1635},
    {279, 1051, 1636},
    {289, 1360, 1637},
    {411, 635, 1638},
    {463, 73, 1639},
    {779, 30, 1640},
    {783, 27, 1641},
    {785, 27, 1642},
    {785, 30, 1643},
    {950, 24, 1644},
    {950, 30, 1645},
    {955, 26, 1646},
    {956, 32, 1647},
    {959, 31, 1648},
    {361, 274, 1649},
    {408, 295, 1650},
    {429, 295, 1651},
    {430, 290, 1652},
    {435, 87, 1653},
    {739, 32, 1654},
    {783, 31, 1655},
    {787, 30, 1656},
    {933, 25, 1657},
    {955, 24, 1658},
    {957, 33, 1659},
    {960, 29, 1660},
    {960, 30, 1661},
    {961, 29, 1662},
    {421, 660, 1663},
    {439, 704, 1664},
    {275, 1051, 1665},
    {406, 278, 1666},
    {411, 290, 1667},
    {411, 295, 1668},
    {443, 295, 1669},
    {779, 28, 1670},
    {784, 26, 1671},
    {785, 26, 1672},
    {787, 28, 1673},
    {933, 30, 1674},
    {933, 33, 1675},
    {949, 27, 1676},
    {951, 30, 1677},
    {954, 26, 1678},
    {954, 27, 1679},
    {957, 31, 1680},
    {957, 32, 1681},
    {408, 648, 1682},
    {439, 674, 1683},
    {439, 678, 1684},
    {73, 952, 1685},
    {275, 690, 1686},
    {279, 1122, 1687},
    {293, 1360, 1688},
    {406, 643, 1689},
    {428, 686, 1690},
    {435, 281, 1691},
    {439, 295, 1692},
    {461, 73, 1693},
    {468, 265, 1694},
    {949, 25, 1695},
    {951, 33, 1696},
    {960, 24, 1697},
    {961, 26, 1698},
    {418, 741, 1699},
    {305, 77, 1700},
    {406, 664, 1701},
    {415, 73, 1702},
    {415, 87, 1703},
    {418, 295, 1704},
    {429, 290, 1705},
    {431, 657, 1706},
    {435, 958, 1707},
    {438, 295, 1708},
    {444, 625, 1709},
    {461, 279, 1710},
    {784, 24, 1711},
    {933, 26, 1712},
    {949, 33, 1713},
    {960, 31, 1714},
    {407, 686, 1715},
    {411, 659, 1716},
    {435, 622, 1717},
    {292, 554, 1718},
    {406, 958, 1719},
    {408, 290, 1720},
    {411, 708, 1721},
    {430, 295, 1722},
    {431, 295, 1723},
    {435, 73, 1724},
    {444, 295, 1725},
    {444, 636, 1726},
    {448, 275, 1727},
    {461, 674, 1728},
    {739, 30, 1729},
    {740, 29, 1730},
    {961, 28, 1731},
    {450, 738, 1732},
    {406, 712, 1733},
    {415, 708, 1734},
    {416, 628, 1735},
    {420, 686, 1736},
    {428, 626, 1737},
    {439, 659, 1738},
    {740, 27, 1739},
    {740, 28, 1740},
    {959, 25, 1741},
    {408, 639, 1742},
    {408, 640, 1743},
    {415, 623, 1744},
    {417, 620, 1745},
    {420, 621, 1746},
    {421, 632, 1747},
    {429, 701, 1748},
    {434, 645, 1749},
    {291, 554, 1750},
    {408, 681, 1751},
    {421, 701, 1752},
    {434, 290, 1753},
    {434, 708, 1754},
    {436, 295, 1755},
    {448, 281, 1756},
    {452, 685, 1757},
    {461, 628, 1758},
    {463, 265, 1759},
    {468, 87, 1760},
    {468, 642, 1761},
    {779, 26, 1762},
    {954, 24, 1763},
    {956, 28, 1764},
    {961, 31, 1765},
    {408, 646, 1766},
    {415, 738, 1767},
    {431, 644, 1768},
    {434, 663, 1769},
    {444, 643, 1770},
    {444, 708, 1771},
    {445, 628, 1772},
    {406, 77, 1773},
    {406, 266, 1774},
    {407, 624, 1775},
    {407, 625, 1776},
    {408, 704, 1777},
    {416, 290, 1778},
    {417, 632, 1779},
    {418, 290, 1780},
    {428, 649, 1781},
    {431, 290, 1782},
    {436, 647, 1783},
    {443, 660, 1784},
    {447, 295, 1785},
    {447, 710, 1786},
    {448, 958, 1787},
    {467, 73, 1788},
    {467, 624, 1789},
    {787, 31, 1790},
    {951, 32, 1791},
    {956, 29, 1792},
    {408, 688, 1793},
    {415, 641, 1794},
    {417, 638, 1795},
    {421, 638, 1796},
    {428, 708, 1797},
    {431, 627, 1798},
    {431, 641, 1799},
    {435, 710, 1800},
    {445, 640, 1801},
    {463, 637, 1802},
    {1146, 332, 1803},
    {408, 621, 1804},
    {408, 636, 1805},
    {415, 629, 1806},
    {416, 709, 1807},
    {418, 650, 1808},
    {427, 674, 1809},
    {435, 77, 1810},
    {435, 644, 1811},
    {435, 647, 1812},
    {438, 655, 1813},
    {448, 657, 1814},
    {449, 621, 1815},
    {449, 665, 1816},
    {461, 278, 1817},
    {468, 275, 1818},
    {957, 24, 1819},
    {959, 32, 1820},
    {960, 26, 1821},
    {961, 25, 1822},
    {1129, 77, 1823},
    {1146, 325, 1824},
    {406, 640, 1825},
    {406, 708, 1826},
    {408, 633, 1827},
    {408, 689, 1828},
    {411, 662, 1829},
    {416, 648, 1830},
    {416, 666, 1831},
    {427, 675, 1832},
    {430, 678, 1833},
    {431, 663, 1834},
    {445, 674, 1835},
    {447, 646, 1836},
    {461, 632, 1837},
    {461, 660, 1838},
    {265, 690, 1839},
    {265, 1051, 1840},
    {406, 638, 1841},
    {416, 629, 1842},
    {416, 643, 1843},
    {416, 646, 1844},
    {418, 279, 1845},
    {429, 709, 1846},
    {430, 635, 1847},
    {434, 628, 1848},
    {434, 632, 1849},
    {435, 279, 1850},
    {436, 623, 1851},
    {443, 290, 1852},
    {444, 628, 1853},
    {448, 665, 1854},
    {463, 87, 1855},
    {468, 657, 1856},
    {740, 32, 1857},
    {960, 33, 1858},
    {408, 628, 1859},
    {415, 627, 1860},
    {415, 642, 1861},
    {428, 633, 1862},
    {429, 625, 1863},
    {429, 627, 1864},
    {429, 675, 1865},
    {430, 620, 1866},
    {436, 679, 1867},
    {439, 624, 1868},
    {444, 621, 1869},
    {445, 625, 1870},
    {447, 680, 1871},
    {448, 645, 1872},
    {448, 655, 1873},
    {450, 661, 1874},
    {408, 685, 1875},
    {415, 688, 1876},
    {416, 295, 1877},
    {417, 622, 1878},
    {417, 629, 1879},
    {417, 634, 1880},
    {417, 673, 1881},
    {420, 643, 1882},
    {421, 678, 1883},
    {427, 295, 1884},
    {427, 621, 1885},
    {427, 624, 1886},
    {431, 625, 1887},
    {435, 620, 1888},
    {436, 622, 1889},
    {438, 643, 1890},
    {444, 674, 1891},
    {445, 638, 1892},
    {445, 675, 1893},
    {445, 684, 1894},
    {449, 712, 1895},
    {450, 295, 1896},
    {450, 650, 1897},
    {450, 701, 1898},
    {461, 627, 1899},
    {463, 266, 1900},
    {463, 622, 1901},
    {468, 73, 1902},
    {960, 32, 1903},
    {407, 621, 1904},
    {408, 649, 1905},
    {408, 680, 1906},
    {415, 709, 1907},
    {418, 625, 1908},
    {418, 632, 1909},
    {420, 677, 1910},
    {421, 633, 1911},
    {421, 686, 1912},
    {428, 645, 1913},
    {428, 662, 1914},
    {428, 738, 1915},
    {436, 661, 1916},
    {445, 626, 1917},
    {449, 626, 1918},
    {449, 683, 1919},
    {450, 741, 1920},
    {467, 643, 1921},
    {467, 646, 1922},
    {467, 657, 1923},
    {407, 661, 1924},
    {408, 626, 1925},
    {411, 624, 1926},
    {411, 636, 1927},
    {411, 640, 1928},
    {415, 77, 1929},
    {415, 279, 1930},
    {415, 679, 1931},
    {418, 660, 1932},
    {420, 628, 1933},
    {427, 626, 1934},
    {428, 650, 1935},
    {430, 686, 1936},
    {434, 665, 1937},
    {434, 678, 1938},
    {435, 266, 1939},
    {435, 275, 1940},
    {443, 623, 1941},
    {445, 632, 1942},
    {445, 633, 1943},
    {450, 638, 1944},
    {450, 639, 1945},
    {452, 673, 1946},
    {461, 666, 1947},
    {467, 665, 1948},
    {468, 278, 1949},
    {468, 634, 1950},
    {950, 28, 1951},
    {406, 642, 1952},
    {408, 629, 1953},
    {408, 679, 1954},
    {420, 704, 1955},
    {427, 668, 1956},
    {427, 680, 1957},
    {429, 638, 1958},
    {429, 677, 1959},
    {431, 629, 1960},
    {435, 664, 1961},
    {436, 678, 1962},
    {438, 712, 1963},
    {445, 649, 1964},
    {445, 681, 1965},
    {447, 641, 1966},
    {450, 636, 1967},
    {450, 649, 1968},
    {450, 660, 1969},
    {452, 659, 1970},
    {463, 648, 1971},
    {467, 636, 1972},
    {467, 638, 1973},
    {468, 639, 1974},
    {1175, 331, 1975},
    {406, 281, 1976},
    {406, 623, 1977},
    {406, 627, 1978},
    {406, 632, 1979},
    {406, 665, 1980},
    {408, 644, 1981},
    {408, 677, 1982},
    {411, 650, 1983},
    {415, 275, 1984},
    {415, 281, 1985},
    {415, 628, 1986},
    {417, 265, 1987},
    {418, 635, 1988},
    {420, 623, 1989},
    {420, 645, 1990},
    {421, 626, 1991},
    {427, 649, 1992},
    {428, 639, 1993},
    {428, 681, 1994},
    {428, 684, 1995},
    {429, 623, 1996},
    {429, 634, 1997},
    {429, 642, 1998},
    {429, 655, 1999},
    {429, 667, 2000},
    {430, 643, 2001},
    {430, 688, 2002},
    {431, 635, 2003},
    {431, 660, 2004},
    {431, 708, 2005},
    {434, 636, 2006},
    {434, 667, 2007},
    {438, 279, 2008},
    {438, 665, 2009},
    {443, 642, 2010},
    {443, 655, 2011},
    {444, 622, 2012},
    {445, 683, 2013},
    {448, 623, 2014},
    {448, 627, 2015},
    {450, 620, 2016},
    {450, 663, 2017},
    {461, 633, 2018},
    {461, 655, 2019},
    {463, 623, 2020},
    {468, 281, 2021},
    {468, 684, 2022},
    {955, 30, 2023},
    {959, 28, 2024},
    {406, 641, 2025},
    {406, 685, 2026},
    {407, 657, 2027},
    {411, 621, 2028},
    {411, 647, 2029},
    {411, 666, 2030},
    {415, 675, 2031},
    {416, 645, 2032},
    {416, 684, 2033},
    {417, 628, 2034},
    {417, 712, 2035},
    {418, 642, 2036},
    {420, 648, 2037},
    {420, 665, 2038},
    {420, 701, 2039},
    {421, 640, 2040},
    {421, 710, 2041},
    {427, 646, 2042},
    {427, 661, 2043},
    {430, 644, 2044},
    {434, 637, 2045},
    {434, 659, 2046},
    {435, 626, 2047},
    {435, 657, 2048},
    {435, 666, 2049},
    {436, 709, 2050},
    {438, 634, 2051},
    {439, 741, 2052},
    {444, 629, 2053},
    {444, 635, 2054},
    {444, 673, 2055},
    {445, 701, 2056},
    {449, 620, 2057},
    {449, 636, 2058},
    {449, 639, 2059},
    {452, 634, 2060},
    {461, 621, 2061},
    {463, 664, 2062},
    {467, 649, 2063},
    {1178, 326, 2064},
    {281, 1051, 2065},
    {406, 620, 2066},
    {406, 645, 2067},
    {408, 641, 2068},
    {408, 659, 2069},
    {411, 637, 2070},
    {411, 655, 2071},
    {411, 701, 2072},
    {415, 681, 2073},
    {415, 710, 2074},
    {415, 958, 2075},
    {416, 664, 2076},
    {416, 689, 2077},
    {417, 278, 2078},
    {418, 710, 2079},
    {420, 290, 2080},
    {420, 634, 2081},
    {420, 709, 2082},
    {421, 290, 2083},
    {421, 635, 2084},
    {421, 708, 2085},
    {429, 620, 2086},
    {429, 637, 2087},
    {429, 648, 2088},
    {429, 649, 2089},
    {430, 659, 2090},
    {431, 741, 2091},
    {435, 634, 2092},
    {435, 675, 2093},
    {436, 645, 2094},
    {438, 648, 2095},
    {439, 638, 2096},
    {439, 645, 2097},
    {443, 646, 2098},
    {443, 704, 2099},
    {444, 620, 2100},
    {444, 662, 2101},
    {444, 710, 2102},
    {445, 624, 2103},
    {447, 958, 2104},
    {448, 87, 2105},
    {448, 668, 2106},
    {450, 664, 2107},
    {452, 629, 2108},
    {461, 640, 2109},
    {463, 684, 2110},
    {463, 689, 2111},
    {467, 87, 2112},
    {467, 622, 2113},
    {468, 279, 2114},
    {468, 637, 2115},
    {468, 685, 2116},
    {406, 628, 2117},
    {406, 675, 2118},
    {408, 624, 2119},
    {408, 662, 2120},
    {411, 645, 2121},
    {416, 633, 2122},
    {416, 650, 2123},
    {416, 663, 2124},
    {417, 639, 2125},
    {417, 660, 2126},
    {421, 642, 2127},
    {421, 671, 2128},
    {427, 704, 2129},
    {428, 668, 2130},
    {428, 701, 2131},
    {429, 621, 2132},
    {429, 689, 2133},
    {434, 650, 2134},
    {435, 639, 2135},
    {435, 667, 2136},
    {436, 639, 2137},
    {436, 648, 2138},
    {436, 665, 2139},
    {436, 680, 2140},
    {438, 621, 2141},
    {438, 637, 2142},
    {445, 620, 2143},
    {445, 635, 2144},
    {445, 636, 2145},
    {447, 637, 2146},
    {447, 662, 2147},
    {448, 667, 2148},
    {448, 679, 2149},
    {449, 741, 2150},
    {450, 645, 2151},
    {452, 622, 2152},
    {463, 627, 2153},
    {406, 686, 2154},
    {407, 622, 2155},
    {407, 642, 2156},
    {407, 677, 2157},
    {411, 622, 2158},
    {411, 639, 2159},
    {411, 644, 2160},
    {415, 636, 2161},
    {415, 650, 2162},
    {416, 635, 2163},
    {416, 636, 2164},
    {416, 649, 2165},
    {418, 629, 2166},
    {420, 679, 2167},
    {427, 663, 2168},
    {427, 679, 2169},
    {428, 620, 2170},
    {428, 625, 2171},
    {428, 673, 2172},
    {429, 633, 2173},
    {430, 625, 2174},
    {430, 712, 2175},
    {431, 661, 2176},
    {431, 671, 2177},
    {435, 265, 2178},
    {438, 709, 2179},
    {443, 265, 2180},
    {443, 644, 2181},
    {444, 675, 2182},
    {445, 622, 2183},
    {445, 646, 2184},
    {447, 671, 2185},
    {448, 660, 2186},
    {449, 642, 2187},
    {452, 662, 2188},
    {452, 665, 2189},
    {461, 623, 2190},
    {463, 667, 2191},
    {467, 627, 2192},
    {467, 641, 2193},
    {406, 626, 2194},
    {407, 627, 2195},
    {407, 679, 2196},
    {408, 623, 2197},
    {408, 660, 2198},
    {415, 644, 2199},
    {416, 668, 2200},
    {416, 710, 2201},
    {418, 623, 2202},
    {418, 644, 2203},
    {418, 647, 2204},
    {418, 664, 2205},
    {418, 683, 2206},
    {420, 626, 2207},
    {420, 633, 2208},
    {420, 689, 2209},
    {421, 668, 2210},
    {427, 648, 2211},
    {427, 655, 2212},
    {427, 712, 2213},
    {428, 641, 2214},
    {428, 661, 2215},
    {429, 666, 2216},
    {429, 738, 2217},
    {430, 627, 2218},
    {434, 622, 2219},
    {434, 647, 2220},
    {436, 629, 2221},
    {436, 649, 2222},
    {438, 625, 2223},
    {438, 632, 2224},
    {438, 675, 2225},
    {439, 685, 2226},
    {444, 623, 2227},
    {444, 632, 2228},
    {444, 642, 2229},
    {447, 628, 2230},
    {447, 655, 2231},
    {447, 673, 2232},
    {447, 709, 2233},
    {449, 641, 2234},
    {449, 666, 2235},
    {452, 625, 2236},
    {452, 677, 2237},
    {463, 632, 2238},
    {463, 636, 2239},
    {463, 638, 2240},
    {463, 678, 2241},
    {467, 640, 2242},
    {468, 622, 2243},
    {406, 621, 2244},
    {406, 622, 2245},
    {406, 683, 2246},
    {407, 675, 2247},
    {407, 712, 2248},
    {408, 637, 2249},
    {408, 650, 2250},
    {408, 709, 2251},
    {415, 624, 2252},
    {415, 659, 2253},
    {416, 621, 2254},
    {418, 667, 2255},
    {421, 629, 2256},
    {421, 664, 2257},
    {421, 674, 2258},
    {427, 622, 2259},
    {427, 650, 2260},
    {427, 671, 2261},
    {428, 647, 2262},
    {428, 678, 2263},
    {430, 629, 2264},
    {430, 648, 2265},
    {431, 677, 2266},
    {434, 642, 2267},
    {434, 646, 2268},
    {436, 627, 2269},
    {436, 634, 2270},
    {436, 657, 2271},
    {436, 671, 2272},
    {436, 675, 2273},
    {438, 662, 2274},
    {438, 674, 2275},
    {439, 622, 2276},
    {439, 663, 2277},
    {439, 701, 2278},
    {444, 646, 2279},
    {447, 622, 2280},
    {448, 622, 2281},
    {448, 678, 2282},
    {449, 290, 2283},
    {449, 623, 2284},
    {450, 290, 2285},
    {450, 662, 2286},
    {450, 665, 2287},
    {452, 637, 2288},
    {452, 671, 2289},
    {461, 662, 2290},
    {461, 683, 2291},
    {463, 278, 2292},
    {463, 281, 2293},
    {463, 620, 2294},
    {463, 639, 2295},
    {467, 660, 2296},
    {468, 623, 2297},
    {468, 647, 2298},
    {1178, 335, 2299},
    {406, 679, 2300},
    {406, 709, 2301},
    {407, 633, 2302},
    {407, 649, 2303},
    {407, 655, 2304},
    {407, 662, 2305},
    {407, 673, 2306},
    {407, 710, 2307},
    {408, 625, 2308},
    {408, 643, 2309},
    {408, 674, 2310},
    {411, 642, 2311},
    {411, 684, 2312},
    {415, 665, 2313},
    {416, 659, 2314},
    {417, 661, 2315},
    {417, 662, 2316},
    {417, 686, 2317},
    {417, 689, 2318},
    {418, 633, 2319},
    {420, 638, 2320},
    {420, 642, 2321},
    {421, 649, 2322},
    {427, 628, 2323},
    {427, 637, 2324},
    {427, 638, 2325},
    {427, 642, 2326},
    {427, 710, 2327},
    {428, 627, 2328},
    {430, 623, 2329},
    {430, 649, 2330},
    {430, 650, 2331},
    {430, 673, 2332},
    {430, 677, 2333},
    {431, 642, 2334},
    {431, 683, 2335},
    {436, 640, 2336},
    {436, 689, 2337},
    {436, 701, 2338},
    {438, 646, 2339},
    {439, 621, 2340},
    {439, 626, 2341},
    {439, 637, 2342},
    {439, 648, 2343},
    {443, 620, 2344},
    {443, 689, 2345},
    {444, 688, 2346},
    {447, 688, 2347},
    {449, 649, 2348},
    {449, 680, 2349},
    {450, 671, 2350},
    {452, 640, 2351},
    {452, 668, 2352},
    {461, 635, 2353},
    {461, 673, 2354},
    {463, 634, 2355},
    {467, 661, 2356},
    {467, 667, 2357},
    {468, 629, 2358},
    {468, 635, 2359},
    {291, 1360, 2360},
    {406, 646, 2361},
    {406, 663, 2362},
    {406, 671, 2363},
    {407, 290, 2364},
    {407, 635, 2365},
    {407, 643, 2366},
    {407, 648, 2367},
    {407, 663, 2368},
    {407, 678, 2369},
    {407, 688, 2370},
    {408, 738, 2371},
    {411, 634, 2372},
    {411, 649, 2373},
    {411, 673, 2374},
    {411, 681, 2375},
    {415, 278, 2376},
    {415, 632, 2377},
    {415, 638, 2378},
    {415, 741, 2379},
    {416, 620, 2380},
    {416, 642, 2381},
    {416, 657, 2382},
    {418, 637, 2383},
    {420, 647, 2384},
    {421, 645, 2385},
    {421, 673, 2386},
    {421, 679, 2387},
    {421, 683, 2388},
    {427, 281, 2389},
    {427, 629, 2390},
    {427, 666, 2391},
    {428, 290, 2392},
    {429, 639, 2393},
    {430, 265, 2394},
    {430, 624, 2395},
    {430, 641, 2396},
    {430, 657, 2397},
    {430, 709, 2398},
    {431, 624, 2399},
    {431, 633, 2400},
    {431, 634, 2401},
    {431, 645, 2402},
    {434, 624, 2403},
    {434, 634, 2404},
    {435, 627, 2405},
    {435, 636, 2406},
    {435, 655, 2407},
    {436, 644, 2408},
    {436, 664, 2409},
    {438, 639, 2410},
    {438, 659, 2411},
    {443, 627, 2412},
    {443, 645, 2413},
    {444, 637, 2414},
    {444, 667, 2415},
    {445, 685, 2416},
    {445, 708, 2417},
    {447, 281, 2418},
    {447, 626, 2419},
    {447, 668, 2420},
    {448, 73, 2421},
    {448, 278, 2422},
    {448, 624, 2423},
    {449, 295, 2424},
    {449, 646, 2425},
    {450, 641, 2426},
    {452, 649, 2427},
    {452, 666, 2428},
    {463, 662, 2429},
    {467, 279, 2430},
    {467, 625, 2431},
    {467, 650, 2432},
    {467, 668, 2433},
    {468, 266, 2434},
    {1146, 335, 2435},
    {406, 647, 2436},
    {407, 632, 2437},
    {407, 639, 2438},
    {407, 684, 2439},
    {411, 629, 2440},
    {411, 668, 2441},
    {415, 647, 2442},
    {416, 674, 2443},
    {417, 623, 2444},
    {417, 640, 2445},
    {417, 663, 2446},
    {418, 621, 2447},
    {418, 645, 2448},
    {418, 738, 2449},
    {420, 635, 2450},
    {420, 674, 2451},
    {420, 680, 2452},
    {421, 647, 2453},
    {421, 650, 2454},
    {421, 681, 2455},
    {428, 671, 2456},
    {428, 689, 2457},
    {429, 641, 2458},
    {430, 660, 2459},
    {430, 667, 2460},
    {430, 684, 2461},
    {431, 622, 2462},
    {431, 667, 2463},
    {431, 679, 2464},
    {431, 701, 2465},
    {431, 738, 2466},
    {434, 633, 2467},
    {434, 635, 2468},
    {434, 668, 2469},
    {435, 621, 2470},
    {435, 674, 2471},
    {436, 625, 2472},
    {438, 628, 2473},
    {438, 647, 2474},
    {438, 689, 2475},
    {438, 710, 2476},
    {439, 623, 2477},
    {439, 627, 2478},
    {439, 646, 2479},
    {443, 681, 2480},
    {443, 684, 2481},
    {443, 709, 2482},
    {444, 627, 2483},
    {444, 634, 2484},
    {445, 627, 2485},
    {447, 634, 2486},
    {447, 643, 2487},
    {448, 684, 2488},
    {449, 625, 2489},
    {449, 659, 2490},
    {450, 626, 2491},
    {450, 680, 2492},
    {452, 680, 2493},
    {452, 681, 2494},
    {452, 710, 2495},
    {461, 647, 2496},
    {461, 663, 2497},
    {461, 668, 2498},
    {461, 671, 2499},
    {463, 641, 2500},
    {463, 649, 2501},
    {467, 680, 2502},
    {468, 624, 2503},
    {468, 628, 2504},
    {468, 689, 2505},
    {1146, 329, 2506},
    {73, 323, 2507},
    {406, 275, 2508},
    {406, 279, 2509},
    {406, 657, 2510},
    {406, 701, 2511},
    {406, 738, 2512},
    {407, 265, 2513},
    {407, 278, 2514},
    {407, 645, 2515},
    {407, 681, 2516},
    {408, 710, 2517},
    {411, 620, 2518},
    {411, 663, 2519},
    {411, 685, 2520},
    {411, 741, 2521},
    {415, 633, 2522},
    {416, 624, 2523},
    {416, 667, 2524},
    {417, 275, 2525},
    {417, 621, 2526},
    {417, 671, 2527},
    {417, 678, 2528},
    {418, 666, 2529},
    {418, 668, 2530},
    {418, 680, 2531},
    {420, 660, 2532},
    {421, 623, 2533},
    {421, 628, 2534},
    {421, 657, 2535},
    {427, 640, 2536},
    {427, 647, 2537},
    {427, 701, 2538},
    {428, 648, 2539},
    {428, 655, 2540},
    {429, 657, 2541},
    {430, 275, 2542},
    {430, 632, 2543},
    {431, 650, 2544},
    {431, 686, 2545},
    {434, 629, 2546},
    {434, 639, 2547},
    {434, 674, 2548},
    {435, 278, 2549},
    {435, 645, 2550},
    {435, 662, 2551},
    {435, 680, 2552},
    {436, 620, 2553},
    {436, 635, 2554},
    {436, 637, 2555},
    {436, 684, 2556},
    {438, 685, 2557},
    {439, 625, 2558},
    {439, 681, 2559},
    {443, 643, 2560},
    {444, 626, 2561},
    {444, 661, 2562},
    {445, 637, 2563},
    {445, 661, 2564},
    {445, 671, 2565},
    {445, 709, 2566},
    {448, 641, 2567},
    {448, 673, 2568},
    {448, 704, 2569},
    {449, 275, 2570},
    {449, 704, 2571},
    {449, 709, 2572},
    {452, 648, 2573},
    {461, 624, 2574},
    {461, 638, 2575},
    {463, 275, 2576},
    {463, 668, 2577},
    {463, 671, 2578},
    {467, 278, 2579},
    {467, 635, 2580},
    {467, 663, 2581},
    {468, 620, 2582},
    {468, 636, 2583},
    {468, 644, 2584},
    {468, 645, 2585},
    {468, 675, 2586},
    {1146, 330, 2587},
    {1325, 331, 2588},
    {406, 673, 2589},
    {407, 626, 2590},
    {407, 636, 2591},
    {407, 641, 2592},
    {407, 704, 2593},
    {411, 667, 2594},
    {415, 625, 2595},
    {415, 643, 2596},
    {415, 660, 2597},
    {416, 661, 2598},
    {416, 704, 2599},
    {417, 657, 2600},
    {417, 666, 2601},
    {417, 675, 2602},
    {418, 638, 2603},
    {418, 639, 2604},
    {418, 640, 2605},
    {418, 712, 2606},
    {420, 666, 2607},
    {420, 683, 2608},
    {421, 677, 2609},
    {421, 709, 2610},
    {427, 664, 2611},
    {427, 741, 2612},
    {428, 621, 2613},
    {428, 644, 2614},
    {428, 667, 2615},
    {428, 685, 2616},
    {430, 640, 2617},
    {430, 662, 2618},
    {430, 685, 2619},
    {431, 665, 2620},
    {431, 674, 2621},
    {431, 689, 2622},
    {434, 620, 2623},
    {434, 688, 2624},
    {434, 704, 2625},
    {435, 677, 2626},
    {436, 624, 2627},
    {436, 655, 2628},
    {438, 633, 2629},
    {438, 667, 2630},
    {438, 668, 2631},
    {438, 679, 2632},
    {438, 688, 2633},
    {439, 635, 2634},
    {439, 649, 2635},
    {439, 667, 2636},
    {443, 632, 2637},
    {443, 662, 2638},
    {443, 710, 2639},
    {443, 712, 2640},
    {444, 645, 2641},
    {444, 650, 2642},
    {445, 645, 2643},
    {445, 665, 2644},
    {447, 685, 2645},
    {448, 620, 2646},
    {448, 635, 2647},
    {448, 643, 2648},
    {448, 647, 2649},
    {448, 681, 2650},
    {449, 629, 2651},
    {449, 657, 2652},
    {449, 708, 2653},
    {450, 657, 2654},
    {450, 677, 2655},
    {452, 679, 2656},
    {452, 704, 2657},
    {461, 629, 2658},
    {461, 650, 2659},
    {461, 688, 2660},
    {463, 644, 2661},
    {463, 680, 2662},
    {468, 632, 2663},
    {468, 633, 2664},
    {1175, 325, 2665},
    {406, 93, 2666},
    {406, 629, 2667},
    {406, 650, 2668},
    {406, 681, 2669},
    {407, 266, 2670},
    {407, 279, 2671},
    {408, 673, 2672},
    {411, 623, 2673},
    {411, 632, 2674},
    {411, 689, 2675},
    {415, 626, 2676},
    {415, 677, 2677},
    {415, 678, 2678},
    {416, 265, 2679},
    {416, 625, 2680},
    {417, 637, 2681},
    {417, 680, 2682},
    {418, 643, 2683},
    {418, 701, 2684},
    {420, 636, 2685},
    {420, 708, 2686},
    {420, 712, 2687},
    {427, 644, 2688},
    {427, 683, 2689},
    {428, 624, 2690},
    {428, 643, 2691},
    {428, 665, 2692},
    {428, 666, 2693},
    {428, 683, 2694},
    {429, 640, 2695},
    {429, 664, 2696},
    {430, 642, 2697},
    {430, 655, 2698},
    {430, 674, 2699},
    {431, 637, 2700},
    {431, 664, 2701},
    {431, 673, 2702},
    {434, 683, 2703},
    {436, 275, 2704},
    {436, 673, 2705},
    {436, 677, 2706},
    {436, 688, 2707},
    {438, 620, 2708},
    {438, 635, 2709},
    {439, 278, 2710},
    {439, 642, 2711},
    {439, 655, 2712},
    {439, 683, 2713},
    {443, 622, 2714},
    {443, 625, 2715},
    {443, 657, 2716},
    {443, 678, 2717},
    {443, 683, 2718},
    {444, 677, 2719},
    {447, 279, 2720},
    {447, 623, 2721},
    {447, 663, 2722},
    {447, 738, 2723},
    {448, 266, 2724},
    {450, 683, 2725},
    {450, 688, 2726},
    {450, 704, 2727},
    {450, 712, 2728},
    {452, 641, 2729},
    {452, 688, 2730},
    {461, 275, 2731},
    {461, 634, 2732},
    {461, 649, 2733},
    {463, 677, 2734},
    {467, 266, 2735},
    {467, 620, 2736},
    {467, 666, 2737},
    {467, 681, 2738},
    {1175, 330, 2739},
    {406, 644, 2740},
    {406, 655, 2741},
    {406, 660, 2742},
    {407, 646, 2743},
    {407, 667, 2744},
    {407, 689, 2745},
    {407, 701, 2746},
    {408, 627, 2747},
    {408, 661, 2748},
    {408, 664, 2749},
    {411, 661, 2750},
    {411, 665, 2751},
    {411, 683, 2752},
    {411, 704, 2753},
    {415, 621, 2754},
    {415, 637, 2755},
    {416, 708, 2756},
    {417, 636, 2757},
    {417, 642, 2758},
    {417, 646, 2759},
    {418, 641, 2760},
    {418, 648, 2761},
    {420, 637, 2762},
    {420, 710, 2763},
    {421, 622, 2764},
    {421, 627, 2765},
    {421, 685, 2766},
    {421, 689, 2767},
    {421, 712, 2768},
    {428, 642, 2769},
    {429, 635, 2770},
    {430, 636, 2771},
    {430, 661, 2772},
    {430, 704, 2773},
    {431, 643, 2774},
    {431, 659, 2775},
    {431, 684, 2776},
    {434, 675, 2777},
    {434, 680, 2778},
    {434, 741, 2779},
    {436, 636, 2780},
    {436, 646, 2781},
    {438, 644, 2782},
    {438, 673, 2783},
    {439, 620, 2784},
    {439, 633, 2785},
    {439, 643, 2786},
    {439, 657, 2787},
    {439, 666, 2788},
    {443, 624, 2789},
    {443, 633, 2790},
    {443, 641, 2791},
    {443, 663, 2792},
    {444, 641, 2793},
    {444, 644, 2794},
    {444, 666, 2795},
    {445, 648, 2796},
    {445, 650, 2797},
    {445, 657, 2798},
    {447, 640, 2799},
    {448, 621, 2800},
    {448, 625, 2801},
    {448, 626, 2802},
    {448, 628, 2803},
    {448, 675, 2804},
    {448, 685, 2805},
    {448, 709, 2806},
    {449, 638, 2807},
    {449, 650, 2808},
    {449, 667, 2809},
    {450, 622, 2810},
    {450, 634, 2811},
    {450, 635, 2812},
    {450, 681, 2813},
    {450, 689, 2814},
    {452, 626, 2815},
    {452, 646, 2816},
    {452, 661, 2817},
    {461, 637, 2818},
    {463, 625, 2819},
    {463, 642, 2820},
    {463, 659, 2821},
    {463, 681, 2822},
    {467, 671, 2823},
    {467, 677, 2824},
    {468, 621, 2825},
    {468, 664, 2826},
    {468, 677, 2827},
    {468, 679, 2828},
    {531, 630, 2829},
    {406, 667, 2830},
    {407, 620, 2831},
    {407, 668, 2832},
    {408, 632, 2833},
    {415, 265, 2834},
    {415, 266, 2835},
    {415, 640, 2836},
    {415, 648, 2837},
    {415, 673, 2838},
    {415, 684, 2839},
    {415, 712, 2840},
    {416, 660, 2841},
    {416, 688, 2842},
    {417, 633, 2843},
    {418, 626, 2844},
    {418, 662, 2845},
    {418, 665, 2846},
    {420, 625, 2847},
    {420, 664, 2848},
    {420, 684, 2849},
    {421, 680, 2850},
    {427, 279, 2851},
    {427, 620, 2852},
    {427, 689, 2853},
    {428, 635, 2854},
    {428, 677, 2855},
    {429, 659, 2856},
    {429, 704, 2857},
    {430, 626, 2858},
    {430, 634, 2859},
    {430, 647, 2860},
    {430, 681, 2861},
    {431, 266, 2862},
    {431, 647, 2863},
    {431, 685, 2864},
    {434, 638, 2865},
    {434, 640, 2866},
    {434, 664, 2867},
    {435, 638, 2868},
    {435, 642, 2869},
    {436, 290, 2870},
    {436, 628, 2871},
    {436, 638, 2872},
    {436, 663, 2873},
    {436, 681, 2874},
    {436, 738, 2875},
    {438, 290, 2876},
    {438, 624, 2877},
    {438, 661, 2878},
    {438, 678, 2879},
    {439, 738, 2880},
    {443, 637, 2881},
    {443, 671, 2882},
    {443, 674, 2883},
    {444, 683, 2884},
    {445, 290, 2885},
    {445, 639, 2886},
    {445, 667, 2887},
    {447, 266, 2888},
    {447, 627, 2889},
    {447, 645, 2890},
    {447, 660, 2891},
    {447, 686, 2892},
    {448, 265, 2893},
    {448, 636, 2894},
    {448, 664, 2895},
    {448, 671, 2896},
    {449, 265, 2897},
    {450, 646, 2898},
    {452, 645, 2899},
    {452, 657, 2900},
    {452, 686, 2901},
    {452, 712, 2902},
    {461, 81, 2903},
    {461, 266, 2904},
    {461, 644, 2905},
    {461, 657, 2906},
    {461, 659, 2907},
    {461, 679, 2908},
    {461, 685, 2909},
    {463, 624, 2910},
    {463, 629, 2911},
    {463, 650, 2912},
    {463, 660, 2913},
    {463, 673, 2914},
    {467, 281, 2915},
    {467, 628, 2916},
    {467, 637, 2917},
    {467, 659, 2918},
    {467, 675, 2919},
    {467, 688, 2920},
    {468, 680, 2921},
    {406, 634, 2922},
    {406, 639, 2923},
    {407, 623, 2924},
    {407, 660, 2925},
    {407, 664, 2926},
    {408, 671, 2927},
    {408, 701, 2928},
    {411, 646, 2929},
    {411, 712, 2930},
    {415, 646, 2931},
    {415, 668, 2932},
    {415, 680, 2933},
    {415, 686, 2934},
    {416, 626, 2935},
    {416, 627, 2936},
    {416, 712, 2937},
    {417, 641, 2938},
    {417, 655, 2939},
    {417, 685, 2940},
    {417, 710, 2941},
    {418, 634, 2942},
    {418, 636, 2943},
    {420, 624, 2944},
    {420, 659, 2945},
    {421, 666, 2946},
    {427, 625, 2947},
    {427, 684, 2948},
    {428, 623, 2949},
    {428, 636, 2950},
    {429, 647, 2951},
    {429, 662, 2952},
    {429, 665, 2953},
    {429, 673, 2954},
    {429, 708, 2955},
    {429, 712, 2956},
    {430, 633, 2957},
    {430, 638, 2958},
    {431, 621, 2959},
    {434, 626, 2960},
    {434, 701, 2961},
    {435, 632, 2962},
    {435, 659, 2963},
    {435, 678, 2964},
    {435, 686, 2965},
    {436, 632, 2966},
    {438, 626, 2967},
    {438, 660, 2968},
    {438, 663, 2969},
    {438, 681, 2970},
    {438, 738, 2971},
    {438, 741, 2972},
    {439, 665, 2973},
    {439, 668, 2974},
    {439, 680, 2975},
    {443, 648, 2976},
    {443, 664, 2977},
    {445, 643, 2978},
    {447, 647, 2979},
    {447, 701, 2980},
    {447, 712, 2981},
    {448, 632, 2982},
    {448, 633, 2983},
    {448, 666, 2984},
    {448, 677, 2985},
    {449, 677, 2986},
    {450, 625, 2987},
    {450, 633, 2988},
    {452, 674, 2989},
    {461, 642, 2990},
    {461, 664, 2991},
    {463, 640, 2992},
    {467, 647, 2993},
    {467, 655, 2994},
    {468, 627, 2995},
    {468, 662, 2996},
    {468, 663, 2997},
    {1178, 332, 2998},
    {406, 635, 2999},
    {406, 662, 3000},
    {406, 674, 3001},
    {406, 677, 3002},
    {406, 704, 3003},
    {407, 674, 3004},
    {407, 680, 3005},
    {408, 620, 3006},
    {408, 634, 3007},
    {408, 655, 3008},
    {408, 684, 3009},
    {411, 278, 3010},
    {411, 686, 3011},
    {415, 634, 3012},
    {416, 634, 3013},
    {416, 641, 3014},
    {416, 665, 3015},
    {417, 650, 3016},
    {417, 688, 3017},
    {417, 701, 3018},
    {418, 661, 3019},
    {420, 620, 3020},
    {420, 667, 3021},
    {420, 675, 3022},
    {420, 678, 3023},
    {420, 738, 3024},
    {421, 265, 3025},
    {421, 295, 3026},
    {421, 620, 3027},
    {421, 662, 3028},
    {421, 667, 3029},
    {421, 688, 3030},
    {427, 290, 3031},
    {428, 659, 3032},
    {428, 704, 3033},
    {429, 624, 3034},
    {429, 650, 3035},
    {430, 278, 3036},
    {430, 279, 3037},
    {430, 666, 3038},
    {430, 668, 3039},
    {431, 626, 3040},
    {431, 648, 3041},
    {431, 958, 3042},
    {434, 677, 3043},
    {435, 640, 3044},
    {436, 666, 3045},
    {438, 281, 3046},
    {438, 649, 3047},
    {439, 290, 3048},
    {439, 644, 3049},
    {439, 661, 3050},
    {439, 671, 3051},
    {439, 689, 3052},
    {443, 638, 3053},
    {443, 675, 3054},
    {444, 671, 3055},
    {445, 668, 3056},
    {447, 290, 3057},
    {447, 632, 3058},
    {447, 684, 3059},
    {448, 77, 3060},
    {448, 637, 3061},
    {448, 659, 3062},
    {448, 661, 3063},
    {448, 686, 3064},
    {448, 701, 3065},
    {449, 624, 3066},
    {449, 632, 3067},
    {449, 671, 3068},
    {449, 679, 3069},
    {450, 275, 3070},
    {452, 639, 3071},
    {452, 655, 3072},
    {461, 680, 3073},
    {463, 621, 3074},
    {463, 679, 3075},
    {468, 668, 3076},
    {468, 673, 3077},
    {468, 683, 3078},
    {406, 637, 3079},
    {407, 644, 3080},
    {407, 650, 3081},
    {408, 666, 3082},
    {411, 625, 3083},
    {411, 633, 3084},
    {415, 622, 3085},
    {415, 667, 3086},
    {416, 671, 3087},
    {417, 624, 3088},
    {417, 625, 3089},
    {417, 741, 3090},
    {418, 649, 3091},
    {418, 679, 3092},
    {418, 684, 3093},
    {418, 708, 3094},
    {418, 709, 3095},
    {420, 668, 3096},
    {427, 639, 3097},
    {428, 622, 3098},
    {428, 640, 3099},
    {428, 675, 3100},
    {429, 629, 3101},
    {429, 668, 3102},
    {430, 664, 3103},
    {430, 671, 3104},
    {431, 640, 3105},
    {431, 710, 3106},
    {434, 623, 3107},
    {434, 660, 3108},
    {435, 633, 3109},
    {435, 643, 3110},
    {435, 738, 3111},
    {436, 668, 3112},
    {438, 629, 3113},
    {438, 650, 3114},
    {438, 684, 3115},
    {443, 636, 3116},
    {444, 649, 3117},
    {444, 655, 3118},
    {444, 701, 3119},
    {445, 662, 3120},
    {447, 638, 3121},
    {447, 678, 3122},
    {448, 638, 3123},
    {448, 680, 3124},
    {449, 640, 3125},
    {450, 629, 3126},
    {450, 648, 3127},
    {450, 655, 3128},
    {450, 667, 3129},
    {450, 673, 3130},
    {452, 620, 3131},
    {452, 635, 3132},
    {452, 647, 3133},
    {452, 664, 3134},
    {452, 741, 3135},
    {461, 626, 3136},
    {463, 628, 3137},
    {463, 643, 3138},
    {463, 685, 3139},
    {468, 625, 3140},
    {468, 648, 3141},
    {468, 671, 3142},
    {1146, 326, 3143},
    {1146, 331, 3144},
    {1175, 335, 3145},
    {1325, 329, 3146},
    {406, 659, 3147},
    {407, 629, 3148},
    {407, 634, 3149},
    {407, 637, 3150},
    {407, 683, 3151},
    {408, 622, 3152},
    {408, 683, 3153},
    {415, 662, 3154},
    {416, 279, 3155},
    {416, 647, 3156},
    {416, 673, 3157},
    {416, 678, 3158},
    {416, 680, 3159},
    {416, 738, 3160},
    {417, 647, 3161},
    {417, 659, 3162},
    {418, 624, 3163},
    {418, 663, 3164},
    {418, 686, 3165},
    {420, 644, 3166},
    {420, 657, 3167},
    {421, 278, 3168},
    {421, 634, 3169},
    {427, 634, 3170},
    {428, 628, 3171},
    {429, 663, 3172},
    {430, 621, 3173},
    {430, 622, 3174},
    {430, 628, 3175},
    {431, 639, 3176},
    {431, 681, 3177},
    {434, 275, 3178},
    {434, 625, 3179},
    {434, 627, 3180},
    {434, 641, 3181},
    {434, 661, 3182},
    {434, 684, 3183},
    {435, 625, 3184},
    {435, 641, 3185},
    {435, 646, 3186},
    {435, 650, 3187},
    {435, 661, 3188},
    {436, 265, 3189},
    {436, 643, 3190},
    {436, 660, 3191},
    {436, 685, 3192},
    {436, 741, 3193},
    {438, 640, 3194},
    {438, 657, 3195},
    {438, 666, 3196},
    {439, 640, 3197},
    {439, 641, 3198},
    {439, 664, 3199},
    {443, 275, 3200},
    {443, 626, 3201},
    {443, 680, 3202},
    {443, 685, 3203},
    {443, 686, 3204},
    {443, 708, 3205},
    {443, 958, 3206},
    {444, 660, 3207},
    {445, 644, 3208},
    {445, 686, 3209},
    {445, 738, 3210},
    {447, 265, 3211},
    {447, 278, 3212},
    {447, 633, 3213},
    {447, 648, 3214},
    {447, 675, 3215},
    {447, 704, 3216},
    {447, 708, 3217},
    {449, 637, 3218},
    {449, 643, 3219},
    {449, 648, 3220},
    {450, 640, 3221},
    {450, 710, 3222},
    {452, 266, 3223},
    {452, 281, 3224},
    {452, 621, 3225},
    {452, 643, 3226},
    {452, 701, 3227},
    {461, 677, 3228},
    {463, 626, 3229},
    {463, 647, 3230},
    {463, 661, 3231},
    {467, 265, 3232},
    {467, 634, 3233},
    {467, 639, 3234},
    {467, 644, 3235},
    {467, 648, 3236},
    {467, 673, 3237},
    {468, 661, 3238},
    {1175, 329, 3239},
    {1175, 332, 3240},
    {1178, 325, 3241},
    {1325, 326, 3242},
    {406, 633, 3243},
    {406, 666, 3244},
    {407, 647, 3245},
    {407, 738, 3246},
    {408, 665, 3247},
    {411, 626, 3248},
    {411, 628, 3249},
    {411, 660, 3250},
    {415, 701, 3251},
    {416, 623, 3252},
    {416, 639, 3253},
    {416, 701, 3254},
    {417, 709, 3255},
    {418, 628, 3256},
    {418, 677, 3257},
    {420, 622, 3258},
    {420, 646, 3259},
    {421, 643, 3260},
    {427, 738, 3261},
    {428, 632, 3262},
    {428, 646, 3263},
    {428, 688, 3264},
    {429, 626, 3265},
    {429, 628, 3266},
    {429, 661, 3267},
    {429, 671, 3268},
    {430, 663, 3269},
    {430, 680, 3270},
    {430, 689, 3271},
    {431, 632, 3272},
    {431, 675, 3273},
    {434, 643, 3274},
    {434, 673, 3275},
    {435, 629, 3276},
    {435, 663, 3277},
    {436, 641, 3278},
    {436, 662, 3279},
    {436, 683, 3280},
    {439, 650, 3281},
    {439, 709, 3282},
    {443, 634, 3283},
    {443, 640, 3284},
    {444, 633, 3285},
    {444, 659, 3286},
    {444, 663, 3287},
    {444, 738, 3288},
    {445, 677, 3289},
    {445, 678, 3290},
    {448, 629, 3291},
    {449, 628, 3292},
    {449, 681, 3293},
    {449, 701, 3294},
    {449, 710, 3295},
    {450, 621, 3296},
    {450, 623, 3297},
    {450, 632, 3298},
    {450, 709, 3299},
    {452, 684, 3300},
    {461, 646, 3301},
    {461, 665, 3302},
    {461, 675, 3303},
    {461, 678, 3304},
    {467, 683, 3305},
    {1178, 331, 3306},
    {292, 1360, 3307},
    {406, 649, 3308},
    {406, 678, 3309},
    {406, 680, 3310},
    {407, 295, 3311},
    {407, 671, 3312},
    {407, 741, 3313},
    {411, 281, 3314},
    {411, 657, 3315},
    {411, 958, 3316},
    {415, 620, 3317},
    {416, 266, 3318},
    {417, 266, 3319},
    {417, 281, 3320},
    {417, 290, 3321},
    {417, 643, 3322},
    {417, 644, 3323},
    {417, 667, 3324},
    {417, 738, 3325},
    {418, 265, 3326},
    {418, 627, 3327},
    {418, 674, 3328},
    {418, 685, 3329},
    {418, 704, 3330},
    {420, 639, 3331},
    {421, 639, 3332},
    {427, 641, 3333},
    {427, 645, 3334},
    {427, 667, 3335},
    {427, 673, 3336},
    {428, 629, 3337},
    {429, 636, 3338},
    {429, 688, 3339},
    {429, 741, 3340},
    {430, 683, 3341},
    {430, 708, 3342},
    {431, 655, 3343},
    {434, 281, 3344},
    {434, 644, 3345},
    {434, 710, 3346},
    {435, 295, 3347},
    {435, 701, 3348},
    {435, 704, 3349},
    {436, 958, 3350},
    {438, 677, 3351},
    {438, 686, 3352},
    {439, 712, 3353},
    {443, 629, 3354},
    {443, 661, 3355},
    {444, 275, 3356},
    {444, 678, 3357},
    {444, 679, 3358},
    {445, 623, 3359},
    {445, 641, 3360},
    {445, 642, 3361},
    {445, 659, 3362},
    {445, 663, 3363},
    {445, 688, 3364},
    {447, 642, 3365},
    {447, 665, 3366},
    {447, 667, 3367},
    {447, 681, 3368},
    {447, 741, 3369},
    {448, 646, 3370},
    {448, 708, 3371},
    {449, 633, 3372},
    {449, 664, 3373},
    {450, 637, 3374},
    {450, 666, 3375},
    {450, 674, 3376},
    {452, 683, 3377},
    {452, 689, 3378},
    {461, 661, 3379},
    {461, 681, 3380},
    {463, 666, 3381},
    {463, 688, 3382},
    {467, 275, 3383},
    {467, 662, 3384},
    {467, 679, 3385},
    {467, 689, 3386},
    {468, 649, 3387},
    {468, 650, 3388},
    {468, 686, 3389},
    {1325, 337, 3390},
    {406, 668, 3391},
    {407, 638, 3392},
    {407, 666, 3393},
    {407, 685, 3394},
    {408, 635, 3395},
    {408, 638, 3396},
    {408, 667, 3397},
    {408, 686, 3398},
    {411, 627, 3399},
    {415, 689, 3400},
    {416, 683, 3401},
    {417, 668, 3402},
    {418, 646, 3403},
    {418, 678, 3404},
    {420, 632, 3405},
    {420, 649, 3406},
    {420, 661, 3407},
    {420, 688, 3408},
    {421, 704, 3409},
    {427, 636, 3410},
    {427, 685, 3411},
    {428, 638, 3412},
    {429, 622, 3413},
    {429, 632, 3414},
    {429, 679, 3415},
    {429, 681, 3416},
    {430, 639, 3417},
    {430, 710, 3418},
    {431, 638, 3419},
    {431, 662, 3420},
    {431, 678, 3421},
    {431, 712, 3422},
    {435, 679, 3423},
    {435, 741, 3424},
    {438, 622, 3425},
    {438, 641, 3426},
    {438, 645, 3427},
    {439, 632, 3428},
    {443, 679, 3429},
    {443, 701, 3430},
    {444, 647, 3431},
    {445, 689, 3432},
    {447, 624, 3433},
    {447, 644, 3434},
    {449, 644, 3435},
    {449, 647, 3436},
    {449, 661, 3437},
    {449, 663, 3438},
    {452, 636, 3439},
    {463, 663, 3440},
    {463, 674, 3441},
    {467, 621, 3442},
    {467, 664, 3443},
    {467, 686, 3444},
    {1175, 326, 3445},
    {1175, 337, 3446},
    {1178, 329, 3447},
    {1325, 332, 3448},
    {406, 265, 3449},
    {406, 636, 3450},
    {406, 688, 3451},
    {407, 275, 3452},
    {407, 640, 3453},
    {407, 958, 3454},
    {408, 712, 3455},
    {411, 675, 3456},
    {411, 738, 3457},
    {416, 644, 3458},
    {416, 662, 3459},
    {416, 675, 3460},
    {417, 627, 3461},
    {417, 684, 3462},
    {420, 627, 3463},
    {420, 640, 3464},
    {420, 662, 3465},
    {421, 646, 3466},
    {427, 627, 3467},
    {427, 635, 3468},
    {427, 665, 3469},
    {429, 279, 3470},
    {429, 281, 3471},
    {429, 643, 3472},
    {429, 644, 3473},
    {431, 265, 3474},
    {431, 668, 3475},
    {434, 266, 3476},
    {434, 649, 3477},
    {434, 679, 3478},
    {434, 686, 3479},
    {435, 81, 3480},
    {435, 671, 3481},
    {435, 684, 3482},
    {436, 281, 3483},
    {436, 621, 3484},
    {436, 626, 3485},
    {436, 704, 3486},
    {438, 265, 3487},
    {438, 638, 3488},
    {438, 671, 3489},
    {439, 265, 3490},
    {439, 639, 3491},
    {439, 710, 3492},
    {443, 279, 3493},
    {443, 659, 3494},
    {444, 279, 3495},
    {444, 664, 3496},
    {444, 689, 3497},
    {445, 647, 3498},
    {445, 666, 3499},
    {445, 741, 3500},
    {447, 664, 3501},
    {447, 677, 3502},
    {448, 290, 3503},
    {448, 644, 3504},
    {448, 738, 3505},
    {449, 279, 3506},
    {449, 660, 3507},
    {450, 628, 3508},
    {450, 647, 3509},
    {450, 659, 3510},
    {461, 643, 3511},
    {461, 648, 3512},
    {463, 686, 3513},
    {468, 81, 3514},
    {468, 646, 3515},
    {468, 660, 3516},
    {1146, 337, 3517},
    {1150, 269, 3518},
    {406, 710, 3519},
    {407, 709, 3520},
    {411, 638, 3521},
    {411, 710, 3522},
    {415, 645, 3523},
    {415, 649, 3524},
    {415, 655, 3525},
    {415, 663, 3526},
    {417, 626, 3527},
    {417, 664, 3528},
    {417, 665, 3529},
    {417, 677, 3530},
    {420, 641, 3531},
    {420, 655, 3532},
    {421, 624, 3533},
    {421, 655, 3534},
    {421, 659, 3535},
    {421, 663, 3536},
    {421, 665, 3537},
    {427, 632, 3538},
    {428, 679, 3539},
    {428, 712, 3540},
    {429, 646, 3541},
    {429, 685, 3542},
    {430, 637, 3543},
    {430, 645, 3544},
    {430, 679, 3545},
    {431, 623, 3546},
    {431, 704, 3547},
    {431, 709, 3548},
    {435, 623, 3549},
    {436, 633, 3550},
    {438, 683, 3551},
    {438, 704, 3552},
    {439, 688, 3553},
    {443, 650, 3554},
    {443, 666, 3555},
    {444, 638, 3556},
    {445, 634, 3557},
    {448, 639, 3558},
    {448, 642, 3559},
    {450, 668, 3560},
    {452, 667, 3561},
    {452, 678, 3562},
    {461, 620, 3563},
    {461, 639, 3564},
    {461, 667, 3565},
    {463, 645, 3566},
    {463, 646, 3567},
    {467, 632, 3568},
    {468, 659, 3569},
    {468, 681, 3570},
    {468, 688, 3571},
    {1325, 330, 3572},
    {284, 630, 3573},
    {406, 295, 3574},
    {407, 665, 3575},
    {408, 708, 3576},
    {408, 741, 3577},
    {411, 265, 3578},
    {411, 648, 3579},
    {411, 688, 3580},
    {411, 709, 3581},
    {415, 93, 3582},
    {415, 661, 3583},
    {415, 664, 3584},
    {415, 674, 3585},
    {416, 278, 3586},
    {417, 645, 3587},
    {417, 648, 3588},
    {417, 649, 3589},
    {418, 275, 3590},
    {418, 675, 3591},
    {420, 681, 3592},
    {420, 685, 3593},
    {421, 637, 3594},
    {421, 641, 3595},
    {421, 648, 3596},
    {421, 738, 3597},
    {421, 741, 3598},
    {428, 741, 3599},
    {429, 278, 3600},
    {429, 678, 3601},
    {429, 683, 3602},
    {431, 636, 3603},
    {431, 680, 3604},
    {434, 648, 3605},
    {434, 666, 3606},
    {434, 681, 3607},
    {435, 624, 3608},
    {435, 709, 3609},
    {435, 712, 3610},
    {436, 712, 3611},
    {443, 673, 3612},
    {444, 624, 3613},
    {445, 679, 3614},
    {447, 620, 3615},
    {447, 629, 3616},
    {447, 649, 3617},
    {448, 279, 3618},
    {448, 634, 3619},
    {448, 648, 3620},
    {448, 689, 3621},
    {449, 645, 3622},
    {450, 265, 3623},
    {450, 279, 3624},
    {452, 265, 3625},
    {452, 290, 3626},
    {452, 632, 3627},
    {452, 638, 3628},
    {452, 644, 3629},
    {461, 622, 3630},
    {463, 655, 3631},
    {467, 633, 3632},
    {467, 684, 3633},
    {468, 290, 3634},
    {468, 666, 3635},
    {408, 657, 3636},
    {411, 641, 3637},
    {415, 635, 3638},
    {415, 666, 3639},
    {415, 671, 3640},
    {415, 683, 3641},
    {416, 655, 3642},
    {416, 681, 3643},
    {417, 679, 3644},
    {417, 708, 3645},
    {418, 620, 3646},
    {420, 629, 3647},
    {421, 661, 3648},
    {427, 643, 3649},
    {427, 657, 3650},
    {427, 659, 3651},
    {427, 662, 3652},
    {427, 708, 3653},
    {428, 663, 3654},
    {428, 680, 3655},
    {428, 709, 3656},
    {431, 688, 3657},
    {434, 671, 3658},
    {434, 685, 3659},
    {435, 648, 3660},
    {435, 649, 3661},
    {436, 650, 3662},
    {438, 627, 3663},
    {438, 708, 3664},
    {439, 628, 3665},
    {439, 636, 3666},
    {439, 677, 3667},
    {439, 686, 3668},
    {443, 621, 3669},
    {443, 628, 3670},
    {443, 647, 3671},
    {443, 667, 3672},
    {445, 704, 3673},
    {445, 712, 3674},
    {448, 710, 3675},
    {449, 684, 3676},
    {449, 688, 3677},
    {450, 644, 3678},
    {450, 679, 3679},
    {450, 684, 3680},
    {450, 686, 3681},
    {452, 663, 3682},
    {452, 708, 3683},
    {461, 645, 3684},
    {467, 642, 3685},
    {468, 626, 3686},
    {468, 641, 3687},
    {406, 624, 3688},
    {406, 661, 3689},
    {408, 647, 3690},
    {408, 668, 3691},
    {411, 671, 3692},
    {411, 679, 3693},
    {411, 680, 3694},
    {415, 81, 3695},
    {416, 637, 3696},
    {416, 638, 3697},
    {416, 640, 3698},
    {416, 686, 3699},
    {417, 279, 3700},
    {417, 683, 3701},
    {417, 958, 3702},
    {418, 655, 3703},
    {418, 657, 3704},
    {418, 958, 3705},
    {420, 663, 3706},
    {428, 634, 3707},
    {431, 281, 3708},
    {434, 621, 3709},
    {434, 712, 3710},
    {435, 93, 3711},
    {435, 290, 3712},
    {435, 683, 3713},
    {435, 685, 3714},
    {439, 266, 3715},
    {439, 629, 3716},
    {439, 679, 3717},
    {443, 278, 3718},
    {444, 265, 3719},
    {444, 278, 3720},
    {444, 290, 3721},
    {444, 685, 3722},
    {444, 712, 3723},
    {445, 664, 3724},
    {447, 661, 3725},
    {447, 674, 3726},
    {447, 679, 3727},
    {448, 674, 3728},
    {448, 688, 3729},
    {449, 278, 3730},
    {449, 655, 3731},
    {449, 662, 3732},
    {449, 675, 3733},
    {449, 686, 3734},
    {452, 650, 3735},
    {452, 675, 3736},
    {461, 290, 3737},
    {461, 684, 3738},
    {461, 686, 3739},
    {463, 633, 3740},
    {463, 665, 3741},
    {467, 626, 3742},
    {1123, 274, 3743},
    {1178, 330, 3744},
    {411, 643, 3745},
    {411, 678, 3746},
    {415, 639, 3747},
    {416, 622, 3748},
    {416, 741, 3749},
    {420, 650, 3750},
    {420, 671, 3751},
    {421, 625, 3752},
    {427, 623, 3753},
    {428, 657, 3754},
    {430, 675, 3755},
    {431, 628, 3756},
    {434, 738, 3757},
    {435, 637, 3758},
    {435, 681, 3759},
    {436, 642, 3760},
    {436, 674, 3761},
    {436, 710, 3762},
    {438, 636, 3763},
    {439, 673, 3764},
    {443, 668, 3765},
    {444, 639, 3766},
    {444, 657, 3767},
    {445, 680, 3768},
    {445, 710, 3769},
    {447, 639, 3770},
    {447, 650, 3771},
    {447, 659, 3772},
    {447, 689, 3773},
    {448, 663, 3774},
    {452, 628, 3775},
    {452, 633, 3776},
    {452, 709, 3777},
    {461, 641, 3778},
    {463, 635, 3779},
    {463, 675, 3780},
    {463, 683, 3781},
    {467, 645, 3782},
    {467, 674, 3783},
    {467, 678, 3784},
    {468, 655, 3785},
    {1325, 325, 3786},
    {408, 678, 3787},
    {411, 674, 3788},
    {417, 635, 3789},
    {418, 278, 3790},
    {418, 671, 3791},
    {418, 673, 3792},
    {418, 681, 3793},
    {420, 673, 3794},
    {421, 275, 3795},
    {421, 279, 3796},
    {421, 621, 3797},
    {421, 644, 3798},
    {427, 266, 3799},
    {427, 688, 3800},
    {427, 958, 3801},
    {428, 674, 3802},
    {429, 265, 3803},
    {429, 266, 3804},
    {429, 684, 3805},
    {429, 710, 3806},
    {429, 1121, 3807},
    {430, 958, 3808},
    {431, 666, 3809},
    {434, 655, 3810},
    {438, 623, 3811},
    {438, 664, 3812},
    {438, 958, 3813},
    {439, 275, 3814},
    {439, 675, 3815},
    {443, 639, 3816},
    {444, 704, 3817},
    {447, 275, 3818},
    {447, 635, 3819},
    {447, 657, 3820},
    {448, 295, 3821},
    {449, 281, 3822},
    {449, 678, 3823},
    {450, 266, 3824},
    {450, 624, 3825},
    {450, 1138, 3826},
    {452, 278, 3827},
    {452, 738, 3828},
    {461, 636, 3829},
    {461, 689, 3830},
    {463, 81, 3831},
    {463, 657, 3832},
    {467, 81, 3833},
    {467, 93, 3834},
    {467, 685, 3835},
    {529, 630, 3836},
    {1325, 335, 3837},
    {1363, 300, 3838},
    {406, 648, 3839},
    {408, 675, 3840},
    {411, 664, 3841},
    {411, 677, 3842},
    {415, 657, 3843},
    {415, 704, 3844},
    {416, 677, 3845},
    {417, 674, 3846},
    {427, 633, 3847},
    {427, 660, 3848},
    {427, 677, 3849},
    {427, 678, 3850},
    {428, 710, 3851},
    {429, 660, 3852},
    {430, 665, 3853},
    {431, 620, 3854},
    {434, 662, 3855},
    {435, 635, 3856},
    {436, 659, 3857},
    {439, 634, 3858},
    {443, 677, 3859},
    {445, 629, 3860},
    {447, 621, 3861},
    {447, 636, 3862},
    {447, 666, 3863},
    {448, 662, 3864},
    {449, 738, 3865},
    {450, 627, 3866},
    {450, 708, 3867},
    {452, 642, 3868},
    {468, 638, 3869},
    {468, 665, 3870},
    {406, 81, 3871},
    {406, 625, 3872},
    {407, 281, 3873},
    {407, 628, 3874},
    {407, 659, 3875},
    {407, 1117, 3876},
    {408, 663, 3877},
    {408, 1473, 3878},
    {411, 266, 3879},
    {411, 275, 3880},
    {411, 279, 3881},
    {416, 275, 3882},
    {416, 679, 3883},
    {416, 685, 3884},
    {418, 266, 3885},
    {420, 741, 3886},
    {421, 684, 3887},
    {427, 278, 3888},
    {427, 681, 3889},
    {429, 645, 3890},
    {429, 674, 3891},
    {430, 266, 3892},
    {430, 741, 3893},
    {431, 279, 3894},
    {435, 628, 3895},
    {435, 665, 3896},
    {435, 668, 3897},
    {435, 708, 3898},
    {438, 275, 3899},
    {438, 278, 3900},
    {439, 647, 3901},
    {444, 709, 3902},
    {444, 958, 3903},
    {445, 655, 3904},
    {448, 93, 3905},
    {448, 640, 3906},
    {448, 712, 3907},
    {449, 668, 3908},
    {449, 673, 3909},
    {449, 685, 3910},
    {468, 93, 3911},
    {468, 667, 3912},
    {468, 674, 3913},
    {407, 708, 3914},
    {421, 675, 3915},
    {435, 688, 3916},
    {438, 680, 3917},
    {444, 640, 3918},
    {444, 668, 3919},
    {444, 684, 3920},
    {447, 625, 3921},
    {452, 627, 3922},
    {468, 640, 3923},
    {286, 630, 3924},
    {415, 685, 3925},
    {416, 632, 3926},
    {416, 958, 3927},
    {416, 1117, 3928},
    {416, 1126, 3929},
    {417, 681, 3930},
    {421, 958, 3931},
    {421, 1129, 3932},
    {427, 275, 3933},
    {427, 1127, 3934},
    {428, 279, 3935},
    {430, 738, 3936},
    {434, 657, 3937},
    {436, 667, 3938},
    {436, 708, 3939},
    {439, 281, 3940},
    {439, 708, 3941},
    {443, 266, 3942},
    {443, 738, 3943},
    {443, 1305, 3944},
    {444, 665, 3945},
    {448, 683, 3946},
    {449, 266, 3947},
    {449, 634, 3948},
    {449, 674, 3949},
    {449, 958, 3950},
    {463, 290, 3951},
    {467, 623, 3952},
    {406, 741, 3953},
    {421, 636, 3954},
    {427, 709, 3955},
    {428, 637, 3956},
    {428, 660, 3957},
    {436, 686, 3958},
    {438, 701, 3959},
    {443, 741, 3960},
    {444, 648, 3961},
    {445, 673, 3962},
    {447, 683, 3963},
    {449, 689, 3964},
    {450, 642, 3965},
    {406, 684, 3966},
    {407, 1121, 3967},
    {407, 1126, 3968},
    {416, 281, 3969},
    {416, 1127, 3970},
    {417, 704, 3971},
    {418, 281, 3972},
    {418, 659, 3973},
    {420, 275, 3974},
    {421, 281, 3975},
    {427, 265, 3976},
    {427, 1117, 3977},
    {427, 1138, 3978},
    {428, 664, 3979},
    {428, 1123, 3980},
    {430, 701, 3981},
    {431, 278, 3982},
    {431, 649, 3983},
    {434, 278, 3984},
    {435, 689, 3985},
    {438, 266, 3986},
    {439, 660, 3987},
    {443, 87, 3988},
    {443, 635, 3989},
    {444, 266, 3990},
    {444, 686, 3991},
    {444, 741, 3992},
    {447, 1138, 3993},
    {449, 635, 3994},
    {450, 278, 3995},
    {450, 281, 3996},
    {452, 624, 3997},
    {461, 281, 3998},
    {463, 279, 3999},
    {1178, 337, 4000},
    {1320, 269, 4001},
    {1367, 300, 4002},
    {1473, 87, 4003},
    {408, 645, 4004},
    {430, 646, 4005},
    {434, 689, 4006},
    {439, 662, 4007},
    {439, 684, 4008},
    {444, 680, 4009},
    {445, 621, 4010},
    {445, 660, 4011},
    {449, 622, 4012},
    {407, 1127, 4013},
    {408, 1397, 4014},
    {411, 1150, 4015},
    {415, 295, 4016},
    {416, 1129, 4017},
    {417, 1117, 4018},
    {418, 73, 4019},
    {421, 77, 4020},
    {421, 1117, 4021},
    {421, 1150, 4022},
    {429, 958, 4023},
    {434, 958, 4024},
    {434, 1129, 4025},
    {436, 1150, 4026},
    {438, 1121, 4027},
    {438, 1138, 4028},
    {443, 688, 4029},
    {450, 675, 4030},
    {450, 685, 4031},
    {450, 958, 4032},
    {452, 623, 4033},
    {452, 1150, 4034},
    {468, 643, 4035},
    {418, 689, 4036},
    {429, 686, 4037},
    {435, 660, 4038},
    {448, 741, 4039},
    {467, 629, 4040},
    {407, 1138, 4041},
    {416, 77, 4042},
    {417, 1123, 4043},
    {417, 1127, 4044},
    {417, 1305, 4045},
    {418, 622, 4046},
    {418, 1138, 4047},
    {421, 266, 4048},
    {427, 73, 4049},
    {429, 1391, 4050},
    {430, 281, 4051},
    {431, 275, 4052},
    {434, 279, 4053},
    {434, 709, 4054},
    {439, 279, 4055},
    {443, 665, 4056},
    {448, 81, 4057},
    {448, 650, 4058},
    {449, 87, 4059},
    {449, 627, 4060},
    {452, 660, 4061},
    {452, 1127, 4062},
    {1456, 77, 4063},
    {448, 649, 4064},
    {406, 1329, 4065},
    {407, 77, 4066},
    {408, 1536, 4067},
    {415, 361, 4068},
    {416, 1364, 4069},
    {418, 1127, 4070},
    {420, 281, 4071},
    {420, 1447, 4072},
    {429, 680, 4073},
    {429, 1117, 4074},
    {431, 1117, 4075},
    {431, 1129, 4076},
    {434, 265, 4077},
    {434, 1138, 4078},
    {438, 1129, 4079},
    {439, 1150, 4080},
    {443, 1121, 4081},
    {444, 681, 4082},
    {447, 1123, 4083},
    {447, 1127, 4084},
    {450, 678, 4085},
    {461, 93, 4086},
    {463, 93, 4087},
    {467, 290, 4088},
    {1305, 269, 4089},
    {408, 642, 4090},
    {418, 688, 4091},
    {407, 1123, 4092},
    {407, 1320, 4093},
    {411, 1117, 4094},
    {411, 1127, 4095},
};
static const CoreClass CORE_CLASSES[] = {
    {9U, 13U, 4},
    {32U, 32U, 4},
    {48U, 57U, 10},
    {65U, 90U, 9},
    {95U, 95U, 8},
    {97U, 122U, 9},
    {133U, 133U, 4},
    {160U, 160U, 4},
    {170U, 170U, 9},
    {178U, 179U, 10},
    {181U, 181U, 9},
    {185U, 185U, 10},
    {186U, 186U, 9},
    {188U, 190U, 10},
    {192U, 214U, 9},
    {216U, 246U, 9},
    {248U, 705U, 9},
    {710U, 721U, 9},
    {736U, 740U, 9},
    {748U, 748U, 9},
    {750U, 750U, 9},
    {880U, 884U, 9},
    {886U, 887U, 9},
    {890U, 893U, 9},
    {895U, 895U, 9},
    {902U, 902U, 9},
    {904U, 906U, 9},
    {908U, 908U, 9},
    {910U, 929U, 9},
    {931U, 1013U, 9},
    {1015U, 1153U, 9},
    {1162U, 1327U, 9},
    {1329U, 1366U, 9},
    {1369U, 1369U, 9},
    {1376U, 1416U, 9},
    {1488U, 1514U, 9},
    {1519U, 1522U, 9},
    {1568U, 1610U, 9},
    {1632U, 1641U, 10},
    {1646U, 1647U, 9},
    {1649U, 1747U, 9},
    {1749U, 1749U, 9},
    {1765U, 1766U, 9},
    {1774U, 1775U, 9},
    {1776U, 1785U, 10},
    {1786U, 1788U, 9},
    {1791U, 1791U, 9},
    {1808U, 1808U, 9},
    {1810U, 1839U, 9},
    {1869U, 1957U, 9},
    {1969U, 1969U, 9},
    {1984U, 1993U, 10},
    {1994U, 2026U, 9},
    {2036U, 2037U, 9},
    {2042U, 2042U, 9},
    {2048U, 2069U, 9},
    {2074U, 2074U, 9},
    {2084U, 2084U, 9},
    {2088U, 2088U, 9},
    {2112U, 2136U, 9},
    {2144U, 2154U, 9},
    {2160U, 2183U, 9},
    {2185U, 2190U, 9},
    {2208U, 2249U, 9},
    {2308U, 2361U, 9},
    {2365U, 2365U, 9},
    {2384U, 2384U, 9},
    {2392U, 2401U, 9},
    {2406U, 2415U, 10},
    {2417U, 2432U, 9},
    {2437U, 2444U, 9},
    {2447U, 2448U, 9},
    {2451U, 2472U, 9},
    {2474U, 2480U, 9},
    {2482U, 2482U, 9},
    {2486U, 2489U, 9},
    {2493U, 2493U, 9},
    {2510U, 2510U, 9},
    {2524U, 2525U, 9},
    {2527U, 2529U, 9},
    {2534U, 2543U, 10},
    {2544U, 2545U, 9},
    {2548U, 2553U, 10},
    {2556U, 2556U, 9},
    {2565U, 2570U, 9},
    {2575U, 2576U, 9},
    {2579U, 2600U, 9},
    {2602U, 2608U, 9},
    {2610U, 2611U, 9},
    {2613U, 2614U, 9},
    {2616U, 2617U, 9},
    {2649U, 2652U, 9},
    {2654U, 2654U, 9},
    {2662U, 2671U, 10},
    {2674U, 2676U, 9},
    {2693U, 2701U, 9},
    {2703U, 2705U, 9},
    {2707U, 2728U, 9},
    {2730U, 2736U, 9},
    {2738U, 2739U, 9},
    {2741U, 2745U, 9},
    {2749U, 2749U, 9},
    {2768U, 2768U, 9},
    {2784U, 2785U, 9},
    {2790U, 2799U, 10},
    {2809U, 2809U, 9},
    {2821U, 2828U, 9},
    {2831U, 2832U, 9},
    {2835U, 2856U, 9},
    {2858U, 2864U, 9},
    {2866U, 2867U, 9},
    {2869U, 2873U, 9},
    {2877U, 2877U, 9},
    {2908U, 2909U, 9},
    {2911U, 2913U, 9},
    {2918U, 2927U, 10},
    {2929U, 2929U, 9},
    {2930U, 2935U, 10},
    {2947U, 2947U, 9},
    {2949U, 2954U, 9},
    {2958U, 2960U, 9},
    {2962U, 2965U, 9},
    {2969U, 2970U, 9},
    {2972U, 2972U, 9},
    {2974U, 2975U, 9},
    {2979U, 2980U, 9},
    {2984U, 2986U, 9},
    {2990U, 3001U, 9},
    {3024U, 3024U, 9},
    {3046U, 3058U, 10},
    {3077U, 3084U, 9},
    {3086U, 3088U, 9},
    {3090U, 3112U, 9},
    {3114U, 3129U, 9},
    {3133U, 3133U, 9},
    {3160U, 3162U, 9},
    {3165U, 3165U, 9},
    {3168U, 3169U, 9},
    {3174U, 3183U, 10},
    {3192U, 3198U, 10},
    {3200U, 3200U, 9},
    {3205U, 3212U, 9},
    {3214U, 3216U, 9},
    {3218U, 3240U, 9},
    {3242U, 3251U, 9},
    {3253U, 3257U, 9},
    {3261U, 3261U, 9},
    {3293U, 3294U, 9},
    {3296U, 3297U, 9},
    {3302U, 3311U, 10},
    {3313U, 3314U, 9},
    {3332U, 3340U, 9},
    {3342U, 3344U, 9},
    {3346U, 3386U, 9},
    {3389U, 3389U, 9},
    {3406U, 3406U, 9},
    {3412U, 3414U, 9},
    {3416U, 3422U, 10},
    {3423U, 3425U, 9},
    {3430U, 3448U, 10},
    {3450U, 3455U, 9},
    {3461U, 3478U, 9},
    {3482U, 3505U, 9},
    {3507U, 3515U, 9},
    {3517U, 3517U, 9},
    {3520U, 3526U, 9},
    {3558U, 3567U, 10},
    {3585U, 3632U, 9},
    {3634U, 3635U, 9},
    {3648U, 3654U, 9},
    {3664U, 3673U, 10},
    {3713U, 3714U, 9},
    {3716U, 3716U, 9},
    {3718U, 3722U, 9},
    {3724U, 3747U, 9},
    {3749U, 3749U, 9},
    {3751U, 3760U, 9},
    {3762U, 3763U, 9},
    {3773U, 3773U, 9},
    {3776U, 3780U, 9},
    {3782U, 3782U, 9},
    {3792U, 3801U, 10},
    {3804U, 3807U, 9},
    {3840U, 3840U, 9},
    {3872U, 3891U, 10},
    {3904U, 3911U, 9},
    {3913U, 3948U, 9},
    {3976U, 3980U, 9},
    {4096U, 4138U, 9},
    {4159U, 4159U, 9},
    {4160U, 4169U, 10},
    {4176U, 4181U, 9},
    {4186U, 4189U, 9},
    {4193U, 4193U, 9},
    {4197U, 4198U, 9},
    {4206U, 4208U, 9},
    {4213U, 4225U, 9},
    {4238U, 4238U, 9},
    {4240U, 4249U, 10},
    {4256U, 4293U, 9},
    {4295U, 4295U, 9},
    {4301U, 4301U, 9},
    {4304U, 4346U, 9},
    {4348U, 4680U, 9},
    {4682U, 4685U, 9},
    {4688U, 4694U, 9},
    {4696U, 4696U, 9},
    {4698U, 4701U, 9},
    {4704U, 4744U, 9},
    {4746U, 4749U, 9},
    {4752U, 4784U, 9},
    {4786U, 4789U, 9},
    {4792U, 4798U, 9},
    {4800U, 4800U, 9},
    {4802U, 4805U, 9},
    {4808U, 4822U, 9},
    {4824U, 4880U, 9},
    {4882U, 4885U, 9},
    {4888U, 4954U, 9},
    {4969U, 4988U, 10},
    {4992U, 5007U, 9},
    {5024U, 5109U, 9},
    {5112U, 5117U, 9},
    {5121U, 5740U, 9},
    {5743U, 5759U, 9},
    {5760U, 5760U, 4},
    {5761U, 5786U, 9},
    {5792U, 5866U, 9},
    {5870U, 5872U, 10},
    {5873U, 5880U, 9},
    {5888U, 5905U, 9},
    {5919U, 5937U, 9},
    {5952U, 5969U, 9},
    {5984U, 5996U, 9},
    {5998U, 6000U, 9},
    {6016U, 6067U, 9},
    {6103U, 6103U, 9},
    {6108U, 6108U, 9},
    {6112U, 6121U, 10},
    {6128U, 6137U, 10},
    {6160U, 6169U, 10},
    {6176U, 6264U, 9},
    {6272U, 6276U, 9},
    {6279U, 6312U, 9},
    {6314U, 6314U, 9},
    {6320U, 6389U, 9},
    {6400U, 6430U, 9},
    {6470U, 6479U, 10},
    {6480U, 6509U, 9},
    {6512U, 6516U, 9},
    {6528U, 6571U, 9},
    {6576U, 6601U, 9},
    {6608U, 6618U, 10},
    {6656U, 6678U, 9},
    {6688U, 6740U, 9},
    {6784U, 6793U, 10},
    {6800U, 6809U, 10},
    {6823U, 6823U, 9},
    {6917U, 6963U, 9},
    {6981U, 6988U, 9},
    {6992U, 7001U, 10},
    {7043U, 7072U, 9},
    {7086U, 7087U, 9},
    {7088U, 7097U, 10},
    {7098U, 7141U, 9},
    {7168U, 7203U, 9},
    {7232U, 7241U, 10},
    {7245U, 7247U, 9},
    {7248U, 7257U, 10},
    {7258U, 7293U, 9},
    {7296U, 7306U, 9},
    {7312U, 7354U, 9},
    {7357U, 7359U, 9},
    {7401U, 7404U, 9},
    {7406U, 7411U, 9},
    {7413U, 7414U, 9},
    {7418U, 7418U, 9},
    {7424U, 7615U, 9},
    {7680U, 7957U, 9},
    {7960U, 7965U, 9},
    {7968U, 8005U, 9},
    {8008U, 8013U, 9},
    {8016U, 8023U, 9},
    {8025U, 8025U, 9},
    {8027U, 8027U, 9},
    {8029U, 8029U, 9},
    {8031U, 8061U, 9},
    {8064U, 8116U, 9},
    {8118U, 8124U, 9},
    {8126U, 8126U, 9},
    {8130U, 8132U, 9},
    {8134U, 8140U, 9},
    {8144U, 8147U, 9},
    {8150U, 8155U, 9},
    {8160U, 8172U, 9},
    {8178U, 8180U, 9},
    {8182U, 8188U, 9},
    {8192U, 8202U, 4},
    {8232U, 8233U, 4},
    {8239U, 8239U, 4},
    {8287U, 8287U, 4},
    {8304U, 8304U, 10},
    {8305U, 8305U, 9},
    {8308U, 8313U, 10},
    {8319U, 8319U, 9},
    {8320U, 8329U, 10},
    {8336U, 8348U, 9},
    {8450U, 8450U, 9},
    {8455U, 8455U, 9},
    {8458U, 8467U, 9},
    {8469U, 8469U, 9},
    {8473U, 8477U, 9},
    {8484U, 8484U, 9},
    {8486U, 8486U, 9},
    {8488U, 8488U, 9},
    {8490U, 8493U, 9},
    {8495U, 8505U, 9},
    {8508U, 8511U, 9},
    {8517U, 8521U, 9},
    {8526U, 8526U, 9},
    {8528U, 8578U, 10},
    {8579U, 8580U, 9},
    {8581U, 8585U, 10},
    {9312U, 9371U, 10},
    {9450U, 9471U, 10},
    {10102U, 10131U, 10},
    {11264U, 11492U, 9},
    {11499U, 11502U, 9},
    {11506U, 11507U, 9},
    {11517U, 11517U, 10},
    {11520U, 11557U, 9},
    {11559U, 11559U, 9},
    {11565U, 11565U, 9},
    {11568U, 11623U, 9},
    {11631U, 11631U, 9},
    {11648U, 11670U, 9},
    {11680U, 11686U, 9},
    {11688U, 11694U, 9},
    {11696U, 11702U, 9},
    {11704U, 11710U, 9},
    {11712U, 11718U, 9},
    {11720U, 11726U, 9},
    {11728U, 11734U, 9},
    {11736U, 11742U, 9},
    {11823U, 11823U, 9},
    {12288U, 12288U, 4},
    {12293U, 12294U, 9},
    {12295U, 12295U, 10},
    {12321U, 12329U, 10},
    {12337U, 12341U, 9},
    {12344U, 12346U, 10},
    {12347U, 12348U, 9},
    {12353U, 12438U, 9},
    {12445U, 12447U, 9},
    {12449U, 12538U, 9},
    {12540U, 12543U, 9},
    {12549U, 12591U, 9},
    {12593U, 12686U, 9},
    {12690U, 12693U, 10},
    {12704U, 12735U, 9},
    {12784U, 12799U, 9},
    {12832U, 12841U, 10},
    {12872U, 12879U, 10},
    {12881U, 12895U, 10},
    {12928U, 12937U, 10},
    {12977U, 12991U, 10},
    {13312U, 19903U, 9},
    {19968U, 42124U, 9},
    {42192U, 42237U, 9},
    {42240U, 42508U, 9},
    {42512U, 42527U, 9},
    {42528U, 42537U, 10},
    {42538U, 42539U, 9},
    {42560U, 42606U, 9},
    {42623U, 42653U, 9},
    {42656U, 42725U, 9},
    {42726U, 42735U, 10},
    {42775U, 42783U, 9},
    {42786U, 42888U, 9},
    {42891U, 42957U, 9},
    {42960U, 42961U, 9},
    {42963U, 42963U, 9},
    {42965U, 42972U, 9},
    {42994U, 43009U, 9},
    {43011U, 43013U, 9},
    {43015U, 43018U, 9},
    {43020U, 43042U, 9},
    {43056U, 43061U, 10},
    {43072U, 43123U, 9},
    {43138U, 43187U, 9},
    {43216U, 43225U, 10},
    {43250U, 43255U, 9},
    {43259U, 43259U, 9},
    {43261U, 43262U, 9},
    {43264U, 43273U, 10},
    {43274U, 43301U, 9},
    {43312U, 43334U, 9},
    {43360U, 43388U, 9},
    {43396U, 43442U, 9},
    {43471U, 43471U, 9},
    {43472U, 43481U, 10},
    {43488U, 43492U, 9},
    {43494U, 43503U, 9},
    {43504U, 43513U, 10},
    {43514U, 43518U, 9},
    {43520U, 43560U, 9},
    {43584U, 43586U, 9},
    {43588U, 43595U, 9},
    {43600U, 43609U, 10},
    {43616U, 43638U, 9},
    {43642U, 43642U, 9},
    {43646U, 43695U, 9},
    {43697U, 43697U, 9},
    {43701U, 43702U, 9},
    {43705U, 43709U, 9},
    {43712U, 43712U, 9},
    {43714U, 43714U, 9},
    {43739U, 43741U, 9},
    {43744U, 43754U, 9},
    {43762U, 43764U, 9},
    {43777U, 43782U, 9},
    {43785U, 43790U, 9},
    {43793U, 43798U, 9},
    {43808U, 43814U, 9},
    {43816U, 43822U, 9},
    {43824U, 43866U, 9},
    {43868U, 43881U, 9},
    {43888U, 44002U, 9},
    {44016U, 44025U, 10},
    {44032U, 55203U, 9},
    {55216U, 55238U, 9},
    {55243U, 55291U, 9},
    {63744U, 64109U, 9},
    {64112U, 64217U, 9},
    {64256U, 64262U, 9},
    {64275U, 64279U, 9},
    {64285U, 64285U, 9},
    {64287U, 64296U, 9},
    {64298U, 64310U, 9},
    {64312U, 64316U, 9},
    {64318U, 64318U, 9},
    {64320U, 64321U, 9},
    {64323U, 64324U, 9},
    {64326U, 64433U, 9},
    {64467U, 64829U, 9},
    {64848U, 64911U, 9},
    {64914U, 64967U, 9},
    {65008U, 65019U, 9},
    {65136U, 65140U, 9},
    {65142U, 65276U, 9},
    {65296U, 65305U, 10},
    {65313U, 65338U, 9},
    {65345U, 65370U, 9},
    {65382U, 65470U, 9},
    {65474U, 65479U, 9},
    {65482U, 65487U, 9},
    {65490U, 65495U, 9},
    {65498U, 65500U, 9},
    {65536U, 65547U, 9},
    {65549U, 65574U, 9},
    {65576U, 65594U, 9},
    {65596U, 65597U, 9},
    {65599U, 65613U, 9},
    {65616U, 65629U, 9},
    {65664U, 65786U, 9},
    {65799U, 65843U, 10},
    {65856U, 65912U, 10},
    {65930U, 65931U, 10},
    {66176U, 66204U, 9},
    {66208U, 66256U, 9},
    {66273U, 66299U, 10},
    {66304U, 66335U, 9},
    {66336U, 66339U, 10},
    {66349U, 66368U, 9},
    {66369U, 66369U, 10},
    {66370U, 66377U, 9},
    {66378U, 66378U, 10},
    {66384U, 66421U, 9},
    {66432U, 66461U, 9},
    {66464U, 66499U, 9},
    {66504U, 66511U, 9},
    {66513U, 66517U, 10},
    {66560U, 66717U, 9},
    {66720U, 66729U, 10},
    {66736U, 66771U, 9},
    {66776U, 66811U, 9},
    {66816U, 66855U, 9},
    {66864U, 66915U, 9},
    {66928U, 66938U, 9},
    {66940U, 66954U, 9},
    {66956U, 66962U, 9},
    {66964U, 66965U, 9},
    {66967U, 66977U, 9},
    {66979U, 66993U, 9},
    {66995U, 67001U, 9},
    {67003U, 67004U, 9},
    {67008U, 67059U, 9},
    {67072U, 67382U, 9},
    {67392U, 67413U, 9},
    {67424U, 67431U, 9},
    {67456U, 67461U, 9},
    {67463U, 67504U, 9},
    {67506U, 67514U, 9},
    {67584U, 67589U, 9},
    {67592U, 67592U, 9},
    {67594U, 67637U, 9},
    {67639U, 67640U, 9},
    {67644U, 67644U, 9},
    {67647U, 67669U, 9},
    {67672U, 67679U, 10},
    {67680U, 67702U, 9},
    {67705U, 67711U, 10},
    {67712U, 67742U, 9},
    {67751U, 67759U, 10},
    {67808U, 67826U, 9},
    {67828U, 67829U, 9},
    {67835U, 67839U, 10},
    {67840U, 67861U, 9},
    {67862U, 67867U, 10},
    {67872U, 67897U, 9},
    {67968U, 68023U, 9},
    {68028U, 68029U, 10},
    {68030U, 68031U, 9},
    {68032U, 68047U, 10},
    {68050U, 68095U, 10},
    {68096U, 68096U, 9},
    {68112U, 68115U, 9},
    {68117U, 68119U, 9},
    {68121U, 68149U, 9},
    {68160U, 68168U, 10},
    {68192U, 68220U, 9},
    {68221U, 68222U, 10},
    {68224U, 68252U, 9},
    {68253U, 68255U, 10},
    {68288U, 68295U, 9},
    {68297U, 68324U, 9},
    {68331U, 68335U, 10},
    {68352U, 68405U, 9},
    {68416U, 68437U, 9},
    {68440U, 68447U, 10},
    {68448U, 68466U, 9},
    {68472U, 68479U, 10},
    {68480U, 68497U, 9},
    {68521U, 68527U, 10},
    {68608U, 68680U, 9},
    {68736U, 68786U, 9},
    {68800U, 68850U, 9},
    {68858U, 68863U, 10},
    {68864U, 68899U, 9},
    {68912U, 68921U, 10},
    {68928U, 68937U, 10},
    {68938U, 68965U, 9},
    {68975U, 68997U, 9},
    {69216U, 69246U, 10},
    {69248U, 69289U, 9},
    {69296U, 69297U, 9},
    {69314U, 69316U, 9},
    {69376U, 69404U, 9},
    {69405U, 69414U, 10},
    {69415U, 69415U, 9},
    {69424U, 69445U, 9},
    {69457U, 69460U, 10},
    {69488U, 69505U, 9},
    {69552U, 69572U, 9},
    {69573U, 69579U, 10},
    {69600U, 69622U, 9},
    {69635U, 69687U, 9},
    {69714U, 69743U, 10},
    {69745U, 69746U, 9},
    {69749U, 69749U, 9},
    {69763U, 69807U, 9},
    {69840U, 69864U, 9},
    {69872U, 69881U, 10},
    {69891U, 69926U, 9},
    {69942U, 69951U, 10},
    {69956U, 69956U, 9},
    {69959U, 69959U, 9},
    {69968U, 70002U, 9},
    {70006U, 70006U, 9},
    {70019U, 70066U, 9},
    {70081U, 70084U, 9},
    {70096U, 70105U, 10},
    {70106U, 70106U, 9},
    {70108U, 70108U, 9},
    {70113U, 70132U, 10},
    {70144U, 70161U, 9},
    {70163U, 70187U, 9},
    {70207U, 70208U, 9},
    {70272U, 70278U, 9},
    {70280U, 70280U, 9},
    {70282U, 70285U, 9},
    {70287U, 70301U, 9},
    {70303U, 70312U, 9},
    {70320U, 70366U, 9},
    {70384U, 70393U, 10},
    {70405U, 70412U, 9},
    {70415U, 70416U, 9},
    {70419U, 70440U, 9},
    {70442U, 70448U, 9},
    {70450U, 70451U, 9},
    {70453U, 70457U, 9},
    {70461U, 70461U, 9},
    {70480U, 70480U, 9},
    {70493U, 70497U, 9},
    {70528U, 70537U, 9},
    {70539U, 70539U, 9},
    {70542U, 70542U, 9},
    {70544U, 70581U, 9},
    {70583U, 70583U, 9},
    {70609U, 70609U, 9},
    {70611U, 70611U, 9},
    {70656U, 70708U, 9},
    {70727U, 70730U, 9},
    {70736U, 70745U, 10},
    {70751U, 70753U, 9},
    {70784U, 70831U, 9},
    {70852U, 70853U, 9},
    {70855U, 70855U, 9},
    {70864U, 70873U, 10},
    {71040U, 71086U, 9},
    {71128U, 71131U, 9},
    {71168U, 71215U, 9},
    {71236U, 71236U, 9},
    {71248U, 71257U, 10},
    {71296U, 71338U, 9},
    {71352U, 71352U, 9},
    {71360U, 71369U, 10},
    {71376U, 71395U, 10},
    {71424U, 71450U, 9},
    {71472U, 71483U, 10},
    {71488U, 71494U, 9},
    {71680U, 71723U, 9},
    {71840U, 71903U, 9},
    {71904U, 71922U, 10},
    {71935U, 71942U, 9},
    {71945U, 71945U, 9},
    {71948U, 71955U, 9},
    {71957U, 71958U, 9},
    {71960U, 71983U, 9},
    {71999U, 71999U, 9},
    {72001U, 72001U, 9},
    {72016U, 72025U, 10},
    {72096U, 72103U, 9},
    {72106U, 72144U, 9},
    {72161U, 72161U, 9},
    {72163U, 72163U, 9},
    {72192U, 72192U, 9},
    {72203U, 72242U, 9},
    {72250U, 72250U, 9},
    {72272U, 72272U, 9},
    {72284U, 72329U, 9},
    {72349U, 72349U, 9},
    {72368U, 72440U, 9},
    {72640U, 72672U, 9},
    {72688U, 72697U, 10},
    {72704U, 72712U, 9},
    {72714U, 72750U, 9},
    {72768U, 72768U, 9},
    {72784U, 72812U, 10},
    {72818U, 72847U, 9},
    {72960U, 72966U, 9},
    {72968U, 72969U, 9},
    {72971U, 73008U, 9},
    {73030U, 73030U, 9},
    {73040U, 73049U, 10},
    {73056U, 73061U, 9},
    {73063U, 73064U, 9},
    {73066U, 73097U, 9},
    {73112U, 73112U, 9},
    {73120U, 73129U, 10},
    {73440U, 73458U, 9},
    {73474U, 73474U, 9},
    {73476U, 73488U, 9},
    {73490U, 73523U, 9},
    {73552U, 73561U, 10},
    {73648U, 73648U, 9},
    {73664U, 73684U, 10},
    {73728U, 74649U, 9},
    {74752U, 74862U, 10},
    {74880U, 75075U, 9},
    {77712U, 77808U, 9},
    {77824U, 78895U, 9},
    {78913U, 78918U, 9},
    {78944U, 82938U, 9},
    {82944U, 83526U, 9},
    {90368U, 90397U, 9},
    {90416U, 90425U, 10},
    {92160U, 92728U, 9},
    {92736U, 92766U, 9},
    {92768U, 92777U, 10},
    {92784U, 92862U, 9},
    {92864U, 92873U, 10},
    {92880U, 92909U, 9},
    {92928U, 92975U, 9},
    {92992U, 92995U, 9},
    {93008U, 93017U, 10},
    {93019U, 93025U, 10},
    {93027U, 93047U, 9},
    {93053U, 93071U, 9},
    {93504U, 93548U, 9},
    {93552U, 93561U, 10},
    {93760U, 93823U, 9},
    {93824U, 93846U, 10},
    {93952U, 94026U, 9},
    {94032U, 94032U, 9},
    {94099U, 94111U, 9},
    {94176U, 94177U, 9},
    {94179U, 94179U, 9},
    {94208U, 100343U, 9},
    {100352U, 101589U, 9},
    {101631U, 101640U, 9},
    {110576U, 110579U, 9},
    {110581U, 110587U, 9},
    {110589U, 110590U, 9},
    {110592U, 110882U, 9},
    {110898U, 110898U, 9},
    {110928U, 110930U, 9},
    {110933U, 110933U, 9},
    {110948U, 110951U, 9},
    {110960U, 111355U, 9},
    {113664U, 113770U, 9},
    {113776U, 113788U, 9},
    {113792U, 113800U, 9},
    {113808U, 113817U, 9},
    {118000U, 118009U, 10},
    {119488U, 119507U, 10},
    {119520U, 119539U, 10},
    {119648U, 119672U, 10},
    {119808U, 119892U, 9},
    {119894U, 119964U, 9},
    {119966U, 119967U, 9},
    {119970U, 119970U, 9},
    {119973U, 119974U, 9},
    {119977U, 119980U, 9},
    {119982U, 119993U, 9},
    {119995U, 119995U, 9},
    {119997U, 120003U, 9},
    {120005U, 120069U, 9},
    {120071U, 120074U, 9},
    {120077U, 120084U, 9},
    {120086U, 120092U, 9},
    {120094U, 120121U, 9},
    {120123U, 120126U, 9},
    {120128U, 120132U, 9},
    {120134U, 120134U, 9},
    {120138U, 120144U, 9},
    {120146U, 120485U, 9},
    {120488U, 120512U, 9},
    {120514U, 120538U, 9},
    {120540U, 120570U, 9},
    {120572U, 120596U, 9},
    {120598U, 120628U, 9},
    {120630U, 120654U, 9},
    {120656U, 120686U, 9},
    {120688U, 120712U, 9},
    {120714U, 120744U, 9},
    {120746U, 120770U, 9},
    {120772U, 120779U, 9},
    {120782U, 120831U, 10},
    {122624U, 122654U, 9},
    {122661U, 122666U, 9},
    {122928U, 122989U, 9},
    {123136U, 123180U, 9},
    {123191U, 123197U, 9},
    {123200U, 123209U, 10},
    {123214U, 123214U, 9},
    {123536U, 123565U, 9},
    {123584U, 123627U, 9},
    {123632U, 123641U, 10},
    {124112U, 124139U, 9},
    {124144U, 124153U, 10},
    {124368U, 124397U, 9},
    {124400U, 124400U, 9},
    {124401U, 124410U, 10},
    {124896U, 124902U, 9},
    {124904U, 124907U, 9},
    {124909U, 124910U, 9},
    {124912U, 124926U, 9},
    {124928U, 125124U, 9},
    {125127U, 125135U, 10},
    {125184U, 125251U, 9},
    {125259U, 125259U, 9},
    {125264U, 125273U, 10},
    {126065U, 126123U, 10},
    {126125U, 126127U, 10},
    {126129U, 126132U, 10},
    {126209U, 126253U, 10},
    {126255U, 126269U, 10},
    {126464U, 126467U, 9},
    {126469U, 126495U, 9},
    {126497U, 126498U, 9},
    {126500U, 126500U, 9},
    {126503U, 126503U, 9},
    {126505U, 126514U, 9},
    {126516U, 126519U, 9},
    {126521U, 126521U, 9},
    {126523U, 126523U, 9},
    {126530U, 126530U, 9},
    {126535U, 126535U, 9},
    {126537U, 126537U, 9},
    {126539U, 126539U, 9},
    {126541U, 126543U, 9},
    {126545U, 126546U, 9},
    {126548U, 126548U, 9},
    {126551U, 126551U, 9},
    {126553U, 126553U, 9},
    {126555U, 126555U, 9},
    {126557U, 126557U, 9},
    {126559U, 126559U, 9},
    {126561U, 126562U, 9},
    {126564U, 126564U, 9},
    {126567U, 126570U, 9},
    {126572U, 126578U, 9},
    {126580U, 126583U, 9},
    {126585U, 126588U, 9},
    {126590U, 126590U, 9},
    {126592U, 126601U, 9},
    {126603U, 126619U, 9},
    {126625U, 126627U, 9},
    {126629U, 126633U, 9},
    {126635U, 126651U, 9},
    {127232U, 127244U, 10},
    {130032U, 130041U, 10},
    {131072U, 173791U, 9},
    {173824U, 177977U, 9},
    {177984U, 178205U, 9},
    {178208U, 183969U, 9},
    {183984U, 191456U, 9},
    {191472U, 192093U, 9},
    {194560U, 195101U, 9},
    {196608U, 201546U, 9},
    {201552U, 205743U, 9},
};
