seed_number,year,samples,ready,scribes,grain,paper,tools,binding,ledger_below_50,mean_ledger,lore_stored,lore_lost_total,archive_scribes,state_hash
1,1,52,0,0,5,0,0,47,0,477.826923,0,0,4,8251992718909035207
1,2,52,0,0,39,0,0,13,0,514.480769,1,0,4,2963059299355335300
1,3,52,0,0,25,0,0,27,0,503.288462,2,0,4,13848798476020890030
1,4,52,0,0,11,0,0,41,0,342.192308,3,0,4,1376811911065144512
1,5,52,0,0,0,0,0,52,0,413.480769,3,0,4,9503313242498955571
1,6,53,0,0,13,0,0,40,0,362.981132,4,0,2,6478852188238869689
1,7,52,0,0,7,0,0,45,0,197.250000,4,0,1,4816682725644946528
1,8,52,0,0,30,0,22,0,0,117.423077,4,0,2,4874405581002659691
1,9,52,0,0,0,0,52,0,0,280.461538,4,0,4,15321966518405820918
1,10,52,0,0,0,0,52,0,0,456.384615,4,0,4,1340417013294056787
1,11,52,0,0,0,0,52,0,0,525.730769,4,0,4,7982107840118653583
1,12,52,0,0,0,0,52,0,0,559.884615,4,0,4,17309471943033188
1,13,53,0,0,0,0,53,0,0,536.905660,4,0,4,10604598341333236334
1,14,52,0,0,0,0,52,0,0,480.000000,4,0,4,4224833820193758399
1,15,52,0,0,0,0,52,0,0,480.000000,4,0,4,11826098001306884956
1,16,52,0,0,0,0,52,0,0,291.500000,4,0,1,8740173121994252998
1,17,52,0,0,0,0,52,0,0,188.788462,4,0,2,5292548356017985851
1,18,52,0,0,0,0,52,0,0,305.173077,4,0,4,8651348335279569725
1,19,52,0,0,0,0,52,0,0,478.365385,4,0,4,11114462564611884299
1,20,53,0,0,0,0,53,0,0,526.905660,2,2,4,1885629411223854541
1,21,52,0,0,0,0,52,0,0,524.307692,2,2,4,6971178144232107859
1,22,52,0,0,0,0,52,0,0,480.000000,2,2,4,11718251677630066789
1,23,52,0,0,0,0,52,0,0,308.615385,2,2,2,17441823994637802450
1,24,52,0,0,0,0,52,0,0,329.115385,2,2,4,17774644811804879111
1,25,52,0,0,0,0,52,0,0,455.769231,2,2,4,16401990781524431834
1,26,52,0,0,0,0,52,0,0,480.000000,2,2,4,12446037508638816493
1,27,53,0,0,0,0,53,0,0,480.000000,2,2,4,11527698755959662226
1,28,52,0,0,0,0,52,0,0,480.000000,2,2,4,1113896383800323610
1,29,52,0,0,0,0,52,0,0,480.000000,2,2,4,14689543779074643823
1,30,52,0,0,0,0,52,0,0,456.057692,2,2,4,4661282359743689516
1,31,52,0,0,0,0,52,0,0,342.673077,2,2,2,13483446531751650757
1,32,52,0,0,0,0,52,0,0,298.211538,2,2,4,16529007305642493050
1,33,52,0,0,0,0,52,0,0,324.903846,2,2,4,11497712466430257347
1,34,53,0,0,0,0,53,0,0,202.830189,2,2,2,14057971535972517438
1,35,52,0,0,0,0,52,0,0,252.153846,2,2,4,14920576122198820965
1,36,52,0,0,0,0,52,0,0,383.000000,2,2,4,10980741035810928420
1,37,52,0,0,0,0,52,0,0,461.000000,2,2,4,4119979921119678168
1,38,52,0,0,0,0,52,0,0,461.000000,2,2,4,14358283026716575752
1,39,52,0,0,0,0,52,0,0,347.653846,2,2,2,3574663945394149985
1,40,52,0,0,0,0,52,0,0,277.692308,2,2,2,12244179922750413229
1,41,53,1,0,4,0,37,11,0,148.396226,4,2,1,3337073693891978277
1,42,52,0,24,0,0,0,28,24,77.846154,0,6,0,3156788126068482739
1,43,52,0,46,0,0,0,6,45,11.961538,0,6,0,11022868283152130935
1,44,52,0,52,0,0,0,0,52,5.000000,0,6,0,5008535295204478980
1,45,52,0,52,0,0,0,0,52,5.000000,0,6,0,11641282187314211725
1,46,52,0,52,0,0,0,0,52,5.000000,0,6,0,10572365276545868958
1,47,52,0,52,0,0,0,0,52,5.000000,0,6,0,12349456130815250000
1,48,53,0,53,0,0,0,0,53,5.000000,0,6,0,16045763278942472300
1,49,52,0,52,0,0,0,0,52,5.000000,0,6,0,1854454091410050048
1,50,52,0,52,0,0,0,0,52,5.000000,0,6,0,1559248671104998911
1,51,52,0,52,0,0,0,0,52,5.000000,0,6,0,3780721811642410323
1,52,52,0,52,0,0,0,0,52,5.000000,0,6,0,8887950570053097798
1,53,52,0,52,0,0,0,0,52,5.000000,0,6,0,17917415938022752486
1,54,52,0,52,0,0,0,0,52,5.000000,0,6,0,5562223831460418099
1,55,53,0,53,0,0,0,0,53,5.000000,0,6,0,9792525768792305408
1,56,52,0,52,0,0,0,0,52,5.000000,0,6,0,9346270290901188416
1,57,52,0,52,0,0,0,0,52,4.076923,0,6,0,8281460200144097819
1,58,52,0,52,0,0,0,0,52,3.442308,0,6,0,17446472455810883046
1,59,52,0,52,0,0,0,0,52,5.000000,0,6,0,16438371531421951200
1,60,52,0,52,0,0,0,0,52,0.384615,0,6,0,610589709733977686
1,61,52,0,52,0,0,0,0,52,0.000000,0,6,0,8130254810536785779
1,62,53,0,53,0,0,0,0,53,0.000000,0,6,0,4775360230692408541
1,63,52,0,52,0,0,0,0,52,0.000000,0,6,0,3123101585361919321
1,64,52,0,52,0,0,0,0,52,0.000000,0,6,0,6672223422122225030
1,65,52,0,52,0,0,0,0,52,0.000000,0,6,0,14777080632333971106
1,66,52,0,52,0,0,0,0,52,0.000000,0,6,0,16557197352630914491
1,67,52,0,52,0,0,0,0,52,0.000000,0,6,0,16792054209791764010
1,68,52,0,52,0,0,0,0,52,0.000000,0,6,0,8584409442604759523
1,69,53,0,53,0,0,0,0,53,0.000000,0,6,0,18144351446207294881
1,70,52,0,52,0,0,0,0,52,0.000000,0,6,0,10879747603436063781
1,71,52,0,52,0,0,0,0,52,0.000000,0,6,0,7534698128273616564
1,72,52,0,52,0,0,0,0,52,0.000000,0,6,0,8156105702656492704
1,73,52,0,52,0,0,0,0,52,0.000000,0,6,0,5740243924691947388
1,74,52,0,52,0,0,0,0,52,0.000000,0,6,0,4317838659649429793
1,75,52,0,52,0,0,0,0,52,0.000000,0,6,0,6165540645689206702
1,76,53,0,53,0,0,0,0,53,0.000000,0,6,0,2024959388995415859
1,77,52,0,52,0,0,0,0,52,0.000000,0,6,0,939099525039185308
1,78,52,0,52,0,0,0,0,52,0.000000,0,6,0,17198513424175938491
1,79,52,0,52,0,0,0,0,52,0.000000,0,6,0,12627021443938105465
1,80,52,0,52,0,0,0,0,52,0.000000,0,6,0,17897609686227314619
1,81,52,0,52,0,0,0,0,52,0.000000,0,6,0,8138569416227755366
1,82,52,0,52,0,0,0,0,52,0.000000,0,6,0,1703967753255604215
1,83,53,0,53,0,0,0,0,53,0.000000,0,6,0,1784109269507526917
1,84,52,0,52,0,0,0,0,52,0.000000,0,6,0,5157225145846027120
1,85,52,0,52,0,0,0,0,52,0.000000,0,6,0,3974725520077092662
1,86,52,0,52,0,0,0,0,52,0.000000,0,6,0,8302748989242529756
1,87,52,0,52,0,0,0,0,52,0.000000,0,6,0,8785613591703089525
1,88,52,0,52,0,0,0,0,52,0.000000,0,6,0,4372931870584549671
1,89,52,0,52,0,0,0,0,52,0.000000,0,6,0,11091440650503485863
1,90,53,0,53,0,0,0,0,53,0.000000,0,6,0,237229213284331322
1,91,52,0,52,0,0,0,0,52,0.000000,0,6,0,15502868897229498033
1,92,52,0,52,0,0,0,0,52,0.000000,0,6,0,14051877415027906735
1,93,52,0,52,0,0,0,0,52,0.000000,0,6,0,8381434860514783964
1,94,52,0,52,0,0,0,0,52,0.000000,0,6,0,6627413294268910792
1,95,52,0,52,0,0,0,0,52,0.000000,0,6,0,10576543865330902315
1,96,52,0,52,0,0,0,0,52,0.000000,0,6,0,6075579628525218770
1,97,53,0,53,0,0,0,0,53,0.000000,0,6,0,1224314411235302353
1,98,52,0,52,0,0,0,0,52,0.000000,0,6,0,14485427248546877713
1,99,52,0,52,0,0,0,0,52,0.000000,0,6,0,6338724184485980424
1,100,52,0,52,0,0,0,0,52,0.000000,0,6,0,10319465329386697955
2,1,52,0,0,5,0,0,47,0,480.000000,0,0,4,6851073150618837341
2,2,52,0,0,12,0,0,40,0,480.000000,1,0,4,10441134163715541775
2,3,52,0,0,22,0,0,30,0,448.480769,3,0,4,5001475819317092317
2,4,52,0,0,0,0,17,35,0,467.615385,3,0,4,2889871500120238873
2,5,52,0,0,8,0,26,18,0,211.019231,5,0,2,8293263944748415295
2,6,53,0,0,5,0,0,48,0,251.358491,6,0,2,14226986512836965198
2,7,52,0,0,5,0,0,47,0,279.576923,7,0,2,15606650822051859500
2,8,52,0,0,6,0,0,46,0,205.846154,8,0,2,11049396174152892444
2,9,52,0,28,1,0,0,23,29,58.403846,0,9,0,8714649556814356537
2,10,52,0,47,5,0,0,0,46,25.653846,0,9,1,15559969774599461516
2,11,52,1,0,17,0,0,34,0,150.000000,2,9,2,12606717951661013097
2,12,52,0,0,13,0,0,39,0,274.500000,3,9,4,8836569067522776033
2,13,53,0,0,25,0,0,28,0,400.471698,4,9,4,5220970068268383934
2,14,52,0,0,16,0,0,36,0,467.134615,6,9,4,17885175352160830180
2,15,52,0,0,4,0,0,48,0,465.923077,7,9,4,12958286173669132437
2,16,52,0,0,13,0,0,39,0,466.865385,8,9,4,304886323320809233
2,17,52,0,0,1,0,0,51,0,437.673077,9,9,4,6376421056818816828
2,18,52,0,0,2,0,0,50,0,373.000000,10,9,4,12051621943213963272
2,19,52,0,0,29,2,0,21,0,319.288462,10,9,4,9350074899731394602
2,20,53,0,0,50,3,0,0,0,286.113208,10,9,2,14949920525853666993
2,21,52,0,0,47,5,0,0,0,239.153846,10,9,2,514391339155816233
2,22,52,0,0,48,4,0,0,0,175.692308,10,9,1,191677278180141012
2,23,52,0,0,36,0,16,0,0,113.384615,10,9,1,4796998348935388971
2,24,52,0,0,9,0,43,0,0,67.076923,10,9,1,15924576625235915667
2,25,52,0,37,12,0,3,0,37,22.115385,0,19,0,4111507458776618593
2,26,52,0,52,0,0,0,0,52,4.000000,0,19,0,3457270067196826234
2,27,53,0,53,0,0,0,0,53,4.000000,0,19,0,18250975062921058696
2,28,52,0,52,0,0,0,0,52,4.000000,0,19,0,7827726170421546161
2,29,52,0,52,0,0,0,0,52,3.769231,0,19,0,12599461891903364039
2,30,52,0,52,0,0,0,0,52,3.942308,0,19,0,792686026134461436
2,31,52,0,52,0,0,0,0,52,4.000000,0,19,0,17073361497962079215
2,32,52,0,52,0,0,0,0,52,4.000000,0,19,0,9253967446488518374
2,33,52,0,52,0,0,0,0,52,4.000000,0,19,0,12451040945586397793
2,34,53,0,53,0,0,0,0,53,4.000000,0,19,0,17002766953268616801
2,35,52,0,52,0,0,0,0,52,4.000000,0,19,0,12452345561670655973
2,36,52,0,52,0,0,0,0,52,4.000000,0,19,0,18327849396642985580
2,37,52,0,52,0,0,0,0,52,4.000000,0,19,0,14491264844541252020
2,38,52,0,52,0,0,0,0,52,4.000000,0,19,0,8333687778540249676
2,39,52,0,52,0,0,0,0,52,4.000000,0,19,0,6470189446281350358
2,40,52,0,52,0,0,0,0,52,4.000000,0,19,0,8255809612566976727
2,41,53,0,53,0,0,0,0,53,4.000000,0,19,0,4696028495417899738
2,42,52,0,52,0,0,0,0,52,3.211538,0,19,0,10391886796920457773
2,43,52,0,52,0,0,0,0,52,4.000000,0,19,0,7096624447676138944
2,44,52,0,52,0,0,0,0,52,4.000000,0,19,0,15040939971354292824
2,45,52,0,52,0,0,0,0,52,4.000000,0,19,0,7672585533044333976
2,46,52,0,52,0,0,0,0,52,4.000000,0,19,0,2914362766001855213
2,47,52,0,52,0,0,0,0,52,4.000000,0,19,0,14722581377580997423
2,48,53,0,53,0,0,0,0,53,4.000000,0,19,0,7465096893751223969
2,49,52,0,52,0,0,0,0,52,4.000000,0,19,0,10911006644774895715
2,50,52,0,52,0,0,0,0,52,4.000000,0,19,0,8503278151117723036
2,51,52,0,52,0,0,0,0,52,4.000000,0,19,0,11349600353774905154
2,52,52,0,52,0,0,0,0,52,4.000000,0,19,0,16232504949577001057
2,53,52,0,52,0,0,0,0,52,4.000000,0,19,0,18288405818242199710
2,54,52,0,52,0,0,0,0,52,4.000000,0,19,0,7358692965091667017
2,55,53,0,53,0,0,0,0,53,4.000000,0,19,0,17078984919060963092
2,56,52,0,52,0,0,0,0,52,4.000000,0,19,0,3099775512775321299
2,57,52,0,52,0,0,0,0,52,4.000000,0,19,0,7613883003288497649
2,58,52,0,52,0,0,0,0,52,4.000000,0,19,0,2340095982337720084
2,59,52,0,52,0,0,0,0,52,4.000000,0,19,0,12597719664889408015
2,60,52,0,52,0,0,0,0,52,4.000000,0,19,0,12303287353241126496
2,61,52,0,52,0,0,0,0,52,4.000000,0,19,0,5723819916440877388
2,62,53,0,53,0,0,0,0,53,4.000000,0,19,0,6610399359922845762
2,63,52,0,52,0,0,0,0,52,4.000000,0,19,0,1547281313030778571
2,64,52,0,52,0,0,0,0,52,4.000000,0,19,0,14837333242556355071
2,65,52,0,52,0,0,0,0,52,4.000000,0,19,0,1033732550479495961
2,66,52,0,52,0,0,0,0,52,4.000000,0,19,0,1305478729448466741
2,67,52,0,52,0,0,0,0,52,4.000000,0,19,0,7113763220423559994
2,68,52,0,52,0,0,0,0,52,4.000000,0,19,0,4490279184427666866
2,69,53,0,53,0,0,0,0,53,4.000000,0,19,0,7179360566307169858
2,70,52,0,52,0,0,0,0,52,4.000000,0,19,0,10063683586383799614
2,71,52,0,52,0,0,0,0,52,4.000000,0,19,0,17229056923616975676
2,72,52,0,52,0,0,0,0,52,4.000000,0,19,0,16488285886913507663
2,73,52,0,52,0,0,0,0,52,4.000000,0,19,0,444423188888814043
2,74,52,0,52,0,0,0,0,52,4.000000,0,19,0,6535991259581237883
2,75,52,0,52,0,0,0,0,52,4.000000,0,19,0,3916665570859623691
2,76,53,0,53,0,0,0,0,53,4.000000,0,19,0,9030790572907595161
2,77,52,0,52,0,0,0,0,52,4.000000,0,19,0,1592083658712059383
2,78,52,0,52,0,0,0,0,52,4.000000,0,19,0,787960047955512279
2,79,52,0,52,0,0,0,0,52,4.000000,0,19,0,5620285036366077967
2,80,52,0,52,0,0,0,0,52,4.000000,0,19,0,15092719740078377515
2,81,52,0,52,0,0,0,0,52,1.461538,0,19,0,5333782952667254960
2,82,52,0,52,0,0,0,0,52,3.076923,0,19,0,5927129931959290115
2,83,53,0,53,0,0,0,0,53,4.000000,0,19,0,18077173676058490162
2,84,52,0,52,0,0,0,0,52,4.000000,0,19,0,8841220967050997081
2,85,52,0,52,0,0,0,0,52,4.000000,0,19,0,6987066539224176482
2,86,52,0,52,0,0,0,0,52,2.038462,0,19,0,13932291226083083232
2,87,52,0,52,0,0,0,0,52,3.365385,0,19,0,15854072579434381245
2,88,52,0,52,0,0,0,0,52,1.076923,0,19,0,6475149379415813887
2,89,52,0,52,0,0,0,0,52,4.000000,0,19,0,11987379190497579740
2,90,53,0,53,0,0,0,0,53,4.000000,0,19,0,9346508843972009035
2,91,52,0,52,0,0,0,0,52,4.000000,0,19,0,7253201732788743306
2,92,52,0,52,0,0,0,0,52,4.000000,0,19,0,2098024653452546212
2,93,52,0,52,0,0,0,0,52,4.000000,0,19,0,12287212119056136121
2,94,52,0,52,0,0,0,0,52,4.000000,0,19,0,11724489645707336176
2,95,52,0,52,0,0,0,0,52,4.000000,0,19,0,2783478410143601093
2,96,52,0,52,0,0,0,0,52,4.000000,0,19,0,13540557684966050901
2,97,53,0,53,0,0,0,0,53,4.000000,0,19,0,14401365929862676465
2,98,52,0,52,0,0,0,0,52,4.000000,0,19,0,7504602408653248419
2,99,52,0,52,0,0,0,0,52,4.000000,0,19,0,2297086192605107444
2,100,52,0,52,0,0,0,0,52,4.000000,0,19,0,2410430109457237614
3,1,52,0,0,4,0,0,48,0,464.538462,1,0,4,6161398672261625719
3,2,52,0,0,9,0,0,43,0,514.769231,1,0,4,8177015041152008539
3,3,52,0,12,40,0,0,0,12,162.730769,0,1,0,6925816173332904697
3,4,52,0,24,6,0,0,22,23,60.230769,3,1,1,3888568501173983244
3,5,52,0,0,4,0,0,48,0,151.288462,4,1,2,11963066899436356240
3,6,53,0,0,2,0,0,51,0,285.358491,5,1,4,17827314640567143635
3,7,52,0,0,0,0,0,52,0,465.807692,6,1,4,7502611237477282931
3,8,52,0,0,18,0,0,34,0,532.615385,7,1,4,13085717919627974674
3,9,52,0,0,0,0,0,52,0,486.730769,8,1,4,11762196673312594670
3,10,52,0,0,42,0,0,10,0,298.500000,8,1,1,16073153583915035987
3,11,52,0,52,0,0,0,0,52,9.230769,0,9,0,12292742893152582022
3,12,52,0,52,0,0,0,0,52,9.038462,0,9,0,10531054143417315414
3,13,53,0,45,8,0,0,0,43,28.584906,0,11,0,8284194488709786351
3,14,52,2,10,24,0,0,16,9,101.000000,3,11,2,18265006789055718729
3,15,52,0,0,15,0,0,37,0,257.000000,5,11,4,7652794053046810117
3,16,52,0,0,6,0,0,46,0,412.538462,6,11,4,993915674953658533
3,17,52,0,0,1,0,0,51,0,480.000000,7,11,4,13064177523814366870
3,18,52,0,0,0,0,0,52,0,480.000000,8,11,4,3311426715187317960
3,19,52,0,0,1,0,0,51,0,480.000000,9,11,4,14946059929667726489
3,20,53,0,0,36,0,0,17,0,470.867925,9,11,4,3303950737638027185
3,21,52,0,0,32,0,2,18,0,237.711538,11,11,1,2765890440413434480
3,22,52,0,0,12,0,0,40,0,146.076923,12,11,2,6893018369190869777
3,23,52,0,2,6,0,23,21,1,124.346154,11,13,2,16438254503558879723
3,24,52,0,0,32,0,18,2,0,175.807692,12,13,2,15617088475636060230
3,25,52,0,0,15,0,0,37,0,197.846154,13,13,2,8746364873815010508
3,26,52,0,0,25,0,0,27,0,209.538462,14,13,2,1903927450808573068
3,27,53,0,0,24,0,29,0,0,125.037736,15,13,1,7528857113815282961
3,28,52,0,18,23,0,11,0,17,57.653846,0,28,1,18035421991899526759
3,29,52,0,49,3,0,0,0,49,34.076923,0,28,0,10857534046674879786
3,30,52,0,38,7,0,7,0,37,30.942308,0,28,0,5537065379158236047
3,31,52,0,52,0,0,0,0,52,12.057692,0,28,0,16822421986907892965
3,32,52,0,52,0,0,0,0,52,16.442308,0,28,0,6451922774784157280
3,33,52,0,52,0,0,0,0,52,11.403846,0,28,0,12491144175050243275
3,34,53,0,53,0,0,0,0,53,13.490566,0,28,0,9541216731244740317
3,35,52,0,52,0,0,0,0,52,11.423077,0,28,0,11435780108145913605
3,36,52,0,52,0,0,0,0,52,8.903846,0,28,0,10827099353179287364
3,37,52,0,52,0,0,0,0,52,11.942308,0,28,0,5301690740621516158
3,38,52,0,52,0,0,0,0,52,14.134615,0,28,0,17385389942032310388
3,39,52,0,52,0,0,0,0,52,12.326923,0,28,0,8153458963936659419
3,40,52,0,52,0,0,0,0,52,11.903846,0,28,0,7666377304620849894
3,41,53,0,53,0,0,0,0,53,7.301887,0,28,0,7102216017837992378
3,42,52,0,52,0,0,0,0,52,5.826923,0,28,0,13469761919842659555
3,43,52,0,52,0,0,0,0,52,6.000000,0,28,0,3512476672607980453
3,44,52,0,52,0,0,0,0,52,6.000000,0,28,0,3917241237314786511
3,45,52,0,52,0,0,0,0,52,6.000000,0,28,0,16702616580106015900
3,46,52,0,52,0,0,0,0,52,6.000000,0,28,0,11498820915004064895
3,47,52,0,52,0,0,0,0,52,6.000000,0,28,0,13700218985519431676
3,48,53,0,53,0,0,0,0,53,6.000000,0,28,0,15804534946380361203
3,49,52,0,52,0,0,0,0,52,6.000000,0,28,0,13683927823478555315
3,50,52,0,52,0,0,0,0,52,6.000000,0,28,0,11589360806800624399
3,51,52,0,52,0,0,0,0,52,6.000000,0,28,0,12829325727078159705
3,52,52,0,52,0,0,0,0,52,6.000000,0,28,0,3215968117811239305
3,53,52,0,52,0,0,0,0,52,6.000000,0,28,0,11649443474195084072
3,54,52,0,52,0,0,0,0,52,6.000000,0,28,0,14764729682868607419
3,55,53,0,53,0,0,0,0,53,6.000000,0,28,0,9265893861503519832
3,56,52,0,52,0,0,0,0,52,6.000000,0,28,0,13856917988689487842
3,57,52,0,52,0,0,0,0,52,6.000000,0,28,0,14184262074644589080
3,58,52,0,52,0,0,0,0,52,6.000000,0,28,0,12845597687646962553
3,59,52,0,52,0,0,0,0,52,6.000000,0,28,0,14867213061328821259
3,60,52,0,52,0,0,0,0,52,6.000000,0,28,0,14075981910685205784
3,61,52,0,52,0,0,0,0,52,6.000000,0,28,0,5553507688677711818
3,62,53,0,53,0,0,0,0,53,6.000000,0,28,0,5033735214012705145
3,63,52,0,52,0,0,0,0,52,6.000000,0,28,0,16708700890867694486
3,64,52,0,52,0,0,0,0,52,6.000000,0,28,0,6036148173605572109
3,65,52,0,52,0,0,0,0,52,6.000000,0,28,0,13133810248776637161
3,66,52,0,52,0,0,0,0,52,6.000000,0,28,0,6539491334446295117
3,67,52,0,52,0,0,0,0,52,6.000000,0,28,0,5757411414441116428
3,68,52,0,52,0,0,0,0,52,6.000000,0,28,0,5628747935229050622
3,69,53,0,53,0,0,0,0,53,6.000000,0,28,0,17542796042086472747
3,70,52,0,52,0,0,0,0,52,6.000000,0,28,0,760114656846961709
3,71,52,0,52,0,0,0,0,52,6.000000,0,28,0,135183165414200776
3,72,52,0,52,0,0,0,0,52,6.000000,0,28,0,9531451103702618092
3,73,52,0,52,0,0,0,0,52,6.000000,0,28,0,13857351713871408190
3,74,52,0,52,0,0,0,0,52,6.000000,0,28,0,2053244040866673973
3,75,52,0,52,0,0,0,0,52,6.000000,0,28,0,805367963890708879
3,76,53,0,53,0,0,0,0,53,6.000000,0,28,0,11445369652058977282
3,77,52,0,52,0,0,0,0,52,6.000000,0,28,0,4793529375127484566
3,78,52,0,52,0,0,0,0,52,6.000000,0,28,0,11388006772460028998
3,79,52,0,52,0,0,0,0,52,6.000000,0,28,0,6357739962414417254
3,80,52,0,52,0,0,0,0,52,6.000000,0,28,0,11357097401720248895
3,81,52,0,52,0,0,0,0,52,6.000000,0,28,0,12358324859670938531
3,82,52,0,52,0,0,0,0,52,6.000000,0,28,0,5633340520354133548
3,83,53,0,53,0,0,0,0,53,6.000000,0,28,0,13773172462914625491
3,84,52,0,52,0,0,0,0,52,6.000000,0,28,0,2263673674782358988
3,85,52,0,52,0,0,0,0,52,6.000000,0,28,0,5351876142351481544
3,86,52,0,52,0,0,0,0,52,2.884615,0,28,0,2055992439565628555
3,87,52,0,52,0,0,0,0,52,0.711538,0,28,0,7243933579657852786
3,88,52,0,52,0,0,0,0,52,0.038462,0,28,0,10302465294102578161
3,89,52,0,52,0,0,0,0,52,0.000000,0,28,0,11917584720953658830
3,90,53,0,53,0,0,0,0,53,0.000000,0,28,0,9670915889924178717
3,91,52,0,52,0,0,0,0,52,0.000000,0,28,0,1563261041634300545
3,92,52,0,52,0,0,0,0,52,0.000000,0,28,0,13877306059483596105
3,93,52,0,52,0,0,0,0,52,0.000000,0,28,0,3608156067662559849
3,94,52,0,52,0,0,0,0,52,0.000000,0,28,0,419604930646568786
3,95,52,0,52,0,0,0,0,52,0.000000,0,28,0,4556884111271648795
3,96,52,0,52,0,0,0,0,52,0.000000,0,28,0,12936112728150462396
3,97,53,0,53,0,0,0,0,53,0.000000,0,28,0,12625011892060291494
3,98,52,0,52,0,0,0,0,52,0.000000,0,28,0,8968247184723534385
3,99,52,0,52,0,0,0,0,52,0.000000,0,28,0,3337866990825180252
3,100,52,0,52,0,0,0,0,52,0.000000,0,28,0,15387110503963106763
4,1,52,0,0,1,0,0,51,0,480.769231,2,0,4,13284083208724052212
4,2,52,0,0,9,0,0,43,0,514.961538,2,0,4,14630799777088018529
4,3,52,0,0,2,0,0,50,0,522.000000,4,0,4,11686464688195343130
4,4,52,0,0,0,0,0,52,0,514.307692,4,0,4,15518895108242443244
4,5,52,0,0,10,0,0,42,0,492.711538,5,0,4,15675111916928140489
4,6,53,0,0,0,0,0,53,0,440.000000,5,0,4,4170404216047863640
4,7,52,0,0,0,0,0,52,0,253.961538,5,0,2,13438510925559241524
4,8,52,0,0,0,0,0,52,0,210.923077,5,0,2,15408060695542632432
4,9,52,0,0,0,0,0,52,0,365.000000,5,0,4,18003455347511473200
4,10,52,0,0,0,0,0,52,0,472.884615,5,0,4,12140269570608801347
4,11,52,0,11,0,0,0,41,11,161.230769,0,5,1,1538390724976874506
4,12,52,0,0,0,0,0,52,0,220.788462,0,5,2,5143333987064008540
4,13,53,0,0,0,0,0,53,0,263.792453,0,5,2,17363262250636371868
4,14,52,0,0,0,0,0,52,0,249.230769,0,5,2,9553327136982973961
4,15,52,0,0,0,0,0,52,0,300.000000,0,5,4,6684064601607509554
4,16,52,0,0,0,0,0,52,0,335.019231,0,5,4,142868367753445273
4,17,52,0,0,0,0,0,52,0,336.000000,0,5,4,3406839125875889378
4,18,52,0,0,0,0,0,52,0,332.750000,0,5,4,7266105082179566911
4,19,52,0,0,0,0,0,52,0,333.615385,0,5,4,2563223198448269317
4,20,53,0,0,0,0,0,53,0,306.660377,0,5,2,7998966514216158778
4,21,52,0,11,0,0,0,41,10,150.115385,0,5,1,2831809628419485702
4,22,52,0,30,0,0,0,22,30,44.730769,0,5,0,17572036327846651026
4,23,52,0,52,0,0,0,0,52,9.326923,0,5,0,14287106811116390560
4,24,52,0,46,0,0,0,6,45,23.519231,0,5,0,18326246706521635361
4,25,52,0,46,0,0,0,6,44,21.923077,0,5,0,14564059420913122671
4,26,52,0,32,0,0,0,20,29,45.230769,0,5,1,13310394877725773743
4,27,53,0,19,0,0,0,34,20,71.830189,0,5,0,5816248651342345285
4,28,52,0,12,0,0,0,40,11,74.557692,0,5,1,1505933122758091720
4,29,52,0,0,0,0,0,52,0,139.557692,0,5,2,10588281509139604526
4,30,52,0,0,0,0,0,52,0,173.557692,0,5,2,16676998507439463237
4,31,52,0,11,0,0,0,41,12,150.461538,0,5,0,6663211129015295522
4,32,52,0,4,0,0,0,48,3,121.615385,0,5,2,7783922435298876863
4,33,52,0,0,0,0,0,52,0,163.961538,0,5,1,2863184325884948368
4,34,53,0,18,0,0,0,35,19,111.169811,0,5,0,1212734918730473714
4,35,52,0,32,0,0,0,20,30,49.000000,0,5,1,9670637265849917812
4,36,52,0,0,0,0,0,52,0,92.769231,0,5,1,4323326781900162884
4,37,52,0,0,0,0,0,52,0,142.846154,0,5,1,917070920977713289
4,38,52,0,0,0,0,0,52,0,145.000000,0,5,1,416523494747484419
4,39,52,0,15,0,0,0,37,15,92.615385,0,5,0,5915757878327361282
4,40,52,0,11,0,0,0,41,10,73.346154,0,5,1,14360201369092327196
4,41,53,0,50,0,0,0,3,50,18.886792,0,5,0,13538391329311094798
4,42,52,0,52,0,0,0,0,52,7.423077,0,5,0,5696742279897101477
4,43,52,0,49,0,0,0,3,48,11.538462,0,5,0,14568942826148546351
4,44,52,0,52,0,0,0,0,52,10.115385,0,5,0,1535419241824057479
4,45,52,0,52,0,0,0,0,52,12.576923,0,5,0,8428882425756941549
4,46,52,0,52,0,0,0,0,52,45.615385,0,5,0,10434151030580150292
4,47,52,0,50,0,0,0,2,49,46.692308,0,5,1,11124242299148774956
4,48,53,0,31,0,0,0,22,31,51.150943,0,5,0,4944475271769394799
4,49,52,0,51,0,0,0,1,50,9.826923,0,5,0,7548667671973641501
4,50,52,0,52,0,0,0,0,52,1.000000,0,5,0,14985009401275298202
4,51,52,0,52,0,0,0,0,52,1.000000,0,5,0,14186118086233773578
4,52,52,0,52,0,0,0,0,52,1.000000,0,5,0,4823427125406606063
4,53,52,0,52,0,0,0,0,52,1.000000,0,5,0,2377478577879556267
4,54,52,0,52,0,0,0,0,52,1.000000,0,5,0,10231055748989332791
4,55,53,0,53,0,0,0,0,53,1.000000,0,5,0,11920979661562124382
4,56,52,0,52,0,0,0,0,52,1.000000,0,5,0,8070399802366714239
4,57,52,0,52,0,0,0,0,52,1.000000,0,5,0,12161210088837379475
4,58,52,0,52,0,0,0,0,52,1.000000,0,5,0,6693895234285599361
4,59,52,0,52,0,0,0,0,52,1.000000,0,5,0,17872462704970849187
4,60,52,0,52,0,0,0,0,52,1.000000,0,5,0,15378802756832834425
4,61,52,0,52,0,0,0,0,52,1.000000,0,5,0,13367194585499902856
4,62,53,0,53,0,0,0,0,53,1.000000,0,5,0,10006007957966614336
4,63,52,0,52,0,0,0,0,52,1.000000,0,5,0,15954853325672847058
4,64,52,0,52,0,0,0,0,52,1.000000,0,5,0,18318062210637994829
4,65,52,0,52,0,0,0,0,52,1.000000,0,5,0,6513545861990366863
4,66,52,0,52,0,0,0,0,52,1.000000,0,5,0,5650307768508495427
4,67,52,0,52,0,0,0,0,52,1.000000,0,5,0,15213913947506057429
4,68,52,0,52,0,0,0,0,52,1.000000,0,5,0,17766699538341276061
4,69,53,0,53,0,0,0,0,53,1.000000,0,5,0,16969257868013305087
4,70,52,0,52,0,0,0,0,52,1.000000,0,5,0,14034178095378695421
4,71,52,0,52,0,0,0,0,52,1.000000,0,5,0,14166864665352282710
4,72,52,0,52,0,0,0,0,52,1.000000,0,5,0,3227483738659492669
4,73,52,0,52,0,0,0,0,52,1.000000,0,5,0,647584980005604509
4,74,52,0,52,0,0,0,0,52,1.000000,0,5,0,17248165080564409366
4,75,52,0,52,0,0,0,0,52,1.000000,0,5,0,3092574366481533623
4,76,53,0,53,0,0,0,0,53,1.000000,0,5,0,13907991949078190985
4,77,52,0,52,0,0,0,0,52,1.000000,0,5,0,9088217422340037360
4,78,52,0,52,0,0,0,0,52,1.000000,0,5,0,13922702031340518054
4,79,52,0,52,0,0,0,0,52,1.000000,0,5,0,9732246278781444071
4,80,52,0,52,0,0,0,0,52,1.000000,0,5,0,2626951101383726972
4,81,52,0,52,0,0,0,0,52,1.000000,0,5,0,18234507382029414021
4,82,52,0,52,0,0,0,0,52,1.000000,0,5,0,8890760458197730013
4,83,53,0,53,0,0,0,0,53,1.000000,0,5,0,5704332567337369567
4,84,52,0,52,0,0,0,0,52,1.000000,0,5,0,3764605210931683878
4,85,52,0,52,0,0,0,0,52,1.000000,0,5,0,16500378628318064332
4,86,52,0,52,0,0,0,0,52,1.000000,0,5,0,4403561005140938486
4,87,52,0,52,0,0,0,0,52,1.000000,0,5,0,4803534213893210846
4,88,52,0,52,0,0,0,0,52,1.000000,0,5,0,6942210814147278209
4,89,52,0,52,0,0,0,0,52,1.000000,0,5,0,16688470769343501762
4,90,53,0,53,0,0,0,0,53,1.000000,0,5,0,9122031630983972902
4,91,52,0,52,0,0,0,0,52,1.000000,0,5,0,12595260434796751275
4,92,52,0,52,0,0,0,0,52,1.000000,0,5,0,17495393307013402218
4,93,52,0,52,0,0,0,0,52,1.000000,0,5,0,9188243640090572082
4,94,52,0,52,0,0,0,0,52,1.000000,0,5,0,5150650853962120495
4,95,52,0,52,0,0,0,0,52,1.000000,0,5,0,11269763507937697777
4,96,52,0,52,0,0,0,0,52,1.000000,0,5,0,7271976737116101889
4,97,53,0,53,0,0,0,0,53,1.000000,0,5,0,15109583316797545966
4,98,52,0,52,0,0,0,0,52,1.000000,0,5,0,16854031577015836558
4,99,52,0,52,0,0,0,0,52,1.000000,0,5,0,7409670771234904151
4,100,52,0,52,0,0,0,0,52,1.000000,0,5,0,8190192667676758818
5,1,52,0,0,5,0,0,47,0,480.000000,3,0,4,16845506850468384779
5,2,52,0,0,46,0,0,6,0,480.000000,5,0,4,1501863085785788075
5,3,52,0,0,6,0,0,46,0,478.057692,6,0,4,18049081376345743239
5,4,52,0,0,17,0,0,35,0,429.730769,6,0,2,14621440472297775550
5,5,52,0,0,21,0,6,25,0,225.769231,8,0,2,9954696318593669582
5,6,53,0,0,2,0,0,51,0,488.811321,9,0,4,4877263393647420871
5,7,52,0,0,1,0,0,51,0,600.000000,10,0,4,9653068842382248495
5,8,52,0,0,4,0,0,48,0,600.000000,11,0,4,5523798733780392861
5,9,52,0,0,6,0,0,46,0,598.346154,12,0,4,467274481141287349
5,10,52,0,0,10,0,0,42,0,583.019231,13,0,4,14348392634543916403
5,11,52,0,0,46,0,0,6,0,598.346154,13,0,4,16758706068774826416
5,12,52,0,0,52,0,0,0,0,599.961538,13,0,4,12062626619771298971
5,13,53,0,0,51,0,2,0,0,580.188679,13,0,4,4106174508491780569
5,14,52,0,0,49,0,3,0,0,565.980769,13,0,4,15147315325192718134
5,15,52,0,0,52,0,0,0,0,584.769231,13,0,4,10240843599044134373
5,16,52,0,0,51,0,1,0,0,555.211538,13,0,4,65690838959485105
5,17,52,0,0,29,0,23,0,0,531.423077,13,0,4,6449351851497959235
5,18,52,0,0,0,0,52,0,0,593.346154,13,0,4,6676078837724917845
5,19,52,0,0,10,2,40,0,0,591.288462,15,0,4,947094012386391025
5,20,53,0,0,53,0,0,0,0,505.113208,14,1,4,16821400958177354871
5,21,52,0,0,0,0,52,0,0,226.230769,14,1,2,2414239854039807881
5,22,52,0,1,0,0,51,0,2,112.000000,13,2,2,5763933885371586542
5,23,52,0,0,0,0,52,0,0,255.000000,13,2,4,7244751440217373783
5,24,52,0,0,0,0,52,0,0,410.769231,13,2,4,46573736143128042
5,25,52,0,0,0,0,52,0,0,480.000000,13,2,4,883003971063958010
5,26,52,0,0,0,0,52,0,0,480.000000,13,2,4,218894185830147265
5,27,53,0,0,0,0,53,0,0,480.000000,13,2,4,6255384541454824529
5,28,52,0,0,0,0,52,0,0,459.576923,13,2,4,14440716120247762194
5,29,52,0,0,0,0,52,0,0,455.942308,13,2,4,11521318124840058328
5,30,52,0,0,0,0,52,0,0,470.673077,13,2,4,15801556492625487471
5,31,52,0,0,0,0,52,0,0,244.942308,13,2,1,11005102949083202964
5,32,52,0,0,0,0,52,0,0,168.000000,13,2,2,6035535546654600085
5,33,52,0,0,0,0,52,0,0,320.000000,13,2,4,6989819731053641774
5,34,53,0,0,0,0,53,0,0,423.679245,13,2,4,7106997878696691492
5,35,52,0,0,0,0,52,0,0,416.076923,13,2,4,408320052107539961
5,36,52,0,0,0,0,52,0,0,382.307692,13,2,4,3457049886159974032
5,37,52,0,0,0,0,52,0,0,352.923077,13,2,4,1756041756456205420
5,38,52,0,0,0,0,52,0,0,293.634615,13,2,2,12584754269514392972
5,39,52,0,0,0,0,52,0,0,235.307692,13,2,2,3113481619551503597
5,40,52,0,0,0,0,52,0,0,202.500000,13,2,1,8312603217979180365
5,41,53,0,36,0,0,17,0,36,36.207547,0,15,0,8243700151607186431
5,42,52,0,52,0,0,0,0,52,10.769231,0,15,0,13068893828217636924
5,43,52,0,52,0,0,0,0,52,14.615385,0,15,0,8706464408328809568
5,44,52,0,52,0,0,0,0,52,11.711538,0,15,0,3356209392878682596
5,45,52,0,6,0,0,46,0,5,118.000000,0,15,2,12616044556423337183
5,46,52,0,0,0,0,52,0,0,274.000000,0,15,4,13518471290176252860
5,47,52,0,0,0,0,52,0,0,427.173077,0,15,4,1649756905364255468
5,48,53,0,0,0,0,53,0,0,480.000000,0,15,4,14197623513886097317
5,49,52,0,0,0,0,52,0,0,480.000000,0,15,4,14926561698440549764
5,50,52,0,0,0,0,52,0,0,480.000000,0,15,4,11824654333443008927
5,51,52,0,0,0,0,52,0,0,421.634615,0,15,4,13757114900717139064
5,52,52,0,0,0,0,52,0,0,251.153846,0,15,2,8844424846910035665
5,53,52,0,0,0,0,52,0,0,179.653846,0,15,2,2660944156602555534
5,54,52,0,0,0,0,52,0,0,286.000000,0,15,4,15150759391411107712
5,55,53,0,0,0,0,53,0,0,389.169811,0,15,4,9860228261563457898
5,56,52,0,0,0,0,52,0,0,395.153846,0,15,4,12384063258937081890
5,57,52,0,0,0,0,52,0,0,398.000000,0,15,4,9167829173517083119
5,58,52,0,0,0,0,52,0,0,399.346154,0,15,4,9274942068875852405
5,59,52,0,0,0,0,52,0,0,400.000000,0,15,4,7589921974778613316
5,60,52,0,0,0,0,52,0,0,400.000000,0,15,4,6635749642013389321
5,61,52,0,0,0,0,52,0,0,336.365385,0,15,2,11992856290115928679
5,62,53,0,0,0,0,53,0,0,276.924528,0,15,2,7495023894067139343
5,63,52,0,0,0,0,52,0,0,275.230769,0,15,4,10259581006779480950
5,64,52,0,0,0,0,52,0,0,204.365385,0,15,2,12926547354165563281
5,65,52,0,0,0,0,52,0,0,235.750000,0,15,2,5768788264216769981
5,66,52,0,39,0,0,13,0,40,40.500000,0,15,0,1996174010095377613
5,67,52,0,52,0,0,0,0,52,7.807692,0,15,0,5240222308864024064
5,68,52,0,27,0,0,25,0,26,57.730769,0,15,1,5283971099932648639
5,69,53,0,0,0,0,53,0,0,173.358491,0,15,2,107900282589873146
5,70,52,0,0,0,0,52,0,0,128.019231,0,15,1,12324534500383167154
5,71,52,0,49,0,0,3,0,50,9.750000,0,15,0,12010946911616557953
5,72,52,0,52,0,0,0,0,52,1.903846,0,15,0,17504760029494835012
5,73,52,0,52,0,0,0,0,52,2.403846,0,15,0,18306584763943379654
5,74,52,0,52,0,0,0,0,52,1.807692,0,15,0,114885560061156874
5,75,52,0,52,0,0,0,0,52,3.076923,0,15,0,15970364722307757279
5,76,53,0,53,0,0,0,0,53,5.169811,0,15,0,17718942864097778683
5,77,52,0,52,0,0,0,0,52,15.769231,0,15,0,15322155622920773438
5,78,52,0,52,0,0,0,0,52,1.634615,0,15,0,5406611045324144882
5,79,52,0,52,0,0,0,0,52,0.846154,0,15,0,17196170873235458245
5,80,52,0,52,0,0,0,0,52,2.250000,0,15,0,7678306519211219799
5,81,52,0,52,0,0,0,0,52,1.673077,0,15,0,7151897179292009304
5,82,52,0,52,0,0,0,0,52,2.000000,0,15,0,14209397840647598168
5,83,53,0,53,0,0,0,0,53,2.000000,0,15,0,5748759483423072431
5,84,52,0,52,0,0,0,0,52,2.000000,0,15,0,8212589159416390758
5,85,52,0,52,0,0,0,0,52,1.384615,0,15,0,10361027883368927369
5,86,52,0,52,0,0,0,0,52,1.307692,0,15,0,6873699486570289844
5,87,52,0,52,0,0,0,0,52,1.000000,0,15,0,6655037752178814829
5,88,52,0,52,0,0,0,0,52,1.000000,0,15,0,9647115413339579740
5,89,52,0,52,0,0,0,0,52,1.000000,0,15,0,11570356234053623125
5,90,53,0,53,0,0,0,0,53,1.000000,0,15,0,3566427487848716604
5,91,52,0,52,0,0,0,0,52,1.000000,0,15,0,6785045110171408986
5,92,52,0,52,0,0,0,0,52,0.269231,0,15,0,904929829639936251
5,93,52,0,52,0,0,0,0,52,0.000000,0,15,0,4886668967276480024
5,94,52,0,52,0,0,0,0,52,0.000000,0,15,0,11796837327642539881
5,95,52,0,52,0,0,0,0,52,0.000000,0,15,0,1069076472874306049
5,96,52,0,52,0,0,0,0,52,0.000000,0,15,0,15468689085561815580
5,97,53,0,53,0,0,0,0,53,0.000000,0,15,0,10788478743147848452
5,98,52,0,52,0,0,0,0,52,0.000000,0,15,0,1483111016978984060
5,99,52,0,52,0,0,0,0,52,0.000000,0,15,0,2003728400584909891
5,100,52,0,52,0,0,0,0,52,0.000000,0,15,0,8504823498999328091
6,1,52,0,0,5,0,0,47,0,480.000000,2,0,4,17949309424183405094
6,2,52,0,0,2,0,0,50,0,480.000000,4,0,4,7661505087389449233
6,3,52,0,0,0,0,0,52,0,480.000000,5,0,4,11619684589965957436
6,4,52,0,0,5,0,0,47,0,463.750000,6,0,4,3694251910798297005
6,5,52,0,0,0,0,21,31,0,329.807692,6,0,4,1342767400297223531
6,6,53,0,0,0,0,53,0,0,477.981132,6,0,4,12869019847629483344
6,7,52,0,0,0,0,52,0,0,479.923077,6,0,4,2720583748203649401
6,8,52,0,0,0,0,52,0,0,480.000000,6,0,4,9343471551762220275
6,9,52,0,0,0,0,52,0,0,480.000000,6,0,4,9497700378153125547
6,10,52,0,0,0,0,52,0,0,480.000000,6,0,4,12006208136983195423
6,11,52,0,0,0,0,52,0,0,480.000000,6,0,4,14472260546298304171
6,12,52,0,0,0,0,52,0,0,480.000000,6,0,4,8261991709259170249
6,13,53,0,0,0,0,53,0,0,480.000000,6,0,4,1648455106880069110
6,14,52,0,0,0,0,52,0,0,480.000000,6,0,4,11834472779242381704
6,15,52,0,0,0,0,52,0,0,469.788462,6,0,4,6311661200514015999
6,16,52,0,0,0,0,52,0,0,480.000000,6,0,4,15542887500339970795
6,17,52,0,0,0,0,52,0,0,480.000000,6,0,4,6962414863867483205
6,18,52,0,0,0,0,52,0,0,480.000000,6,0,4,6120645270278177635
6,19,52,0,0,0,0,52,0,0,480.000000,6,0,4,1694522215607493179
6,20,53,0,0,0,0,53,0,0,479.924528,6,0,4,1411383384939815899
6,21,52,0,0,0,0,52,0,0,480.000000,6,0,4,13242295222402619420
6,22,52,0,0,0,0,52,0,0,430.461538,6,0,4,4998821970573686978
6,23,52,0,0,0,0,52,0,0,427.076923,6,0,4,15856324737099263148
6,24,52,0,0,0,0,52,0,0,463.846154,6,0,4,6176706800887142040
6,25,52,0,0,0,0,52,0,0,480.000000,6,0,4,16509361469750574545
6,26,52,0,0,0,0,52,0,0,446.384615,6,0,4,2303332784908447878
6,27,53,0,0,0,0,53,0,0,439.698113,6,0,4,14753291181771581402
6,28,52,0,0,0,0,52,0,0,393.596154,6,0,4,15091505823680228128
6,29,52,0,0,0,0,52,0,0,269.596154,6,0,2,486385360128351702
6,30,52,0,2,0,0,50,0,2,119.769231,4,2,1,1879328035093772709
6,31,52,0,15,0,0,37,0,15,86.057692,0,6,1,10799760379186120755
6,32,52,0,23,0,0,29,0,23,53.865385,0,6,0,1253177275806085016
6,33,52,0,52,0,0,0,0,52,9.980769,0,6,0,4898295011901434701
6,34,53,0,53,0,0,0,0,53,9.849057,0,6,0,2543277924164366353
6,35,52,0,52,0,0,0,0,52,8.076923,0,6,0,18275271811107084531
6,36,52,0,52,0,0,0,0,52,13.000000,0,6,0,14455572776485786530
6,37,52,0,52,0,0,0,0,52,13.000000,0,6,0,2081773481299749227
6,38,52,0,52,0,0,0,0,52,13.000000,0,6,0,4958886790129574191
6,39,52,0,52,0,0,0,0,52,13.000000,0,6,0,1455432261479451327
6,40,52,0,52,0,0,0,0,52,13.000000,0,6,0,16031315409755252763
6,41,53,0,53,0,0,0,0,53,13.000000,0,6,0,3466429352132278803
6,42,52,0,52,0,0,0,0,52,13.000000,0,6,0,6168095958814653991
6,43,52,0,52,0,0,0,0,52,13.000000,0,6,0,11095714025832343963
6,44,52,0,52,0,0,0,0,52,13.000000,0,6,0,7270386267725393586
6,45,52,0,52,0,0,0,0,52,13.000000,0,6,0,5501410634941987237
6,46,52,0,52,0,0,0,0,52,13.000000,0,6,0,11268968336186285277
6,47,52,0,52,0,0,0,0,52,13.000000,0,6,0,14725757624162630099
6,48,53,0,53,0,0,0,0,53,13.000000,0,6,0,532738694297486070
6,49,52,0,52,0,0,0,0,52,13.000000,0,6,0,4570762400235998845
6,50,52,0,52,0,0,0,0,52,7.769231,0,6,0,8020409270266033994
6,51,52,0,52,0,0,0,0,52,5.000000,0,6,0,15435976758761278251
6,52,52,0,52,0,0,0,0,52,5.000000,0,6,0,6741775749573949876
6,53,52,0,52,0,0,0,0,52,4.000000,0,6,0,4484481659320235858
6,54,52,0,52,0,0,0,0,52,4.076923,0,6,0,10353628150592049298
6,55,53,0,53,0,0,0,0,53,4.000000,0,6,0,656591329490361374
6,56,52,0,52,0,0,0,0,52,4.326923,0,6,0,15161890565590464706
6,57,52,0,52,0,0,0,0,52,2.000000,0,6,0,4373111457996994077
6,58,52,0,52,0,0,0,0,52,4.826923,0,6,0,15002358460106278505
6,59,52,0,52,0,0,0,0,52,4.000000,0,6,0,11572223917888765913
6,60,52,0,52,0,0,0,0,52,1.000000,0,6,0,17088198581786710480
6,61,52,0,52,0,0,0,0,52,1.000000,0,6,0,4525443417373929332
6,62,53,0,53,0,0,0,0,53,0.811321,0,6,0,8401817273900884624
6,63,52,0,52,0,0,0,0,52,0.000000,0,6,0,16858585872908161880
6,64,52,0,52,0,0,0,0,52,0.000000,0,6,0,11058064397202416554
6,65,52,0,52,0,0,0,0,52,0.000000,0,6,0,17835124277239544069
6,66,52,0,52,0,0,0,0,52,0.000000,0,6,0,5466271041296956524
6,67,52,0,52,0,0,0,0,52,0.000000,0,6,0,8619181401616149405
6,68,52,0,52,0,0,0,0,52,0.000000,0,6,0,1733228363847689569
6,69,53,0,53,0,0,0,0,53,0.000000,0,6,0,14893301329757123457
6,70,52,0,52,0,0,0,0,52,0.000000,0,6,0,6897211208685451530
6,71,52,0,52,0,0,0,0,52,0.000000,0,6,0,6172156931769710472
6,72,52,0,52,0,0,0,0,52,0.000000,0,6,0,2519986051411772102
6,73,52,0,52,0,0,0,0,52,0.000000,0,6,0,18030349357159495546
6,74,52,0,52,0,0,0,0,52,0.000000,0,6,0,8057256046930203429
6,75,52,0,52,0,0,0,0,52,0.000000,0,6,0,16633710607029221132
6,76,53,0,53,0,0,0,0,53,0.000000,0,6,0,17069915807097128452
6,77,52,0,52,0,0,0,0,52,0.000000,0,6,0,12374054350649839747
6,78,52,0,52,0,0,0,0,52,0.000000,0,6,0,6907176067337564524
6,79,52,0,52,0,0,0,0,52,0.000000,0,6,0,6692572392727983701
6,80,52,0,52,0,0,0,0,52,0.000000,0,6,0,13885577871015747269
6,81,52,0,52,0,0,0,0,52,0.000000,0,6,0,8969736861948468503
6,82,52,0,52,0,0,0,0,52,0.000000,0,6,0,12605562439094854269
6,83,53,0,53,0,0,0,0,53,0.000000,0,6,0,16837742398415646851
6,84,52,0,52,0,0,0,0,52,0.000000,0,6,0,7485691849846625278
6,85,52,0,52,0,0,0,0,52,0.000000,0,6,0,6290015748824362596
6,86,52,0,52,0,0,0,0,52,0.000000,0,6,0,17878476216177553195
6,87,52,0,52,0,0,0,0,52,0.000000,0,6,0,18402430121386943201
6,88,52,0,52,0,0,0,0,52,0.000000,0,6,0,2846013035698700446
6,89,52,0,52,0,0,0,0,52,0.000000,0,6,0,3946542554297394213
6,90,53,0,53,0,0,0,0,53,0.000000,0,6,0,517288157845827110
6,91,52,0,52,0,0,0,0,52,0.000000,0,6,0,3565079967330089368
6,92,52,0,52,0,0,0,0,52,0.000000,0,6,0,17565771745586883862
6,93,52,0,52,0,0,0,0,52,0.000000,0,6,0,14255500185029628913
6,94,52,0,52,0,0,0,0,52,0.000000,0,6,0,16753765761941221460
6,95,52,0,52,0,0,0,0,52,0.000000,0,6,0,9330354361699179651
6,96,52,0,52,0,0,0,0,52,0.000000,0,6,0,13285289894514188865
6,97,53,0,53,0,0,0,0,53,0.000000,0,6,0,8555454474513937639
6,98,52,0,52,0,0,0,0,52,0.000000,0,6,0,4522632655104322070
6,99,52,0,52,0,0,0,0,52,0.000000,0,6,0,16190225491686578829
6,100,52,0,52,0,0,0,0,52,0.000000,0,6,0,4336666249439447580
7,1,52,0,0,9,0,0,43,0,480.000000,1,0,4,8546967806614890353
7,2,52,0,0,9,0,0,43,0,463.442308,3,0,4,13196005518815318504
7,3,52,0,0,13,0,0,39,0,488.384615,3,0,4,14297639024830784972
7,4,52,0,0,18,0,0,34,0,455.461538,5,0,4,15387625672157522696
7,5,52,0,0,0,0,21,31,0,245.903846,5,0,1,4753155835148022016
7,6,53,0,14,0,0,39,0,14,90.735849,0,5,2,10138232257377403022
7,7,52,0,0,0,0,52,0,0,260.307692,0,5,4,6817222002343744677
7,8,52,0,0,0,0,52,0,0,418.846154,0,5,4,11263485171653574659
7,9,52,0,0,0,0,52,0,0,480.000000,0,5,4,7147343539227696435
7,10,52,1,0,8,0,27,16,0,455.365385,6,5,4,6995225370134097569
7,11,52,0,0,32,0,0,20,0,411.269231,7,5,4,3430458114161584679
7,12,52,0,0,14,0,0,38,0,357.192308,8,5,4,2795431526049327970
7,13,53,0,0,48,5,0,0,0,303.490566,8,5,4,4370433251905597069
7,14,52,0,0,46,6,0,0,0,280.576923,8,5,4,6071687586492302955
7,15,52,0,0,46,6,0,0,0,196.538462,8,5,2,10416558754244469876
7,16,52,0,14,34,4,0,0,13,77.192308,0,13,1,13383061792981966481
7,17,52,1,0,51,0,0,0,0,176.307692,3,13,2,6071948658578722281
7,18,52,0,0,50,2,0,0,0,283.000000,3,13,2,2318693157485284633
7,19,52,0,0,51,1,0,0,0,286.307692,3,13,2,12101535349548578465
7,20,53,0,0,53,0,0,0,0,287.000000,3,13,2,8964353608167297337
7,21,52,0,0,52,0,0,0,0,287.000000,3,13,2,3402555420517657084
7,22,52,0,0,52,0,0,0,0,287.000000,3,13,2,15477119602641765863
7,23,52,0,0,4,0,48,0,0,287.000000,3,13,2,5526804079533975442
7,24,52,0,0,0,0,52,0,0,287.000000,3,13,2,16988299458554364403
7,25,52,0,0,0,0,52,0,0,287.000000,3,13,2,11669410480914122649
7,26,52,0,0,0,0,52,0,0,287.000000,3,13,2,3339535921936140012
7,27,53,0,0,0,0,53,0,0,287.000000,3,13,2,18425014565655269307
7,28,52,0,0,0,0,52,0,0,287.000000,3,13,2,17178996581923063903
7,29,52,0,0,0,0,52,0,0,287.000000,3,13,2,16608547805909975882
7,30,52,0,0,0,0,52,0,0,287.000000,3,13,2,2804896224278279575
7,31,52,0,0,0,0,52,0,0,287.000000,3,13,2,8170300895406865081
7,32,52,0,0,0,0,52,0,0,287.000000,3,13,2,9599595892041177511
7,33,52,0,0,0,0,52,0,0,287.000000,3,13,2,2261178596671959519
7,34,53,0,0,0,0,53,0,0,287.000000,3,13,2,16755950741491858293
7,35,52,0,0,0,0,52,0,0,287.000000,3,13,2,4195050923279933173
7,36,52,0,0,0,0,52,0,0,287.000000,3,13,2,9216157590257096931
7,37,52,0,0,0,0,52,0,0,287.000000,3,13,2,7609993058635722570
7,38,52,0,0,0,0,52,0,0,287.000000,3,13,2,14243307965045585383
7,39,52,0,0,0,0,52,0,0,287.000000,3,13,2,11252196203875207529
7,40,52,0,0,0,0,52,0,0,287.000000,3,13,2,9617516050637534052
7,41,53,0,0,0,0,53,0,0,287.000000,3,13,2,5271815843849158393
7,42,52,0,0,0,0,52,0,0,287.000000,3,13,2,11433154856662105892
7,43,52,0,0,0,0,52,0,0,287.000000,3,13,2,16074428782787568393
7,44,52,0,0,0,0,52,0,0,287.000000,3,13,2,17494848029055252436
7,45,52,0,0,0,0,52,0,0,287.000000,3,13,2,17195666672830806684
7,46,52,0,0,0,0,52,0,0,287.000000,3,13,2,423637551614938641
7,47,52,0,0,0,0,52,0,0,287.000000,3,13,2,15259359194931765504
7,48,53,0,0,0,0,53,0,0,287.000000,3,13,2,656997733534008916
7,49,52,0,0,0,0,52,0,0,287.000000,3,13,2,7739901331004137978
7,50,52,0,0,0,0,52,0,0,287.000000,3,13,2,11440882788402224664
7,51,52,0,0,0,0,52,0,0,287.000000,3,13,2,14281023922085139546
7,52,52,0,0,0,0,52,0,0,287.000000,3,13,2,3486580484607222729
7,53,52,0,0,0,0,52,0,0,287.000000,3,13,2,624426785957294741
7,54,52,0,0,0,0,52,0,0,287.000000,3,13,2,2158023828697170751
7,55,53,0,0,0,0,53,0,0,287.000000,3,13,2,9215683180537555608
7,56,52,0,0,0,0,52,0,0,287.000000,3,13,2,10168397992070983994
7,57,52,0,0,0,0,52,0,0,287.000000,3,13,2,2109347546869753597
7,58,52,0,0,0,0,52,0,0,287.000000,3,13,2,11002853990180339607
7,59,52,0,0,0,0,52,0,0,287.000000,3,13,2,4394878954570690795
7,60,52,0,0,0,0,52,0,0,287.000000,3,13,2,14877903783551837249
7,61,52,0,0,0,0,52,0,0,287.000000,3,13,2,1834868716174073723
7,62,53,0,0,0,0,53,0,0,287.000000,3,13,2,6757211841472745739
7,63,52,0,0,0,0,52,0,0,287.000000,3,13,2,6739248882369572294
7,64,52,0,0,0,0,52,0,0,287.000000,3,13,2,11852031940831272230
7,65,52,0,0,0,0,52,0,0,287.000000,3,13,2,5264719859109729253
7,66,52,0,0,0,0,52,0,0,287.000000,3,13,2,16063566231427516080
7,67,52,0,0,0,0,52,0,0,287.000000,3,13,2,14577657170792051372
7,68,52,0,0,0,0,52,0,0,287.000000,3,13,2,11072941333905409697
7,69,53,0,0,0,0,53,0,0,287.000000,3,13,2,4192948520361198691
7,70,52,0,0,0,0,52,0,0,287.000000,3,13,2,6223649088492355013
7,71,52,0,0,0,0,52,0,0,287.000000,3,13,2,6538723155011444053
7,72,52,0,0,0,0,52,0,0,287.000000,3,13,2,12508136071735058735
7,73,52,0,0,0,0,52,0,0,287.000000,3,13,2,813435128002007187
7,74,52,0,0,0,0,52,0,0,287.000000,3,13,2,5225901261732287980
7,75,52,0,0,0,0,52,0,0,287.000000,3,13,2,1533543887969060315
7,76,53,0,0,0,0,53,0,0,287.000000,3,13,2,14020237018062176638
7,77,52,0,0,0,0,52,0,0,287.000000,3,13,2,25238183118287835
7,78,52,0,0,0,0,52,0,0,287.000000,3,13,2,16520013024100452554
7,79,52,0,0,0,0,52,0,0,287.000000,3,13,2,1395627579718249167
7,80,52,0,0,0,0,52,0,0,287.000000,3,13,2,1495736383843891868
7,81,52,0,0,0,0,52,0,0,287.000000,3,13,2,14400484372819498143
7,82,52,0,0,0,0,52,0,0,287.000000,3,13,2,9001430304179628998
7,83,53,0,0,0,0,53,0,0,287.000000,3,13,2,6699747592054192940
7,84,52,0,0,0,0,52,0,0,287.000000,3,13,2,387421596647875756
7,85,52,0,0,0,0,52,0,0,287.000000,3,13,2,9722634279186291918
7,86,52,0,0,0,0,52,0,0,287.000000,3,13,2,11776850412616417250
7,87,52,0,0,0,0,52,0,0,287.000000,3,13,2,16184821716296035923
7,88,52,0,0,0,0,52,0,0,287.000000,3,13,2,7012999231149923769
7,89,52,0,0,0,0,52,0,0,287.000000,3,13,2,16492414081954958225
7,90,53,0,0,0,0,53,0,0,287.000000,3,13,2,11354491569279366780
7,91,52,0,0,0,0,52,0,0,287.000000,3,13,2,15164803638947552254
7,92,52,0,0,0,0,52,0,0,287.000000,3,13,2,9300546678216078055
7,93,52,0,0,0,0,52,0,0,287.000000,3,13,2,14490044586502758381
7,94,52,0,0,0,0,52,0,0,287.000000,3,13,2,938596268507540642
7,95,52,0,0,0,0,52,0,0,287.000000,3,13,2,11829767174736062417
7,96,52,0,0,0,0,14,38,0,287.000000,3,13,2,11309820530492155064
7,97,53,0,0,0,0,0,53,0,287.000000,3,13,2,3770299586532280410
7,98,52,0,0,0,0,0,52,0,287.000000,3,13,2,12066330456874277214
7,99,52,0,0,0,0,0,52,0,287.000000,3,13,2,1159137701400810325
7,100,52,0,0,0,0,0,52,0,287.000000,3,13,2,11599452662037435511
8,1,52,0,0,5,0,0,47,0,480.615385,0,0,4,8706855638402208040
8,2,52,0,0,33,0,0,19,0,473.057692,1,0,4,925828952397666649
8,3,52,0,0,5,0,0,47,0,414.846154,3,0,4,14328402890454255097
8,4,52,0,0,0,0,17,35,0,406.923077,3,0,4,212665561363845654
8,5,52,0,0,0,0,52,0,0,443.769231,3,0,4,15176905097455788149
8,6,53,0,0,0,0,53,0,0,349.018868,3,0,4,11129249095642373851
8,7,52,0,0,4,0,48,0,0,167.673077,3,0,2,15120850379642816135
8,8,52,1,0,12,0,0,39,0,354.461538,8,0,4,7301654276725442561
8,9,52,0,0,9,0,0,43,0,475.846154,9,0,4,15630044755000975069
8,10,52,0,0,13,0,0,39,0,478.942308,10,0,4,4886762311249294619
8,11,52,0,0,22,0,0,30,0,420.096154,11,0,4,8330086538379766084
8,12,52,0,0,14,0,0,38,0,445.884615,12,0,4,17093066701442968986
8,13,53,0,0,22,0,0,31,0,480.000000,14,0,4,17734490442170549252
8,14,52,0,0,11,0,0,41,0,480.000000,14,0,4,4745486732037101118
8,15,52,0,0,52,0,0,0,0,480.000000,14,0,4,13328554873545710943
8,16,52,0,0,52,0,0,0,0,480.000000,14,0,4,3543122078079262680
8,17,52,0,0,51,1,0,0,0,471.134615,16,0,4,7067182585799862233
8,18,52,0,0,1,0,51,0,0,262.096154,16,0,2,10512314752110772231
8,19,52,0,0,0,0,52,0,0,132.615385,16,0,1,4001155786804331097
8,20,53,0,29,0,0,24,0,29,60.735849,0,16,0,1388408053874869907
8,21,52,0,7,0,0,45,0,4,69.596154,0,16,1,9106651887444884119
8,22,52,0,0,0,0,52,0,0,136.615385,0,16,2,17010644760799171828
8,23,52,0,0,0,0,52,0,0,111.038462,0,16,1,13475976158733298850
8,24,52,0,41,0,0,11,0,42,32.423077,0,16,0,15051318438181801088
8,25,52,0,52,0,0,0,0,52,5.846154,0,16,0,16526404453620718611
8,26,52,0,52,0,0,0,0,52,5.230769,0,16,0,9671517703909488745
8,27,53,0,53,0,0,0,0,53,5.735849,0,16,0,16349874171107059702
8,28,52,0,52,0,0,0,0,52,4.576923,0,16,0,3653964498969226205
8,29,52,0,52,0,0,0,0,52,5.557692,0,16,0,1798890820036353879
8,30,52,0,52,0,0,0,0,52,6.673077,0,16,0,3765807089384297637
8,31,52,0,52,0,0,0,0,52,7.769231,0,16,0,4724275705999341193
8,32,52,0,52,0,0,0,0,52,5.865385,0,16,0,13764489680197794979
8,33,52,0,52,0,0,0,0,52,2.000000,0,16,0,2657098621639780470
8,34,53,0,53,0,0,0,0,53,2.000000,0,16,0,8081668549084716136
8,35,52,0,52,0,0,0,0,52,2.000000,0,16,0,9732806012708965012
8,36,52,0,52,0,0,0,0,52,2.000000,0,16,0,16155144926434740301
8,37,52,0,52,0,0,0,0,52,2.000000,0,16,0,2012695772409258395
8,38,52,0,52,0,0,0,0,52,2.000000,0,16,0,5078606474957011340
8,39,52,0,52,0,0,0,0,52,2.000000,0,16,0,17044227971978261208
8,40,52,0,52,0,0,0,0,52,2.000000,0,16,0,1167538629936362555
8,41,53,0,53,0,0,0,0,53,2.000000,0,16,0,13613985802704659235
8,42,52,0,52,0,0,0,0,52,2.000000,0,16,0,11239183825573491170
8,43,52,0,52,0,0,0,0,52,2.000000,0,16,0,10277777830197274325
8,44,52,0,52,0,0,0,0,52,2.000000,0,16,0,15810837080916340048
8,45,52,0,52,0,0,0,0,52,2.000000,0,16,0,374215929705207069
8,46,52,0,52,0,0,0,0,52,2.000000,0,16,0,6882588956769795981
8,47,52,0,52,0,0,0,0,52,2.000000,0,16,0,14297711841578094298
8,48,53,0,53,0,0,0,0,53,2.000000,0,16,0,3801012030722603296
8,49,52,0,52,0,0,0,0,52,2.000000,0,16,0,8664957703726291460
8,50,52,0,52,0,0,0,0,52,2.000000,0,16,0,7533020730286125241
8,51,52,0,52,0,0,0,0,52,2.000000,0,16,0,5170042304816227780
8,52,52,0,52,0,0,0,0,52,2.000000,0,16,0,5183662657817566997
8,53,52,0,52,0,0,0,0,52,2.000000,0,16,0,7207599470181244444
8,54,52,0,52,0,0,0,0,52,2.000000,0,16,0,5075887781393642664
8,55,53,0,53,0,0,0,0,53,2.000000,0,16,0,17012012519762688373
8,56,52,0,52,0,0,0,0,52,2.000000,0,16,0,17984322836806629763
8,57,52,0,52,0,0,0,0,52,2.000000,0,16,0,657934139410637756
8,58,52,0,52,0,0,0,0,52,2.000000,0,16,0,5751502455337997603
8,59,52,0,52,0,0,0,0,52,2.000000,0,16,0,1127466911634677973
8,60,52,0,52,0,0,0,0,52,2.000000,0,16,0,12020002904416307904
8,61,52,0,52,0,0,0,0,52,2.000000,0,16,0,384636621932473486
8,62,53,0,53,0,0,0,0,53,2.000000,0,16,0,2906330173311640997
8,63,52,0,52,0,0,0,0,52,2.000000,0,16,0,13959971157312117431
8,64,52,0,52,0,0,0,0,52,2.000000,0,16,0,10981093610835715474
8,65,52,0,52,0,0,0,0,52,2.000000,0,16,0,7083482546619895068
8,66,52,0,52,0,0,0,0,52,2.000000,0,16,0,8622474654231038002
8,67,52,0,52,0,0,0,0,52,2.000000,0,16,0,6751707159133826794
8,68,52,0,52,0,0,0,0,52,2.000000,0,16,0,8466576383162987473
8,69,53,0,53,0,0,0,0,53,2.000000,0,16,0,16375957110776934027
8,70,52,0,52,0,0,0,0,52,2.000000,0,16,0,6256713032211233097
8,71,52,0,52,0,0,0,0,52,2.000000,0,16,0,18325142288500645501
8,72,52,0,52,0,0,0,0,52,2.000000,0,16,0,12813229609034246563
8,73,52,0,52,0,0,0,0,52,2.000000,0,16,0,15496137092453343264
8,74,52,0,52,0,0,0,0,52,2.000000,0,16,0,10469384540464168467
8,75,52,0,52,0,0,0,0,52,2.000000,0,16,0,3649241143503494305
8,76,53,0,53,0,0,0,0,53,2.000000,0,16,0,9302446147376014413
8,77,52,0,52,0,0,0,0,52,2.000000,0,16,0,11646383284094266073
8,78,52,0,52,0,0,0,0,52,2.000000,0,16,0,2426159422463930787
8,79,52,0,52,0,0,0,0,52,2.000000,0,16,0,9622637691664110801
8,80,52,0,52,0,0,0,0,52,2.000000,0,16,0,8816705796781174518
8,81,52,0,52,0,0,0,0,52,2.000000,0,16,0,1619554761241763584
8,82,52,0,52,0,0,0,0,52,2.000000,0,16,0,16267941565419111666
8,83,53,0,53,0,0,0,0,53,2.000000,0,16,0,5247938698166159132
8,84,52,0,52,0,0,0,0,52,2.000000,0,16,0,15265472490204027316
8,85,52,0,52,0,0,0,0,52,2.000000,0,16,0,17503775857503600898
8,86,52,0,52,0,0,0,0,52,2.000000,0,16,0,10353489010317178775
8,87,52,0,52,0,0,0,0,52,2.000000,0,16,0,13124005716475304547
8,88,52,0,52,0,0,0,0,52,2.000000,0,16,0,2489929914019288838
8,89,52,0,52,0,0,0,0,52,2.000000,0,16,0,4030073556359742595
8,90,53,0,53,0,0,0,0,53,2.000000,0,16,0,11825878546991161545
8,91,52,0,52,0,0,0,0,52,2.000000,0,16,0,13982384197132670983
8,92,52,0,52,0,0,0,0,52,2.000000,0,16,0,16405513409889592191
8,93,52,0,52,0,0,0,0,52,2.000000,0,16,0,5709099199442133091
8,94,52,0,52,0,0,0,0,52,2.000000,0,16,0,15801642016154816267
8,95,52,0,52,0,0,0,0,52,2.000000,0,16,0,10750109834860507930
8,96,52,0,52,0,0,0,0,52,2.000000,0,16,0,12076001143272607012
8,97,53,0,53,0,0,0,0,53,2.000000,0,16,0,8662080217742608993
8,98,52,0,52,0,0,0,0,52,2.000000,0,16,0,18233031955521608636
8,99,52,0,52,0,0,0,0,52,2.000000,0,16,0,665421070564053548
8,100,52,0,52,0,0,0,0,52,2.000000,0,16,0,422147429783116567
9,1,52,0,0,5,0,0,47,0,480.000000,1,0,4,105867886068700808
9,2,52,0,0,29,0,0,23,0,480.000000,2,0,4,836943543615939890
9,3,52,0,0,16,0,0,36,0,473.153846,3,0,4,2211690336364629439
9,4,52,0,0,17,0,17,18,0,499.288462,4,0,4,17097948432527190960
9,5,52,0,0,0,0,52,0,0,528.596154,4,0,4,15369552953024955428
9,6,53,0,16,0,0,37,0,16,190.660377,0,4,0,615778706478947480
9,7,52,1,3,13,0,3,32,2,170.769231,4,4,4,17189681133225602603
9,8,52,0,0,1,0,0,51,0,480.769231,5,4,4,13386817940021242715
9,9,52,0,0,0,0,0,52,0,492.000000,6,4,4,16503676959499239436
9,10,52,0,0,2,0,0,50,0,492.000000,7,4,4,2783868224175605166
9,11,52,0,0,1,0,0,51,0,492.000000,8,4,4,1903337132464142706
9,12,52,0,0,35,0,0,17,0,492.000000,9,4,4,8434869213450456526
9,13,53,0,0,53,0,0,0,0,492.000000,9,4,4,16230067057768439468
9,14,52,0,0,52,0,0,0,0,492.000000,9,4,4,5355524263013383248
9,15,52,0,0,52,0,0,0,0,492.000000,9,4,4,3823099801747936477
9,16,52,0,0,44,0,8,0,0,475.250000,9,4,4,16525285403068531419
9,17,52,0,0,39,0,13,0,0,493.250000,9,4,4,2918642800201426804
9,18,52,0,0,44,0,8,0,0,496.750000,10,4,4,16600776194697531596
9,19,52,0,0,50,0,2,0,0,498.942308,10,4,4,13628853949434682732
9,20,53,0,0,41,0,12,0,0,486.509434,10,4,4,6315663796890734787
9,21,52,0,0,36,0,16,0,0,482.230769,10,4,4,9064797901224022062
9,22,52,0,0,47,0,5,0,0,498.403846,10,4,4,2794992680769605240
9,23,52,0,0,52,0,0,0,0,516.769231,10,4,4,2212858082259815563
9,24,52,0,0,51,0,1,0,0,481.346154,10,4,4,5983575291620228764
9,25,52,0,0,49,0,3,0,0,502.250000,10,4,4,8361200620415086876
9,26,52,0,0,52,0,0,0,0,500.346154,10,4,4,15973378523373560101
9,27,53,0,0,40,0,13,0,0,447.584906,10,4,4,15427466069822426903
9,28,52,0,0,52,0,0,0,0,476.807692,10,4,4,10979959032177252826
9,29,52,0,0,51,0,1,0,0,459.365385,10,4,4,6043818417929239324
9,30,52,0,0,48,0,4,0,0,466.788462,10,4,4,3558219786462859381
9,31,52,1,0,51,0,0,0,0,457.192308,14,4,4,11067395414519206584
9,32,52,0,14,15,0,23,0,15,163.442308,0,18,0,8134037530253354529
9,33,52,0,52,0,0,0,0,52,17.769231,0,18,0,15008743079727171581
9,34,53,0,53,0,0,0,0,53,18.037736,0,18,0,16932177743421193018
9,35,52,0,52,0,0,0,0,52,20.230769,0,18,0,7783599848975821119
9,36,52,0,52,0,0,0,0,52,21.500000,0,18,0,18270380721292026634
9,37,52,0,52,0,0,0,0,52,18.057692,0,18,0,14321702198842595568
9,38,52,0,52,0,0,0,0,52,15.692308,0,18,0,3911764061549515126
9,39,52,0,52,0,0,0,0,52,17.538462,0,18,0,14347209234823012080
9,40,52,0,52,0,0,0,0,52,13.461538,0,18,0,7439497488660565449
9,41,53,0,53,0,0,0,0,53,11.132075,0,18,0,13957749968618552974
9,42,52,0,52,0,0,0,0,52,7.500000,0,18,0,14010712795203697837
9,43,52,0,52,0,0,0,0,52,8.134615,0,18,0,14121265579222874450
9,44,52,0,52,0,0,0,0,52,7.019231,0,18,0,4827887623227863363
9,45,52,0,52,0,0,0,0,52,7.346154,0,18,0,17128731895121246174
9,46,52,0,52,0,0,0,0,52,6.384615,0,18,0,1361176094015012701
9,47,52,0,52,0,0,0,0,52,8.192308,0,18,0,13003014014018572237
9,48,53,0,53,0,0,0,0,53,7.641509,0,18,0,14402094040860625997
9,49,52,0,52,0,0,0,0,52,7.576923,0,18,0,744101605122991095
9,50,52,0,52,0,0,0,0,52,9.980769,0,18,0,5695896441698164216
9,51,52,0,52,0,0,0,0,52,10.576923,0,18,0,13209602977095004674
9,52,52,0,52,0,0,0,0,52,8.692308,0,18,0,11381762702365019840
9,53,52,0,52,0,0,0,0,52,4.653846,0,18,0,8701573166582788474
9,54,52,0,52,0,0,0,0,52,4.769231,0,18,0,16307958259109474353
9,55,53,0,53,0,0,0,0,53,6.566038,0,18,0,13323143823491307181
9,56,52,0,52,0,0,0,0,52,8.153846,0,18,0,715877887919288466
9,57,52,0,52,0,0,0,0,52,9.115385,0,18,0,7535069941826469462
9,58,52,0,52,0,0,0,0,52,12.923077,0,18,0,2282608362062250726
9,59,52,0,52,0,0,0,0,52,10.730769,0,18,0,6363384651255796050
9,60,52,0,52,0,0,0,0,52,8.153846,0,18,0,1828972469287782988
9,61,52,0,52,0,0,0,0,52,10.153846,0,18,0,13008343149176732405
9,62,53,0,53,0,0,0,0,53,7.377358,0,18,0,483324548851896974
9,63,52,0,52,0,0,0,0,52,7.500000,0,18,0,4536872615979603537
9,64,52,0,52,0,0,0,0,52,7.634615,0,18,0,13665446231673120542
9,65,52,0,52,0,0,0,0,52,8.423077,0,18,0,9121597938096262
9,66,52,0,52,0,0,0,0,52,8.211538,0,18,0,4642443893674288308
9,67,52,0,52,0,0,0,0,52,7.557692,0,18,0,9271029979809286508
9,68,52,0,52,0,0,0,0,52,7.403846,0,18,0,14532268676246395050
9,69,53,0,53,0,0,0,0,53,9.264151,0,18,0,17607437034381333161
9,70,52,0,52,0,0,0,0,52,10.403846,0,18,0,13022800547450215467
9,71,52,0,52,0,0,0,0,52,6.961538,0,18,0,1725533013945348679
9,72,52,0,52,0,0,0,0,52,7.423077,0,18,0,12787872127147351907
9,73,52,0,52,0,0,0,0,52,10.788462,0,18,0,11121214935233285493
9,74,52,0,52,0,0,0,0,52,9.096154,0,18,0,7419434850612760398
9,75,52,0,52,0,0,0,0,52,10.153846,0,18,0,15237276667173276298
9,76,53,0,53,0,0,0,0,53,8.075472,0,18,0,6878787338962573751
9,77,52,0,52,0,0,0,0,52,9.173077,0,18,0,7896042703282335004
9,78,52,0,52,0,0,0,0,52,9.230769,0,18,0,6996499453576588829
9,79,52,0,52,0,0,0,0,52,7.096154,0,18,0,12465833285219609497
9,80,52,0,52,0,0,0,0,52,6.673077,0,18,0,7456778794304647115
9,81,52,0,52,0,0,0,0,52,7.115385,0,18,0,17449408006059239369
9,82,52,0,52,0,0,0,0,52,14.000000,0,18,0,17992114330317881060
9,83,53,0,53,0,0,0,0,53,7.000000,0,18,0,4134369838527937524
9,84,52,0,52,0,0,0,0,52,4.826923,0,18,0,2200391244999365790
9,85,52,0,52,0,0,0,0,52,0.000000,0,18,0,1878164332668527177
9,86,52,0,52,0,0,0,0,52,0.000000,0,18,0,1990896498441494517
9,87,52,0,52,0,0,0,0,52,0.000000,0,18,0,3385250641411928644
9,88,52,0,52,0,0,0,0,52,0.000000,0,18,0,14788775528063864404
9,89,52,0,52,0,0,0,0,52,0.000000,0,18,0,17443578312341781438
9,90,53,0,53,0,0,0,0,53,0.000000,0,18,0,16080322545335149838
9,91,52,0,52,0,0,0,0,52,0.000000,0,18,0,10622751385923302016
9,92,52,0,52,0,0,0,0,52,0.000000,0,18,0,6915922958668527719
9,93,52,0,52,0,0,0,0,52,0.000000,0,18,0,6584905956844752147
9,94,52,0,52,0,0,0,0,52,0.000000,0,18,0,3356143252222449698
9,95,52,0,52,0,0,0,0,52,0.423077,0,18,0,5596435388580926370
9,96,52,0,52,0,0,0,0,52,0.923077,0,18,0,6938568063329111098
9,97,53,0,53,0,0,0,0,53,1.000000,0,18,0,211438706882725955
9,98,52,0,52,0,0,0,0,52,1.000000,0,18,0,13287923379447184940
9,99,52,0,52,0,0,0,0,52,1.000000,0,18,0,10178620137491880219
9,100,52,0,52,0,0,0,0,52,1.000000,0,18,0,252732526431946687
10,1,52,0,0,1,0,0,51,0,481.942308,1,0,4,5789179973313117374
10,2,52,0,0,0,0,0,52,0,487.076923,1,0,4,3587481323650850049
10,3,52,0,0,15,0,0,37,0,472.346154,2,0,4,6741259973095531962
10,4,52,0,0,3,0,0,49,0,472.942308,3,0,4,4052056056054035618
10,5,52,0,0,9,0,0,43,0,476.134615,3,0,4,7661297711412456906
10,6,53,0,0,27,0,0,26,0,431.490566,4,0,4,16549285077549650352
10,7,52,0,0,0,0,0,52,0,443.826923,4,0,4,4346619723411914402
10,8,52,0,0,0,0,0,52,0,360.519231,4,0,4,6259461764317771840
10,9,52,0,0,0,0,0,52,0,446.500000,4,0,4,1945511132881783102
10,10,52,0,0,0,0,0,52,0,506.615385,4,0,4,10320489155217066517
10,11,52,0,0,0,0,0,52,0,523.057692,4,0,4,8965792651939528254
10,12,52,0,0,0,0,0,52,0,560.307692,4,0,4,8948268660088535436
10,13,53,0,0,0,0,0,53,0,572.528302,4,0,4,9305102130251030660
10,14,52,0,0,0,0,0,52,0,565.115385,4,0,4,3648658740883395098
10,15,52,0,0,0,0,0,52,0,562.923077,4,0,4,5770363940021086560
10,16,52,0,0,0,0,0,52,0,565.192308,4,0,4,15198659931347897857
10,17,52,0,0,0,0,0,52,0,553.346154,4,0,4,9050456821517405402
10,18,52,0,0,0,0,0,52,0,560.211538,4,0,4,15543779218037626305
10,19,52,0,0,0,0,0,52,0,571.096154,4,0,4,8907539812671670962
10,20,53,0,0,0,0,0,53,0,518.056604,4,0,4,11962048707908316062
10,21,52,0,0,0,0,0,52,0,484.538462,4,0,4,2585805461625997353
10,22,52,0,0,0,0,0,52,0,443.500000,4,0,4,11097544415953025268
10,23,52,0,0,0,0,0,52,0,395.538462,4,0,4,1049972148034373193
10,24,52,0,0,0,0,0,52,0,390.615385,4,0,4,6627778549598443349
10,25,52,0,0,0,0,0,52,0,391.423077,4,0,4,13781948387893777278
10,26,52,0,0,0,0,0,52,0,350.000000,4,0,4,12563289500454990458
10,27,53,0,0,0,0,0,53,0,350.000000,4,0,4,6755000373414570324
10,28,52,0,0,0,0,0,52,0,350.000000,4,0,4,11813054382058909540
10,29,52,0,0,0,0,0,52,0,350.000000,4,0,4,10689935228120347178
10,30,52,0,0,0,0,0,52,0,350.000000,4,0,4,1681833829002774549
10,31,52,0,0,0,0,0,52,0,311.846154,4,0,2,15343686585261121822
10,32,52,0,0,0,0,0,52,0,190.557692,4,0,1,8052607647600494467
10,33,52,0,7,0,0,0,45,7,109.057692,0,4,1,12398543463034742100
10,34,53,0,19,0,0,0,34,19,55.188679,0,4,1,12637633996482620996
10,35,52,0,23,0,0,0,29,23,44.884615,0,4,0,15438875856961049953
10,36,52,0,52,0,0,0,0,52,10.846154,0,4,0,5556205749306370785
10,37,52,0,52,0,0,0,0,52,2.000000,0,4,0,11241515666162761198
10,38,52,0,52,0,0,0,0,52,2.000000,0,4,0,647542672423795026
10,39,52,0,52,0,0,0,0,52,2.000000,0,4,0,13057060504372627148
10,40,52,0,52,0,0,0,0,52,2.000000,0,4,0,16768403622082528392
10,41,53,0,53,0,0,0,0,53,2.000000,0,4,0,16216491689900698767
10,42,52,0,52,0,0,0,0,52,2.000000,0,4,0,11795827872651256615
10,43,52,0,52,0,0,0,0,52,2.000000,0,4,0,4135820168848283091
10,44,52,0,52,0,0,0,0,52,2.000000,0,4,0,8788966965579382015
10,45,52,0,52,0,0,0,0,52,2.000000,0,4,0,4290431059310001993
10,46,52,0,52,0,0,0,0,52,2.000000,0,4,0,9768294715571087129
10,47,52,0,52,0,0,0,0,52,2.000000,0,4,0,17555240925558223522
10,48,53,0,53,0,0,0,0,53,2.000000,0,4,0,3696623780639728852
10,49,52,0,52,0,0,0,0,52,2.000000,0,4,0,15612993635273936878
10,50,52,0,52,0,0,0,0,52,2.000000,0,4,0,7726087267269779611
10,51,52,0,52,0,0,0,0,52,2.000000,0,4,0,5966623998271190251
10,52,52,0,52,0,0,0,0,52,2.000000,0,4,0,5566930333603302762
10,53,52,0,52,0,0,0,0,52,2.000000,0,4,0,16635794870526318009
10,54,52,0,52,0,0,0,0,52,2.000000,0,4,0,11521528213678796297
10,55,53,0,53,0,0,0,0,53,2.000000,0,4,0,5600799976368030656
10,56,52,0,52,0,0,0,0,52,2.000000,0,4,0,9268821908194707796
10,57,52,0,52,0,0,0,0,52,2.000000,0,4,0,14365091162275331942
10,58,52,0,52,0,0,0,0,52,2.000000,0,4,0,7393731950345643029
10,59,52,0,52,0,0,0,0,52,2.000000,0,4,0,11394873589870043947
10,60,52,0,52,0,0,0,0,52,2.000000,0,4,0,17209480238357087944
10,61,52,0,52,0,0,0,0,52,2.000000,0,4,0,11279356537039472742
10,62,53,0,53,0,0,0,0,53,2.000000,0,4,0,9615077406122292003
10,63,52,0,52,0,0,0,0,52,2.000000,0,4,0,11607579376660566884
10,64,52,0,52,0,0,0,0,52,2.000000,0,4,0,7189294586611501778
10,65,52,0,52,0,0,0,0,52,2.000000,0,4,0,5092009236236386392
10,66,52,0,52,0,0,0,0,52,2.000000,0,4,0,17096861516903503273
10,67,52,0,52,0,0,0,0,52,2.000000,0,4,0,6729393729722027710
10,68,52,0,52,0,0,0,0,52,2.000000,0,4,0,8926982531696171438
10,69,53,0,53,0,0,0,0,53,2.000000,0,4,0,13434885182381365030
10,70,52,0,52,0,0,0,0,52,2.000000,0,4,0,10207643201643273204
10,71,52,0,52,0,0,0,0,52,2.000000,0,4,0,10798031376816510083
10,72,52,0,52,0,0,0,0,52,2.000000,0,4,0,5857408547950643580
10,73,52,0,52,0,0,0,0,52,2.000000,0,4,0,9710306544578529378
10,74,52,0,52,0,0,0,0,52,2.000000,0,4,0,9747033653887823059
10,75,52,0,52,0,0,0,0,52,2.000000,0,4,0,10525638813612322234
10,76,53,0,53,0,0,0,0,53,2.000000,0,4,0,10690850253051752033
10,77,52,0,52,0,0,0,0,52,2.000000,0,4,0,14814441941717400437
10,78,52,0,52,0,0,0,0,52,2.000000,0,4,0,13529996599977495868
10,79,52,0,52,0,0,0,0,52,2.000000,0,4,0,13820572057353771564
10,80,52,0,52,0,0,0,0,52,2.000000,0,4,0,7217678211865610387
10,81,52,0,52,0,0,0,0,52,2.000000,0,4,0,7147137185520653916
10,82,52,0,52,0,0,0,0,52,2.000000,0,4,0,6179168604599475016
10,83,53,0,53,0,0,0,0,53,2.000000,0,4,0,3456409662014229122
10,84,52,0,52,0,0,0,0,52,2.000000,0,4,0,10076694998441492039
10,85,52,0,52,0,0,0,0,52,2.000000,0,4,0,5940214745112458867
10,86,52,0,52,0,0,0,0,52,2.000000,0,4,0,14310906548947410960
10,87,52,0,52,0,0,0,0,52,2.000000,0,4,0,4674520990536660977
10,88,52,0,52,0,0,0,0,52,2.000000,0,4,0,9093676086162045150
10,89,52,0,52,0,0,0,0,52,2.000000,0,4,0,10357385503305953315
10,90,53,0,53,0,0,0,0,53,2.000000,0,4,0,11480700057147220361
10,91,52,0,52,0,0,0,0,52,2.000000,0,4,0,812027328387034263
10,92,52,0,52,0,0,0,0,52,2.000000,0,4,0,15580668474106077884
10,93,52,0,52,0,0,0,0,52,2.000000,0,4,0,3611546317123232653
10,94,52,0,52,0,0,0,0,52,2.000000,0,4,0,4149207409146542186
10,95,52,0,52,0,0,0,0,52,2.000000,0,4,0,9696968257864349520
10,96,52,0,52,0,0,0,0,52,2.000000,0,4,0,790452348979404064
10,97,53,0,53,0,0,0,0,53,2.000000,0,4,0,11227153616207880417
10,98,52,0,52,0,0,0,0,52,2.000000,0,4,0,1396484631505336980
10,99,52,0,52,0,0,0,0,52,2.000000,0,4,0,16972105698527423444
10,100,52,0,52,0,0,0,0,52,2.000000,0,4,0,7209073698393818380
11,1,52,0,0,5,0,0,47,0,480.000000,0,0,4,13767018668169208115
11,2,52,0,0,1,0,0,51,0,472.250000,2,0,4,6379470057296298192
11,3,52,0,0,13,0,0,39,0,470.961538,2,0,4,16444599709637372144
11,4,52,0,0,52,0,0,0,0,530.000000,2,0,4,11623694554082062538
11,5,52,0,0,15,0,0,37,0,569.288462,5,0,4,14766775607925284206
11,6,53,0,0,1,0,0,52,0,410.433962,6,0,4,13228358116738447693
11,7,52,0,0,2,0,2,48,0,327.903846,7,0,2,17088526052484978721
11,8,52,0,0,11,0,0,41,0,399.884615,8,0,4,10224831037930634785
11,9,52,0,0,27,0,0,25,0,558.538462,9,0,4,1836942713197462570
11,10,52,0,0,36,0,6,10,0,627.000000,9,0,4,14075726223084689320
11,11,52,0,0,0,0,52,0,0,609.692308,9,0,4,4408740920480441784
11,12,52,0,0,0,0,52,0,0,580.365385,9,0,4,7843635918732539397
11,13,53,0,0,0,0,53,0,0,588.226415,9,0,4,15625576832169651569
11,14,52,0,0,0,0,52,0,0,586.365385,9,0,4,18049713166261859685
11,15,52,0,0,0,0,52,0,0,588.961538,9,0,4,15525884568889600124
11,16,52,0,0,0,0,52,0,0,530.942308,9,0,4,17547566646463992684
11,17,52,0,0,0,0,52,0,0,448.269231,9,0,4,13933687892309866341
11,18,52,0,0,0,0,52,0,0,462.403846,9,0,4,8681422113122238537
11,19,52,0,0,0,0,52,0,0,462.461538,9,0,4,1155077390015940150
11,20,53,0,0,0,0,53,0,0,461.886792,9,0,4,15645227872623207196
11,21,52,0,0,0,0,52,0,0,459.000000,9,0,4,16579048519814644270
11,22,52,0,0,0,0,52,0,0,453.230769,9,0,4,3466635908443425862
11,23,52,0,0,0,0,52,0,0,464.769231,9,0,4,10759810454775882336
11,24,52,0,0,0,0,52,0,0,447.634615,9,0,4,11246540544670615454
11,25,52,0,0,0,0,52,0,0,377.923077,9,0,4,12706241725673609021
11,26,52,0,0,0,0,52,0,0,289.403846,9,0,2,10886492077701105237
11,27,53,0,0,0,0,53,0,0,132.433962,9,0,1,17437588241279242106
11,28,52,0,10,0,0,42,0,9,74.461538,0,9,1,15281851743734825330
11,29,52,0,24,0,0,28,0,23,48.807692,0,9,0,15515483486117481660
11,30,52,0,30,0,0,22,0,29,47.365385,0,9,0,6010418075693170013
11,31,52,0,50,0,0,2,0,49,21.980769,0,9,0,14715700248494379574
11,32,52,0,52,0,0,0,0,52,13.461538,0,9,0,13912666803542397414
11,33,52,0,52,0,0,0,0,52,11.903846,0,9,0,1831829363852014301
11,34,53,0,53,0,0,0,0,53,12.264151,0,9,0,1516724440914674551
11,35,52,0,52,0,0,0,0,52,12.557692,0,9,0,9953100762300210544
11,36,52,0,52,0,0,0,0,52,11.807692,0,9,0,10972284262457681714
11,37,52,0,52,0,0,0,0,52,12.461538,0,9,0,3261050613980964158
11,38,52,0,52,0,0,0,0,52,15.288462,0,9,0,4214866858166376085
11,39,52,0,52,0,0,0,0,52,14.557692,0,9,0,8695906882085522186
11,40,52,0,52,0,0,0,0,52,16.173077,0,9,0,6738962737961785369
11,41,53,0,53,0,0,0,0,53,14.603774,0,9,0,5103003853198257903
11,42,52,0,52,0,0,0,0,52,14.019231,0,9,0,12256640206096763485
11,43,52,0,52,0,0,0,0,52,13.403846,0,9,0,1338422500480779672
11,44,52,0,52,0,0,0,0,52,12.250000,0,9,0,9407516958109550655
11,45,52,0,52,0,0,0,0,52,13.442308,0,9,0,8476633674139201383
11,46,52,0,52,0,0,0,0,52,12.461538,0,9,0,6117886919049404853
11,47,52,0,52,0,0,0,0,52,19.461538,0,9,0,4617547080540677352
11,48,53,0,53,0,0,0,0,53,14.264151,0,9,0,1135666964012383119
11,49,52,0,52,0,0,0,0,52,12.903846,0,9,0,11091846800730915802
11,50,52,0,52,0,0,0,0,52,13.384615,0,9,0,11511603948585168909
11,51,52,0,52,0,0,0,0,52,11.019231,0,9,0,13866947704886497060
11,52,52,0,52,0,0,0,0,52,13.557692,0,9,0,11938804295917955091
11,53,52,0,52,0,0,0,0,52,11.288462,0,9,0,5756096167952201062
11,54,52,0,52,0,0,0,0,52,16.519231,0,9,0,16252190333077985577
11,55,53,0,53,0,0,0,0,53,11.962264,0,9,0,8652272756827913499
11,56,52,0,52,0,0,0,0,52,11.038462,0,9,0,15762240990370576584
11,57,52,0,52,0,0,0,0,52,10.826923,0,9,0,6394332849050990769
11,58,52,0,52,0,0,0,0,52,16.346154,0,9,0,17518343560299809694
11,59,52,0,52,0,0,0,0,52,12.384615,0,9,0,4068655612551722935
11,60,52,0,52,0,0,0,0,52,11.326923,0,9,0,8705634700633196487
11,61,52,0,52,0,0,0,0,52,9.788462,0,9,0,10604864962614762064
11,62,53,0,53,0,0,0,0,53,12.811321,0,9,0,8450686034915974246
11,63,52,0,52,0,0,0,0,52,10.846154,0,9,0,7079931535389262061
11,64,52,0,52,0,0,0,0,52,13.019231,0,9,0,7214794165658121896
11,65,52,0,52,0,0,0,0,52,14.038462,0,9,0,15586218309411429896
11,66,52,0,52,0,0,0,0,52,11.115385,0,9,0,62901065913212798
11,67,52,0,52,0,0,0,0,52,8.788462,0,9,0,14400140383951114116
11,68,52,0,52,0,0,0,0,52,8.038462,0,9,0,16659518921802202969
11,69,53,0,53,0,0,0,0,53,11.433962,0,9,0,9395013529439875713
11,70,52,0,52,0,0,0,0,52,10.019231,0,9,0,10486219237923981151
11,71,52,0,52,0,0,0,0,52,6.307692,0,9,0,11563414579762368801
11,72,52,0,52,0,0,0,0,52,11.096154,0,9,0,13062616514849535901
11,73,52,0,52,0,0,0,0,52,9.596154,0,9,0,8189726380727887258
11,74,52,0,52,0,0,0,0,52,10.576923,0,9,0,5957031084512770210
11,75,52,0,52,0,0,0,0,52,16.826923,0,9,0,8262014458830575110
11,76,53,0,53,0,0,0,0,53,12.660377,0,9,0,13370241696715365232
11,77,52,0,52,0,0,0,0,52,13.442308,0,9,0,3798649925452964108
11,78,52,0,52,0,0,0,0,52,11.903846,0,9,0,10147270011743753431
11,79,52,0,52,0,0,0,0,52,11.230769,0,9,0,13540892635719046668
11,80,52,0,52,0,0,0,0,52,10.961538,0,9,0,10818842111140165787
11,81,52,0,52,0,0,0,0,52,14.961538,0,9,0,5427846206698765386
11,82,52,0,52,0,0,0,0,52,10.961538,0,9,0,870890680943819557
11,83,53,0,53,0,0,0,0,53,11.641509,0,9,0,13861272697894536423
11,84,52,0,52,0,0,0,0,52,14.076923,0,9,0,3757717675442228400
11,85,52,0,52,0,0,0,0,52,10.519231,0,9,0,12627363241381290244
11,86,52,0,52,0,0,0,0,52,10.500000,0,9,0,18151791698813317572
11,87,52,0,52,0,0,0,0,52,11.576923,0,9,0,890586949123064499
11,88,52,0,52,0,0,0,0,52,12.423077,0,9,0,17922902881398684997
11,89,52,0,52,0,0,0,0,52,11.326923,0,9,0,13085804928830008369
11,90,53,0,53,0,0,0,0,53,11.169811,0,9,0,4935728409481959815
11,91,52,0,52,0,0,0,0,52,11.326923,0,9,0,13324917047110108485
11,92,52,0,52,0,0,0,0,52,10.269231,0,9,0,17402795526403450588
11,93,52,0,52,0,0,0,0,52,11.307692,0,9,0,6806452799257895529
11,94,52,0,52,0,0,0,0,52,12.692308,0,9,0,6956630252674854328
11,95,52,0,52,0,0,0,0,52,9.326923,0,9,0,16631004142762434945
11,96,52,0,52,0,0,0,0,52,10.884615,0,9,0,5445739325994154254
11,97,53,0,53,0,0,0,0,53,11.377358,0,9,0,16544930308527665211
11,98,52,0,52,0,0,0,0,52,14.134615,0,9,0,4155101883813484600
11,99,52,0,52,0,0,0,0,52,11.153846,0,9,0,797633474389772758
11,100,52,0,52,0,0,0,0,52,12.000000,0,9,0,9982556868876548020
12,1,52,0,0,5,0,0,47,0,480.000000,0,0,4,1967307810383704112
12,2,52,0,0,36,0,0,16,0,480.000000,2,0,4,10991742403046403442
12,3,52,0,0,9,0,0,43,0,480.000000,3,0,4,17221847577535628598
12,4,52,0,0,8,0,0,44,0,488.269231,4,0,4,7363361779110556971
12,5,52,0,0,0,0,21,31,0,491.576923,4,0,4,5100357927547430392
12,6,53,0,0,6,0,22,25,0,327.886792,6,0,4,18075041269914097447
12,7,52,0,0,0,0,0,52,0,330.115385,7,0,2,12615275344969499090
12,8,52,0,19,2,0,0,31,19,115.826923,0,8,0,93600765473844767
12,9,52,0,52,0,0,0,0,52,4.384615,0,8,0,15180905729030630543
12,10,52,0,52,0,0,0,0,52,7.942308,0,8,0,10640830145319915462
12,11,52,0,52,0,0,0,0,52,4.692308,0,8,0,1163224936562326468
12,12,52,0,52,0,0,0,0,52,4.384615,0,8,0,4943282857254537202
12,13,53,0,52,0,0,1,0,52,5.566038,0,8,0,6950495835011690757
12,14,52,0,46,0,0,6,0,45,20.250000,0,8,1,13917975339706265271
12,15,52,2,28,11,0,11,0,26,50.942308,2,8,1,14143323845644013970
12,16,52,2,0,24,0,0,26,0,233.884615,9,8,4,3532722426510788994
12,17,52,0,0,8,0,0,44,0,344.692308,10,8,4,16704032692681873198
12,18,52,0,0,23,0,0,29,0,440.288462,11,8,4,17679044789207986120
12,19,52,0,0,31,0,0,21,0,465.000000,11,8,4,16477967419677089054
12,20,53,0,0,16,0,9,28,0,405.528302,13,8,4,5272857699156028304
12,21,52,0,0,20,0,18,14,0,220.269231,14,8,1,4566007166499621367
12,22,52,0,50,2,0,0,0,48,23.538462,0,22,0,7498245052210351346
12,23,52,0,35,11,0,6,0,33,44.576923,0,22,0,6415031732872718599
12,24,52,0,5,44,0,3,0,4,161.634615,0,22,2,11162558562387090756
12,25,52,0,0,52,0,0,0,0,197.692308,0,22,2,12206422130743915383
12,26,52,0,0,51,0,1,0,0,203.442308,0,22,2,7530986237451451860
12,27,53,0,0,53,0,0,0,0,202.924528,0,22,2,14454028918342756756
12,28,52,0,0,49,0,3,0,0,194.788462,0,22,2,3281957702205826927
12,29,52,0,0,51,0,1,0,0,215.000000,0,22,2,15225626108705759888
12,30,52,0,0,0,0,52,0,0,186.442308,0,22,1,12141010696532601358
12,31,52,0,37,0,0,15,0,37,30.192308,0,22,0,17944265626264124091
12,32,52,0,52,0,0,0,0,52,9.192308,0,22,0,16496756959588932855
12,33,52,0,52,0,0,0,0,52,11.500000,0,22,0,17661423661033987938
12,34,53,0,53,0,0,0,0,53,10.792453,0,22,0,1262210005691155657
12,35,52,0,52,0,0,0,0,52,7.865385,0,22,0,4497945054873780730
12,36,52,0,52,0,0,0,0,52,5.000000,0,22,0,1440469213650495005
12,37,52,0,52,0,0,0,0,52,7.019231,0,22,0,4068708120218057367
12,38,52,0,52,0,0,0,0,52,16.538462,0,22,0,12323132327399645606
12,39,52,0,52,0,0,0,0,52,11.115385,0,22,0,3959405733756455707
12,40,52,0,52,0,0,0,0,52,12.865385,0,22,0,8661812858847099741
12,41,53,0,53,0,0,0,0,53,15.150943,0,22,0,5373266393757236953
12,42,52,0,52,0,0,0,0,52,11.461538,0,22,0,8777284145042450714
12,43,52,0,52,0,0,0,0,52,13.250000,0,22,0,18230349567633074701
12,44,52,0,52,0,0,0,0,52,2.557692,0,22,0,15242641366269411163
12,45,52,0,52,0,0,0,0,52,9.884615,0,22,0,2951672991138327078
12,46,52,0,52,0,0,0,0,52,12.538462,0,22,0,14972935418225493467
12,47,52,0,52,0,0,0,0,52,10.000000,0,22,0,4147413875381824080
12,48,53,0,53,0,0,0,0,53,7.584906,0,22,0,3249456455679694608
12,49,52,0,52,0,0,0,0,52,12.076923,0,22,0,12450526238517501586
12,50,52,0,52,0,0,0,0,52,14.076923,0,22,0,16475576006729483961
12,51,52,0,52,0,0,0,0,52,11.538462,0,22,0,4828184297106088715
12,52,52,0,52,0,0,0,0,52,11.096154,0,22,0,4473046007598709936
12,53,52,0,52,0,0,0,0,52,7.692308,0,22,0,14581427172979782134
12,54,52,0,52,0,0,0,0,52,4.461538,0,22,0,12189949820869644497
12,55,53,0,53,0,0,0,0,53,8.660377,0,22,0,13606704081015915561
12,56,52,0,52,0,0,0,0,52,10.384615,0,22,0,14710674446958003970
12,57,52,0,52,0,0,0,0,52,15.576923,0,22,0,16272286905477869291
12,58,52,0,52,0,0,0,0,52,13.865385,0,22,0,11402850983193231926
12,59,52,0,52,0,0,0,0,52,14.057692,0,22,0,11048647390842366269
12,60,52,0,52,0,0,0,0,52,12.115385,0,22,0,7947789647379012616
12,61,52,0,52,0,0,0,0,52,5.980769,0,22,0,14705531567397878457
12,62,53,0,53,0,0,0,0,53,8.566038,0,22,0,9645851193758430145
12,63,52,0,52,0,0,0,0,52,8.076923,0,22,0,8678277744186366070
12,64,52,0,52,0,0,0,0,52,8.923077,0,22,0,14051538264956261748
12,65,52,0,52,0,0,0,0,52,8.923077,0,22,0,3410960503428897202
12,66,52,0,52,0,0,0,0,52,9.384615,0,22,0,12336783770522478279
12,67,52,0,52,0,0,0,0,52,11.000000,0,22,0,12196922915662544805
12,68,52,0,52,0,0,0,0,52,11.000000,0,22,0,8763888308705717159
12,69,53,0,53,0,0,0,0,53,11.000000,0,22,0,1388668017561540318
12,70,52,0,52,0,0,0,0,52,11.000000,0,22,0,8404053144588799294
12,71,52,0,52,0,0,0,0,52,11.000000,0,22,0,7052902398535186092
12,72,52,0,52,0,0,0,0,52,11.000000,0,22,0,13355913370457388457
12,73,52,0,52,0,0,0,0,52,10.884615,0,22,0,10129233485555336006
12,74,52,0,52,0,0,0,0,52,11.000000,0,22,0,16872923610089357268
12,75,52,0,52,0,0,0,0,52,11.576923,0,22,0,8691367762746030886
12,76,53,0,53,0,0,0,0,53,12.773585,0,22,0,4000898112625181839
12,77,52,0,52,0,0,0,0,52,12.076923,0,22,0,13214248647335380434
12,78,52,0,52,0,0,0,0,52,11.557692,0,22,0,9646206257818701651
12,79,52,0,52,0,0,0,0,52,12.538462,0,22,0,7189750787473776128
12,80,52,0,52,0,0,0,0,52,12.846154,0,22,0,18123884037444810008
12,81,52,0,52,0,0,0,0,52,12.692308,0,22,0,4524318753402714123
12,82,52,0,52,0,0,0,0,52,13.000000,0,22,0,11728034005143578796
12,83,53,0,53,0,0,0,0,53,11.188679,0,22,0,16937608386279535174
12,84,52,0,52,0,0,0,0,52,12.942308,0,22,0,7656761745926090050
12,85,52,0,52,0,0,0,0,52,11.384615,0,22,0,12616926776513627634
12,86,52,0,52,0,0,0,0,52,13.250000,0,22,0,6507503096014464901
12,87,52,0,52,0,0,0,0,52,14.000000,0,22,0,17776659778786173742
12,88,52,0,52,0,0,0,0,52,14.000000,0,22,0,17011341960576941392
12,89,52,0,52,0,0,0,0,52,14.000000,0,22,0,11437565112411259284
12,90,53,0,53,0,0,0,0,53,14.000000,0,22,0,2254474354526418400
12,91,52,0,52,0,0,0,0,52,14.000000,0,22,0,5974250528251843610
12,92,52,0,52,0,0,0,0,52,14.000000,0,22,0,1336409998904367712
12,93,52,0,52,0,0,0,0,52,14.000000,0,22,0,10090443296872563282
12,94,52,0,52,0,0,0,0,52,14.000000,0,22,0,7416265963268853251
12,95,52,0,52,0,0,0,0,52,13.500000,0,22,0,8869966880030831004
12,96,52,0,52,0,0,0,0,52,14.000000,0,22,0,11244679978834129500
12,97,53,0,53,0,0,0,0,53,13.207547,0,22,0,14736945661687193358
12,98,52,0,52,0,0,0,0,52,13.826923,0,22,0,5340793469896481523
12,99,52,0,52,0,0,0,0,52,14.000000,0,22,0,5317341634283299814
12,100,52,0,52,0,0,0,0,52,14.000000,0,22,0,18012610121772021233
13,1,52,0,0,0,0,0,52,0,480.000000,2,0,4,13742947707170356068
13,2,52,0,0,0,0,0,52,0,463.057692,3,0,4,5088521652005693282
13,3,52,0,0,2,0,0,50,0,455.576923,4,0,4,10680883340466713351
13,4,52,0,0,12,0,5,35,0,457.711538,4,0,4,8515027950588999885
13,5,52,0,0,0,0,52,0,0,458.019231,4,0,2,8316394188484671145
13,6,53,0,39,0,0,14,0,40,69.943396,0,4,0,14135109854642116444
13,7,52,0,36,16,0,0,0,33,47.019231,0,4,0,17459336972486266767
13,8,52,1,3,48,0,0,0,2,123.000000,1,4,2,8702783408138116046
13,9,52,4,0,48,0,0,0,0,140.615385,5,4,1,6653722960758727299
13,10,52,0,12,17,0,0,23,10,123.500000,0,11,1,1523822193423390264
13,11,52,0,4,45,0,0,3,3,189.057692,0,11,4,4650695362234694697
13,12,52,0,0,52,0,0,0,0,363.076923,0,11,4,16739452641958457147
13,13,53,0,0,22,0,31,0,0,346.320755,0,11,4,16123714897738727382
13,14,52,0,0,0,0,52,0,0,330.192308,0,11,4,14934342517162563503
13,15,52,0,0,0,0,52,0,0,317.884615,0,11,4,2548330101032397807
13,16,52,0,0,0,0,52,0,0,313.346154,0,11,4,345849052918709433
13,17,52,0,0,0,0,52,0,0,325.134615,0,11,4,4761256637623042237
13,18,52,0,0,0,0,52,0,0,317.769231,0,11,4,11069933773385800867
13,19,52,0,0,0,0,52,0,0,271.750000,0,11,2,12645447730186582188
13,20,53,0,0,0,0,53,0,0,285.283019,0,11,2,1773191645951514390
13,21,52,0,0,0,0,52,0,0,290.307692,0,11,2,9645569132077979474
13,22,52,0,0,0,0,52,0,0,253.153846,0,11,2,17559951893673914853
13,23,52,0,0,0,0,52,0,0,248.076923,0,11,2,13256468494117304494
13,24,52,0,0,0,0,52,0,0,221.461538,0,11,2,13461540797114492727
13,25,52,0,0,0,0,52,0,0,198.250000,0,11,2,3366651373208310853
13,26,52,0,0,0,0,52,0,0,194.884615,0,11,2,6976288265419439082
13,27,53,0,0,0,0,53,0,0,239.037736,0,11,2,14984926867206497380
13,28,52,0,0,0,0,52,0,0,288.576923,0,11,4,11843040609426125592
13,29,52,0,0,0,0,52,0,0,456.365385,0,11,4,12927505263484347225
13,30,52,0,0,0,0,52,0,0,501.750000,0,11,4,9745950983861029379
13,31,52,0,0,0,0,52,0,0,460.596154,0,11,2,11776321263671152314
13,32,52,0,0,0,0,52,0,0,390.250000,0,11,4,7678775306663699840
13,33,52,0,0,0,0,52,0,0,465.788462,0,11,4,3699510009463177324
13,34,53,0,0,0,0,53,0,0,508.716981,0,11,4,12207671755411730578
13,35,52,0,0,0,0,52,0,0,506.096154,0,11,4,14789122022993744063
13,36,52,0,0,0,0,52,0,0,505.115385,0,11,4,8606227841185791524
13,37,52,0,0,0,0,52,0,0,488.461538,0,11,4,11895284505428492522
13,38,52,0,0,0,0,52,0,0,473.750000,0,11,4,6028023291668898110
13,39,52,0,0,0,0,52,0,0,439.807692,0,11,4,11397798798056606931
13,40,52,0,0,0,0,52,0,0,483.000000,0,11,4,11803460641665355602
13,41,53,0,0,0,0,53,0,0,433.056604,0,11,4,68640142938132129
13,42,52,0,0,0,0,52,0,0,299.634615,0,11,2,1686972007686900847
13,43,52,0,0,0,0,52,0,0,253.365385,0,11,2,17714958045696966862
13,44,52,0,0,0,0,52,0,0,255.980769,0,11,1,36644642604944858
13,45,52,0,0,0,0,52,0,0,203.250000,0,11,2,5710281339523385741
13,46,52,0,1,0,0,51,0,0,144.769231,0,11,1,18124191918533227283
13,47,52,0,12,0,0,40,0,10,79.326923,0,11,1,69641311334020537
13,48,53,0,0,0,0,53,0,0,88.000000,0,11,1,14040153718353332655
13,49,52,0,0,0,0,52,0,0,88.000000,0,11,1,8928288575410963971
13,50,52,0,0,0,0,52,0,0,88.000000,0,11,1,12291543181618621271
13,51,52,0,27,0,0,25,0,27,42.307692,0,11,0,15069856683002573406
13,52,52,0,52,0,0,0,0,52,3.692308,0,11,0,7419565136730845048
13,53,52,0,52,0,0,0,0,52,10.307692,0,11,0,3281494904100345569
13,54,52,0,52,0,0,0,0,52,7.750000,0,11,0,27974456671723443
13,55,53,0,53,0,0,0,0,53,1.000000,0,11,0,16441133452689000554
13,56,52,0,52,0,0,0,0,52,1.000000,0,11,0,12412094800399849728
13,57,52,0,52,0,0,0,0,52,1.000000,0,11,0,14001252840852064864
13,58,52,0,52,0,0,0,0,52,1.000000,0,11,0,7778084030474076244
13,59,52,0,52,0,0,0,0,52,1.000000,0,11,0,4245677780025599296
13,60,52,0,52,0,0,0,0,52,1.000000,0,11,0,4068663392422252314
13,61,52,0,52,0,0,0,0,52,1.000000,0,11,0,13766803392454688876
13,62,53,0,53,0,0,0,0,53,1.000000,0,11,0,5463828603226243758
13,63,52,0,52,0,0,0,0,52,1.000000,0,11,0,12243508894402974596
13,64,52,0,52,0,0,0,0,52,1.000000,0,11,0,16338734225891832101
13,65,52,0,52,0,0,0,0,52,1.000000,0,11,0,18433542980150192272
13,66,52,0,52,0,0,0,0,52,1.000000,0,11,0,6964132650944679587
13,67,52,0,52,0,0,0,0,52,1.000000,0,11,0,13743805717470666482
13,68,52,0,52,0,0,0,0,52,1.000000,0,11,0,36712193597387424
13,69,53,0,53,0,0,0,0,53,1.000000,0,11,0,4914824741048047969
13,70,52,0,52,0,0,0,0,52,1.000000,0,11,0,7944126077679244138
13,71,52,0,52,0,0,0,0,52,1.000000,0,11,0,3498666512622486432
13,72,52,0,52,0,0,0,0,52,1.000000,0,11,0,1329917158939531260
13,73,52,0,52,0,0,0,0,52,1.000000,0,11,0,15435990531572175532
13,74,52,0,52,0,0,0,0,52,1.000000,0,11,0,11747710788592225448
13,75,52,0,52,0,0,0,0,52,1.000000,0,11,0,5010386097106412527
13,76,53,0,53,0,0,0,0,53,1.000000,0,11,0,4596357913587356560
13,77,52,0,52,0,0,0,0,52,1.000000,0,11,0,7459599223001651926
13,78,52,0,52,0,0,0,0,52,1.000000,0,11,0,5868743528288832589
13,79,52,0,52,0,0,0,0,52,1.000000,0,11,0,8405580581538487692
13,80,52,0,52,0,0,0,0,52,1.000000,0,11,0,12037452847200805229
13,81,52,0,52,0,0,0,0,52,1.000000,0,11,0,4329162555432405296
13,82,52,0,52,0,0,0,0,52,1.000000,0,11,0,4204990111976369755
13,83,53,0,53,0,0,0,0,53,1.000000,0,11,0,14747765408959989160
13,84,52,0,52,0,0,0,0,52,1.000000,0,11,0,17854232482873406661
13,85,52,0,52,0,0,0,0,52,1.000000,0,11,0,11900228065168293734
13,86,52,0,52,0,0,0,0,52,1.000000,0,11,0,16553761494789454584
13,87,52,0,52,0,0,0,0,52,1.000000,0,11,0,11827962939751684326
13,88,52,0,52,0,0,0,0,52,1.000000,0,11,0,9659241538453704414
13,89,52,0,52,0,0,0,0,52,1.000000,0,11,0,18163837368074736795
13,90,53,0,53,0,0,0,0,53,1.000000,0,11,0,8548902988821449751
13,91,52,0,52,0,0,0,0,52,1.000000,0,11,0,9354177296636635606
13,92,52,0,52,0,0,0,0,52,1.000000,0,11,0,14354480930238075735
13,93,52,0,52,0,0,0,0,52,1.000000,0,11,0,12575800538924707391
13,94,52,0,52,0,0,0,0,52,1.000000,0,11,0,17683483965714405070
13,95,52,0,52,0,0,0,0,52,1.000000,0,11,0,18181920296128053262
13,96,52,0,52,0,0,0,0,52,1.000000,0,11,0,15160993596675519311
13,97,53,0,53,0,0,0,0,53,1.000000,0,11,0,11535793314254841538
13,98,52,0,52,0,0,0,0,52,1.000000,0,11,0,7394549620882434609
13,99,52,0,52,0,0,0,0,52,1.000000,0,11,0,6539078895086670479
13,100,52,0,52,0,0,0,0,52,1.000000,0,11,0,13583200408193485598
14,1,52,0,0,1,0,0,51,0,482.807692,1,0,4,6827455729761936063
14,2,52,0,0,9,0,0,43,0,276.807692,1,0,1,13431529233597719437
14,3,52,1,32,11,0,0,8,31,45.596154,2,1,1,5420332669264213916
14,4,52,0,0,2,0,0,50,0,160.096154,3,1,2,13788979034704948725
14,5,52,0,0,3,0,0,49,0,164.826923,4,1,2,7518266101798846104
14,6,53,0,0,0,0,0,53,0,336.245283,5,1,4,7878937103696332953
14,7,52,0,0,7,0,0,45,0,449.615385,6,1,4,13811493479088796301
14,8,52,0,0,0,0,0,52,0,526.000000,7,1,4,12257719078603508506
14,9,52,0,0,1,0,0,51,0,523.980769,8,1,4,3912947493175500201
14,10,52,0,0,3,0,0,49,0,546.961538,9,1,4,17909016427735085686
14,11,52,0,0,31,0,0,21,0,553.096154,9,1,4,13252162212355815833
14,12,52,0,0,20,0,0,32,0,526.519231,11,1,4,9663342282312717455
14,13,53,0,0,2,0,0,51,0,536.528302,12,1,4,15012616984598219192
14,14,52,0,0,9,0,0,43,0,554.000000,12,1,4,1148263587996861304
14,15,52,0,0,52,0,0,0,0,535.538462,12,1,4,4014538891174030139
14,16,52,0,0,52,0,0,0,0,524.423077,12,1,4,8645036093841838801
14,17,52,0,5,36,0,11,0,4,217.807692,7,6,1,15822739756456440842
14,18,52,0,0,0,0,52,0,0,90.442308,7,6,1,13459704767730115954
14,19,52,0,0,0,0,52,0,0,138.442308,7,6,2,4662204546472718749
14,20,53,0,0,0,0,53,0,0,240.188679,3,10,4,6397639093464825477
14,21,52,0,2,0,0,50,0,2,237.326923,1,12,1,5641904992656809544
14,22,52,0,14,0,0,38,0,13,78.576923,0,13,1,6185729918350463869
14,23,52,0,0,0,0,52,0,0,175.846154,0,13,2,8319416779379552777
14,24,52,0,0,0,0,52,0,0,245.461538,0,13,4,2448307656776349365
14,25,52,0,0,0,0,52,0,0,399.000000,0,13,4,4172006729892716351
14,26,52,0,0,0,0,52,0,0,480.000000,0,13,4,9387734383760148
14,27,53,0,0,0,0,53,0,0,480.000000,0,13,4,8566080551628752243
14,28,52,0,0,0,0,52,0,0,480.000000,0,13,4,5786679408788245527
14,29,52,0,0,0,0,52,0,0,480.000000,0,13,4,14666133129240464639
14,30,52,0,0,0,0,52,0,0,468.230769,0,13,4,16812668227329855686
14,31,52,0,0,0,0,52,0,0,360.538462,0,13,1,9679912237484327066
14,32,52,0,0,0,0,52,0,0,167.230769,0,13,2,17506244115415843718
14,33,52,0,0,0,0,52,0,0,304.000000,0,13,4,14961580852284863635
14,34,53,0,0,0,0,53,0,0,449.792453,0,13,4,2761383294363251787
14,35,52,0,0,0,0,52,0,0,476.923077,0,13,4,7769879870259699128
14,36,52,0,0,0,0,52,0,0,480.000000,0,13,4,14228265506299910807
14,37,52,0,0,0,0,52,0,0,475.692308,0,13,4,800073291478567507
14,38,52,0,0,0,0,52,0,0,479.923077,0,13,4,8794411679692319151
14,39,52,0,0,0,0,52,0,0,480.000000,0,13,4,2705747715909652405
14,40,52,0,0,0,0,52,0,0,480.000000,0,13,4,9564405758840554177
14,41,53,0,0,0,0,53,0,0,337.830189,0,13,2,9031047108942348305
14,42,52,0,0,0,0,52,0,0,348.000000,0,13,4,3813369553731321225
14,43,52,0,0,0,0,52,0,0,514.173077,0,13,4,2437187109002028309
14,44,52,0,0,0,0,52,0,0,572.750000,0,13,4,2728861873803846501
14,45,52,0,0,0,0,52,0,0,440.692308,0,13,4,1631174264232516966
14,46,52,0,0,0,0,52,0,0,174.480769,0,13,1,3126425236316605894
14,47,52,0,0,0,0,52,0,0,129.019231,0,13,1,12277506462830039596
14,48,53,0,0,0,0,53,0,0,130.000000,0,13,1,1063367621643924085
14,49,52,0,0,0,0,52,0,0,130.000000,0,13,1,16838142357843419410
14,50,52,0,6,0,0,46,0,7,112.634615,0,13,0,3055189840737086033
14,51,52,0,52,0,0,0,0,52,1.000000,0,13,0,13894848296272799850
14,52,52,0,52,0,0,0,0,52,1.000000,0,13,0,9343921744656473888
14,53,52,0,52,0,0,0,0,52,1.000000,0,13,0,4603850301626209817
14,54,52,0,52,0,0,0,0,52,1.000000,0,13,0,10856218168655560794
14,55,53,0,53,0,0,0,0,53,1.000000,0,13,0,16446843194349562704
14,56,52,0,52,0,0,0,0,52,1.000000,0,13,0,6139004456553737402
14,57,52,0,52,0,0,0,0,52,1.000000,0,13,0,10507040244914172060
14,58,52,0,52,0,0,0,0,52,1.000000,0,13,0,1270519643616943630
14,59,52,0,52,0,0,0,0,52,1.000000,0,13,0,17463664484828526882
14,60,52,0,52,0,0,0,0,52,1.000000,0,13,0,10574502953239439528
14,61,52,0,52,0,0,0,0,52,1.000000,0,13,0,1423522458166852692
14,62,53,0,53,0,0,0,0,53,1.000000,0,13,0,7668079524859563834
14,63,52,0,52,0,0,0,0,52,1.000000,0,13,0,37771221287383849
14,64,52,0,52,0,0,0,0,52,1.000000,0,13,0,635883484228072533
14,65,52,0,52,0,0,0,0,52,1.000000,0,13,0,12975925096076823668
14,66,52,0,52,0,0,0,0,52,1.000000,0,13,0,1375515736310313195
14,67,52,0,52,0,0,0,0,52,1.000000,0,13,0,9704462858256284987
14,68,52,0,52,0,0,0,0,52,1.000000,0,13,0,12499914542826775391
14,69,53,0,53,0,0,0,0,53,1.000000,0,13,0,16860128030393161680
14,70,52,0,52,0,0,0,0,52,1.000000,0,13,0,10565718252231759815
14,71,52,0,52,0,0,0,0,52,1.000000,0,13,0,1609630525784921746
14,72,52,0,52,0,0,0,0,52,1.000000,0,13,0,14832240759358249124
14,73,52,0,52,0,0,0,0,52,1.000000,0,13,0,1374472652229378688
14,74,52,0,52,0,0,0,0,52,1.000000,0,13,0,354260074247940834
14,75,52,0,52,0,0,0,0,52,1.000000,0,13,0,893216095428161617
14,76,53,0,53,0,0,0,0,53,1.000000,0,13,0,12596807718998970537
14,77,52,0,52,0,0,0,0,52,1.000000,0,13,0,7129750089335242877
14,78,52,0,52,0,0,0,0,52,1.000000,0,13,0,10713721246575957747
14,79,52,0,52,0,0,0,0,52,1.000000,0,13,0,18100097423323703182
14,80,52,0,52,0,0,0,0,52,1.000000,0,13,0,1940061989807084101
14,81,52,0,52,0,0,0,0,52,1.000000,0,13,0,7580130356408138421
14,82,52,0,52,0,0,0,0,52,1.000000,0,13,0,4224883633337432579
14,83,53,0,53,0,0,0,0,53,1.000000,0,13,0,3405845990871607934
14,84,52,0,52,0,0,0,0,52,1.000000,0,13,0,17805481939734122814
14,85,52,0,52,0,0,0,0,52,1.000000,0,13,0,17709236800027134725
14,86,52,0,52,0,0,0,0,52,1.000000,0,13,0,14454213397756743246
14,87,52,0,52,0,0,0,0,52,1.000000,0,13,0,10771901936256969000
14,88,52,0,52,0,0,0,0,52,1.000000,0,13,0,11054428685233299305
14,89,52,0,52,0,0,0,0,52,1.000000,0,13,0,9221241962052320524
14,90,53,0,53,0,0,0,0,53,1.000000,0,13,0,10144433718800481357
14,91,52,0,52,0,0,0,0,52,1.000000,0,13,0,5251461454176538979
14,92,52,0,52,0,0,0,0,52,1.000000,0,13,0,9742389062318268562
14,93,52,0,52,0,0,0,0,52,1.000000,0,13,0,4494806936819891128
14,94,52,0,52,0,0,0,0,52,1.000000,0,13,0,9991973975157560934
14,95,52,0,52,0,0,0,0,52,1.000000,0,13,0,256165870917945342
14,96,52,0,52,0,0,0,0,52,1.000000,0,13,0,6320175019952310805
14,97,53,0,53,0,0,0,0,53,1.000000,0,13,0,7834542858269586783
14,98,52,0,52,0,0,0,0,52,1.000000,0,13,0,4069193839520627085
14,99,52,0,52,0,0,0,0,52,1.000000,0,13,0,1227933164281936060
14,100,52,0,52,0,0,0,0,52,1.000000,0,13,0,15057833344425569569
15,1,52,0,0,13,0,0,39,0,480.000000,1,0,4,13478212523439291969
15,2,52,0,0,1,0,0,51,0,489.307692,3,0,4,15587600317304028055
15,3,52,0,0,13,0,0,39,0,488.250000,3,0,4,12061115457565814838
15,4,52,0,0,30,0,0,22,0,220.326923,5,0,2,11903059046562349706
15,5,52,0,0,4,0,0,48,0,198.903846,6,0,2,9983260573321929627
15,6,53,0,0,1,0,0,52,0,339.075472,7,0,4,1272848320104901272
15,7,52,0,0,0,0,0,52,0,454.384615,8,0,4,11685944559830794565
15,8,52,0,0,0,0,0,52,0,508.192308,9,0,4,2170909593052003697
15,9,52,0,0,2,0,0,50,0,509.000000,10,0,4,13674686987590149147
15,10,52,0,0,3,0,0,49,0,509.000000,11,0,4,6881199728882260683
15,11,52,0,0,46,0,0,6,0,509.000000,11,0,4,17220616719595180173
15,12,52,0,0,52,0,0,0,0,509.000000,11,0,4,18134524887901326993
15,13,53,0,0,53,0,0,0,0,509.000000,11,0,4,8770389353109429628
15,14,52,0,0,51,0,1,0,0,487.980769,11,0,4,15448548973306129790
15,15,52,0,0,49,0,3,0,0,499.576923,13,0,4,9674053369547805097
15,16,52,0,0,44,0,8,0,0,485.346154,14,0,4,2511294109076792726
15,17,52,0,0,38,0,14,0,0,503.038462,14,0,4,9422586911143371133
15,18,52,0,0,50,0,2,0,0,491.846154,14,0,4,18282574093265788411
15,19,52,0,0,49,0,3,0,0,526.442308,14,0,4,14020410305434948659
15,20,53,0,0,53,0,0,0,0,513.943396,7,7,4,16407440906394226193
15,21,52,0,0,48,0,4,0,0,529.384615,7,7,4,4910411967030926005
15,22,52,0,0,52,0,0,0,0,488.038462,9,7,4,15110523088534178433
15,23,52,0,0,48,0,4,0,0,508.230769,9,7,4,18225354139997875457
15,24,52,0,0,52,0,0,0,0,498.346154,9,7,4,2582863490840114514
15,25,52,0,0,47,0,5,0,0,486.692308,9,7,4,10311195915157728314
15,26,52,0,0,48,0,4,0,0,510.480769,9,7,4,15055862375606700525
15,27,53,0,0,53,0,0,0,0,511.301887,9,7,4,5911159764017715574
15,28,52,0,0,46,0,6,0,0,486.942308,9,7,4,5612344504164706940
15,29,52,0,0,48,0,4,0,0,505.423077,9,7,4,11887261372879469128
15,30,52,0,0,52,0,0,0,0,513.653846,9,7,4,11416484392763058532
15,31,52,0,0,51,0,1,0,0,516.711538,9,7,4,8093148500704207326
15,32,52,0,0,49,0,3,0,0,531.076923,9,7,4,1186768431599329321
15,33,52,0,0,49,0,3,0,0,505.192308,9,7,4,10546335737093095862
15,34,53,0,0,43,0,10,0,0,512.207547,9,7,4,4265293701658124140
15,35,52,0,0,0,0,52,0,0,472.711538,9,7,4,17778667338600521275
15,36,52,0,0,19,0,33,0,0,494.115385,10,7,4,14158741920212855029
15,37,52,0,0,52,0,0,0,0,505.269231,10,7,4,3841732879385786166
15,38,52,0,0,10,0,42,0,0,485.000000,10,7,4,6759839834261498887
15,39,52,0,0,13,0,39,0,0,485.000000,10,7,4,15765050864138977447
15,40,52,0,0,8,0,44,0,0,409.711538,10,7,4,694193984620449228
15,41,53,0,0,8,0,45,0,0,328.698113,10,7,4,3823110792837874966
15,42,52,0,0,6,0,46,0,0,209.884615,10,7,2,15107272817833053095
15,43,52,0,16,16,0,20,0,15,92.576923,0,17,1,9042168311526978745
15,44,52,0,11,0,0,41,0,11,84.250000,0,17,0,11733199670110685995
15,45,52,0,3,0,0,49,0,3,84.923077,0,17,0,14648623079475676504
15,46,52,0,38,0,0,14,0,37,27.980769,0,17,1,18017224927339140968
15,47,52,0,52,0,0,0,0,52,4.230769,0,17,0,12636637607974040689
15,48,53,0,53,0,0,0,0,53,6.150943,0,17,0,12237635312063894184
15,49,52,0,52,0,0,0,0,52,6.461538,0,17,0,5534504749905148575
15,50,52,0,52,0,0,0,0,52,5.961538,0,17,0,5757039077025950378
15,51,52,0,52,0,0,0,0,52,8.250000,0,17,0,8334198011759597576
15,52,52,0,52,0,0,0,0,52,2.942308,0,17,0,11345184593873346481
15,53,52,0,52,0,0,0,0,52,5.980769,0,17,0,12412570455253231910
15,54,52,0,52,0,0,0,0,52,2.461538,0,17,0,3775540561727015336
15,55,53,0,53,0,0,0,0,53,3.094340,0,17,0,994568530193325546
15,56,52,0,52,0,0,0,0,52,6.673077,0,17,0,13194585587475211118
15,57,52,0,52,0,0,0,0,52,1.538462,0,17,0,9037806422875977326
15,58,52,0,52,0,0,0,0,52,2.846154,0,17,0,7264793716770043212
15,59,52,0,52,0,0,0,0,52,3.115385,0,17,0,3372406532553857997
15,60,52,0,52,0,0,0,0,52,3.653846,0,17,0,7387856290673276101
15,61,52,0,52,0,0,0,0,52,2.442308,0,17,0,16658673386893208459
15,62,53,0,53,0,0,0,0,53,3.679245,0,17,0,11441178562108970526
15,63,52,0,52,0,0,0,0,52,3.019231,0,17,0,4798389923739528946
15,64,52,0,52,0,0,0,0,52,4.730769,0,17,0,16557178149644537744
15,65,52,0,52,0,0,0,0,52,2.153846,0,17,0,14016368643524401649
15,66,52,0,52,0,0,0,0,52,1.557692,0,17,0,6301319724121373131
15,67,52,0,52,0,0,0,0,52,2.596154,0,17,0,10854737824664258290
15,68,52,0,52,0,0,0,0,52,6.346154,0,17,0,17263492546241020892
15,69,53,0,53,0,0,0,0,53,2.943396,0,17,0,4741401110173079328
15,70,52,0,52,0,0,0,0,52,3.153846,0,17,0,13411580650663557313
15,71,52,0,52,0,0,0,0,52,0.000000,0,17,0,9486025102675010912
15,72,52,0,52,0,0,0,0,52,0.000000,0,17,0,1202322049102803447
15,73,52,0,52,0,0,0,0,52,0.000000,0,17,0,10272163601461549242
15,74,52,0,52,0,0,0,0,52,0.000000,0,17,0,18296053470908555018
15,75,52,0,52,0,0,0,0,52,0.000000,0,17,0,829504779308948213
15,76,53,0,53,0,0,0,0,53,0.000000,0,17,0,16902707323132867218
15,77,52,0,52,0,0,0,0,52,0.000000,0,17,0,14471643458779760337
15,78,52,0,52,0,0,0,0,52,0.000000,0,17,0,5533466367430508394
15,79,52,0,52,0,0,0,0,52,0.000000,0,17,0,12214445955631455074
15,80,52,0,52,0,0,0,0,52,0.000000,0,17,0,18138775219306126357
15,81,52,0,52,0,0,0,0,52,0.000000,0,17,0,16456778296351005326
15,82,52,0,52,0,0,0,0,52,0.000000,0,17,0,557168033996233999
15,83,53,0,53,0,0,0,0,53,0.000000,0,17,0,13706515169117055519
15,84,52,0,52,0,0,0,0,52,0.000000,0,17,0,12171419176390907109
15,85,52,0,52,0,0,0,0,52,0.000000,0,17,0,683466715059297711
15,86,52,0,52,0,0,0,0,52,0.000000,0,17,0,3483498909555544693
15,87,52,0,52,0,0,0,0,52,0.000000,0,17,0,12393052509540049520
15,88,52,0,52,0,0,0,0,52,0.000000,0,17,0,833765218281523369
15,89,52,0,52,0,0,0,0,52,0.000000,0,17,0,9778913184321281642
15,90,53,0,53,0,0,0,0,53,0.000000,0,17,0,8151872719389965358
15,91,52,0,52,0,0,0,0,52,0.000000,0,17,0,6483598553974367782
15,92,52,0,52,0,0,0,0,52,0.000000,0,17,0,3524026428139413262
15,93,52,0,52,0,0,0,0,52,0.000000,0,17,0,14617151787512523675
15,94,52,0,52,0,0,0,0,52,0.000000,0,17,0,242740237558029755
15,95,52,0,52,0,0,0,0,52,0.000000,0,17,0,10026524001220500124
15,96,52,0,52,0,0,0,0,52,0.000000,0,17,0,12943511315386072521
15,97,53,0,53,0,0,0,0,53,0.000000,0,17,0,12749237535491108852
15,98,52,0,52,0,0,0,0,52,0.000000,0,17,0,10124399298774453288
15,99,52,0,52,0,0,0,0,52,0.000000,0,17,0,7569629412840990623
15,100,52,0,52,0,0,0,0,52,0.000000,0,17,0,2722660419187906972
16,1,52,0,0,8,0,0,44,0,473.673077,2,0,4,7761817866001862950
16,2,52,0,0,9,0,0,43,0,484.307692,2,0,4,16106555690221568578
16,3,52,0,0,13,0,0,39,0,506.192308,4,0,4,5813745345994506610
16,4,52,0,0,2,0,5,45,0,523.153846,5,0,4,13955639183023891587
16,5,52,0,0,0,0,0,52,0,501.826923,6,0,4,10612472297213465494
16,6,53,0,0,1,0,0,52,0,268.943396,7,0,2,1531638006825184083
16,7,52,0,29,2,0,0,21,28,54.076923,1,7,1,9670050530912572794
16,8,52,0,0,34,0,0,18,0,137.711538,1,7,1,7994101327370075441
16,9,52,0,0,14,0,0,38,0,220.750000,3,7,2,15723985082783283360
16,10,52,0,0,14,0,0,38,0,303.384615,4,7,4,8080343368650190386
16,11,52,0,0,9,0,0,43,0,366.865385,5,7,4,17531238209837597549
16,12,52,0,0,20,0,0,32,0,442.615385,6,7,4,14521979016659376215
16,13,53,0,0,37,0,0,16,0,405.509434,7,7,4,1119683138766442545
16,14,52,0,0,47,0,0,5,0,422.365385,8,7,4,4526857222952727119
16,15,52,0,0,31,0,0,21,0,463.211538,10,7,4,6087745915752669092
16,16,52,0,0,3,0,0,49,0,480.000000,11,7,4,2153605910668588960
16,17,52,0,0,1,0,0,51,0,480.000000,12,7,4,6469551551910848736
16,18,52,0,0,4,0,0,48,0,480.000000,13,7,4,15953747724220168269
16,19,52,0,0,1,0,0,51,0,480.000000,14,7,4,3631268593900317682
16,20,53,0,0,23,0,0,30,0,480.000000,14,7,4,6670861224490317393
16,21,52,0,0,36,0,16,0,0,480.000000,14,7,4,5892044041056814674
16,22,52,0,0,0,0,52,0,0,480.000000,14,7,4,9976456862741504286
16,23,52,0,0,0,0,52,0,0,480.000000,14,7,4,3388806137518950571
16,24,52,0,0,0,0,52,0,0,467.653846,14,7,4,6222558288582974511
16,25,52,0,0,0,0,52,0,0,447.000000,14,7,4,5594228191835522135
16,26,52,0,0,0,0,52,0,0,479.538462,14,7,4,1765241308150569829
16,27,53,0,0,0,0,53,0,0,480.000000,14,7,4,17436564239740316395
16,28,52,0,0,0,0,52,0,0,480.000000,14,7,4,9165245889035485976
16,29,52,0,0,0,0,52,0,0,480.000000,14,7,4,7386284919837182613
16,30,52,0,0,0,0,52,0,0,480.000000,14,7,4,13387682971940159420
16,31,52,0,0,0,0,52,0,0,480.000000,14,7,4,18194611853056465938
16,32,52,0,0,0,0,52,0,0,480.000000,14,7,4,5375792229310426475
16,33,52,0,0,0,0,52,0,0,480.000000,14,7,4,11413180559861271315
16,34,53,0,0,0,0,53,0,0,480.000000,14,7,4,4561223977958666080
16,35,52,0,0,0,0,52,0,0,480.000000,14,7,4,3811489015568691875
16,36,52,0,0,0,0,52,0,0,480.000000,14,7,4,16128044979285381929
16,37,52,0,0,0,0,52,0,0,480.000000,14,7,4,7207299683201559926
16,38,52,0,0,0,0,52,0,0,480.000000,14,7,4,7431051407123793070
16,39,52,0,0,0,0,52,0,0,480.000000,14,7,4,5310580660221524902
16,40,52,0,0,0,0,52,0,0,480.000000,14,7,4,14074199969343467552
16,41,53,0,0,0,0,53,0,0,480.000000,14,7,4,991192690193042619
16,42,52,0,0,0,0,52,0,0,480.000000,14,7,4,2259366691318110244
16,43,52,0,0,0,0,52,0,0,480.000000,14,7,4,12646036676651745827
16,44,52,0,0,0,0,52,0,0,480.000000,14,7,4,17837588849786003409
16,45,52,0,0,0,0,52,0,0,480.000000,14,7,4,9242711526354881568
16,46,52,0,0,0,0,52,0,0,480.000000,14,7,4,4724163351310051189
16,47,52,0,0,0,0,52,0,0,480.000000,14,7,4,15340096635651320997
16,48,53,0,0,0,0,53,0,0,480.000000,14,7,4,17454921466018792821
16,49,52,0,0,0,0,52,0,0,480.000000,14,7,4,6003108415528588338
16,50,52,0,0,0,0,52,0,0,480.000000,14,7,4,13064138939565827047
16,51,52,0,0,0,0,52,0,0,480.000000,14,7,4,13316580656749222440
16,52,52,0,0,0,0,52,0,0,480.000000,14,7,4,1469387369415005278
16,53,52,0,0,0,0,52,0,0,480.000000,14,7,4,9673016874929549715
16,54,52,0,0,0,0,52,0,0,480.000000,14,7,4,1178070325998797041
16,55,53,0,0,0,0,53,0,0,480.000000,14,7,4,13703688650607684581
16,56,52,0,0,0,0,52,0,0,480.000000,14,7,4,4847680710119801574
16,57,52,0,0,0,0,52,0,0,480.000000,14,7,4,11060431430780083113
16,58,52,0,0,0,0,52,0,0,480.000000,14,7,4,14431131445290759069
16,59,52,0,0,0,0,52,0,0,480.000000,14,7,4,2308388070264468756
16,60,52,0,0,0,0,52,0,0,480.000000,14,7,4,6751999337840783670
16,61,52,0,0,0,0,52,0,0,480.000000,14,7,4,12151849763774026259
16,62,53,0,0,0,0,53,0,0,480.000000,14,7,4,12601761637474408295
16,63,52,0,0,0,0,52,0,0,480.000000,14,7,4,2471091527542773219
16,64,52,0,0,0,0,52,0,0,480.000000,14,7,4,16224769071520942040
16,65,52,0,0,0,0,52,0,0,480.000000,14,7,4,12118037306416072400
16,66,52,0,0,0,0,52,0,0,480.000000,14,7,4,7005640672965180850
16,67,52,0,0,0,0,52,0,0,480.000000,14,7,4,9249198066298255921
16,68,52,0,0,0,0,52,0,0,480.000000,14,7,4,6726505062738261245
16,69,53,0,0,0,0,53,0,0,480.000000,14,7,4,14692113451108932446
16,70,52,0,0,0,0,52,0,0,480.000000,14,7,4,4799312164030697784
16,71,52,0,0,0,0,52,0,0,480.000000,14,7,4,12865859613581147857
16,72,52,0,0,0,0,52,0,0,480.000000,14,7,4,17187070258548560790
16,73,52,0,0,0,0,52,0,0,480.000000,14,7,4,3687320050046294260
16,74,52,0,0,0,0,52,0,0,480.000000,14,7,4,2603762600483240785
16,75,52,0,0,0,0,52,0,0,480.000000,14,7,4,10055899715370817154
16,76,53,0,0,0,0,53,0,0,480.000000,14,7,4,8449337470556275947
16,77,52,0,0,0,0,52,0,0,480.000000,14,7,4,17346658188735364126
16,78,52,0,0,0,0,52,0,0,480.000000,14,7,4,2972444240882322619
16,79,52,0,0,0,0,52,0,0,480.000000,14,7,4,3460594740583900615
16,80,52,0,0,0,0,52,0,0,480.000000,14,7,4,8494719773398085554
16,81,52,0,0,0,0,52,0,0,480.000000,14,7,4,9591489329339622494
16,82,52,0,0,0,0,52,0,0,480.000000,14,7,4,11801437100243420378
16,83,53,0,0,0,0,53,0,0,480.000000,14,7,4,2116435130225888576
16,84,52,0,0,0,0,52,0,0,480.000000,14,7,4,5700989617672879332
16,85,52,0,0,0,0,52,0,0,480.000000,14,7,4,6434098615636660958
16,86,52,0,0,0,0,52,0,0,480.000000,14,7,4,8705263734623166355
16,87,52,0,0,0,0,52,0,0,480.000000,14,7,4,177652203913863578
16,88,52,0,0,0,0,52,0,0,480.000000,14,7,4,11157178637752707203
16,89,52,0,0,0,0,52,0,0,480.000000,14,7,4,17986115128236898537
16,90,53,0,0,0,0,53,0,0,480.000000,14,7,4,18134089827412665567
16,91,52,0,0,0,0,52,0,0,480.000000,14,7,4,14443469880901255435
16,92,52,0,0,0,0,52,0,0,480.000000,14,7,4,13718511767396319907
16,93,52,0,0,0,0,52,0,0,480.000000,14,7,4,11238322402865595870
16,94,52,0,0,0,0,52,0,0,480.000000,14,7,4,9156387544428500122
16,95,52,0,0,0,0,52,0,0,480.000000,14,7,4,14803065135822147155
16,96,52,0,0,0,0,52,0,0,480.000000,14,7,4,12301355497202390248
16,97,53,0,0,0,0,53,0,0,480.000000,14,7,4,15489635536648543107
16,98,52,0,0,0,0,52,0,0,480.000000,14,7,4,12667191716158591289
16,99,52,0,0,0,0,21,31,0,480.000000,14,7,4,15928418227624856618
16,100,52,0,0,0,0,0,52,0,480.000000,14,7,4,10112676848793447661
17,1,52,0,0,5,0,0,47,0,480.000000,1,0,4,6764641161861302320
17,2,52,0,0,27,0,0,25,0,480.000000,3,0,4,17469379078894825711
17,3,52,0,0,0,0,0,52,0,452.653846,4,0,4,3978025620807632380
17,4,52,0,0,1,0,0,51,0,487.576923,5,0,4,14668334280568299321
17,5,52,0,0,0,0,21,31,0,408.807692,5,0,2,14269152930768351535
17,6,53,0,33,10,0,10,0,32,44.867925,0,5,1,7844604657881422969
17,7,52,0,0,22,0,30,0,0,142.903846,0,5,2,12792803167131561434
17,8,52,0,0,0,0,52,0,0,240.038462,0,5,2,4635628818134636111
17,9,52,0,0,0,0,52,0,0,405.750000,0,5,4,6287690581338431162
17,10,52,0,0,0,0,52,0,0,538.500000,0,5,4,8861326608935318417
17,11,52,0,0,0,0,52,0,0,588.692308,0,5,4,3169119756042901019
17,12,52,0,0,0,0,52,0,0,692.461538,0,5,4,9986949411338991662
17,13,53,0,0,7,0,46,0,0,583.094340,0,5,4,3326035069259735517
17,14,52,0,0,40,0,12,0,0,415.865385,0,5,4,12120647167243081980
17,15,52,0,0,52,0,0,0,0,444.634615,0,5,4,13119585061764427382
17,16,52,0,0,9,0,43,0,0,480.000000,0,5,4,3483256365698050852
17,17,52,0,0,47,0,5,0,0,459.461538,0,5,4,7309297539520534666
17,18,52,0,0,35,0,17,0,0,256.500000,0,5,2,11045786542125264180
17,19,52,0,0,52,0,0,0,0,200.615385,0,5,2,12563121492885358587
17,20,53,0,0,11,0,42,0,0,200.377358,0,5,2,17320269431637928116
17,21,52,0,41,11,0,0,0,41,44.211538,0,5,0,5544518101113185919
17,22,52,0,52,0,0,0,0,52,13.442308,0,5,0,13127809650081906923
17,23,52,0,52,0,0,0,0,52,3.115385,0,5,0,8677835403388704293
17,24,52,0,52,0,0,0,0,52,2.673077,0,5,0,3522451195555781569
17,25,52,0,52,0,0,0,0,52,1.019231,0,5,0,2312284781753445267
17,26,52,0,52,0,0,0,0,52,0.000000,0,5,0,13881416368067723409
17,27,53,0,53,0,0,0,0,53,0.000000,0,5,0,2463459206694241473
17,28,52,0,52,0,0,0,0,52,0.000000,0,5,0,9540248175817444508
17,29,52,0,52,0,0,0,0,52,0.000000,0,5,0,64828858490003863
17,30,52,0,52,0,0,0,0,52,0.000000,0,5,0,1412952362864026167
17,31,52,0,52,0,0,0,0,52,0.000000,0,5,0,17355919636031481066
17,32,52,0,52,0,0,0,0,52,0.000000,0,5,0,11892626646066241679
17,33,52,0,52,0,0,0,0,52,0.000000,0,5,0,11336649407072387285
17,34,53,0,53,0,0,0,0,53,0.000000,0,5,0,11530287252558155019
17,35,52,0,52,0,0,0,0,52,0.000000,0,5,0,3043589655423063261
17,36,52,0,52,0,0,0,0,52,0.000000,0,5,0,576813931887709723
17,37,52,0,52,0,0,0,0,52,0.000000,0,5,0,4220060967157664931
17,38,52,0,52,0,0,0,0,52,0.000000,0,5,0,322204799714542357
17,39,52,0,52,0,0,0,0,52,0.000000,0,5,0,15375077445715020162
17,40,52,0,52,0,0,0,0,52,0.000000,0,5,0,4478372276518103561
17,41,53,0,53,0,0,0,0,53,0.000000,0,5,0,13124787789695257262
17,42,52,0,52,0,0,0,0,52,0.000000,0,5,0,14806393262859914055
17,43,52,0,52,0,0,0,0,52,0.000000,0,5,0,1778246570954095443
17,44,52,0,52,0,0,0,0,52,0.000000,0,5,0,8924658909263299717
17,45,52,0,52,0,0,0,0,52,0.000000,0,5,0,447101759125876816
17,46,52,0,52,0,0,0,0,52,0.000000,0,5,0,15129718774650810397
17,47,52,0,52,0,0,0,0,52,0.000000,0,5,0,17783826827309877499
17,48,53,0,53,0,0,0,0,53,0.000000,0,5,0,18028417937083384278
17,49,52,0,52,0,0,0,0,52,0.000000,0,5,0,7946225840380960634
17,50,52,0,52,0,0,0,0,52,0.000000,0,5,0,7875332679944241507
17,51,52,0,52,0,0,0,0,52,0.000000,0,5,0,5148577361284993114
17,52,52,0,52,0,0,0,0,52,0.000000,0,5,0,4262006487845438367
17,53,52,0,52,0,0,0,0,52,0.000000,0,5,0,13456715379311309776
17,54,52,0,52,0,0,0,0,52,0.000000,0,5,0,2247806633786271345
17,55,53,0,53,0,0,0,0,53,0.000000,0,5,0,12133040058096791439
17,56,52,0,52,0,0,0,0,52,0.000000,0,5,0,7271125182502132730
17,57,52,0,52,0,0,0,0,52,0.000000,0,5,0,4123177729728419533
17,58,52,0,52,0,0,0,0,52,0.000000,0,5,0,5599005437192856304
17,59,52,0,52,0,0,0,0,52,0.000000,0,5,0,1152143501893342071
17,60,52,0,52,0,0,0,0,52,0.000000,0,5,0,17636644464590430913
17,61,52,0,52,0,0,0,0,52,0.000000,0,5,0,7545928603998680475
17,62,53,0,53,0,0,0,0,53,0.000000,0,5,0,16417903444626320426
17,63,52,0,52,0,0,0,0,52,0.000000,0,5,0,8629251313826839762
17,64,52,0,52,0,0,0,0,52,0.000000,0,5,0,2507725984521928629
17,65,52,0,52,0,0,0,0,52,0.000000,0,5,0,13144921748532293973
17,66,52,0,52,0,0,0,0,52,0.000000,0,5,0,15371460360322427221
17,67,52,0,52,0,0,0,0,52,0.000000,0,5,0,17860894900206801684
17,68,52,0,52,0,0,0,0,52,0.000000,0,5,0,9938767824849156554
17,69,53,0,53,0,0,0,0,53,0.000000,0,5,0,7782427008229544354
17,70,52,0,52,0,0,0,0,52,0.000000,0,5,0,9179616279293118699
17,71,52,0,52,0,0,0,0,52,0.000000,0,5,0,17097259398631185026
17,72,52,0,52,0,0,0,0,52,0.000000,0,5,0,6668047487610208494
17,73,52,0,52,0,0,0,0,52,0.000000,0,5,0,7985938780061791894
17,74,52,0,52,0,0,0,0,52,0.000000,0,5,0,2715593458571971296
17,75,52,0,52,0,0,0,0,52,0.000000,0,5,0,3857879296219378925
17,76,53,0,53,0,0,0,0,53,0.000000,0,5,0,12151204037343281018
17,77,52,0,52,0,0,0,0,52,0.000000,0,5,0,13527752312120618527
17,78,52,0,52,0,0,0,0,52,0.000000,0,5,0,14289297728956942077
17,79,52,0,52,0,0,0,0,52,0.000000,0,5,0,1448890689533556364
17,80,52,0,52,0,0,0,0,52,0.000000,0,5,0,4892353476348036566
17,81,52,0,52,0,0,0,0,52,0.000000,0,5,0,7037449815266967390
17,82,52,0,52,0,0,0,0,52,0.000000,0,5,0,823542925126878069
17,83,53,0,53,0,0,0,0,53,0.000000,0,5,0,17716907240430088076
17,84,52,0,52,0,0,0,0,52,0.000000,0,5,0,17911820520379686754
17,85,52,0,52,0,0,0,0,52,0.000000,0,5,0,10576343818442881953
17,86,52,0,52,0,0,0,0,52,0.000000,0,5,0,16872591673431688741
17,87,52,0,52,0,0,0,0,52,0.000000,0,5,0,3274807681282867753
17,88,52,0,52,0,0,0,0,52,0.000000,0,5,0,7095383639745170443
17,89,52,0,52,0,0,0,0,52,0.000000,0,5,0,11637608422149674605
17,90,53,0,53,0,0,0,0,53,0.000000,0,5,0,3685541269479635487
17,91,52,0,52,0,0,0,0,52,0.000000,0,5,0,2418497942567132893
17,92,52,0,52,0,0,0,0,52,0.000000,0,5,0,5152989102167123133
17,93,52,0,52,0,0,0,0,52,0.000000,0,5,0,5077808436984891531
17,94,52,0,52,0,0,0,0,52,0.000000,0,5,0,9247287497528690899
17,95,52,0,52,0,0,0,0,52,0.000000,0,5,0,17414701797117526403
17,96,52,0,52,0,0,0,0,52,0.000000,0,5,0,16410276324727549450
17,97,53,0,53,0,0,0,0,53,0.000000,0,5,0,2103036257846466724
17,98,52,0,52,0,0,0,0,52,0.000000,0,5,0,3774929393214471686
17,99,52,0,52,0,0,0,0,52,0.000000,0,5,0,11888635481560455790
17,100,52,0,52,0,0,0,0,52,0.000000,0,5,0,3291706974481383248
18,1,52,0,0,5,0,0,47,0,480.000000,0,0,4,509795766203300560
18,2,52,0,0,15,0,0,37,0,480.000000,2,0,4,7839715192502861059
18,3,52,0,0,3,0,0,49,0,480.000000,2,0,4,4747152382930970197
18,4,52,0,0,15,0,0,37,0,480.000000,3,0,4,4479035679227744786
18,5,52,0,0,0,0,0,52,0,480.000000,3,0,4,5109678787512254036
18,6,53,0,0,15,0,0,38,0,459.207547,4,0,4,8855942569588184801
18,7,52,0,0,0,0,0,52,0,453.961538,4,0,4,8680105149975156696
18,8,52,0,0,0,0,0,52,0,427.923077,4,0,4,8197601977173997775
18,9,52,0,0,0,0,0,52,0,365.500000,4,0,3,16204530842220507351
18,10,52,0,0,0,0,0,52,0,265.980769,4,0,4,14762226068501819063
18,11,52,0,0,0,0,0,52,0,447.153846,4,0,4,11177856058768992614
18,12,52,0,0,0,0,0,52,0,480.000000,4,0,4,287630994945789732
18,13,53,0,0,0,0,0,53,0,468.075472,4,0,4,4752994971519516992
18,14,52,0,0,0,0,0,52,0,401.576923,4,0,4,6624341871909221512
18,15,52,0,0,0,0,0,52,0,368.192308,4,0,4,16450334550034045462
18,16,52,0,0,0,0,0,52,0,354.480769,4,0,4,6842755294035243618
18,17,52,0,0,0,0,0,52,0,336.653846,4,0,4,12507328462839485341
18,18,52,0,0,0,0,0,52,0,345.711538,4,0,4,7334970696573829207
18,19,52,0,0,0,0,0,52,0,323.461538,4,0,4,5876769820881005622
18,20,53,0,0,0,0,0,53,0,290.849057,4,0,2,3196693508244112150
18,21,52,0,0,0,0,0,52,0,279.692308,4,0,2,13323341316152118660
18,22,52,0,19,0,0,0,33,19,133.096154,0,4,0,4186757600320528984
18,23,52,0,19,0,0,0,33,17,67.903846,0,4,1,2622980341863239841
18,24,52,0,0,0,0,0,52,0,101.692308,0,4,1,8035685435369069372
18,25,52,0,0,0,0,0,52,0,160.788462,0,4,2,3656995515736917371
18,26,52,0,0,0,0,0,52,0,165.384615,0,4,1,11787191627133724074
18,27,53,0,14,0,0,0,39,14,102.811321,0,4,0,17740135397056419218
18,28,52,0,52,0,0,0,0,52,12.500000,0,4,0,8347154745698375690
18,29,52,0,52,0,0,0,0,52,16.000000,0,4,0,5373289469557798535
18,30,52,0,52,0,0,0,0,52,16.000000,0,4,0,17311692664204054767
18,31,52,0,52,0,0,0,0,52,11.076923,0,4,0,14973666992231431653
18,32,52,0,52,0,0,0,0,52,1.000000,0,4,0,1831993596744493649
18,33,52,0,52,0,0,0,0,52,1.000000,0,4,0,10227357160679253998
18,34,53,0,53,0,0,0,0,53,1.000000,0,4,0,12811086126655302776
18,35,52,0,52,0,0,0,0,52,1.000000,0,4,0,16397198767450199677
18,36,52,0,52,0,0,0,0,52,1.000000,0,4,0,4705035336979204208
18,37,52,0,52,0,0,0,0,52,3.192308,0,4,0,18276567542621363389
18,38,52,0,52,0,0,0,0,52,10.865385,0,4,0,11563548372511459256
18,39,52,0,52,0,0,0,0,52,12.923077,0,4,0,14862432179744072870
18,40,52,0,52,0,0,0,0,52,13.230769,0,4,0,5560680691337424879
18,41,53,0,53,0,0,0,0,53,11.150943,0,4,0,8937512634897748851
18,42,52,0,52,0,0,0,0,52,14.096154,0,4,0,15792944992432069021
18,43,52,0,52,0,0,0,0,52,2.769231,0,4,0,5182246357099234397
18,44,52,0,52,0,0,0,0,52,1.000000,0,4,0,10678460253565090217
18,45,52,0,52,0,0,0,0,52,1.000000,0,4,0,2636535650287408986
18,46,52,0,52,0,0,0,0,52,0.846154,0,4,0,15951222730498594004
18,47,52,0,52,0,0,0,0,52,6.980769,0,4,0,17108897570489121265
18,48,53,0,53,0,0,0,0,53,5.773585,0,4,0,14107510272547191686
18,49,52,0,52,0,0,0,0,52,4.000000,0,4,0,11107215390382560669
18,50,52,0,52,0,0,0,0,52,4.000000,0,4,0,13101263085439321244
18,51,52,0,52,0,0,0,0,52,4.000000,0,4,0,663637036911564037
18,52,52,0,52,0,0,0,0,52,4.000000,0,4,0,12936791690276236268
18,53,52,0,52,0,0,0,0,52,4.000000,0,4,0,15132867559249923950
18,54,52,0,52,0,0,0,0,52,4.000000,0,4,0,6413188161109548484
18,55,53,0,53,0,0,0,0,53,4.000000,0,4,0,8511446294597574773
18,56,52,0,52,0,0,0,0,52,4.000000,0,4,0,18377949150013661623
18,57,52,0,52,0,0,0,0,52,4.000000,0,4,0,17042870345978025115
18,58,52,0,52,0,0,0,0,52,4.000000,0,4,0,5428418998141126013
18,59,52,0,52,0,0,0,0,52,4.000000,0,4,0,13097741100028405835
18,60,52,0,52,0,0,0,0,52,4.000000,0,4,0,16054371169359560061
18,61,52,0,52,0,0,0,0,52,4.000000,0,4,0,8106511973653220422
18,62,53,0,53,0,0,0,0,53,4.000000,0,4,0,16543752473812742564
18,63,52,0,52,0,0,0,0,52,4.000000,0,4,0,518018268115141245
18,64,52,0,52,0,0,0,0,52,4.000000,0,4,0,12329785059131426246
18,65,52,0,52,0,0,0,0,52,4.000000,0,4,0,15268232552750217000
18,66,52,0,52,0,0,0,0,52,4.000000,0,4,0,9974076202647693911
18,67,52,0,52,0,0,0,0,52,4.000000,0,4,0,9049120448336218140
18,68,52,0,52,0,0,0,0,52,4.000000,0,4,0,17751612060295534344
18,69,53,0,53,0,0,0,0,53,4.000000,0,4,0,498027532933928764
18,70,52,0,52,0,0,0,0,52,4.000000,0,4,0,15675052513490677088
18,71,52,0,52,0,0,0,0,52,4.000000,0,4,0,9863080307015751052
18,72,52,0,52,0,0,0,0,52,4.000000,0,4,0,662452424716491742
18,73,52,0,52,0,0,0,0,52,4.000000,0,4,0,17760512786461032454
18,74,52,0,52,0,0,0,0,52,4.000000,0,4,0,1869120698745062747
18,75,52,0,52,0,0,0,0,52,4.000000,0,4,0,8204706758187772835
18,76,53,0,53,0,0,0,0,53,4.000000,0,4,0,9845132787921426646
18,77,52,0,52,0,0,0,0,52,4.000000,0,4,0,17897059422736698574
18,78,52,0,52,0,0,0,0,52,4.000000,0,4,0,6614384017089652655
18,79,52,0,52,0,0,0,0,52,4.000000,0,4,0,3142964436405026864
18,80,52,0,52,0,0,0,0,52,4.000000,0,4,0,580413464844514766
18,81,52,0,52,0,0,0,0,52,4.000000,0,4,0,6459739251797045813
18,82,52,0,52,0,0,0,0,52,4.000000,0,4,0,9395648865792543967
18,83,53,0,53,0,0,0,0,53,4.000000,0,4,0,4290120482494133043
18,84,52,0,52,0,0,0,0,52,4.000000,0,4,0,10952221112914146198
18,85,52,0,52,0,0,0,0,52,4.000000,0,4,0,14590260087655335195
18,86,52,0,52,0,0,0,0,52,4.000000,0,4,0,17429163797264576971
18,87,52,0,52,0,0,0,0,52,4.000000,0,4,0,2040357845798021702
18,88,52,0,52,0,0,0,0,52,4.000000,0,4,0,128596295864724014
18,89,52,0,52,0,0,0,0,52,4.000000,0,4,0,3710725445971845166
18,90,53,0,53,0,0,0,0,53,4.000000,0,4,0,6423403957882261929
18,91,52,0,52,0,0,0,0,52,4.000000,0,4,0,9188291614160116164
18,92,52,0,52,0,0,0,0,52,4.000000,0,4,0,17907370583322133953
18,93,52,0,52,0,0,0,0,52,4.000000,0,4,0,10073527232028392095
18,94,52,0,52,0,0,0,0,52,4.000000,0,4,0,4947868744381724334
18,95,52,0,52,0,0,0,0,52,4.000000,0,4,0,10490723707963931451
18,96,52,0,52,0,0,0,0,52,4.000000,0,4,0,10091481440559761685
18,97,53,0,53,0,0,0,0,53,4.000000,0,4,0,4760247441860511150
18,98,52,0,52,0,0,0,0,52,4.000000,0,4,0,1882465012211786421
18,99,52,0,52,0,0,0,0,52,4.000000,0,4,0,9344759341214019068
18,100,52,0,52,0,0,0,0,52,4.000000,0,4,0,13479461615076799557
19,1,52,0,0,5,0,0,47,0,480.000000,0,0,4,4716045639478619652
19,2,52,0,0,22,0,0,30,0,478.076923,1,0,4,989949748161122321
19,3,52,0,0,1,0,0,51,0,501.384615,3,0,4,6279229425918060970
19,4,52,0,0,3,0,0,49,0,393.346154,4,0,1,7276819712978110970
19,5,52,0,0,2,0,0,50,0,196.423077,5,0,2,15992500562835589029
19,6,53,0,0,1,0,0,52,0,315.886792,6,0,4,3061430158689447209
19,7,52,0,3,1,0,0,48,3,219.211538,4,3,0,9895319867700816277
19,8,52,0,52,0,0,0,0,52,12.615385,0,7,0,5570325670490208347
19,9,52,0,52,0,0,0,0,52,4.134615,0,7,0,16592718511876532684
19,10,52,2,23,3,0,0,24,22,99.538462,3,7,2,4205782399326352006
19,11,52,0,33,9,0,0,10,33,65.403846,0,11,0,18243469704658540894
19,12,52,0,47,0,0,0,5,46,27.326923,0,12,0,6896534835236776353
19,13,53,0,21,2,0,0,30,17,106.830189,1,13,1,7188066009633717936
19,14,52,0,0,0,0,0,52,0,288.634615,2,13,4,8988190910073986656
19,15,52,0,0,15,0,0,37,0,485.115385,2,13,4,8353262857445494859
19,16,52,0,0,52,0,0,0,0,585.846154,2,13,4,8915578970397526325
19,17,52,0,0,34,0,0,18,0,604.942308,5,13,4,18286874709805596820
19,18,52,0,0,0,0,27,25,0,654.884615,5,13,4,1194482180422574964
19,19,52,0,0,0,0,52,0,0,696.538462,5,13,4,2949749840617291188
19,20,53,0,0,0,0,53,0,0,700.000000,5,13,4,3457604350549513096
19,21,52,0,0,0,0,52,0,0,700.000000,5,13,4,18264993437934641734
19,22,52,0,0,0,0,52,0,0,700.000000,5,13,4,17786248637239305082
19,23,52,0,0,0,0,52,0,0,700.000000,5,13,4,12960983269734137439
19,24,52,0,0,0,0,52,0,0,700.000000,5,13,4,12888063285470278825
19,25,52,0,0,0,0,52,0,0,700.000000,5,13,4,8344788827223433681
19,26,52,0,0,0,0,52,0,0,700.000000,5,13,4,7593084574643816838
19,27,53,0,0,0,0,53,0,0,700.000000,5,13,4,11490324893308147187
19,28,52,0,0,0,0,52,0,0,700.000000,5,13,4,17559301667093675884
19,29,52,0,0,0,0,52,0,0,700.000000,5,13,4,9231132308637405491
19,30,52,0,0,0,0,52,0,0,700.000000,5,13,4,1776880123304621808
19,31,52,0,0,0,0,52,0,0,700.000000,5,13,4,7014866818879361234
19,32,52,0,0,0,0,52,0,0,700.000000,5,13,4,6189562429265421611
19,33,52,0,0,0,0,52,0,0,700.000000,5,13,4,7181239658495141138
19,34,53,0,0,0,0,53,0,0,700.000000,5,13,4,13206070182205513034
19,35,52,0,0,0,0,52,0,0,700.000000,5,13,4,17904847790639313452
19,36,52,0,0,0,0,52,0,0,700.000000,5,13,4,5244639969126666140
19,37,52,0,0,0,0,52,0,0,700.000000,5,13,4,12876316156887229247
19,38,52,0,0,0,0,52,0,0,700.000000,5,13,4,1520083422339690715
19,39,52,0,0,0,0,52,0,0,700.000000,5,13,4,6260929361173167953
19,40,52,0,0,0,0,52,0,0,700.000000,5,13,4,4595688215312824411
19,41,53,0,0,0,0,53,0,0,700.000000,5,13,4,3022665926097549387
19,42,52,0,0,0,0,52,0,0,700.000000,5,13,4,2521602075126014277
19,43,52,0,0,0,0,52,0,0,700.000000,5,13,4,10796082109568689605
19,44,52,0,0,0,0,52,0,0,700.000000,5,13,4,11475481646850672096
19,45,52,0,0,0,0,52,0,0,700.000000,5,13,4,4695738122354377341
19,46,52,0,0,0,0,52,0,0,700.000000,5,13,4,15874292371576400921
19,47,52,0,0,0,0,52,0,0,700.000000,5,13,4,4352290612061494719
19,48,53,0,0,0,0,53,0,0,700.000000,5,13,4,17215126104445750052
19,49,52,0,0,0,0,52,0,0,700.000000,5,13,4,17499326641896718794
19,50,52,0,0,0,0,52,0,0,700.000000,5,13,4,7111004934066994996
19,51,52,0,0,0,0,52,0,0,700.000000,5,13,4,14140646445663576325
19,52,52,0,0,0,0,52,0,0,700.000000,5,13,4,135314039300832997
19,53,52,0,0,0,0,52,0,0,700.000000,5,13,4,4790368744475821700
19,54,52,0,0,0,0,52,0,0,700.000000,5,13,4,4963067253987959092
19,55,53,0,0,0,0,53,0,0,700.000000,5,13,4,8899778477463849295
19,56,52,0,0,0,0,52,0,0,700.000000,5,13,4,809476348311532448
19,57,52,0,0,0,0,52,0,0,700.000000,5,13,4,7800831439374462249
19,58,52,0,0,0,0,52,0,0,700.000000,5,13,4,16229434521366890234
19,59,52,0,0,0,0,52,0,0,700.000000,5,13,4,12202666227902895611
19,60,52,0,0,0,0,52,0,0,700.000000,5,13,4,6853286372761192454
19,61,52,0,0,0,0,52,0,0,700.000000,5,13,4,12957016689124768821
19,62,53,0,0,0,0,53,0,0,700.000000,5,13,4,4041359791069647927
19,63,52,0,0,0,0,52,0,0,700.000000,5,13,4,1721036567056764333
19,64,52,0,0,0,0,52,0,0,700.000000,5,13,4,16563457820612898339
19,65,52,0,0,0,0,52,0,0,700.000000,5,13,4,16637046174418688871
19,66,52,0,0,0,0,52,0,0,700.000000,5,13,4,86461825204082409
19,67,52,0,0,0,0,52,0,0,700.000000,5,13,4,13998835128877637234
19,68,52,0,0,0,0,52,0,0,700.000000,5,13,4,17351385846454777875
19,69,53,0,0,0,0,53,0,0,700.000000,5,13,4,4346354705626109859
19,70,52,0,0,0,0,52,0,0,700.000000,5,13,4,8572947397512751170
19,71,52,0,0,0,0,52,0,0,700.000000,5,13,4,13531953508949417569
19,72,52,0,0,0,0,52,0,0,700.000000,5,13,4,16823118542122085164
19,73,52,0,0,0,0,52,0,0,700.000000,5,13,4,12107051129646747850
19,74,52,0,0,0,0,52,0,0,700.000000,5,13,4,2809919410405697153
19,75,52,0,0,0,0,52,0,0,700.000000,5,13,4,5375768474927047211
19,76,53,0,0,0,0,53,0,0,700.000000,5,13,4,3054650311622746719
19,77,52,0,0,0,0,52,0,0,700.000000,5,13,4,1751769400237329736
19,78,52,0,0,0,0,52,0,0,700.000000,5,13,4,15042765595411500402
19,79,52,0,0,0,0,52,0,0,700.000000,5,13,4,12870494241939598492
19,80,52,0,0,0,0,52,0,0,700.000000,5,13,4,12791110826632769401
19,81,52,0,0,0,0,52,0,0,700.000000,5,13,4,16128995580511740360
19,82,52,0,0,0,0,52,0,0,700.000000,5,13,4,14412285632207730835
19,83,53,0,0,0,0,53,0,0,700.000000,5,13,4,9529781209932961907
19,84,52,0,0,0,0,52,0,0,700.000000,5,13,4,16723331331058244250
19,85,52,0,0,0,0,52,0,0,700.000000,5,13,4,10345487490583955333
19,86,52,0,0,0,0,52,0,0,700.000000,5,13,4,14569223955769407073
19,87,52,0,0,0,0,52,0,0,700.000000,5,13,4,1693353137271798831
19,88,52,0,0,0,0,52,0,0,700.000000,5,13,4,13246849077429794351
19,89,52,0,0,0,0,52,0,0,700.000000,5,13,4,8822435156622560589
19,90,53,0,0,0,0,53,0,0,700.000000,5,13,4,9505960207054570322
19,91,52,0,0,0,0,52,0,0,700.000000,5,13,4,8375861418832820712
19,92,52,0,0,0,0,52,0,0,700.000000,5,13,4,10799190197940645774
19,93,52,0,0,0,0,52,0,0,700.000000,5,13,4,2226770985044123224
19,94,52,0,0,0,0,52,0,0,700.000000,5,13,4,6760674755061820604
19,95,52,0,0,0,0,52,0,0,700.000000,5,13,4,5519842297039422016
19,96,52,0,0,0,0,52,0,0,700.000000,5,13,4,12877454515569220293
19,97,53,0,0,0,0,53,0,0,700.000000,5,13,4,14008430385987543503
19,98,52,0,0,0,0,52,0,0,700.000000,5,13,4,6774861677737129846
19,99,52,0,0,0,0,52,0,0,700.000000,5,13,4,3368782965191480729
19,100,52,0,0,0,0,52,0,0,700.000000,5,13,4,7947484195430919230
20,1,52,0,0,14,0,0,38,0,481.692308,1,0,4,7586595681414996202
20,2,52,0,0,18,0,0,34,0,507.807692,3,0,4,10690335921568358420
20,3,52,0,0,13,0,0,39,0,504.692308,3,0,4,14800152804805979726
20,4,52,0,0,26,0,0,26,0,492.346154,5,0,4,2142966251312067529
20,5,52,0,0,0,0,21,31,0,453.000000,5,0,2,4033727957609151027
20,6,53,0,0,7,0,16,30,0,408.490566,7,0,4,14209055658908703204
20,7,52,0,0,0,0,0,52,0,540.615385,8,0,4,5454810496919737970
20,8,52,0,0,0,0,0,52,0,602.923077,9,0,4,4030474833201501730
20,9,52,0,0,0,0,0,52,0,627.000000,10,0,4,2908681004102917398
20,10,52,0,0,5,0,0,47,0,613.153846,11,0,4,9346792787009155449
20,11,52,0,0,9,0,0,43,0,615.846154,12,0,4,16973179130547129639
20,12,52,0,0,14,0,0,38,0,573.230769,13,0,4,10230272060560735798
20,13,53,0,0,53,0,0,0,0,314.207547,13,0,4,13041372557389747248
20,14,52,0,0,19,0,0,33,0,388.519231,16,0,4,10318482002278226592
20,15,52,0,0,15,0,0,37,0,250.384615,16,0,2,938767372471309929
20,16,52,0,0,15,0,0,37,0,210.730769,18,0,2,13037398310725709423
20,17,52,0,0,23,0,0,29,0,300.365385,18,0,4,6439438566783154314
20,18,52,0,0,24,0,3,25,0,307.000000,19,0,4,17037129615780600797
20,19,52,0,0,0,0,52,0,0,307.000000,19,0,4,5847298072272968694
20,20,53,0,34,0,0,19,0,33,64.754717,0,19,0,7754942572224405694
20,21,52,0,52,0,0,0,0,52,6.615385,0,19,0,12715916360075228936
20,22,52,0,48,0,0,4,0,48,20.865385,0,19,0,5299724041779808167
20,23,52,0,52,0,0,0,0,52,15.346154,0,19,0,12040005974278923010
20,24,52,0,52,0,0,0,0,52,14.538462,0,19,0,7734061445587899605
20,25,52,0,25,0,0,27,0,24,61.673077,0,19,1,2807380320524598188
20,26,52,0,0,0,0,52,0,0,175.096154,0,19,2,8205255475887235040
20,27,53,0,0,0,0,53,0,0,152.849057,0,19,1,15425940473165632237
20,28,52,0,0,0,0,52,0,0,136.961538,0,19,1,1517056391117854316
20,29,52,0,0,0,0,52,0,0,151.923077,0,19,1,5750444209035039209
20,30,52,0,0,0,0,52,0,0,150.038462,0,19,1,10072136237106662259
20,31,52,0,39,0,0,13,0,39,34.980769,0,19,0,13659853134878166076
20,32,52,0,52,0,0,0,0,52,11.269231,0,19,0,12086982670300956626
20,33,52,0,52,0,0,0,0,52,7.269231,0,19,0,15114782221147831899
20,34,53,0,53,0,0,0,0,53,8.849057,0,19,0,12926714898583400097
20,35,52,0,52,0,0,0,0,52,9.423077,0,19,0,14309225917189701552
20,36,52,0,52,0,0,0,0,52,8.903846,0,19,0,13526053916184494731
20,37,52,0,52,0,0,0,0,52,9.346154,0,19,0,434087146809490714
20,38,52,0,52,0,0,0,0,52,8.269231,0,19,0,15848512928379407006
20,39,52,0,52,0,0,0,0,52,10.019231,0,19,0,4980883638227073408
20,40,52,0,52,0,0,0,0,52,9.442308,0,19,0,3643344189118716342
20,41,53,0,53,0,0,0,0,53,10.094340,0,19,0,10583468926386166396
20,42,52,0,52,0,0,0,0,52,10.846154,0,19,0,1306801796111779459
20,43,52,0,52,0,0,0,0,52,7.711538,0,19,0,8628127827595165506
20,44,52,0,52,0,0,0,0,52,7.230769,0,19,0,3994217566771015691
20,45,52,0,52,0,0,0,0,52,9.865385,0,19,0,11419688591073269873
20,46,52,0,52,0,0,0,0,52,9.153846,0,19,0,1573089179241919639
20,47,52,0,52,0,0,0,0,52,9.538462,0,19,0,3513490471282973085
20,48,53,0,53,0,0,0,0,53,9.830189,0,19,0,13031509798711838385
20,49,52,0,52,0,0,0,0,52,10.750000,0,19,0,6602404411516812212
20,50,52,0,52,0,0,0,0,52,13.846154,0,19,0,1289998994327887674
20,51,52,0,52,0,0,0,0,52,9.346154,0,19,0,9906858735854985410
20,52,52,0,52,0,0,0,0,52,8.384615,0,19,0,3652688596056948352
20,53,52,0,52,0,0,0,0,52,8.442308,0,19,0,15103665700590487679
20,54,52,0,52,0,0,0,0,52,8.326923,0,19,0,10202817049014921750
20,55,53,0,53,0,0,0,0,53,6.660377,0,19,0,16308154832727004079
20,56,52,0,52,0,0,0,0,52,8.153846,0,19,0,8104109588433849512
20,57,52,0,52,0,0,0,0,52,10.923077,0,19,0,3766319748739737839
20,58,52,0,52,0,0,0,0,52,11.807692,0,19,0,7531698463199588156
20,59,52,0,52,0,0,0,0,52,12.423077,0,19,0,5015170692896046040
20,60,52,0,52,0,0,0,0,52,14.346154,0,19,0,11625047569500094731
20,61,52,0,52,0,0,0,0,52,8.384615,0,19,0,2107594789571208285
20,62,53,0,53,0,0,0,0,53,11.320755,0,19,0,3364779278997614693
20,63,52,0,52,0,0,0,0,52,9.076923,0,19,0,7548765560926695770
20,64,52,0,52,0,0,0,0,52,8.730769,0,19,0,5911392656702931260
20,65,52,0,52,0,0,0,0,52,8.692308,0,19,0,8213187675501470040
20,66,52,0,52,0,0,0,0,52,9.250000,0,19,0,11539232401048736955
20,67,52,0,52,0,0,0,0,52,11.980769,0,19,0,1895448416453365287
20,68,52,0,52,0,0,0,0,52,10.750000,0,19,0,4119111029912497557
20,69,53,0,53,0,0,0,0,53,9.943396,0,19,0,1112019098308845109
20,70,52,0,52,0,0,0,0,52,10.519231,0,19,0,2416485473279840418
20,71,52,0,52,0,0,0,0,52,9.288462,0,19,0,6007229794853656401
20,72,52,0,52,0,0,0,0,52,11.826923,0,19,0,830814792485714030
20,73,52,0,52,0,0,0,0,52,9.769231,0,19,0,9456091225391527280
20,74,52,0,52,0,0,0,0,52,10.846154,0,19,0,12792576062353399841
20,75,52,0,52,0,0,0,0,52,14.346154,0,19,0,7688700324282173224
20,76,53,0,53,0,0,0,0,53,11.452830,0,19,0,8771536069897270080
20,77,52,0,52,0,0,0,0,52,13.923077,0,19,0,6885098832514051540
20,78,52,0,52,0,0,0,0,52,11.384615,0,19,0,12877380857550271471
20,79,52,0,52,0,0,0,0,52,13.750000,0,19,0,11946314774427404454
20,80,52,0,52,0,0,0,0,52,12.692308,0,19,0,2509347735405771869
20,81,52,0,52,0,0,0,0,52,12.692308,0,19,0,10321178468991602661
20,82,52,0,52,0,0,0,0,52,12.769231,0,19,0,17370458966496568109
20,83,53,0,53,0,0,0,0,53,12.433962,0,19,0,554131889611967704
20,84,52,0,52,0,0,0,0,52,13.076923,0,19,0,4687441295152433543
20,85,52,0,52,0,0,0,0,52,12.634615,0,19,0,16124156194793419083
20,86,52,0,52,0,0,0,0,52,13.538462,0,19,0,1901308934047589156
20,87,52,0,52,0,0,0,0,52,13.942308,0,19,0,4043454105618002781
20,88,52,0,52,0,0,0,0,52,13.192308,0,19,0,13063973583901382607
20,89,52,0,52,0,0,0,0,52,14.076923,0,19,0,11732093979805363516
20,90,53,0,53,0,0,0,0,53,14.886792,0,19,0,5321415362157136516
20,91,52,0,52,0,0,0,0,52,12.384615,0,19,0,6166424991580227909
20,92,52,0,52,0,0,0,0,52,14.750000,0,19,0,1079830304783063650
20,93,52,0,52,0,0,0,0,52,11.884615,0,19,0,6532846282475210610
20,94,52,0,52,0,0,0,0,52,15.153846,0,19,0,158922015131122223
20,95,52,0,52,0,0,0,0,52,13.384615,0,19,0,17278719682722227849
20,96,52,0,52,0,0,0,0,52,13.750000,0,19,0,13016539273465568359
20,97,53,0,53,0,0,0,0,53,12.113208,0,19,0,4229557431081252726
20,98,52,0,52,0,0,0,0,52,15.846154,0,19,0,385289670099276673
20,99,52,0,52,0,0,0,0,52,13.038462,0,19,0,5302764740355224721
20,100,52,0,52,0,0,0,0,52,13.653846,0,19,0,221653053421611347
21,1,52,0,0,6,0,0,46,0,480.000000,2,0,4,3549979000492038047
21,2,52,0,0,9,0,0,43,0,470.480769,2,0,4,5222273015812139311
21,3,52,0,0,3,0,0,49,0,399.250000,4,0,4,13987392628914417378
21,4,52,0,14,0,0,3,35,14,186.442308,0,4,0,14998804929728482072
21,5,52,0,33,19,0,0,0,31,41.000000,0,4,1,492835335148741836
21,6,53,1,2,14,0,0,36,1,92.471698,3,4,1,14802102238953780880
21,7,52,0,0,3,0,0,49,0,229.288462,4,4,4,2927900911292493143
21,8,52,0,3,1,0,0,48,3,169.076923,2,7,1,12153864815307580008
21,9,52,0,11,4,0,0,37,10,99.480769,0,10,1,11639103694020904626
21,10,52,0,0,3,0,0,49,0,222.923077,1,10,4,10768593547200670097
21,11,52,0,0,9,0,0,43,0,344.884615,1,10,4,10956965406598230892
21,12,52,0,0,52,0,0,0,0,496.269231,1,10,4,766658714958012023
21,13,53,0,0,34,0,19,0,0,532.735849,1,10,4,5937937482728771524
21,14,52,0,0,0,0,52,0,0,517.288462,1,10,4,9312886608230239364
21,15,52,0,0,0,0,52,0,0,529.634615,1,10,4,182561788342812676
21,16,52,0,0,0,0,52,0,0,574.480769,1,10,4,10032367712509220896
21,17,52,0,0,0,0,52,0,0,610.384615,1,10,4,15741884206665314924
21,18,52,0,0,0,0,52,0,0,613.634615,1,10,4,3354791529691474218
21,19,52,0,0,0,0,52,0,0,607.788462,1,10,4,15383111484540706624
21,20,53,0,0,0,0,53,0,0,608.018868,1,10,4,12761944399347533413
21,21,52,0,0,0,0,52,0,0,591.557692,1,10,4,9625063658083426078
21,22,52,0,0,0,0,52,0,0,600.826923,1,10,4,3806198962669770933
21,23,52,0,0,0,0,52,0,0,607.923077,1,10,4,17486503867217238648
21,24,52,0,0,0,0,52,0,0,607.423077,1,10,4,8455258161858361108
21,25,52,0,0,0,0,52,0,0,606.673077,1,10,4,10810842878517442802
21,26,52,0,0,0,0,52,0,0,606.961538,1,10,4,519015300909980028
21,27,53,0,0,0,0,53,0,0,606.566038,1,10,4,17859364191345098938
21,28,52,0,0,0,0,52,0,0,606.634615,1,10,4,11164935919214514492
21,29,52,0,0,0,0,52,0,0,607.788462,1,10,4,230998919676219538
21,30,52,0,0,0,0,52,0,0,606.807692,1,10,4,6850819836309565299
21,31,52,0,0,0,0,52,0,0,603.365385,1,10,4,9452997681796815407
21,32,52,0,0,0,0,52,0,0,604.403846,1,10,4,986522621264839862
21,33,52,0,0,0,0,52,0,0,600.038462,1,10,4,6815429445423971249
21,34,53,0,0,0,0,53,0,0,600.000000,1,10,4,1643737498474833182
21,35,52,0,0,0,0,52,0,0,600.000000,1,10,4,14443813305492096266
21,36,52,0,0,0,0,52,0,0,600.000000,1,10,4,7282933118792397683
21,37,52,0,0,0,0,52,0,0,600.000000,1,10,4,18341447638688471711
21,38,52,0,0,0,0,52,0,0,600.000000,1,10,4,4463973774514417404
21,39,52,0,0,0,0,52,0,0,600.000000,1,10,4,16900646511458520119
21,40,52,0,0,0,0,52,0,0,590.076923,0,11,4,1232164562767603243
21,41,53,0,0,0,0,53,0,0,195.188679,0,11,1,17169979357867111769
21,42,52,0,0,0,0,52,0,0,129.865385,0,11,1,14699294917177592340
21,43,52,0,0,0,0,52,0,0,132.250000,0,11,2,6548281252488973115
21,44,52,0,0,0,0,52,0,0,129.423077,0,11,1,10292405441473773060
21,45,52,0,0,0,0,52,0,0,134.019231,0,11,1,5152378939105686827
21,46,52,0,0,0,0,52,0,0,134.000000,0,11,1,13164969186425165021
21,47,52,0,0,0,0,52,0,0,134.000000,0,11,1,5364683035977514356
21,48,53,0,0,0,0,53,0,0,134.000000,0,11,1,11752235812145201181
21,49,52,0,0,0,0,52,0,0,134.000000,0,11,1,9239567746749258969
21,50,52,0,4,0,0,48,0,5,118.769231,0,11,0,10135574482615861573
21,51,52,0,52,0,0,0,0,52,21.903846,0,11,0,9835686215133724499
21,52,52,0,52,0,0,0,0,52,22.269231,0,11,0,17518790635541088738
21,53,52,0,52,0,0,0,0,52,18.750000,0,11,0,13095984337247890323
21,54,52,0,52,0,0,0,0,52,20.903846,0,11,0,15634478108247918568
21,55,53,0,53,0,0,0,0,53,20.603774,0,11,0,7616458882445192271
21,56,52,0,52,0,0,0,0,52,18.269231,0,11,0,6874363474891564277
21,57,52,0,52,0,0,0,0,52,22.192308,0,11,0,8741558742081280669
21,58,52,0,52,0,0,0,0,52,17.057692,0,11,0,8123125898350046621
21,59,52,0,52,0,0,0,0,52,13.961538,0,11,0,13147371861887854343
21,60,52,0,52,0,0,0,0,52,13.000000,0,11,0,11582750291763392934
21,61,52,0,52,0,0,0,0,52,13.000000,0,11,0,6153733473240844468
21,62,53,0,53,0,0,0,0,53,13.000000,0,11,0,12989742545563609012
21,63,52,0,52,0,0,0,0,52,13.000000,0,11,0,4086859626748513248
21,64,52,0,52,0,0,0,0,52,13.000000,0,11,0,2211638332915586034
21,65,52,0,52,0,0,0,0,52,13.000000,0,11,0,5326407506281902322
21,66,52,0,52,0,0,0,0,52,13.000000,0,11,0,7239993828411104541
21,67,52,0,52,0,0,0,0,52,13.000000,0,11,0,2664220375642671191
21,68,52,0,52,0,0,0,0,52,13.000000,0,11,0,1043907403417629531
21,69,53,0,53,0,0,0,0,53,13.000000,0,11,0,14438165574075461267
21,70,52,0,52,0,0,0,0,52,13.000000,0,11,0,3800366111130460723
21,71,52,0,52,0,0,0,0,52,13.000000,0,11,0,2398265499452351805
21,72,52,0,52,0,0,0,0,52,13.000000,0,11,0,8868821366508909172
21,73,52,0,52,0,0,0,0,52,13.000000,0,11,0,7552669006585179992
21,74,52,0,52,0,0,0,0,52,13.000000,0,11,0,8289854080297817178
21,75,52,0,52,0,0,0,0,52,13.000000,0,11,0,7039628580113023268
21,76,53,0,53,0,0,0,0,53,13.000000,0,11,0,17482972481124491869
21,77,52,0,52,0,0,0,0,52,13.000000,0,11,0,5020592069201835135
21,78,52,0,52,0,0,0,0,52,13.000000,0,11,0,10474845569993754755
21,79,52,0,52,0,0,0,0,52,13.000000,0,11,0,10892628166212008828
21,80,52,0,52,0,0,0,0,52,13.000000,0,11,0,1605885544511898395
21,81,52,0,52,0,0,0,0,52,13.000000,0,11,0,12497577535416202864
21,82,52,0,52,0,0,0,0,52,13.000000,0,11,0,12831779167362765462
21,83,53,0,53,0,0,0,0,53,13.000000,0,11,0,13928210362338067770
21,84,52,0,52,0,0,0,0,52,13.000000,0,11,0,15006771031256031859
21,85,52,0,52,0,0,0,0,52,13.000000,0,11,0,2825895366022586920
21,86,52,0,52,0,0,0,0,52,13.000000,0,11,0,7807800932264942583
21,87,52,0,52,0,0,0,0,52,13.000000,0,11,0,13363762278694548231
21,88,52,0,52,0,0,0,0,52,13.000000,0,11,0,15911675910506739367
21,89,52,0,52,0,0,0,0,52,13.000000,0,11,0,125636782561268632
21,90,53,0,53,0,0,0,0,53,13.000000,0,11,0,4869505330970382605
21,91,52,0,52,0,0,0,0,52,13.000000,0,11,0,7410869642652571142
21,92,52,0,52,0,0,0,0,52,13.000000,0,11,0,16575155828990188796
21,93,52,0,52,0,0,0,0,52,13.000000,0,11,0,11989845959663992173
21,94,52,0,52,0,0,0,0,52,13.000000,0,11,0,3781398453082077002
21,95,52,0,52,0,0,0,0,52,13.000000,0,11,0,5973314098028044128
21,96,52,0,52,0,0,0,0,52,13.000000,0,11,0,18169689938653087555
21,97,53,0,53,0,0,0,0,53,13.000000,0,11,0,5197456223704226194
21,98,52,0,52,0,0,0,0,52,13.000000,0,11,0,15900493417968288015
21,99,52,0,52,0,0,0,0,52,13.000000,0,11,0,3620003717317697463
21,100,52,0,52,0,0,0,0,52,13.000000,0,11,0,18004808306707976516
22,1,52,0,0,1,0,0,51,0,480.000000,1,0,4,9403381378118795006
22,2,52,0,0,7,0,0,45,0,480.000000,2,0,4,14795243485448114555
22,3,52,0,0,2,0,0,50,0,474.076923,3,0,4,1691892249846066526
22,4,52,0,0,17,0,0,35,0,448.596154,3,0,4,12202912693563161222
22,5,52,0,0,52,0,0,0,0,502.903846,3,0,4,6859099926329269895
22,6,53,0,0,15,0,38,0,0,522.000000,3,0,4,6468281752687721059
22,7,52,0,0,0,0,52,0,0,522.000000,3,0,4,4639547438607080001
22,8,52,0,0,0,0,52,0,0,522.000000,3,0,4,3430133691953254544
22,9,52,0,0,0,0,52,0,0,522.000000,3,0,4,4544333547123069271
22,10,52,0,0,0,0,52,0,0,522.000000,3,0,4,11517943023701005607
22,11,52,0,0,0,0,52,0,0,522.000000,3,0,4,9468914884543334139
22,12,52,0,0,0,0,52,0,0,522.000000,3,0,4,18189133352589776403
22,13,53,0,0,0,0,53,0,0,522.000000,3,0,4,2765779915172244357
22,14,52,0,0,0,0,52,0,0,522.000000,3,0,4,1741963558976175134
22,15,52,0,0,0,0,52,0,0,522.000000,3,0,4,7458042466974257174
22,16,52,0,0,0,0,52,0,0,514.307692,3,0,4,2829771841718974291
22,17,52,0,0,0,0,52,0,0,458.596154,3,0,4,3197343307488957488
22,18,52,0,0,0,0,52,0,0,335.403846,3,0,4,3733318394574654695
22,19,52,0,0,0,0,52,0,0,246.211538,3,0,2,13638004263630911915
22,20,53,0,13,0,0,40,0,12,132.622642,0,3,1,4190740215234184869
22,21,52,0,28,0,0,24,0,28,50.442308,0,3,0,8305792910827257951
22,22,52,0,25,0,0,27,0,24,68.750000,0,3,1,16053538568181545969
22,23,52,0,0,0,0,52,0,0,174.000000,0,3,2,16953616635767113329
22,24,52,0,0,0,0,52,0,0,160.211538,0,3,1,4655041636666974363
22,25,52,0,0,0,0,52,0,0,160.538462,0,3,1,17940019353196675768
22,26,52,0,0,0,0,52,0,0,143.923077,0,3,1,12184633833080588474
22,27,53,0,0,0,0,53,0,0,119.056604,0,3,1,1135868323038469650
22,28,52,0,0,0,0,52,0,0,114.961538,0,3,1,10432713993498312789
22,29,52,0,0,0,0,52,0,0,128.288462,0,3,1,7625000918820654940
22,30,52,0,0,0,0,52,0,0,113.961538,0,3,1,1991208575677717127
22,31,52,0,0,0,0,52,0,0,102.615385,0,3,1,4217080217707362720
22,32,52,0,0,0,0,52,0,0,101.115385,0,3,1,1387411734921437155
22,33,52,0,9,0,0,43,0,9,67.423077,0,3,1,17924645616765896583
22,34,53,0,21,0,0,32,0,21,57.207547,0,3,1,9555950615510417155
22,35,52,0,36,0,0,16,0,36,40.711538,0,3,1,572581441758101718
22,36,52,0,51,0,0,1,0,52,22.000000,0,3,0,9293980347361864646
22,37,52,0,49,0,0,3,0,47,30.096154,0,3,0,12776940259806575655
22,38,52,0,52,0,0,0,0,52,22.230769,0,3,0,5359142982705071224
22,39,52,0,52,0,0,0,0,52,20.288462,0,3,0,11159175826161032887
22,40,52,0,52,0,0,0,0,52,21.134615,0,3,0,6732532056982178759
22,41,53,0,35,0,0,18,0,34,38.056604,0,3,1,10928551500225691638
22,42,52,0,0,0,0,52,0,0,116.653846,0,3,1,3897221796174703710
22,43,52,0,0,0,0,52,0,0,176.000000,0,3,2,16842272410456356321
22,44,52,0,0,0,0,52,0,0,228.000000,0,3,2,8880106340174543798
22,45,52,0,0,0,0,52,0,0,261.365385,0,3,2,1654760913519734879
22,46,52,0,0,0,0,52,0,0,262.000000,0,3,2,5482470839392413990
22,47,52,0,0,0,0,52,0,0,262.000000,0,3,2,66128871996182849
22,48,53,0,0,0,0,53,0,0,262.000000,0,3,2,11147949402397845360
22,49,52,0,0,0,0,52,0,0,262.000000,0,3,2,6314377315125852251
22,50,52,0,0,0,0,52,0,0,262.000000,0,3,2,10357308061114042103
22,51,52,0,0,0,0,52,0,0,262.000000,0,3,2,14564928302386327809
22,52,52,0,0,0,0,52,0,0,262.000000,0,3,2,6969633237770177403
22,53,52,0,0,0,0,52,0,0,262.000000,0,3,2,4819235066064806776
22,54,52,0,0,0,0,52,0,0,254.038462,0,3,2,3938428260115059377
22,55,53,0,0,0,0,53,0,0,239.000000,0,3,2,1427638253767005785
22,56,52,0,0,0,0,52,0,0,198.615385,0,3,1,6555137260657435392
22,57,52,0,0,0,0,52,0,0,119.846154,0,3,1,6870941881622871314
22,58,52,0,21,0,0,31,0,21,70.923077,0,3,0,1630077624372839781
22,59,52,0,52,0,0,0,0,52,3.000000,0,3,0,16307694940635417382
22,60,52,0,52,0,0,0,0,52,3.000000,0,3,0,8962642328151289041
22,61,52,0,52,0,0,0,0,52,3.000000,0,3,0,11807264364936891535
22,62,53,0,53,0,0,0,0,53,3.000000,0,3,0,2126718324243904662
22,63,52,0,52,0,0,0,0,52,3.000000,0,3,0,13592030119447078703
22,64,52,0,52,0,0,0,0,52,3.000000,0,3,0,3259965229057037545
22,65,52,0,52,0,0,0,0,52,3.000000,0,3,0,9828535497635307021
22,66,52,0,52,0,0,0,0,52,3.000000,0,3,0,6421915702010827037
22,67,52,0,52,0,0,0,0,52,3.000000,0,3,0,7625108775245355713
22,68,52,0,52,0,0,0,0,52,3.000000,0,3,0,7677283506933423553
22,69,53,0,53,0,0,0,0,53,3.000000,0,3,0,14933796727492982146
22,70,52,0,52,0,0,0,0,52,3.000000,0,3,0,2380035728931274718
22,71,52,0,52,0,0,0,0,52,3.000000,0,3,0,5407466072007778151
22,72,52,0,52,0,0,0,0,52,3.000000,0,3,0,17153429216614062621
22,73,52,0,52,0,0,0,0,52,3.000000,0,3,0,7585989552902387327
22,74,52,0,52,0,0,0,0,52,3.000000,0,3,0,12502955863256932393
22,75,52,0,52,0,0,0,0,52,5.307692,0,3,0,6890715111683821030
22,76,53,0,53,0,0,0,0,53,23.905660,0,3,0,8717483458768122240
22,77,52,0,52,0,0,0,0,52,22.538462,0,3,0,493670563975631202
22,78,52,0,52,0,0,0,0,52,18.307692,0,3,0,10691746220576013167
22,79,52,0,52,0,0,0,0,52,17.846154,0,3,0,3801313060620986892
22,80,52,0,52,0,0,0,0,52,17.923077,0,3,0,445487962892493055
22,81,52,0,52,0,0,0,0,52,7.865385,0,3,0,4721044933463255107
22,82,52,0,52,0,0,0,0,52,10.000000,0,3,0,7763467363661996409
22,83,53,0,53,0,0,0,0,53,10.000000,0,3,0,11139243729404739545
22,84,52,0,52,0,0,0,0,52,10.000000,0,3,0,13175495494185012492
22,85,52,0,52,0,0,0,0,52,10.000000,0,3,0,10475844970739563250
22,86,52,0,52,0,0,0,0,52,10.000000,0,3,0,7711992533098931800
22,87,52,0,52,0,0,0,0,52,10.000000,0,3,0,5378728023009449457
22,88,52,0,52,0,0,0,0,52,10.000000,0,3,0,13475203315914155825
22,89,52,0,52,0,0,0,0,52,10.000000,0,3,0,17816665462038092694
22,90,53,0,53,0,0,0,0,53,10.000000,0,3,0,1781688729795294415
22,91,52,0,52,0,0,0,0,52,10.000000,0,3,0,11566629353694709921
22,92,52,0,52,0,0,0,0,52,10.000000,0,3,0,2380670838397529659
22,93,52,0,52,0,0,0,0,52,10.000000,0,3,0,11573261835517198598
22,94,52,0,52,0,0,0,0,52,10.000000,0,3,0,7812890337322961931
22,95,52,0,52,0,0,0,0,52,10.000000,0,3,0,3948626337648748478
22,96,52,0,52,0,0,0,0,52,10.000000,0,3,0,12899757952007634141
22,97,53,0,53,0,0,0,0,53,10.000000,0,3,0,8468823662894526726
22,98,52,0,52,0,0,0,0,52,10.000000,0,3,0,14984328270857865658
22,99,52,0,52,0,0,0,0,52,10.000000,0,3,0,358798833529544879
22,100,52,0,52,0,0,0,0,52,10.000000,0,3,0,7071433487075437776
23,1,52,0,0,4,0,0,48,0,480.000000,3,0,4,2398268045925250312
23,2,52,0,0,0,0,0,52,0,478.423077,4,0,4,3122600930948146314
23,3,52,0,0,11,0,0,41,0,511.038462,5,0,4,4380039051066377554
23,4,52,0,0,17,0,0,35,0,409.942308,5,0,2,2813301620719143796
23,5,52,0,0,7,0,45,0,0,207.615385,5,0,2,6790907949128103270
23,6,53,0,0,15,0,38,0,0,361.132075,5,0,4,13029901434653416285
23,7,52,0,0,0,0,52,0,0,473.403846,5,0,4,16633584520542372255
23,8,52,0,0,0,0,52,0,0,510.000000,5,0,4,9792592048634610041
23,9,52,0,0,0,0,52,0,0,508.480769,5,0,4,7003261817904354930
23,10,52,3,0,12,0,9,28,0,218.153846,12,0,2,3462700282983839229
23,11,52,0,0,17,0,0,35,1,215.615385,13,0,1,5715399851115670443
23,12,52,0,41,9,0,0,2,41,17.115385,0,13,0,6375172408647043286
23,13,53,0,53,0,0,0,0,53,3.849057,0,13,0,9250171006486479409
23,14,52,3,42,7,0,0,0,41,25.192308,3,13,1,17398242397662011055
23,15,52,0,0,31,0,0,21,0,163.000000,4,13,2,1203790134539673680
23,16,52,0,0,29,0,0,23,0,319.000000,5,13,4,11012752807826173737
23,17,52,0,0,19,0,0,33,0,460.230769,7,13,4,8752080457277605305
23,18,52,0,0,0,0,0,52,0,491.000000,7,13,4,14553481133181817087
23,19,52,0,0,0,0,39,13,0,491.000000,7,13,4,8022780699086702868
23,20,53,0,0,0,0,53,0,0,491.000000,7,13,4,5448776884437145254
23,21,52,0,0,0,0,52,0,0,491.000000,7,13,4,7293763927272417622
23,22,52,0,0,0,0,52,0,0,491.000000,7,13,4,1993183546923535332
23,23,52,0,0,0,0,52,0,0,491.000000,7,13,4,3612670778597093810
23,24,52,0,0,0,0,52,0,0,491.000000,7,13,4,12672509741777979774
23,25,52,0,0,0,0,52,0,0,491.000000,7,13,4,830997053946500628
23,26,52,0,0,0,0,52,0,0,491.000000,7,13,4,8237804551585436895
23,27,53,0,0,0,0,53,0,0,491.000000,7,13,4,8733809627239307769
23,28,52,0,0,0,0,52,0,0,491.000000,7,13,4,13212125712256228595
23,29,52,0,0,0,0,52,0,0,491.000000,7,13,4,5097532928410293085
23,30,52,0,0,0,0,52,0,0,491.000000,7,13,4,3186603938527485579
23,31,52,0,0,0,0,52,0,0,491.000000,7,13,4,7979122917902383001
23,32,52,0,0,0,0,52,0,0,491.000000,7,13,4,11347121629210270706
23,33,52,0,0,0,0,52,0,0,491.000000,7,13,4,16982029658979356982
23,34,53,0,0,0,0,53,0,0,491.000000,7,13,4,14244833254946087722
23,35,52,0,0,0,0,52,0,0,491.000000,7,13,4,3594819193366296842
23,36,52,0,0,0,0,52,0,0,491.000000,7,13,4,5738837254123490330
23,37,52,0,0,0,0,52,0,0,491.000000,7,13,4,6648015461087194761
23,38,52,0,0,0,0,52,0,0,491.000000,7,13,4,10632738596209041230
23,39,52,0,0,0,0,52,0,0,491.000000,7,13,4,12135036581984816679
23,40,52,0,0,0,0,52,0,0,491.000000,7,13,4,8733990071427420528
23,41,53,0,0,0,0,53,0,0,491.000000,7,13,4,516089641558291960
23,42,52,0,0,0,0,52,0,0,491.000000,7,13,4,9618134209190039659
23,43,52,0,0,0,0,52,0,0,491.000000,7,13,4,14096043266223452327
23,44,52,0,0,0,0,52,0,0,491.000000,7,13,4,18013365062650924141
23,45,52,0,0,0,0,52,0,0,491.000000,7,13,4,7427958025198459145
23,46,52,0,0,0,0,52,0,0,491.000000,7,13,4,8669321301175328665
23,47,52,0,0,0,0,52,0,0,491.000000,7,13,4,3099557824610309788
23,48,53,0,0,0,0,53,0,0,491.000000,7,13,4,3296999926982363777
23,49,52,0,0,0,0,52,0,0,491.000000,7,13,4,9527529722572581667
23,50,52,0,0,0,0,52,0,0,491.000000,7,13,4,11798865181762918175
23,51,52,0,0,0,0,52,0,0,491.000000,7,13,4,12227148148553315291
23,52,52,0,0,0,0,52,0,0,491.000000,7,13,4,15333262800690608531
23,53,52,0,0,0,0,52,0,0,491.000000,7,13,4,4055136705812108359
23,54,52,0,0,0,0,52,0,0,491.000000,7,13,4,16803281872537132654
23,55,53,0,0,0,0,53,0,0,491.000000,7,13,4,14107427664070217180
23,56,52,0,0,0,0,52,0,0,491.000000,7,13,4,10224749366613360402
23,57,52,0,0,0,0,52,0,0,491.000000,7,13,4,8625749828775477857
23,58,52,0,0,0,0,52,0,0,491.000000,7,13,4,3419975489291983781
23,59,52,0,0,0,0,52,0,0,491.000000,7,13,4,11352737870361041306
23,60,52,0,0,0,0,52,0,0,491.000000,7,13,4,15129140796222607553
23,61,52,0,0,0,0,52,0,0,491.000000,7,13,4,2778818320498077648
23,62,53,0,0,0,0,53,0,0,491.000000,7,13,4,8228029466132965187
23,63,52,0,0,0,0,52,0,0,491.000000,7,13,4,2659861760425677800
23,64,52,0,0,0,0,52,0,0,491.000000,7,13,4,8346242001164795964
23,65,52,0,0,0,0,52,0,0,491.000000,7,13,4,14564621209964516667
23,66,52,0,0,0,0,52,0,0,491.000000,7,13,4,5787605011175100623
23,67,52,0,0,0,0,52,0,0,491.000000,7,13,4,14902703019524620553
23,68,52,0,0,0,0,52,0,0,491.000000,7,13,4,16343300678011538114
23,69,53,0,0,0,0,53,0,0,491.000000,7,13,4,6699489109928831563
23,70,52,0,0,0,0,52,0,0,491.000000,7,13,4,10850558777096622897
23,71,52,0,0,0,0,52,0,0,491.000000,7,13,4,10971781966326751061
23,72,52,0,0,0,0,52,0,0,491.000000,7,13,4,13959039327586100002
23,73,52,0,0,0,0,52,0,0,491.000000,7,13,4,4133786419915550916
23,74,52,0,0,0,0,52,0,0,491.000000,7,13,4,2088232647712570706
23,75,52,0,0,0,0,52,0,0,491.000000,7,13,4,11621694420793614303
23,76,53,0,0,0,0,53,0,0,491.000000,7,13,4,7514881883999633076
23,77,52,0,0,0,0,52,0,0,491.000000,7,13,4,14409238616378866939
23,78,52,0,0,0,0,52,0,0,491.000000,7,13,4,2039175842301915603
23,79,52,0,0,0,0,52,0,0,491.000000,7,13,4,15701997220641692139
23,80,52,0,0,0,0,52,0,0,491.000000,7,13,4,8945717452792906566
23,81,52,0,0,0,0,52,0,0,491.000000,7,13,4,16042921195538583448
23,82,52,0,0,0,0,52,0,0,491.000000,7,13,4,1100764012503396010
23,83,53,0,0,0,0,53,0,0,491.000000,7,13,4,15136292591543432324
23,84,52,0,0,0,0,52,0,0,491.000000,7,13,4,17152747027323439267
23,85,52,0,0,0,0,52,0,0,491.000000,7,13,4,15301797665613784460
23,86,52,0,0,0,0,52,0,0,491.000000,7,13,4,11693965812158767765
23,87,52,0,0,0,0,52,0,0,491.000000,7,13,4,4165757717063997075
23,88,52,0,0,0,0,52,0,0,491.000000,7,13,4,11025409824048436440
23,89,52,0,0,0,0,52,0,0,491.000000,7,13,4,17244505362728459050
23,90,53,0,0,0,0,53,0,0,491.000000,7,13,4,2795865534553147811
23,91,52,0,0,0,0,52,0,0,491.000000,7,13,4,4994593388256941720
23,92,52,0,0,0,0,52,0,0,491.000000,7,13,4,12415345605931715955
23,93,52,0,0,0,0,52,0,0,491.000000,7,13,4,14764653229162435965
23,94,52,0,0,0,0,52,0,0,491.000000,7,13,4,13937405810545908679
23,95,52,0,0,0,0,52,0,0,491.000000,7,13,4,6041324111929538918
23,96,52,0,0,0,0,52,0,0,491.000000,7,13,4,1996748209839254128
23,97,53,0,0,0,0,53,0,0,491.000000,7,13,4,8438076737629073071
23,98,52,0,0,0,0,52,0,0,491.000000,7,13,4,3541226692591450964
23,99,52,0,0,0,0,52,0,0,491.000000,7,13,4,9762846092513978497
23,100,52,0,0,0,0,52,0,0,491.000000,7,13,4,9875743021297018333
24,1,52,0,0,0,0,0,52,0,480.000000,1,0,4,11477063677336611629
24,2,52,0,0,9,0,0,43,0,481.576923,1,0,4,17118749427914337252
24,3,52,0,0,21,0,0,31,0,513.230769,2,0,4,2386296386668216971
24,4,52,0,0,11,0,0,41,0,515.961538,4,0,4,6728826722097940181
24,5,52,0,0,0,0,21,31,0,513.461538,4,0,4,10280227343070723049
24,6,53,0,0,0,0,53,0,0,350.150943,4,0,4,16158355119328699565
24,7,52,0,0,11,0,3,38,0,438.192308,7,0,4,9265658300245920370
24,8,52,0,0,12,0,0,40,0,425.538462,8,0,4,10888180640684852059
24,9,52,0,0,9,0,0,43,0,468.384615,9,0,4,17735180034022785027
24,10,52,0,0,37,0,0,15,0,404.807692,10,0,4,9713314200481652663
24,11,52,0,2,44,0,0,6,2,181.653846,8,2,0,15919568112612543219
24,12,52,0,26,26,0,0,0,22,78.115385,0,10,2,768053392130631288
24,13,53,1,0,44,0,0,8,0,253.471698,3,10,4,18042049406889554094
24,14,52,0,0,3,0,0,49,0,377.134615,5,10,4,14357830105550372964
24,15,52,0,0,6,0,2,44,0,393.307692,6,10,4,14606738692726543450
24,16,52,0,0,3,0,7,42,0,436.653846,7,10,4,4122258940410472894
24,17,52,0,0,7,0,0,45,0,341.326923,8,10,4,289699019396006626
24,18,52,0,0,0,0,27,25,0,328.000000,8,10,4,12320530600832559644
24,19,52,0,0,0,0,52,0,0,449.769231,8,10,4,17942254413006561796
24,20,53,0,0,0,0,53,0,0,473.660377,8,10,4,7580429932121710337
24,21,52,0,0,0,0,52,0,0,157.653846,8,10,1,13375402876639943895
24,22,52,0,0,0,0,52,0,0,161.000000,8,10,2,1452111468898937538
24,23,52,0,0,0,0,52,0,0,317.000000,8,10,4,16043876058745644652
24,24,52,0,0,0,0,52,0,0,398.384615,8,10,4,3692556583432636061
24,25,52,0,0,0,0,52,0,0,420.000000,8,10,4,18113885039900021040
24,26,52,0,0,0,0,52,0,0,421.846154,8,10,4,17744269789936333862
24,27,53,0,0,0,0,53,0,0,427.188679,8,10,4,11013006567447921729
24,28,52,0,0,0,0,52,0,0,433.000000,8,10,4,3318492272158795285
24,29,52,0,0,0,0,52,0,0,433.846154,8,10,4,4970424876785475441
24,30,52,0,0,0,0,52,0,0,433.365385,8,10,2,3569880963442974916
24,31,52,0,0,0,0,52,0,0,190.942308,8,10,1,4462314939051814636
24,32,52,0,0,0,0,52,0,0,146.000000,8,10,2,12323993149101282705
24,33,52,0,0,0,0,52,0,0,246.442308,8,10,2,16415795098265690842
24,34,53,0,0,0,0,53,0,0,183.226415,8,10,2,5099735151644517090
24,35,52,0,0,0,0,52,0,0,139.615385,8,10,1,2100137981765646470
24,36,52,0,0,0,0,52,0,0,122.788462,8,10,1,8309936319620445803
24,37,52,0,0,0,0,52,0,0,105.423077,8,10,1,17893862757059963100
24,38,52,0,0,0,0,52,0,0,106.192308,8,10,1,18251925891448819552
24,39,52,0,0,0,0,52,0,0,104.653846,8,10,1,7052807550595846945
24,40,52,0,8,0,0,44,0,8,74.019231,0,18,0,3693667704984127122
24,41,53,0,53,0,0,0,0,53,11.754717,0,18,0,5931240413479400695
24,42,52,0,52,0,0,0,0,52,8.096154,0,18,0,10947336588629258878
24,43,52,0,52,0,0,0,0,52,10.730769,0,18,0,1151686934854618937
24,44,52,0,52,0,0,0,0,52,9.076923,0,18,0,7102530916846828542
24,45,52,0,52,0,0,0,0,52,7.288462,0,18,0,9970513679914217924
24,46,52,0,52,0,0,0,0,52,9.307692,0,18,0,12009800769088694559
24,47,52,0,52,0,0,0,0,52,8.576923,0,18,0,18225935722710216355
24,48,53,0,53,0,0,0,0,53,7.396226,0,18,0,8676560677908727614
24,49,52,0,52,0,0,0,0,52,8.942308,0,18,0,10431021971369948984
24,50,52,0,52,0,0,0,0,51,12.903846,0,18,0,5297710539967121141
24,51,52,0,52,0,0,0,0,52,7.461538,0,18,0,7024711709260528393
24,52,52,0,52,0,0,0,0,52,8.980769,0,18,0,10857926736716579294
24,53,52,0,52,0,0,0,0,52,8.923077,0,18,0,5926058770392923458
24,54,52,0,52,0,0,0,0,52,9.673077,0,18,0,3802877317864777137
24,55,53,0,53,0,0,0,0,53,9.849057,0,18,0,12151846737809784168
24,56,52,0,52,0,0,0,0,52,6.730769,0,18,0,12730380076609382646
24,57,52,0,52,0,0,0,0,52,8.788462,0,18,0,1870976943877623152
24,58,52,0,52,0,0,0,0,52,8.115385,0,18,0,621189570080332997
24,59,52,0,52,0,0,0,0,52,9.865385,0,18,0,16464254738374963568
24,60,52,0,52,0,0,0,0,52,11.634615,0,18,0,9151461368917557232
24,61,52,0,52,0,0,0,0,52,9.096154,0,18,0,6083379983855084134
24,62,53,0,53,0,0,0,0,53,10.754717,0,18,0,10920896096621583150
24,63,52,0,52,0,0,0,0,52,7.423077,0,18,0,5903074721177888840
24,64,52,0,52,0,0,0,0,52,9.115385,0,18,0,5346854369532394576
24,65,52,0,52,0,0,0,0,52,9.826923,0,18,0,11381465253292251393
24,66,52,0,52,0,0,0,0,52,9.346154,0,18,0,5932528521469246674
24,67,52,0,52,0,0,0,0,52,7.980769,0,18,0,5151233203317699291
24,68,52,0,52,0,0,0,0,52,10.057692,0,18,0,1154883496800484048
24,69,53,0,53,0,0,0,0,53,11.754717,0,18,0,11744132358629863072
24,70,52,0,52,0,0,0,0,52,7.769231,0,18,0,14902598585191642369
24,71,52,0,52,0,0,0,0,52,3.442308,0,18,0,3172039131847594306
24,72,52,0,52,0,0,0,0,52,9.826923,0,18,0,9665666820082074324
24,73,52,0,52,0,0,0,0,52,13.461538,0,18,0,13574797702732899735
24,74,52,0,52,0,0,0,0,52,9.480769,0,18,0,1542956923662235277
24,75,52,0,52,0,0,0,0,52,7.730769,0,18,0,4863914039719129151
24,76,53,0,53,0,0,0,0,53,22.641509,0,18,0,11929035836200460261
24,77,52,0,52,0,0,0,0,52,12.307692,0,18,0,8766306754165171363
24,78,52,0,52,0,0,0,0,52,12.500000,0,18,0,9159913792239367885
24,79,52,0,52,0,0,0,0,52,14.000000,0,18,0,8506236939714622393
24,80,52,0,52,0,0,0,0,52,18.576923,0,18,0,12643253831624652546
24,81,52,0,52,0,0,0,0,52,22.923077,0,18,0,12219863961356852059
24,82,52,0,52,0,0,0,0,52,23.000000,0,18,0,15978623811465214384
24,83,53,0,53,0,0,0,0,53,23.000000,0,18,0,7908913828340456439
24,84,52,0,52,0,0,0,0,52,23.000000,0,18,0,4220254606531894800
24,85,52,0,52,0,0,0,0,52,23.000000,0,18,0,7592527231667890189
24,86,52,0,52,0,0,0,0,52,23.000000,0,18,0,8140789410756764471
24,87,52,0,52,0,0,0,0,52,21.538462,0,18,0,12373443844693141897
24,88,52,0,52,0,0,0,0,52,4.000000,0,18,0,10897830307954246067
24,89,52,0,52,0,0,0,0,52,4.000000,0,18,0,11213959709843258517
24,90,53,0,53,0,0,0,0,53,4.000000,0,18,0,7461704137468724822
24,91,52,0,52,0,0,0,0,52,4.000000,0,18,0,4822640818010761058
24,92,52,0,52,0,0,0,0,52,4.000000,0,18,0,17677820182013812280
24,93,52,0,52,0,0,0,0,52,4.000000,0,18,0,5567149199040327347
24,94,52,0,52,0,0,0,0,52,4.000000,0,18,0,14262957770254501117
24,95,52,0,52,0,0,0,0,52,4.000000,0,18,0,16360629587169205259
24,96,52,0,52,0,0,0,0,52,4.000000,0,18,0,2511535854711017384
24,97,53,0,53,0,0,0,0,53,4.000000,0,18,0,1780780168082471816
24,98,52,0,52,0,0,0,0,52,4.000000,0,18,0,7162069018392288453
24,99,52,0,52,0,0,0,0,52,4.000000,0,18,0,7351089400417970060
24,100,52,0,52,0,0,0,0,52,4.000000,0,18,0,15799028619580137672
25,1,52,0,0,5,0,0,47,0,480.000000,1,0,4,3169669332022536476
25,2,52,0,0,45,0,0,7,0,476.846154,3,0,4,16616997803280992422
25,3,52,0,0,0,0,0,52,0,484.269231,4,0,4,10967191808233934724
25,4,52,0,0,17,0,0,35,0,503.596154,4,0,4,14862243458639724312
25,5,52,0,0,7,0,45,0,0,504.288462,4,0,4,9189639520514717906
25,6,53,0,0,0,0,53,0,0,516.660377,4,0,4,11493611964863813319
25,7,52,0,0,3,0,8,41,0,351.326923,8,0,2,684645175794696312
25,8,52,0,12,5,0,5,30,11,132.903846,0,9,1,16860571448797501478
25,9,52,0,17,26,0,3,6,14,71.730769,0,9,2,16313078247931599556
25,10,52,0,0,16,0,0,36,0,254.826923,2,9,2,10934602035987692336
25,11,52,0,0,14,0,0,38,0,187.173077,3,9,1,7970713126635768064
25,12,52,0,40,10,0,0,2,39,30.750000,0,12,0,9236021106406235274
25,13,53,0,53,0,0,0,0,53,13.981132,0,12,0,7210132729056672246
25,14,52,0,52,0,0,0,0,52,20.346154,0,12,0,8403866832815473123
25,15,52,0,49,3,0,0,0,49,22.557692,0,12,0,2100314091916145622
25,16,52,0,52,0,0,0,0,52,5.076923,0,12,0,11040579735402592098
25,17,52,0,52,0,0,0,0,52,7.730769,0,12,0,16952572797246436947
25,18,52,0,52,0,0,0,0,52,3.961538,0,12,0,560086316634247575
25,19,52,8,14,18,0,0,12,13,89.519231,9,12,2,206011508837864286
25,20,53,0,2,0,0,0,51,2,165.660377,8,14,0,16055782021957546467
25,21,52,0,52,0,0,0,0,52,4.076923,0,22,0,1629716837823300306
25,22,52,0,52,0,0,0,0,52,0.000000,0,22,0,11439110531567884892
25,23,52,0,52,0,0,0,0,52,0.000000,0,22,0,10713405821812900260
25,24,52,0,52,0,0,0,0,52,0.000000,0,22,0,1097211123373778633
25,25,52,0,52,0,0,0,0,52,0.000000,0,22,0,11560054777198693037
25,26,52,0,52,0,0,0,0,52,0.000000,0,22,0,8795402569312818582
25,27,53,0,53,0,0,0,0,53,0.000000,0,22,0,17831059447496834484
25,28,52,0,52,0,0,0,0,52,0.000000,0,22,0,3578048034044710440
25,29,52,0,52,0,0,0,0,52,0.000000,0,22,0,248778178535891482
25,30,52,0,52,0,0,0,0,52,0.000000,0,22,0,17805111021729748688
25,31,52,0,52,0,0,0,0,52,0.000000,0,22,0,8714075566833084101
25,32,52,0,52,0,0,0,0,52,0.000000,0,22,0,755235364633864061
25,33,52,0,52,0,0,0,0,52,0.000000,0,22,0,3969548932513836751
25,34,53,0,53,0,0,0,0,53,0.000000,0,22,0,5347748464762515837
25,35,52,0,52,0,0,0,0,52,0.000000,0,22,0,17406913125262258055
25,36,52,0,52,0,0,0,0,52,0.000000,0,22,0,15317800803462134841
25,37,52,0,52,0,0,0,0,52,0.000000,0,22,0,16625295711322903163
25,38,52,0,52,0,0,0,0,52,0.000000,0,22,0,16429337619547623473
25,39,52,0,52,0,0,0,0,52,0.000000,0,22,0,14174464069265690083
25,40,52,0,52,0,0,0,0,52,0.000000,0,22,0,3116058384864145264
25,41,53,0,53,0,0,0,0,53,0.000000,0,22,0,8216012251938733815
25,42,52,0,52,0,0,0,0,52,0.000000,0,22,0,2277127446467907347
25,43,52,0,52,0,0,0,0,52,0.000000,0,22,0,12637450847404799678
25,44,52,0,52,0,0,0,0,52,0.000000,0,22,0,1566541623783160978
25,45,52,0,52,0,0,0,0,52,0.000000,0,22,0,911953169584316545
25,46,52,0,52,0,0,0,0,52,0.000000,0,22,0,15734292509202739246
25,47,52,0,52,0,0,0,0,52,0.000000,0,22,0,7878637751566803968
25,48,53,0,53,0,0,0,0,53,0.000000,0,22,0,4749775175128526884
25,49,52,0,52,0,0,0,0,52,0.000000,0,22,0,1093209959802154923
25,50,52,0,52,0,0,0,0,52,0.000000,0,22,0,1918803857118862901
25,51,52,0,52,0,0,0,0,52,0.000000,0,22,0,8460366167169543089
25,52,52,0,52,0,0,0,0,52,0.000000,0,22,0,13499806121072170246
25,53,52,0,52,0,0,0,0,52,0.000000,0,22,0,12236107663458804558
25,54,52,0,52,0,0,0,0,52,0.000000,0,22,0,2481628667427925716
25,55,53,0,53,0,0,0,0,53,0.000000,0,22,0,5457173674819058803
25,56,52,0,52,0,0,0,0,52,0.000000,0,22,0,6444016862686902083
25,57,52,0,52,0,0,0,0,52,0.000000,0,22,0,10989709798316499649
25,58,52,0,52,0,0,0,0,52,0.000000,0,22,0,7832387312576728762
25,59,52,0,52,0,0,0,0,52,0.000000,0,22,0,12758650527717635820
25,60,52,0,52,0,0,0,0,52,0.000000,0,22,0,4354594626539324245
25,61,52,0,52,0,0,0,0,52,0.000000,0,22,0,15233571196080591210
25,62,53,0,53,0,0,0,0,53,0.000000,0,22,0,9082604445103321800
25,63,52,0,52,0,0,0,0,52,0.000000,0,22,0,2678720548321850069
25,64,52,0,52,0,0,0,0,52,0.000000,0,22,0,9095162271112078348
25,65,52,0,52,0,0,0,0,52,0.000000,0,22,0,7561583284303242352
25,66,52,0,52,0,0,0,0,52,0.000000,0,22,0,5915615480493130975
25,67,52,0,52,0,0,0,0,52,0.000000,0,22,0,13130784630560723760
25,68,52,0,52,0,0,0,0,52,0.000000,0,22,0,16832423081663738207
25,69,53,0,53,0,0,0,0,53,0.000000,0,22,0,809876043935396690
25,70,52,0,52,0,0,0,0,52,0.000000,0,22,0,314639909419550288
25,71,52,0,52,0,0,0,0,52,0.000000,0,22,0,18238946975725494568
25,72,52,0,52,0,0,0,0,52,0.000000,0,22,0,3499063199547636683
25,73,52,0,52,0,0,0,0,52,0.000000,0,22,0,5339415401509162396
25,74,52,0,52,0,0,0,0,52,0.000000,0,22,0,2840488667205351595
25,75,52,0,52,0,0,0,0,52,0.000000,0,22,0,7209112062274056399
25,76,53,0,53,0,0,0,0,53,0.000000,0,22,0,17218439241208733233
25,77,52,0,52,0,0,0,0,52,0.000000,0,22,0,10732722862557474799
25,78,52,0,52,0,0,0,0,52,0.000000,0,22,0,11570167199848220078
25,79,52,0,52,0,0,0,0,52,0.000000,0,22,0,9330864268130163189
25,80,52,0,52,0,0,0,0,52,0.000000,0,22,0,10512003209101924719
25,81,52,0,52,0,0,0,0,52,0.000000,0,22,0,14024880710314004931
25,82,52,0,52,0,0,0,0,52,0.000000,0,22,0,12420075988772625512
25,83,53,0,53,0,0,0,0,53,0.000000,0,22,0,11620939019105960522
25,84,52,0,52,0,0,0,0,52,0.000000,0,22,0,17176806765763419938
25,85,52,0,52,0,0,0,0,52,0.000000,0,22,0,9732778255649925409
25,86,52,0,52,0,0,0,0,52,0.000000,0,22,0,7104697943497902528
25,87,52,0,52,0,0,0,0,52,0.000000,0,22,0,5156375520468901675
25,88,52,0,52,0,0,0,0,52,0.000000,0,22,0,13836633561506205035
25,89,52,0,52,0,0,0,0,52,0.000000,0,22,0,6606719722725097568
25,90,53,0,53,0,0,0,0,53,0.000000,0,22,0,5317202993277824566
25,91,52,0,52,0,0,0,0,52,0.000000,0,22,0,11827821163555091720
25,92,52,0,52,0,0,0,0,52,0.000000,0,22,0,15210643914400274024
25,93,52,0,52,0,0,0,0,52,0.000000,0,22,0,16706895705122847475
25,94,52,0,52,0,0,0,0,52,0.000000,0,22,0,1223989710644244363
25,95,52,0,52,0,0,0,0,52,0.000000,0,22,0,13096117318971109597
25,96,52,0,52,0,0,0,0,52,0.000000,0,22,0,17670948583998462635
25,97,53,0,53,0,0,0,0,53,0.000000,0,22,0,7103300274317298542
25,98,52,0,52,0,0,0,0,52,0.000000,0,22,0,8783186663543405285
25,99,52,0,52,0,0,0,0,52,0.000000,0,22,0,5206614981577462490
25,100,52,0,52,0,0,0,0,52,0.000000,0,22,0,2337184941534550470
26,1,52,0,0,0,0,0,52,0,480.000000,2,0,4,11078863566593637591
26,2,52,0,0,1,0,0,51,0,472.615385,3,0,4,1497094921747705294
26,3,52,0,0,5,0,0,47,0,529.000000,4,0,4,17641485519424531297
26,4,52,0,0,0,0,17,35,0,563.230769,4,0,4,3288147331202925999
26,5,52,0,0,0,0,52,0,0,424.557692,4,0,2,3036824548137529928
26,6,53,0,0,3,0,15,35,0,237.283019,7,0,2,11106684468782311435
26,7,52,0,7,12,0,0,33,8,170.730769,1,7,0,1556473020446413675
26,8,52,0,49,0,0,0,3,48,18.769231,0,8,0,13883929390322225925
26,9,52,0,52,0,0,0,0,52,16.307692,0,8,0,530048367961384515
26,10,52,0,48,4,0,0,0,48,13.557692,0,8,0,14403801101353678487
26,11,52,0,52,0,0,0,0,52,12.557692,0,8,0,5368456760334145017
26,12,52,0,36,16,0,0,0,35,36.384615,0,8,0,7137006944980630293
26,13,53,0,53,0,0,0,0,53,2.716981,0,8,0,11564391495580164463
26,14,52,0,52,0,0,0,0,52,4.846154,0,8,0,2758800739521217398
26,15,52,0,6,0,0,46,0,5,117.000000,0,8,2,4346767436471805221
26,16,52,0,0,0,0,52,0,0,245.884615,0,8,2,8293347826974469129
26,17,52,0,0,0,0,52,0,0,277.576923,0,8,4,10686817106066890766
26,18,52,0,0,0,0,52,0,0,359.942308,0,8,4,6847832202307025819
26,19,52,0,0,0,0,52,0,0,320.769231,0,8,4,11119747220641276616
26,20,53,0,0,0,0,53,0,0,307.000000,0,8,1,2198495182064779975
26,21,52,0,51,0,0,1,0,51,18.980769,0,8,0,14464653839797025576
26,22,52,0,52,0,0,0,0,52,6.115385,0,8,0,6964273033502137865
26,23,52,0,52,0,0,0,0,52,4.076923,0,8,0,3466628851390379514
26,24,52,0,52,0,0,0,0,52,5.826923,0,8,0,464328466398200742
26,25,52,0,52,0,0,0,0,52,4.076923,0,8,0,3498693458148561251
26,26,52,0,52,0,0,0,0,52,5.211538,0,8,0,10856365493472210914
26,27,53,0,53,0,0,0,0,52,16.301887,0,8,0,4427780231567304593
26,28,52,0,52,0,0,0,0,52,14.365385,0,8,0,4345316937018030183
26,29,52,0,52,0,0,0,0,52,17.980769,0,8,0,2354693856027799137
26,30,52,0,52,0,0,0,0,52,17.653846,0,8,0,12195443873898841986
26,31,52,0,52,0,0,0,0,52,1.384615,0,8,0,16311286283275122936
26,32,52,0,52,0,0,0,0,52,2.307692,0,8,0,17612487756199008465
26,33,52,0,52,0,0,0,0,52,7.846154,0,8,0,16185891390258759905
26,34,53,0,53,0,0,0,0,53,6.735849,0,8,0,7550453922461179946
26,35,52,0,50,0,0,2,0,49,19.961538,0,8,0,6359038814400365546
26,36,52,0,52,0,0,0,0,52,13.865385,0,8,0,18212151205012104805
26,37,52,0,52,0,0,0,0,52,10.538462,0,8,0,204257805494899699
26,38,52,0,52,0,0,0,0,52,18.269231,0,8,0,14485542758344214297
26,39,52,0,52,0,0,0,0,52,13.365385,0,8,0,9398279874513266416
26,40,52,0,52,0,0,0,0,52,12.384615,0,8,0,7201225388489389416
26,41,53,0,53,0,0,0,0,53,6.566038,0,8,0,16425617583348782917
26,42,52,0,52,0,0,0,0,52,3.307692,0,8,0,11353677187892077998
26,43,52,0,52,0,0,0,0,52,6.730769,0,8,0,14647366226489614721
26,44,52,0,52,0,0,0,0,52,5.615385,0,8,0,1722390391332669424
26,45,52,0,52,0,0,0,0,52,9.769231,0,8,0,17999696576620726211
26,46,52,0,52,0,0,0,0,52,14.269231,0,8,0,8195222048954891875
26,47,52,0,52,0,0,0,0,52,21.038462,0,8,0,16876111441018184143
26,48,53,0,53,0,0,0,0,53,13.358491,0,8,0,17299119136346722907
26,49,52,0,52,0,0,0,0,52,14.076923,0,8,0,11186256953699730451
26,50,52,0,52,0,0,0,0,52,8.403846,0,8,0,15949171640954800452
26,51,52,0,52,0,0,0,0,52,6.769231,0,8,0,3644478019501506362
26,52,52,0,52,0,0,0,0,52,7.961538,0,8,0,5967278327864663812
26,53,52,0,52,0,0,0,0,52,4.653846,0,8,0,3494026297922106021
26,54,52,0,52,0,0,0,0,52,2.846154,0,8,0,18110245715085645727
26,55,53,0,53,0,0,0,0,53,9.452830,0,8,0,12043397714140557385
26,56,52,0,52,0,0,0,0,52,16.173077,0,8,0,4088994307525933880
26,57,52,0,20,0,0,32,0,19,64.288462,0,8,1,1133665519748714757
26,58,52,0,13,0,0,39,0,14,83.269231,0,8,0,12413916254919008977
26,59,52,0,35,0,0,17,0,34,42.788462,0,8,0,6589799324847706895
26,60,52,0,52,0,0,0,0,52,14.057692,0,8,0,17281014647841087043
26,61,52,0,52,0,0,0,0,52,12.076923,0,8,0,8522459646549538473
26,62,53,0,53,0,0,0,0,53,13.867925,0,8,0,2911223916202722571
26,63,52,0,52,0,0,0,0,52,13.000000,0,8,0,14662742340377691100
26,64,52,0,52,0,0,0,0,52,16.250000,0,8,0,1872712360941495526
26,65,52,0,52,0,0,0,0,52,11.230769,0,8,0,1928846192149835926
26,66,52,0,52,0,0,0,0,52,14.538462,0,8,0,17119837007873761233
26,67,52,0,19,0,0,33,0,18,67.230769,0,8,1,13699048514165260085
26,68,52,0,0,0,0,52,0,0,125.096154,0,8,2,17778572662545542584
26,69,53,0,0,0,0,53,0,0,279.339623,0,8,4,9472006167958769185
26,70,52,0,0,0,0,52,0,0,403.711538,0,8,4,13669741799981102142
26,71,52,0,0,0,0,52,0,0,368.942308,0,8,4,5695837661647643454
26,72,52,0,0,0,0,52,0,0,421.673077,0,8,4,16901310527509960673
26,73,52,0,0,0,0,52,0,0,485.538462,0,8,4,6817586244615875223
26,74,52,0,0,0,0,52,0,0,398.096154,0,8,4,1829213321807157929
26,75,52,0,0,0,0,52,0,0,458.769231,0,8,4,5417648180412236435
26,76,53,0,0,0,0,53,0,0,396.622642,0,8,4,4883532033648549396
26,77,52,0,0,0,0,52,0,0,546.730769,0,8,4,10806758475193353748
26,78,52,0,0,0,0,52,0,0,557.076923,0,8,4,8246547742530721391
26,79,52,0,0,0,0,52,0,0,600.134615,0,8,4,6318144237362359078
26,80,52,0,0,0,0,52,0,0,606.519231,0,8,4,15203836521489181486
26,81,52,0,0,0,0,52,0,0,579.923077,0,8,4,12821875970758033512
26,82,52,0,0,0,0,52,0,0,660.538462,0,8,4,2280203555761139733
26,83,53,0,0,0,0,53,0,0,718.528302,0,8,4,6311523373524322318
26,84,52,0,0,0,0,52,0,0,771.000000,0,8,4,5143231408046857554
26,85,52,0,0,0,0,52,0,0,799.884615,0,8,4,8016899256436222390
26,86,52,0,0,0,0,52,0,0,769.653846,0,8,4,10437568735706456451
26,87,52,0,0,0,0,52,0,0,799.500000,0,8,4,11236774799355152054
26,88,52,0,0,0,0,52,0,0,800.000000,0,8,4,6517639830184203412
26,89,52,0,0,0,0,52,0,0,800.000000,0,8,4,17333479498520793133
26,90,53,0,0,0,0,53,0,0,771.018868,0,8,4,1089367220673641414
26,91,52,0,0,0,0,52,0,0,780.653846,0,8,4,1087182750027142093
26,92,52,0,0,0,0,52,0,0,800.000000,0,8,4,17731702236467080934
26,93,52,0,0,0,0,52,0,0,743.769231,0,8,4,13893351306402313950
26,94,52,0,0,0,0,52,0,0,787.538462,0,8,4,10652079764027432462
26,95,52,0,0,0,0,52,0,0,736.230769,0,8,4,18089870270411837725
26,96,52,0,0,0,0,52,0,0,777.846154,0,8,4,5732754675303102659
26,97,53,0,0,0,0,53,0,0,746.226415,0,8,4,3038210807158774733
26,98,52,0,0,0,0,52,0,0,790.134615,0,8,4,3531587673853916310
26,99,52,0,0,0,0,52,0,0,790.711538,0,8,4,13595463124450856311
26,100,52,0,0,0,0,52,0,0,800.000000,0,8,4,11376970175269068484
27,1,52,0,0,2,0,0,50,0,480.000000,1,0,4,9775830389925030362
27,2,52,0,0,0,0,0,52,0,475.307692,2,0,4,12055161868641665491
27,3,52,0,0,0,0,0,52,0,492.961538,3,0,4,16959348406041014615
27,4,52,0,0,1,0,0,51,0,498.288462,4,0,4,15095716056312000324
27,5,52,0,0,0,0,21,31,0,540.884615,4,0,4,14022767462537062738
27,6,53,0,0,4,0,24,25,0,514.584906,6,0,4,6700549886809191698
27,7,52,0,0,7,0,0,45,0,336.230769,7,0,2,15424581737816067445
27,8,52,0,26,2,0,0,24,25,78.384615,1,7,1,12040734117322503603
27,9,52,0,31,2,0,0,19,32,46.711538,0,9,0,897425084680597440
27,10,52,0,52,0,0,0,0,52,5.269231,0,9,0,18405834663560721104
27,11,52,0,52,0,0,0,0,52,6.211538,0,9,0,10554001971961927496
27,12,52,0,52,0,0,0,0,52,6.788462,0,9,0,17426664381717834485
27,13,53,0,53,0,0,0,0,53,11.132075,0,9,0,11401231120838492529
27,14,52,5,25,14,0,0,8,25,49.211538,5,10,1,1124659228437372564
27,15,52,0,0,0,0,0,52,0,186.000000,6,10,2,6271578926787716532
27,16,52,0,0,5,0,0,47,0,341.653846,7,10,4,14117062514388525591
27,17,52,0,0,16,0,0,36,0,446.538462,8,10,4,6884833174806034704
27,18,52,0,0,11,0,0,41,0,450.000000,9,10,4,5781173044641994664
27,19,52,0,0,8,0,0,44,0,445.769231,10,10,4,8189395398588691464
27,20,53,0,0,36,0,0,17,0,435.622642,10,10,4,8957658144462232960
27,21,52,0,33,0,0,0,19,33,98.269231,0,22,0,11063111220092246321
27,22,52,0,52,0,0,0,0,52,2.000000,0,22,0,9916609889529776325
27,23,52,0,52,0,0,0,0,52,2.000000,0,22,0,6333408908468790334
27,24,52,0,52,0,0,0,0,52,2.000000,0,22,0,3930253336663343710
27,25,52,0,52,0,0,0,0,52,2.000000,0,22,0,12036060366606587871
27,26,52,0,52,0,0,0,0,52,2.000000,0,22,0,5544140903503096406
27,27,53,0,53,0,0,0,0,53,2.000000,0,22,0,12096970556447090094
27,28,52,0,52,0,0,0,0,52,2.000000,0,22,0,9184396373278551460
27,29,52,0,52,0,0,0,0,52,2.000000,0,22,0,5640839896281585063
27,30,52,0,52,0,0,0,0,52,2.000000,0,22,0,6203124536250559597
27,31,52,0,52,0,0,0,0,52,2.000000,0,22,0,16615159178856717038
27,32,52,0,52,0,0,0,0,52,2.000000,0,22,0,10312035328569786576
27,33,52,0,52,0,0,0,0,52,2.000000,0,22,0,6114451059767492020
27,34,53,0,53,0,0,0,0,53,2.000000,0,22,0,14600121169379846879
27,35,52,0,52,0,0,0,0,52,2.000000,0,22,0,9741809912096385011
27,36,52,0,52,0,0,0,0,52,2.000000,0,22,0,4681913457896728504
27,37,52,0,52,0,0,0,0,52,2.000000,0,22,0,4149270227653644966
27,38,52,0,52,0,0,0,0,52,2.000000,0,22,0,17834989159138318595
27,39,52,0,52,0,0,0,0,52,2.000000,0,22,0,5287578670852838093
27,40,52,0,52,0,0,0,0,52,2.000000,0,22,0,17436223476387962504
27,41,53,0,53,0,0,0,0,53,2.000000,0,22,0,11005372942357508582
27,42,52,0,52,0,0,0,0,52,2.000000,0,22,0,8083417794116459057
27,43,52,0,52,0,0,0,0,52,2.000000,0,22,0,15206050619441174973
27,44,52,0,52,0,0,0,0,52,2.000000,0,22,0,8441574747429696808
27,45,52,0,52,0,0,0,0,52,2.000000,0,22,0,2912008317547426195
27,46,52,0,52,0,0,0,0,52,2.000000,0,22,0,13161855221271581192
27,47,52,0,52,0,0,0,0,52,2.000000,0,22,0,17202460711832120743
27,48,53,0,53,0,0,0,0,53,2.000000,0,22,0,6454390404763601607
27,49,52,0,52,0,0,0,0,52,2.000000,0,22,0,3222678849112262867
27,50,52,0,52,0,0,0,0,52,2.000000,0,22,0,2392396080849677050
27,51,52,0,52,0,0,0,0,52,2.000000,0,22,0,9454104677281006363
27,52,52,0,52,0,0,0,0,52,2.000000,0,22,0,13289419382936832489
27,53,52,0,52,0,0,0,0,52,2.000000,0,22,0,12736387596932515170
27,54,52,0,52,0,0,0,0,52,2.000000,0,22,0,5332863083657364749
27,55,53,0,53,0,0,0,0,53,2.000000,0,22,0,11894149442654488618
27,56,52,0,52,0,0,0,0,52,2.000000,0,22,0,4387758263711783776
27,57,52,0,52,0,0,0,0,52,2.000000,0,22,0,5052073585646894740
27,58,52,0,52,0,0,0,0,52,2.000000,0,22,0,5462419724986529767
27,59,52,0,52,0,0,0,0,52,2.000000,0,22,0,11041397353135237867
27,60,52,0,52,0,0,0,0,52,2.000000,0,22,0,4633983744078557411
27,61,52,0,52,0,0,0,0,52,2.000000,0,22,0,8274488358932282944
27,62,53,0,53,0,0,0,0,53,2.000000,0,22,0,17013313697024895655
27,63,52,0,52,0,0,0,0,52,2.000000,0,22,0,13693322272283585419
27,64,52,0,52,0,0,0,0,52,2.000000,0,22,0,11773324641338121094
27,65,52,0,52,0,0,0,0,52,2.000000,0,22,0,5209986872125532671
27,66,52,0,52,0,0,0,0,52,2.000000,0,22,0,8817529336218322574
27,67,52,0,52,0,0,0,0,52,2.000000,0,22,0,1673728938560321442
27,68,52,0,52,0,0,0,0,52,2.000000,0,22,0,6888777050003774918
27,69,53,0,53,0,0,0,0,53,2.000000,0,22,0,18276028011118990749
27,70,52,0,52,0,0,0,0,52,2.000000,0,22,0,2580600460143800943
27,71,52,0,52,0,0,0,0,52,2.000000,0,22,0,4641111247318614920
27,72,52,0,52,0,0,0,0,52,2.000000,0,22,0,10621211019962827780
27,73,52,0,52,0,0,0,0,52,2.000000,0,22,0,3154006555952279562
27,74,52,0,52,0,0,0,0,52,2.000000,0,22,0,7477267028302129133
27,75,52,0,52,0,0,0,0,52,2.000000,0,22,0,3674597099390575634
27,76,53,0,53,0,0,0,0,53,2.000000,0,22,0,10952574314408108100
27,77,52,0,52,0,0,0,0,52,2.000000,0,22,0,3906989106844444325
27,78,52,0,52,0,0,0,0,52,2.000000,0,22,0,4086080567675437626
27,79,52,0,52,0,0,0,0,52,2.000000,0,22,0,9798065613561356144
27,80,52,0,52,0,0,0,0,52,2.000000,0,22,0,8437342428171428676
27,81,52,0,52,0,0,0,0,52,2.000000,0,22,0,16713288853107045252
27,82,52,0,52,0,0,0,0,52,2.000000,0,22,0,3701633106164141379
27,83,53,0,53,0,0,0,0,53,2.000000,0,22,0,4976503731820402091
27,84,52,0,52,0,0,0,0,52,2.000000,0,22,0,10304496522459485191
27,85,52,0,52,0,0,0,0,52,2.000000,0,22,0,7804597532329303991
27,86,52,0,52,0,0,0,0,52,2.000000,0,22,0,12589619833232486836
27,87,52,0,52,0,0,0,0,52,2.000000,0,22,0,13197599166159937794
27,88,52,0,52,0,0,0,0,52,2.000000,0,22,0,825309718807274597
27,89,52,0,52,0,0,0,0,52,2.000000,0,22,0,11020647523304128907
27,90,53,0,53,0,0,0,0,53,2.000000,0,22,0,7740538363376090297
27,91,52,0,52,0,0,0,0,52,2.000000,0,22,0,764061798943507435
27,92,52,0,52,0,0,0,0,52,2.000000,0,22,0,7164504894954601946
27,93,52,0,52,0,0,0,0,52,2.000000,0,22,0,12623314282425252641
27,94,52,0,52,0,0,0,0,52,2.000000,0,22,0,843530434093183122
27,95,52,0,52,0,0,0,0,52,2.000000,0,22,0,4437685253507644462
27,96,52,0,52,0,0,0,0,52,2.000000,0,22,0,15439082383492437472
27,97,53,0,53,0,0,0,0,53,2.000000,0,22,0,10151893816578527948
27,98,52,0,52,0,0,0,0,52,2.000000,0,22,0,12301332444536224326
27,99,52,0,52,0,0,0,0,52,2.000000,0,22,0,1859167886900526585
27,100,52,0,52,0,0,0,0,52,2.000000,0,22,0,1102184173319411365
28,1,52,0,0,5,0,0,47,0,480.000000,0,0,4,5080598795817995592
28,2,52,0,0,3,0,0,49,0,478.634615,2,0,4,13514771819244594696
28,3,52,0,0,12,0,0,40,0,421.134615,3,0,4,9770082387200733357
28,4,52,0,0,12,0,0,40,0,331.826923,4,0,4,6854580445591954899
28,5,52,0,7,0,0,14,31,7,227.346154,0,4,0,4629353189293871667
28,6,53,1,20,25,0,7,0,19,88.415094,1,4,2,9399213588322105126
28,7,52,0,0,14,0,0,38,0,453.269231,3,4,4,3441354338322405408
28,8,52,0,0,1,0,0,51,0,549.000000,4,4,4,2241133159219462873
28,9,52,0,0,11,0,0,41,0,549.000000,5,4,4,13326211895382963046
28,10,52,0,0,8,0,0,44,0,549.000000,6,4,4,3408807946523211163
28,11,52,0,0,26,0,0,26,0,549.000000,7,4,4,8519314776344252879
28,12,52,0,0,9,0,2,41,0,549.000000,8,4,4,11804111804560321343
28,13,53,0,0,13,0,10,30,0,512.471698,9,4,4,3564139760983762963
28,14,52,0,0,40,0,12,0,0,508.673077,9,4,4,7983812062815666729
28,15,52,0,0,50,0,0,2,0,522.500000,11,4,4,10056569789506369631
28,16,52,0,0,31,0,9,12,0,523.115385,12,4,4,17015782291774597268
28,17,52,0,0,8,0,42,2,0,474.461538,14,4,4,6826578401357550157
28,18,52,0,0,7,0,0,45,0,303.903846,15,4,2,7908969697768037714
28,19,52,0,6,19,1,5,21,4,149.730769,9,10,1,16614200670250526324
28,20,53,0,1,5,0,47,0,2,154.849057,8,11,0,3559855325472907877
28,21,52,0,52,0,0,0,0,52,4.038462,0,19,0,18099825236710894122
28,22,52,0,52,0,0,0,0,52,5.615385,0,19,0,16443755676473741930
28,23,52,0,30,0,0,22,0,28,46.461538,0,19,1,7534349918598882964
28,24,52,0,4,0,0,48,0,2,71.788462,0,19,1,12877160858869121785
28,25,52,0,0,0,0,52,0,0,129.192308,0,19,2,7593522882362042722
28,26,52,0,0,0,0,52,0,0,241.461538,0,19,4,13023082023878668962
28,27,53,0,0,0,0,53,0,0,318.377358,0,19,2,1229585398958341463
28,28,52,0,0,0,0,52,0,0,337.461538,0,19,4,8900206423572661558
28,29,52,0,0,0,0,52,0,0,402.865385,0,19,4,7134428446859635191
28,30,52,0,1,0,0,51,0,0,317.153846,0,19,0,13525140198136124931
28,31,52,0,50,0,0,2,0,51,14.750000,0,19,0,17850583543863820095
28,32,52,0,52,0,0,0,0,52,5.826923,0,19,0,16523244309849010962
28,33,52,0,52,0,0,0,0,52,6.230769,0,19,0,17823040006328029812
28,34,53,0,53,0,0,0,0,53,9.490566,0,19,0,7264184952479749158
28,35,52,0,52,0,0,0,0,52,11.134615,0,19,0,2260016486698748551
28,36,52,0,52,0,0,0,0,52,14.096154,0,19,0,17774384856249194264
28,37,52,0,52,0,0,0,0,52,14.134615,0,19,0,12853151354662870204
28,38,52,0,52,0,0,0,0,52,8.192308,0,19,0,2579531218932044862
28,39,52,0,52,0,0,0,0,52,10.173077,0,19,0,11935807550077556308
28,40,52,0,52,0,0,0,0,52,11.423077,0,19,0,2034073286780356883
28,41,53,0,53,0,0,0,0,53,8.188679,0,19,0,3724060683619938682
28,42,52,0,52,0,0,0,0,52,8.038462,0,19,0,6481394265743844393
28,43,52,0,52,0,0,0,0,52,5.173077,0,19,0,1440799312456016510
28,44,52,0,52,0,0,0,0,52,6.326923,0,19,0,8199939514829400174
28,45,52,0,52,0,0,0,0,52,4.269231,0,19,0,4737149946209799576
28,46,52,0,52,0,0,0,0,52,8.173077,0,19,0,12631294663910017480
28,47,52,0,52,0,0,0,0,52,10.557692,0,19,0,7810663755070806865
28,48,53,0,53,0,0,0,0,53,6.603774,0,19,0,9445000656053777124
28,49,52,0,52,0,0,0,0,52,10.480769,0,19,0,9376661343982375569
28,50,52,0,52,0,0,0,0,52,11.288462,0,19,0,16821566521500281692
28,51,52,0,52,0,0,0,0,52,7.346154,0,19,0,10353304828841395491
28,52,52,0,52,0,0,0,0,52,6.250000,0,19,0,6145790053112717500
28,53,52,0,52,0,0,0,0,52,4.923077,0,19,0,1183904761315756040
28,54,52,0,52,0,0,0,0,52,4.230769,0,19,0,12301002371000662436
28,55,53,0,53,0,0,0,0,53,5.113208,0,19,0,12314882483102908899
28,56,52,0,52,0,0,0,0,52,6.442308,0,19,0,16826893181047171514
28,57,52,0,44,0,0,8,0,43,19.942308,0,19,1,2423365523272531784
28,58,52,0,0,0,0,52,0,0,89.000000,0,19,1,8216703727791748381
28,59,52,0,26,0,0,26,0,25,42.250000,0,19,0,14910216849482437896
28,60,52,0,52,0,0,0,0,52,15.115385,0,19,0,953993453242156119
28,61,52,0,52,0,0,0,0,52,6.961538,0,19,0,5887165480600651753
28,62,53,0,53,0,0,0,0,53,7.509434,0,19,0,14808849609320024613
28,63,52,0,52,0,0,0,0,52,7.134615,0,19,0,2342781677398189217
28,64,52,0,52,0,0,0,0,52,11.057692,0,19,0,8695392378318786081
28,65,52,0,52,0,0,0,0,52,9.615385,0,19,0,11328548398247258734
28,66,52,0,52,0,0,0,0,52,6.326923,0,19,0,12549542182909730212
28,67,52,0,52,0,0,0,0,52,7.653846,0,19,0,11415843877297969998
28,68,52,0,52,0,0,0,0,52,7.653846,0,19,0,8263031321961951621
28,69,53,0,53,0,0,0,0,53,7.396226,0,19,0,945961808161304306
28,70,52,0,52,0,0,0,0,52,9.461538,0,19,0,2409619816907512355
28,71,52,0,52,0,0,0,0,52,8.557692,0,19,0,15495795361561792641
28,72,52,0,52,0,0,0,0,52,9.000000,0,19,0,3370353966977991818
28,73,52,0,52,0,0,0,0,52,7.403846,0,19,0,17490285461892712564
28,74,52,0,52,0,0,0,0,52,8.115385,0,19,0,15555699212578206236
28,75,52,0,52,0,0,0,0,52,8.961538,0,19,0,1926898384781898211
28,76,53,0,53,0,0,0,0,53,7.905660,0,19,0,1642949017240225354
28,77,52,0,52,0,0,0,0,52,7.865385,0,19,0,9831250842978797579
28,78,52,0,52,0,0,0,0,52,8.000000,0,19,0,11852929456286315106
28,79,52,0,52,0,0,0,0,52,9.250000,0,19,0,16722067409159473757
28,80,52,0,52,0,0,0,0,52,6.826923,0,19,0,13238810592550599913
28,81,52,0,52,0,0,0,0,52,8.826923,0,19,0,1626434763307724647
28,82,52,0,52,0,0,0,0,52,14.230769,0,19,0,10929047132530401021
28,83,53,0,53,0,0,0,0,53,14.150943,0,19,0,7028103445598821641
28,84,52,0,52,0,0,0,0,52,11.076923,0,19,0,5179829012723649879
28,85,52,0,52,0,0,0,0,52,10.326923,0,19,0,10867889925519553413
28,86,52,0,52,0,0,0,0,52,11.403846,0,19,0,15726898920080776193
28,87,52,0,52,0,0,0,0,52,11.153846,0,19,0,2440389766435648552
28,88,52,0,52,0,0,0,0,52,10.057692,0,19,0,4425620597616530569
28,89,52,0,52,0,0,0,0,52,11.730769,0,19,0,7032553018176954254
28,90,53,0,53,0,0,0,0,53,11.924528,0,19,0,2354416584566418893
28,91,52,0,52,0,0,0,0,52,10.269231,0,19,0,13292226307375952280
28,92,52,0,52,0,0,0,0,52,7.807692,0,19,0,5333605003344188599
28,93,52,0,52,0,0,0,0,52,11.269231,0,19,0,2959760989352594057
28,94,52,0,52,0,0,0,0,52,10.692308,0,19,0,13261028624350005636
28,95,52,0,52,0,0,0,0,52,13.057692,0,19,0,1144644850820091048
28,96,52,0,52,0,0,0,0,52,9.826923,0,19,0,17929061801026322258
28,97,53,0,53,0,0,0,0,53,12.150943,0,19,0,4671773603703530415
28,98,52,0,52,0,0,0,0,52,18.038462,0,19,0,2339103005135702175
28,99,52,0,52,0,0,0,0,52,9.057692,0,19,0,7179153121314089725
28,100,52,0,52,0,0,0,0,52,11.423077,0,19,0,15809579890565308172
29,1,52,0,0,0,0,0,52,0,480.000000,1,0,4,499829712075531632
29,2,52,0,0,7,0,0,45,0,476.923077,2,0,4,12004931699341785438
29,3,52,0,0,1,0,0,51,0,508.365385,3,0,4,8784669690723533892
29,4,52,0,0,0,0,0,52,0,462.538462,3,0,4,11509326770090997908
29,5,52,0,0,1,0,0,51,0,483.461538,4,0,4,10861678034084119870
29,6,53,0,0,0,0,0,53,0,491.867925,4,0,4,16637344073177323571
29,7,52,0,0,0,0,0,52,0,382.692308,4,0,4,18228452487352433808
29,8,52,0,0,0,0,0,52,0,394.000000,4,0,4,4509385360027765206
29,9,52,0,0,0,0,0,52,0,462.384615,4,0,4,18099399019041493203
29,10,52,0,0,0,0,0,52,0,481.403846,4,0,4,9724879038765063277
29,11,52,0,0,0,0,0,52,0,627.480769,4,0,4,9638116000513146247
29,12,52,0,0,0,0,0,52,0,580.192308,4,0,4,1615179046280921550
29,13,53,0,0,0,0,0,53,0,526.754717,4,0,4,1768637418359951286
29,14,52,0,0,0,0,0,52,0,506.961538,4,0,4,2412341928532176855
29,15,52,0,0,0,0,0,52,0,564.000000,4,0,4,847627818584909501
29,16,52,0,0,0,0,0,52,0,602.057692,4,0,4,9306319046737866293
29,17,52,0,0,0,0,0,52,0,586.903846,4,0,4,6148122951137471642
29,18,52,0,0,0,0,0,52,0,568.000000,4,0,4,11050906350301263352
29,19,52,0,0,0,0,0,52,0,548.673077,4,0,4,6832399666145524580
29,20,53,0,0,0,0,0,53,0,509.301887,4,0,4,15932880386752670438
29,21,52,0,0,0,0,0,52,0,446.192308,4,0,4,2923133232589149486
29,22,52,0,10,0,0,0,42,9,225.153846,0,4,1,9519777601864385733
29,23,52,0,26,0,0,0,26,26,49.673077,0,4,0,11675821007186568841
29,24,52,0,13,0,0,0,39,12,70.538462,0,4,1,6744185701282283133
29,25,52,0,0,0,0,0,52,0,178.173077,0,4,2,15553090413327216070
29,26,52,0,0,0,0,0,52,0,238.615385,0,4,2,6460655324479974127
29,27,53,0,19,0,0,0,34,19,149.301887,0,4,0,7870104660043752100
29,28,52,0,48,0,0,0,4,46,25.980769,0,4,0,17465249568608894335
29,29,52,0,0,0,0,0,52,0,123.442308,0,4,2,792592378515672560
29,30,52,0,0,0,0,0,52,0,192.865385,0,4,2,11761793754352015376
29,31,52,0,32,0,0,0,20,31,72.711538,0,4,0,12245540202716586660
29,32,52,0,2,0,0,0,50,2,78.576923,0,4,0,16740428018612209401
29,33,52,0,46,0,0,0,6,45,23.980769,0,4,0,14351289510245664738
29,34,53,0,19,0,0,0,34,19,45.811321,0,4,0,8667977858996314800
29,35,52,0,52,0,0,0,0,52,13.403846,0,4,0,17086941788181921884
29,36,52,0,52,0,0,0,0,52,19.480769,0,4,0,4784597213383936284
29,37,52,0,28,0,0,0,24,27,38.365385,0,4,0,6264492071409202708
29,38,52,0,52,0,0,0,0,52,15.807692,0,4,0,15652541595454863322
29,39,52,0,47,0,0,0,5,46,29.057692,0,4,1,571850783944089982
29,40,52,0,20,0,0,0,32,20,46.538462,0,4,0,12829978866613503117
29,41,53,0,53,0,0,0,0,53,14.150943,0,4,0,16181513756651510676
29,42,52,0,52,0,0,0,0,52,9.461538,0,4,0,2197227646886800244
29,43,52,0,52,0,0,0,0,52,8.653846,0,4,0,3186653402315699033
29,44,52,0,52,0,0,0,0,52,5.769231,0,4,0,15441735475807686424
29,45,52,0,52,0,0,0,0,52,0.000000,0,4,0,17851782718958830520
29,46,52,0,52,0,0,0,0,52,0.000000,0,4,0,9155785806625427185
29,47,52,0,52,0,0,0,0,52,0.000000,0,4,0,13086396537027463680
29,48,53,0,53,0,0,0,0,53,0.000000,0,4,0,12226656088601970461
29,49,52,0,52,0,0,0,0,52,0.000000,0,4,0,13081857351065409756
29,50,52,0,52,0,0,0,0,52,0.000000,0,4,0,15737447739605738619
29,51,52,0,52,0,0,0,0,52,2.384615,0,4,0,3828512071454341409
29,52,52,0,52,0,0,0,0,52,6.000000,0,4,0,6656392769195257850
29,53,52,0,52,0,0,0,0,52,5.923077,0,4,0,13022517693254733235
29,54,52,0,52,0,0,0,0,52,6.000000,0,4,0,2580868419377064551
29,55,53,0,53,0,0,0,0,53,6.000000,0,4,0,6837077075669685221
29,56,52,0,52,0,0,0,0,52,6.000000,0,4,0,8185085037589992053
29,57,52,0,52,0,0,0,0,52,6.000000,0,4,0,5611303256238531572
29,58,52,0,52,0,0,0,0,52,6.000000,0,4,0,9536550106808712589
29,59,52,0,52,0,0,0,0,52,6.000000,0,4,0,16068217267938875440
29,60,52,0,52,0,0,0,0,52,6.000000,0,4,0,15677360794619640832
29,61,52,0,52,0,0,0,0,52,6.000000,0,4,0,16311753169400914485
29,62,53,0,53,0,0,0,0,53,6.000000,0,4,0,18311609176293091662
29,63,52,0,52,0,0,0,0,52,6.000000,0,4,0,3535099430440149219
29,64,52,0,52,0,0,0,0,52,6.000000,0,4,0,5702997893078955735
29,65,52,0,52,0,0,0,0,52,6.000000,0,4,0,6138219469021221458
29,66,52,0,52,0,0,0,0,52,6.000000,0,4,0,14386560451180663084
29,67,52,0,52,0,0,0,0,52,6.000000,0,4,0,17412890692197071824
29,68,52,0,52,0,0,0,0,52,6.000000,0,4,0,3779206465316991337
29,69,53,0,53,0,0,0,0,53,6.000000,0,4,0,7242086994903339619
29,70,52,0,52,0,0,0,0,52,6.000000,0,4,0,17792844859336320232
29,71,52,0,52,0,0,0,0,52,6.000000,0,4,0,11235099014614148349
29,72,52,0,52,0,0,0,0,52,6.000000,0,4,0,3105276665982843892
29,73,52,0,52,0,0,0,0,52,6.000000,0,4,0,12701890720109203777
29,74,52,0,52,0,0,0,0,52,6.000000,0,4,0,17074796055645002956
29,75,52,0,52,0,0,0,0,52,6.000000,0,4,0,17760739055581871078
29,76,53,0,53,0,0,0,0,53,6.000000,0,4,0,15663065914262757331
29,77,52,0,52,0,0,0,0,52,6.000000,0,4,0,11156187686074381345
29,78,52,0,52,0,0,0,0,52,6.000000,0,4,0,722896822197615720
29,79,52,0,52,0,0,0,0,52,6.000000,0,4,0,4810478736477132925
29,80,52,0,52,0,0,0,0,52,6.000000,0,4,0,5323156669367332155
29,81,52,0,52,0,0,0,0,52,6.000000,0,4,0,3231879266209135201
29,82,52,0,52,0,0,0,0,52,6.000000,0,4,0,973973080663792362
29,83,53,0,53,0,0,0,0,53,6.000000,0,4,0,10753503184690401917
29,84,52,0,52,0,0,0,0,52,6.000000,0,4,0,4823134109987990647
29,85,52,0,52,0,0,0,0,52,6.000000,0,4,0,3391451624887569713
29,86,52,0,52,0,0,0,0,52,6.000000,0,4,0,553594051353402555
29,87,52,0,52,0,0,0,0,52,6.000000,0,4,0,13646285759455355321
29,88,52,0,52,0,0,0,0,52,6.000000,0,4,0,8513217896033850196
29,89,52,0,52,0,0,0,0,52,6.000000,0,4,0,8519391224284902496
29,90,53,0,53,0,0,0,0,53,6.000000,0,4,0,11182161116974758548
29,91,52,0,52,0,0,0,0,52,6.000000,0,4,0,7870475039646414094
29,92,52,0,52,0,0,0,0,52,6.000000,0,4,0,17345810211189465854
29,93,52,0,52,0,0,0,0,52,6.000000,0,4,0,7307114316329814826
29,94,52,0,52,0,0,0,0,52,6.000000,0,4,0,13072590189108756062
29,95,52,0,52,0,0,0,0,52,6.000000,0,4,0,14755758426507636050
29,96,52,0,52,0,0,0,0,52,6.000000,0,4,0,898756793617526005
29,97,53,0,53,0,0,0,0,53,6.000000,0,4,0,10711488088495383597
29,98,52,0,52,0,0,0,0,52,6.000000,0,4,0,9214820439427163502
29,99,52,0,52,0,0,0,0,52,6.000000,0,4,0,1023891674048964691
29,100,52,0,52,0,0,0,0,52,6.000000,0,4,0,13767200600740865155
30,1,52,0,0,5,0,0,47,0,480.000000,1,0,4,4456548722420219962
30,2,52,0,0,26,0,0,26,0,452.538462,3,0,4,15748099069675866832
30,3,52,0,0,5,0,0,47,0,517.000000,4,0,4,16197550422544971648
30,4,52,0,0,3,0,14,35,0,568.826923,4,0,4,12401818059365252271
30,5,52,0,0,0,0,52,0,0,591.000000,4,0,4,17750284005536845116
30,6,53,0,0,0,0,53,0,0,591.000000,4,0,4,1730099833407825789
30,7,52,0,0,0,0,52,0,0,570.134615,4,0,4,11620709595533636397
30,8,52,1,0,3,0,31,17,0,482.903846,9,0,4,949380573266046076
30,9,52,0,0,38,0,0,14,0,544.942308,9,0,4,12004898529444402843
30,10,52,0,0,20,0,0,32,0,604.000000,11,0,4,10665352711106656179
30,11,52,0,0,21,0,0,31,0,632.115385,12,0,4,16666604253415785121
30,12,52,0,0,17,0,0,35,0,651.000000,13,0,4,16453849362557702640
30,13,53,0,0,22,0,0,31,0,609.943396,14,0,4,9281113583927016093
30,14,52,0,0,25,0,0,27,0,269.615385,15,0,1,5462882121251127575
30,15,52,0,51,1,0,0,0,52,10.384615,0,15,0,1546267785749800171
30,16,52,0,52,0,0,0,0,52,13.134615,0,15,0,9961056885522603542
30,17,52,0,52,0,0,0,0,52,9.153846,0,15,0,1548701267282748944
30,18,52,0,52,0,0,0,0,52,13.134615,0,15,0,9355200426394659144
30,19,52,0,52,0,0,0,0,51,14.807692,0,15,0,15748542182151922570
30,20,53,0,53,0,0,0,0,53,14.735849,0,15,0,11293352836704340072
30,21,52,0,52,0,0,0,0,52,10.230769,0,15,0,6951600224285643905
30,22,52,0,52,0,0,0,0,52,10.307692,0,15,0,9557043507001826048
30,23,52,0,52,0,0,0,0,52,10.596154,0,15,0,16064022476190874262
30,24,52,0,52,0,0,0,0,52,19.269231,0,15,0,11127135336407374479
30,25,52,0,52,0,0,0,0,52,18.057692,0,15,0,14009848797401223166
30,26,52,0,17,0,0,35,0,16,83.807692,0,15,1,3905406158248892132
30,27,53,0,0,0,0,53,0,0,217.886792,0,15,2,13442620339540859562
30,28,52,0,0,0,0,52,0,0,326.615385,0,15,4,5010590959023782221
30,29,52,0,0,0,0,52,0,0,421.500000,0,15,4,5117689663374458116
30,30,52,0,0,0,0,52,0,0,480.000000,0,15,4,9400131430077929449
30,31,52,0,22,0,0,30,0,22,230.423077,0,15,0,2819234602826279147
30,32,52,0,28,0,0,24,0,27,47.692308,0,15,1,8802120105556605940
30,33,52,0,0,0,0,52,0,0,197.000000,0,15,2,12567229830880219745
30,34,53,0,0,0,0,53,0,0,354.528302,0,15,4,7671774076504925274
30,35,52,0,0,0,0,52,0,0,435.211538,0,15,4,9490782612172154409
30,36,52,0,0,0,0,52,0,0,430.384615,0,15,4,5433480219171107854
30,37,52,0,0,0,0,52,0,0,466.326923,0,15,4,210276603703409073
30,38,52,0,0,0,0,52,0,0,479.846154,0,15,4,12156550526789412599
30,39,52,0,0,0,0,52,0,0,382.730769,0,15,4,207091011720619355
30,40,52,0,0,0,0,52,0,0,292.615385,0,15,2,2129867035970537160
30,41,53,0,14,0,0,39,0,14,202.264151,0,15,0,18201773283628010324
30,42,52,0,44,0,0,8,0,43,27.423077,0,15,0,16132611849713685506
30,43,52,0,40,0,0,12,0,39,30.153846,0,15,0,18098672404953008088
30,44,52,0,52,0,0,0,0,52,19.173077,0,15,0,5995821688364663478
30,45,52,0,34,0,0,18,0,33,46.346154,0,15,1,13980549380896385001
30,46,52,0,0,0,0,52,0,0,188.596154,0,15,2,4336337662314776873
30,47,52,0,0,0,0,52,0,0,291.519231,0,15,4,3959411474065045875
30,48,53,0,0,0,0,53,0,0,436.415094,0,15,4,18434290955426868906
30,49,52,0,0,0,0,52,0,0,414.538462,0,15,4,6003817537726709644
30,50,52,0,0,0,0,52,0,0,461.557692,0,15,4,16512979530553029340
30,51,52,0,12,0,0,40,0,12,266.576923,0,15,0,5585017543500548812
30,52,52,0,52,0,0,0,0,52,10.634615,0,15,0,1144013017408142116
30,53,52,0,52,0,0,0,0,52,16.173077,0,15,0,1022299824572855087
30,54,52,0,52,0,0,0,0,52,15.615385,0,15,0,13705321150096675899
30,55,53,0,53,0,0,0,0,53,12.905660,0,15,0,4016017435470323699
30,56,52,0,52,0,0,0,0,52,23.769231,0,15,0,15854041243957397138
30,57,52,0,52,0,0,0,0,52,10.153846,0,15,0,1531221933301593341
30,58,52,0,44,0,0,8,0,43,29.538462,0,15,1,16602800905230701377
30,59,52,0,23,0,0,29,0,22,68.403846,0,15,1,6385422554186898071
30,60,52,0,0,0,0,52,0,0,205.403846,0,15,2,3575762177482006765
30,61,52,0,0,0,0,52,0,0,232.750000,0,15,2,6044492391995599384
30,62,53,0,0,0,0,53,0,0,237.037736,0,15,2,5130940000791536768
30,63,52,0,5,0,0,47,0,5,119.980769,0,15,0,7259989478164053579
30,64,52,0,52,0,0,0,0,52,19.500000,0,15,0,15381236863471627062
30,65,52,0,51,0,0,1,0,50,29.923077,0,15,0,7088513763364488500
30,66,52,0,3,0,0,49,0,2,104.653846,0,15,1,2312820404731554599
30,67,52,0,0,0,0,52,0,0,180.846154,0,15,2,15307543076790301920
30,68,52,0,0,0,0,52,0,0,292.807692,0,15,2,2090537268852134255
30,69,53,0,0,0,0,53,0,0,272.849057,0,15,2,12977623263671556436
30,70,52,0,0,0,0,52,0,0,292.000000,0,15,4,16734626841119217654
30,71,52,0,47,0,0,5,0,48,30.500000,0,15,0,2711879628439308706
30,72,52,0,45,0,0,7,0,43,29.750000,0,15,0,6260053526671731580
30,73,52,0,23,0,0,29,0,21,60.384615,0,15,1,11908030354916362540
30,74,52,0,0,0,0,52,0,0,112.923077,0,15,1,16296140121694983474
30,75,52,0,0,0,0,52,0,0,124.211538,0,15,1,7937182275486363383
30,76,53,0,0,0,0,53,0,0,102.301887,0,15,1,15936589182835703881
30,77,52,0,6,0,0,46,0,5,100.596154,0,15,1,17918188795594829510
30,78,52,0,32,0,0,20,0,32,40.269231,0,15,0,16995619677705088383
30,79,52,0,38,0,0,14,0,36,37.923077,0,15,1,16179051865036522735
30,80,52,0,33,0,0,19,0,32,40.461538,0,15,1,14126493124341259237
30,81,52,0,42,0,0,10,0,43,30.865385,0,15,0,2652055941438464361
30,82,52,0,34,0,0,18,0,33,35.730769,0,15,0,5090756542526417576
30,83,53,0,6,0,0,47,0,5,69.603774,0,15,0,684252454295815886
30,84,52,0,34,0,0,18,0,33,40.134615,0,15,0,6654115269643977295
30,85,52,0,52,0,0,0,0,51,28.057692,0,15,0,173836174531306347
30,86,52,0,39,0,0,13,0,38,35.307692,0,15,0,2349062702757757738
30,87,52,0,0,0,0,52,0,0,68.769231,0,15,1,15238279324838054122
30,88,52,0,51,0,0,1,0,50,25.019231,0,15,0,1385194155758634608
30,89,52,0,22,0,0,30,0,21,50.903846,0,15,1,676531019980406869
30,90,53,0,30,0,0,23,0,30,46.584906,0,15,0,8058595058603721753
30,91,52,0,52,0,0,0,0,52,17.673077,0,15,0,9728421763823583126
30,92,52,0,7,0,0,45,0,6,69.846154,0,15,1,8681081334448690901
30,93,52,0,36,0,0,16,0,35,39.461538,0,15,1,14879478139900065905
30,94,52,0,33,0,0,19,0,32,41.807692,0,15,1,13836690237121125213
30,95,52,0,0,0,0,52,0,0,78.000000,0,15,1,15447627549240022202
30,96,52,0,0,0,0,52,0,0,130.000000,0,15,2,7394959934518620280
30,97,53,0,0,0,0,53,0,0,215.660377,0,15,2,3207788820792160294
30,98,52,0,0,0,0,52,0,0,371.000000,0,15,4,7458264713372771729
30,99,52,0,0,0,0,52,0,0,476.884615,0,15,4,8775252326306102727
30,100,52,0,0,0,0,52,0,0,480.000000,0,15,4,4737282657710909321
31,1,52,0,0,4,0,0,48,0,480.000000,1,0,4,6374233446398721133
31,2,52,0,0,8,0,0,44,0,480.000000,2,0,4,16021260181516241593
31,3,52,0,0,0,0,0,52,0,485.615385,3,0,4,3605916143518573157
31,4,52,0,0,0,0,17,35,0,516.000000,3,0,4,16973644119774781353
31,5,52,0,0,0,0,52,0,0,516.000000,3,0,4,2143373082915266352
31,6,53,0,0,8,0,19,26,0,443.226415,6,0,4,8965391516148592655
31,7,52,0,22,8,0,0,22,22,135.326923,0,7,0,11863665618332904779
31,8,52,0,52,0,0,0,0,52,4.615385,0,7,0,10592271918606224431
31,9,52,0,52,0,0,0,0,52,8.076923,0,7,0,14550053955582280568
31,10,52,0,52,0,0,0,0,52,12.788462,0,7,0,10084034914242244378
31,11,52,0,51,1,0,0,0,50,12.903846,0,7,1,858394539113489949
31,12,52,3,30,13,0,0,6,28,75.769231,4,8,2,11192967101819115873
31,13,53,0,0,11,0,0,42,0,278.830189,6,8,4,4986823570380671338
31,14,52,0,0,0,0,0,52,0,443.153846,7,8,4,1547027983161436876
31,15,52,0,0,1,0,0,51,0,447.673077,8,8,4,10049144279781783863
31,16,52,0,0,12,0,0,40,0,471.269231,9,8,4,3972931364818276961
31,17,52,0,0,23,0,0,29,0,461.653846,9,8,4,10210273188768083486
31,18,52,0,0,5,0,0,47,0,388.173077,11,8,4,3114558905800708230
31,19,52,0,0,4,0,0,48,0,338.519231,12,8,4,885483746523611465
31,20,53,0,10,0,0,26,17,8,157.283019,2,18,1,11925375839067660188
31,21,52,0,20,0,0,32,0,18,75.153846,0,20,1,13260700363543689161
31,22,52,0,46,0,0,6,0,46,31.961538,0,20,0,7160279966864359816
31,23,52,0,40,0,0,12,0,37,32.326923,0,20,1,9856999666935164288
31,24,52,0,47,0,0,5,0,45,26.615385,0,20,0,13723481271430381095
31,25,52,0,52,0,0,0,0,50,20.980769,0,20,0,9636854608816770861
31,26,52,0,48,0,0,4,0,47,24.923077,0,20,0,6059945939482083314
31,27,53,0,53,0,0,0,0,53,28.528302,0,20,0,17830046139514897753
31,28,52,0,52,0,0,0,0,52,23.134615,0,20,0,7223780109992980896
31,29,52,0,52,0,0,0,0,52,19.788462,0,20,0,15016557519223832308
31,30,52,0,52,0,0,0,0,52,15.673077,0,20,0,6297013432947979626
31,31,52,0,52,0,0,0,0,52,10.134615,0,20,0,11534136115480503681
31,32,52,0,52,0,0,0,0,52,8.076923,0,20,0,852656090639942282
31,33,52,0,52,0,0,0,0,52,9.923077,0,20,0,1736505567358621485
31,34,53,0,53,0,0,0,0,53,8.264151,0,20,0,8584891354508878906
31,35,52,0,52,0,0,0,0,52,4.000000,0,20,0,10956301197632042255
31,36,52,0,52,0,0,0,0,52,4.000000,0,20,0,16426213428554624032
31,37,52,0,52,0,0,0,0,52,4.000000,0,20,0,12109991874274789432
31,38,52,0,52,0,0,0,0,52,4.000000,0,20,0,12178899258008343575
31,39,52,0,52,0,0,0,0,52,4.000000,0,20,0,13993391965016163295
31,40,52,0,52,0,0,0,0,52,4.000000,0,20,0,733924437399418821
31,41,53,0,53,0,0,0,0,53,4.000000,0,20,0,14725214372549822106
31,42,52,0,52,0,0,0,0,52,4.000000,0,20,0,14018871075863752522
31,43,52,0,52,0,0,0,0,52,4.000000,0,20,0,16763238011709236599
31,44,52,0,52,0,0,0,0,52,4.000000,0,20,0,11908215281887099734
31,45,52,0,52,0,0,0,0,52,4.000000,0,20,0,14422419267721607448
31,46,52,0,52,0,0,0,0,52,4.000000,0,20,0,3010548440906233150
31,47,52,0,52,0,0,0,0,52,4.000000,0,20,0,13682644430946356492
31,48,53,0,53,0,0,0,0,53,4.000000,0,20,0,14360264058386220396
31,49,52,0,52,0,0,0,0,52,4.000000,0,20,0,5722664065473656198
31,50,52,0,52,0,0,0,0,52,4.000000,0,20,0,8867426969431951575
31,51,52,0,52,0,0,0,0,52,4.000000,0,20,0,11984550686018343429
31,52,52,0,52,0,0,0,0,52,4.000000,0,20,0,6420324386890675545
31,53,52,0,52,0,0,0,0,52,4.000000,0,20,0,5038215549696359422
31,54,52,0,52,0,0,0,0,52,4.000000,0,20,0,4538210739477369251
31,55,53,0,53,0,0,0,0,53,4.000000,0,20,0,15800218781967441399
31,56,52,0,52,0,0,0,0,52,4.000000,0,20,0,9156479090949031714
31,57,52,0,52,0,0,0,0,52,4.000000,0,20,0,18032567471238106159
31,58,52,0,52,0,0,0,0,52,4.000000,0,20,0,15423171008518681432
31,59,52,0,52,0,0,0,0,52,4.000000,0,20,0,18121776945138200803
31,60,52,0,52,0,0,0,0,52,4.000000,0,20,0,3243704746453077004
31,61,52,0,52,0,0,0,0,52,4.000000,0,20,0,14266960811093514695
31,62,53,0,53,0,0,0,0,53,4.000000,0,20,0,3537033143312553672
31,63,52,0,52,0,0,0,0,52,4.000000,0,20,0,6612545053107376626
31,64,52,0,52,0,0,0,0,52,4.000000,0,20,0,1661248038565950481
31,65,52,0,52,0,0,0,0,52,4.000000,0,20,0,14533025605428814186
31,66,52,0,52,0,0,0,0,52,4.000000,0,20,0,6298117666152642861
31,67,52,0,52,0,0,0,0,52,4.000000,0,20,0,615293021355986581
31,68,52,0,52,0,0,0,0,52,4.000000,0,20,0,508041117086052416
31,69,53,0,53,0,0,0,0,53,4.000000,0,20,0,5923635036828051998
31,70,52,0,52,0,0,0,0,52,4.000000,0,20,0,2829056740342503285
31,71,52,0,52,0,0,0,0,52,4.000000,0,20,0,1825600715669601843
31,72,52,0,52,0,0,0,0,52,4.000000,0,20,0,401755305265221862
31,73,52,0,52,0,0,0,0,52,4.000000,0,20,0,5466657393942342210
31,74,52,0,52,0,0,0,0,52,4.000000,0,20,0,3225609274941057991
31,75,52,0,52,0,0,0,0,52,4.000000,0,20,0,9800338940048707548
31,76,53,0,53,0,0,0,0,53,4.000000,0,20,0,48736708771328368
31,77,52,0,52,0,0,0,0,52,4.000000,0,20,0,8913511079786439737
31,78,52,0,52,0,0,0,0,52,4.000000,0,20,0,9642358664820426523
31,79,52,0,52,0,0,0,0,52,4.000000,0,20,0,410772495336727960
31,80,52,0,52,0,0,0,0,52,4.000000,0,20,0,7166471721191455014
31,81,52,0,52,0,0,0,0,52,4.000000,0,20,0,18438570870091496978
31,82,52,0,52,0,0,0,0,52,4.000000,0,20,0,10924772300016712800
31,83,53,0,53,0,0,0,0,53,4.000000,0,20,0,13991439590356379187
31,84,52,0,52,0,0,0,0,52,4.000000,0,20,0,9408603896308395769
31,85,52,0,52,0,0,0,0,52,4.000000,0,20,0,11820986463857209049
31,86,52,0,52,0,0,0,0,52,4.000000,0,20,0,3399940878964275918
31,87,52,0,52,0,0,0,0,52,4.000000,0,20,0,5589801694165767149
31,88,52,0,52,0,0,0,0,52,4.000000,0,20,0,2145236481406380727
31,89,52,0,52,0,0,0,0,52,4.000000,0,20,0,762129351103369017
31,90,53,0,53,0,0,0,0,53,4.000000,0,20,0,9134639130258697923
31,91,52,0,52,0,0,0,0,52,4.000000,0,20,0,12613423710962137381
31,92,52,0,52,0,0,0,0,52,4.000000,0,20,0,6069150562841786756
31,93,52,0,52,0,0,0,0,52,4.000000,0,20,0,5444866038987250364
31,94,52,0,52,0,0,0,0,52,4.000000,0,20,0,10198217140855214191
31,95,52,0,52,0,0,0,0,52,4.000000,0,20,0,9499061955773124397
31,96,52,0,52,0,0,0,0,52,4.000000,0,20,0,15124378737078830611
31,97,53,0,53,0,0,0,0,53,4.000000,0,20,0,3138297868410726030
31,98,52,0,52,0,0,0,0,52,4.000000,0,20,0,10654936172584882234
31,99,52,0,52,0,0,0,0,52,4.000000,0,20,0,4668683557634107867
31,100,52,0,52,0,0,0,0,52,4.000000,0,20,0,12641236620755210997
32,1,52,0,0,0,0,0,52,0,475.365385,1,0,4,6354935568407221169
32,2,52,0,0,0,0,0,52,0,467.288462,2,0,4,1900318391029728752
32,3,52,0,0,13,0,0,39,0,488.538462,2,0,4,6730403505860114366
32,4,52,0,0,33,0,0,19,0,535.346154,4,0,4,13705979397808985125
32,5,52,0,0,0,0,21,31,0,512.615385,4,0,4,14624881298271125548
32,6,53,0,0,5,0,45,3,0,470.301887,6,0,4,14521066546709519497
32,7,52,0,0,1,0,14,37,0,513.673077,7,0,4,6565741783920376723
32,8,52,0,0,3,0,1,48,0,372.500000,8,0,2,12755004000749005992
32,9,52,0,19,23,0,2,8,18,112.076923,0,8,2,14613600071232276690
32,10,52,0,0,51,0,1,0,0,397.076923,0,8,4,14756284916673044784
32,11,52,0,0,42,0,10,0,0,525.211538,0,8,4,14049954790589173924
32,12,52,0,0,0,0,52,0,0,537.365385,0,8,4,16234508585236966622
32,13,53,0,0,0,0,53,0,0,540.905660,0,8,4,5370354543521819904
32,14,52,0,0,0,0,52,0,0,551.673077,0,8,4,2165193948196748105
32,15,52,0,0,0,0,52,0,0,552.384615,0,8,4,3890313841436133276
32,16,52,0,0,0,0,52,0,0,540.461538,0,8,4,5088970080432675364
32,17,52,0,0,0,0,52,0,0,552.000000,0,8,4,4311950488607257581
32,18,52,0,0,0,0,52,0,0,552.000000,0,8,4,11977905752246358067
32,19,52,0,0,0,0,52,0,0,553.153846,0,8,4,13305976282367001759
32,20,53,0,0,0,0,53,0,0,560.000000,0,8,4,10384724245470901941
32,21,52,0,0,0,0,52,0,0,560.000000,0,8,4,12079486814818383857
32,22,52,0,0,0,0,52,0,0,536.211538,0,8,4,18216338285852200776
32,23,52,0,0,0,0,52,0,0,476.750000,0,8,4,9751291686225252404
32,24,52,0,0,0,0,52,0,0,445.846154,0,8,4,6156694448182157178
32,25,52,0,0,0,0,52,0,0,481.538462,0,8,4,4273938922477772905
32,26,52,0,0,0,0,52,0,0,454.653846,0,8,4,13827022032705661748
32,27,53,0,0,0,0,53,0,0,441.698113,0,8,4,13889185325798716171
32,28,52,0,0,0,0,52,0,0,441.307692,0,8,4,15808282613587944365
32,29,52,0,0,0,0,52,0,0,472.230769,0,8,4,15426401041657399877
32,30,52,0,0,0,0,52,0,0,442.903846,0,8,4,4951850083716334734
32,31,52,0,0,0,0,52,0,0,452.326923,0,8,4,10077465453124281347
32,32,52,0,0,0,0,52,0,0,441.307692,0,8,4,2606130232234260500
32,33,52,0,0,0,0,52,0,0,455.173077,0,8,4,8398583815204030267
32,34,53,0,0,0,0,53,0,0,456.773585,0,8,4,1300626975097439239
32,35,52,0,0,0,0,52,0,0,433.500000,0,8,4,4146686670050134523
32,36,52,0,0,0,0,52,0,0,447.903846,0,8,4,9331763419378331963
32,37,52,0,0,0,0,52,0,0,448.750000,0,8,4,9585035133212265835
32,38,52,0,0,0,0,52,0,0,429.461538,0,8,4,7324185707287511923
32,39,52,0,0,0,0,52,0,0,423.153846,0,8,4,4560044195782087349
32,40,52,0,0,0,0,52,0,0,401.923077,0,8,4,8394955857063636507
32,41,53,0,0,0,0,53,0,0,349.471698,0,8,2,9734528853516388720
32,42,52,0,0,0,0,52,0,0,299.346154,0,8,2,13273821144570744703
32,43,52,0,0,0,0,52,0,0,311.096154,0,8,4,3362188175158487840
32,44,52,0,0,0,0,52,0,0,336.250000,0,8,4,13034325738744900582
32,45,52,0,0,0,0,52,0,0,338.269231,0,8,4,8671335226982406705
32,46,52,0,0,0,0,52,0,0,318.730769,0,8,4,5396225864381978863
32,47,52,0,0,0,0,52,0,0,358.384615,0,8,4,4096731960423005281
32,48,53,0,0,0,0,53,0,0,376.943396,0,8,4,8276708115049867602
32,49,52,0,0,0,0,52,0,0,344.230769,0,8,4,1758074457805352528
32,50,52,0,0,0,0,52,0,0,360.115385,0,8,4,17198822372443440262
32,51,52,0,0,0,0,52,0,0,367.500000,0,8,4,2745033482153986546
32,52,52,0,0,0,0,52,0,0,353.153846,0,8,4,8183191986463944369
32,53,52,0,0,0,0,52,0,0,349.038462,0,8,4,13004606878092457602
32,54,52,0,0,0,0,52,0,0,311.000000,0,8,4,13280462709420074158
32,55,53,0,0,0,0,53,0,0,339.169811,0,8,4,9069317574124157632
32,56,52,0,0,0,0,52,0,0,336.519231,0,8,4,6622217634373942539
32,57,52,0,0,0,0,52,0,0,372.692308,0,8,4,5118186069544695441
32,58,52,0,0,0,0,52,0,0,362.692308,0,8,4,8491550337233845140
32,59,52,0,0,0,0,52,0,0,343.115385,0,8,4,4229799255359252160
32,60,52,0,0,0,0,52,0,0,339.057692,0,8,4,121369468516826309
32,61,52,0,0,0,0,52,0,0,350.769231,0,8,4,10625986685796734053
32,62,53,0,0,0,0,53,0,0,339.792453,0,8,4,16670132466683300956
32,63,52,0,0,0,0,52,0,0,368.057692,0,8,4,11805069975170944753
32,64,52,0,0,0,0,52,0,0,364.192308,0,8,4,8621941227130926898
32,65,52,0,0,0,0,52,0,0,335.192308,0,8,4,13729237431320477253
32,66,52,0,0,0,0,52,0,0,357.596154,0,8,4,6948799482234938661
32,67,52,0,0,0,0,52,0,0,357.961538,0,8,4,1300372734037611042
32,68,52,0,0,0,0,52,0,0,354.096154,0,8,4,17527257109814870974
32,69,53,0,0,0,0,53,0,0,368.603774,0,8,4,10306335913002348378
32,70,52,0,0,0,0,52,0,0,370.846154,0,8,4,7098312642145448551
32,71,52,0,0,0,0,52,0,0,365.634615,0,8,4,1580248455862453756
32,72,52,0,0,0,0,52,0,0,355.653846,0,8,4,12534652133966340534
32,73,52,0,0,0,0,52,0,0,360.211538,0,8,4,3902484843820560897
32,74,52,0,0,0,0,52,0,0,354.211538,0,8,4,14738257578819286856
32,75,52,0,0,0,0,52,0,0,368.826923,0,8,4,4066208579820633489
32,76,53,0,0,0,0,53,0,0,384.622642,0,8,4,2283949631278680372
32,77,52,0,0,0,0,52,0,0,341.480769,0,8,2,9056225509527175670
32,78,52,0,0,0,0,52,0,0,298.923077,0,8,4,10948955894208588647
32,79,52,0,0,0,0,52,0,0,311.846154,0,8,4,1102623832727291948
32,80,52,0,0,0,0,52,0,0,306.326923,0,8,4,3454104545235083413
32,81,52,0,0,0,0,52,0,0,343.346154,0,8,4,14097535001792593454
32,82,52,0,0,0,0,52,0,0,374.711538,0,8,4,9003167409298266170
32,83,53,0,0,0,0,53,0,0,400.094340,0,8,4,8642048135879872371
32,84,52,0,0,0,0,52,0,0,379.903846,0,8,4,6090939587554961391
32,85,52,0,0,0,0,52,0,0,360.903846,0,8,4,6268292227076746057
32,86,52,0,0,0,0,52,0,0,366.288462,0,8,4,13436646232404485247
32,87,52,0,0,0,0,52,0,0,401.615385,0,8,4,17623510788468203874
32,88,52,0,0,0,0,52,0,0,420.826923,0,8,4,2570581603042409500
32,89,52,0,0,0,0,52,0,0,418.211538,0,8,4,8664068680675425686
32,90,53,0,0,0,0,53,0,0,407.018868,0,8,4,5888302187690659936
32,91,52,0,0,0,0,52,0,0,389.750000,0,8,4,6810381890792594172
32,92,52,0,0,0,0,52,0,0,386.846154,0,8,4,3226478292762957694
32,93,52,0,0,0,0,52,0,0,402.692308,0,8,4,6906275236183473474
32,94,52,0,0,0,0,52,0,0,421.750000,0,8,4,5903826071894720213
32,95,52,0,0,0,0,52,0,0,400.211538,0,8,4,10788811044382795390
32,96,52,0,0,0,0,52,0,0,390.576923,0,8,4,14083778913482223857
32,97,53,0,0,0,0,53,0,0,406.962264,0,8,4,9640026332186711430
32,98,52,0,0,0,0,52,0,0,409.134615,0,8,4,16721082235440558986
32,99,52,0,0,0,0,52,0,0,422.615385,0,8,4,13098040663663499575
32,100,52,0,0,0,0,52,0,0,425.942308,0,8,4,12111462433634651376
