seed_number,year,samples,ready,scribes,grain,paper,tools,binding,ledger_below_50,mean_ledger,lore_stored,lore_lost_total,archive_scribes,state_hash
1,1,52,0,0,1,0,0,51,0,469.884615,1,0,4,1526854542389916007
1,2,52,0,0,9,0,0,43,0,409.211538,1,0,4,6671447868501576031
1,3,52,0,0,52,0,0,0,0,467.500000,1,0,4,3871611948234313573
1,4,52,0,0,33,0,0,19,0,388.769231,3,0,4,5092770414035232367
1,5,52,0,0,2,0,0,50,0,378.461538,4,0,4,14264053269412846586
1,6,53,0,16,0,0,0,37,16,286.830189,0,4,0,11368431697894298210
1,7,52,0,28,0,0,0,24,27,45.961538,0,4,0,614670774507016366
1,8,52,0,33,12,0,7,0,29,46.192308,0,4,1,14574008382112446596
1,9,52,0,0,25,0,0,27,0,177.000000,2,4,2,13833571289485258758
1,10,52,0,0,0,0,0,52,0,246.653846,2,4,2,11827475232799183728
1,11,52,0,22,0,0,0,30,23,131.211538,0,6,0,8454339020150262310
1,12,52,0,52,0,0,0,0,52,16.423077,0,6,0,8365077964562036611
1,13,53,0,46,0,0,0,7,45,25.037736,0,6,0,11662466813916646152
1,14,52,0,40,0,0,0,12,40,29.038462,0,6,0,15030371620356058480
1,15,52,0,52,0,0,0,0,52,20.846154,0,6,0,10173241552266249912
1,16,52,0,43,0,0,0,9,42,22.076923,0,6,0,11785953949787967970
1,17,52,0,52,0,0,0,0,52,11.134615,0,6,0,4074873016280948405
1,18,52,0,52,0,0,0,0,52,0.000000,0,6,0,5384789552579672977
1,19,52,0,52,0,0,0,0,52,0.000000,0,6,0,3783893394733388074
1,20,53,0,53,0,0,0,0,53,0.000000,0,6,0,16761002513747832761
1,21,52,0,52,0,0,0,0,52,0.000000,0,6,0,15922112497655342625
1,22,52,0,52,0,0,0,0,52,0.000000,0,6,0,14011443390227944547
1,23,52,0,52,0,0,0,0,52,0.000000,0,6,0,145439269346166509
1,24,52,0,52,0,0,0,0,52,0.000000,0,6,0,507763410331595405
1,25,52,0,52,0,0,0,0,52,0.000000,0,6,0,9686682730955428037
1,26,52,0,52,0,0,0,0,52,0.000000,0,6,0,2131899521160229223
1,27,53,0,53,0,0,0,0,53,0.000000,0,6,0,771708008259977803
1,28,52,0,52,0,0,0,0,52,0.000000,0,6,0,6473512305160845397
1,29,52,0,52,0,0,0,0,52,0.000000,0,6,0,7703816037667644898
1,30,52,0,52,0,0,0,0,52,0.000000,0,6,0,6726208671282968767
1,31,52,0,52,0,0,0,0,52,0.000000,0,6,0,8005132360117710704
1,32,52,0,52,0,0,0,0,52,0.000000,0,6,0,13784817838062587692
1,33,52,0,52,0,0,0,0,52,0.000000,0,6,0,6212524359214012092
1,34,53,0,53,0,0,0,0,53,0.000000,0,6,0,6882180265400549873
1,35,52,0,52,0,0,0,0,52,0.000000,0,6,0,11267416247859064284
1,36,52,0,52,0,0,0,0,52,0.000000,0,6,0,12288783458841906525
1,37,52,0,52,0,0,0,0,52,0.000000,0,6,0,2593348969442574760
1,38,52,0,52,0,0,0,0,52,0.000000,0,6,0,8333289149135382986
1,39,52,0,52,0,0,0,0,52,0.000000,0,6,0,1794906755889267845
1,40,52,0,52,0,0,0,0,52,0.000000,0,6,0,17404752764501456581
1,41,53,0,53,0,0,0,0,53,0.000000,0,6,0,11597554469079164199
1,42,52,0,52,0,0,0,0,52,0.000000,0,6,0,8548254886192272138
1,43,52,0,52,0,0,0,0,52,0.000000,0,6,0,4851144712194349203
1,44,52,0,52,0,0,0,0,52,0.000000,0,6,0,10278353379726551780
1,45,52,0,52,0,0,0,0,52,0.000000,0,6,0,5802185175773226758
1,46,52,0,52,0,0,0,0,52,0.000000,0,6,0,5908778662742978538
1,47,52,0,52,0,0,0,0,52,0.000000,0,6,0,14688253983198914961
1,48,53,0,53,0,0,0,0,53,0.000000,0,6,0,124635930225374621
1,49,52,0,52,0,0,0,0,52,0.000000,0,6,0,2721692415673873961
1,50,52,0,52,0,0,0,0,52,0.000000,0,6,0,9970310701058324705
1,51,52,0,52,0,0,0,0,52,0.000000,0,6,0,14208022267516827905
1,52,52,0,52,0,0,0,0,52,0.000000,0,6,0,2908962507512568304
1,53,52,0,52,0,0,0,0,52,0.000000,0,6,0,7308260172665844437
1,54,52,0,52,0,0,0,0,52,0.000000,0,6,0,11548655469103548245
1,55,53,0,53,0,0,0,0,53,0.000000,0,6,0,8366585637663623754
1,56,52,0,52,0,0,0,0,52,0.000000,0,6,0,13465631489650298311
1,57,52,0,52,0,0,0,0,52,0.000000,0,6,0,18192094598355829606
1,58,52,0,52,0,0,0,0,52,0.000000,0,6,0,10403669920716366785
1,59,52,0,52,0,0,0,0,52,0.000000,0,6,0,10135265567984457923
1,60,52,0,52,0,0,0,0,52,0.000000,0,6,0,12318210265343132093
1,61,52,0,52,0,0,0,0,52,0.000000,0,6,0,4514100233892509147
1,62,53,0,53,0,0,0,0,53,0.000000,0,6,0,11184143010603210861
1,63,52,0,52,0,0,0,0,52,0.000000,0,6,0,2787514538653018009
1,64,52,0,52,0,0,0,0,52,0.000000,0,6,0,4058205716579985297
1,65,52,0,52,0,0,0,0,52,0.000000,0,6,0,1067577431747582243
1,66,52,0,52,0,0,0,0,52,0.000000,0,6,0,3190075857216239240
1,67,52,0,52,0,0,0,0,52,0.000000,0,6,0,12789026772139584433
1,68,52,0,52,0,0,0,0,52,0.000000,0,6,0,1610110277877685915
1,69,53,0,53,0,0,0,0,53,0.000000,0,6,0,14348802709195904520
1,70,52,0,52,0,0,0,0,52,0.000000,0,6,0,2964794244996582946
1,71,52,0,52,0,0,0,0,52,0.000000,0,6,0,6417320165564924617
1,72,52,0,52,0,0,0,0,52,0.000000,0,6,0,17348227043342207435
1,73,52,0,52,0,0,0,0,52,0.000000,0,6,0,14756672629881414720
1,74,52,0,52,0,0,0,0,52,0.000000,0,6,0,8687649225998513435
1,75,52,0,52,0,0,0,0,52,0.000000,0,6,0,13070121538523398393
1,76,53,0,53,0,0,0,0,53,0.000000,0,6,0,1832988019630606790
1,77,52,0,52,0,0,0,0,52,0.000000,0,6,0,18439348355474881031
1,78,52,0,52,0,0,0,0,52,0.000000,0,6,0,8334630386535452019
1,79,52,0,52,0,0,0,0,52,0.000000,0,6,0,17051795163047195571
1,80,52,0,52,0,0,0,0,52,0.000000,0,6,0,11883713818978011681
1,81,52,0,52,0,0,0,0,52,0.000000,0,6,0,17262635926204143129
1,82,52,0,52,0,0,0,0,52,0.000000,0,6,0,12604854495753303072
1,83,53,0,53,0,0,0,0,53,0.000000,0,6,0,5388333714677919109
1,84,52,0,52,0,0,0,0,52,0.000000,0,6,0,9409835308252480173
1,85,52,0,52,0,0,0,0,52,0.000000,0,6,0,2859787523245210552
1,86,52,0,52,0,0,0,0,52,0.000000,0,6,0,10810682817726756172
1,87,52,0,52,0,0,0,0,52,0.000000,0,6,0,4631274117232489173
1,88,52,0,52,0,0,0,0,52,0.000000,0,6,0,8609277180024713079
1,89,52,0,52,0,0,0,0,52,0.000000,0,6,0,11392554819655866223
1,90,53,0,53,0,0,0,0,53,0.000000,0,6,0,13136719299560593791
1,91,52,0,52,0,0,0,0,52,0.000000,0,6,0,9264465879250325020
1,92,52,0,52,0,0,0,0,52,0.000000,0,6,0,9094448215059985457
1,93,52,0,52,0,0,0,0,52,0.000000,0,6,0,4594249660878091453
1,94,52,0,52,0,0,0,0,52,0.000000,0,6,0,16837925945834271830
1,95,52,0,52,0,0,0,0,52,0.000000,0,6,0,3905112376914365869
1,96,52,0,52,0,0,0,0,52,0.000000,0,6,0,1684825766862569799
1,97,53,0,53,0,0,0,0,53,0.000000,0,6,0,3693256952366805877
1,98,52,0,52,0,0,0,0,52,0.000000,0,6,0,824647185366401669
1,99,52,0,52,0,0,0,0,52,0.000000,0,6,0,11985769311447640387
1,100,52,0,52,0,0,0,0,52,0.000000,0,6,0,2242607171719311540
2,1,52,0,0,5,0,0,47,0,399.653846,0,0,2,14304089765501579637
2,2,52,0,0,52,0,0,0,0,237.538462,0,0,1,10047900871146670037
2,3,52,0,48,4,0,0,0,47,14.442308,0,0,0,14969631500892714197
2,4,52,0,52,0,0,0,0,52,6.076923,0,0,0,7737123011063181126
2,5,52,0,52,0,0,0,0,52,13.019231,0,0,0,12187116764786437074
2,6,53,0,53,0,0,0,0,53,16.792453,0,0,0,7464445635026063062
2,7,52,0,15,0,0,37,0,14,95.769231,0,0,2,9544002196440213524
2,8,52,0,0,0,0,52,0,0,295.346154,0,0,4,5448757906839158469
2,9,52,0,0,0,0,52,0,0,438.826923,0,0,4,14080197764384798189
2,10,52,0,0,0,0,52,0,0,365.096154,0,0,4,17936487066953035729
2,11,52,0,0,0,0,52,0,0,317.384615,0,0,2,9248801436107102851
2,12,52,0,0,0,0,52,0,0,245.942308,0,0,2,4621979333504680897
2,13,53,0,0,0,0,53,0,0,144.396226,0,0,1,9902393619015784186
2,14,52,0,0,0,0,52,0,0,180.250000,0,0,2,3863839556906348784
2,15,52,0,0,0,0,52,0,0,134.884615,0,0,1,2399998281794115403
2,16,52,0,0,0,0,52,0,0,131.288462,0,0,1,9796642025968821613
2,17,52,0,0,0,0,52,0,0,133.384615,0,0,1,8350505687578384869
2,18,52,0,0,0,0,52,0,0,96.307692,0,0,1,11454836074329753346
2,19,52,0,0,0,0,52,0,0,114.000000,0,0,1,8505403513653319826
2,20,53,0,0,0,0,53,0,0,143.981132,0,0,2,2735943087073102687
2,21,52,0,0,0,0,52,0,0,141.173077,0,0,2,16103915374882979005
2,22,52,0,0,0,0,52,0,0,182.365385,0,0,2,6296251948444854725
2,23,52,0,0,0,0,52,0,0,239.634615,0,0,4,15283853135780292654
2,24,52,0,0,0,0,52,0,0,318.788462,0,0,2,8414047530844919069
2,25,52,0,0,0,0,52,0,0,313.769231,0,0,4,2438794697443975958
2,26,52,0,0,0,0,52,0,0,265.461538,0,0,2,6422968782235625489
2,27,53,0,0,0,0,53,0,0,240.981132,0,0,2,12741261652325011228
2,28,52,0,0,0,0,52,0,0,309.519231,0,0,4,7319256622149721795
2,29,52,0,0,0,0,52,0,0,295.423077,0,0,2,1456219303925126004
2,30,52,0,0,0,0,52,0,0,259.442308,0,0,4,4551429153836106834
2,31,52,0,0,0,0,52,0,0,276.096154,0,0,2,12274464912894103919
2,32,52,0,0,0,0,52,0,0,239.865385,0,0,2,10142769925336365064
2,33,52,0,0,0,0,52,0,0,256.942308,0,0,2,17025646828118401350
2,34,53,0,0,0,0,53,0,0,275.188679,0,0,4,5886228010695622743
2,35,52,0,0,0,0,52,0,0,243.923077,0,0,2,16251957851761145774
2,36,52,0,0,0,0,52,0,0,309.519231,0,0,2,1931590672475299665
2,37,52,0,0,0,0,52,0,0,293.576923,0,0,4,15403331978990725469
2,38,52,0,0,0,0,52,0,0,341.615385,0,0,4,2258489798680861108
2,39,52,0,0,0,0,52,0,0,265.442308,0,0,2,7173955557119684548
2,40,52,0,0,0,0,52,0,0,193.019231,0,0,2,10831559734450328378
2,41,53,0,0,0,0,53,0,0,161.509434,0,0,2,14543644769269752022
2,42,52,0,0,0,0,52,0,0,195.000000,0,0,2,9442197600060925787
2,43,52,0,0,0,0,52,0,0,270.230769,0,0,2,6801747387056111341
2,44,52,0,0,0,0,52,0,0,308.538462,0,0,4,5422056763498891762
2,45,52,0,0,0,0,52,0,0,393.230769,0,0,4,4803336296403806334
2,46,52,0,0,0,0,52,0,0,469.211538,0,0,4,12919371749065063520
2,47,52,0,0,0,0,52,0,0,461.750000,0,0,4,11389835080790889562
2,48,53,0,0,0,0,53,0,0,474.622642,0,0,4,7143876794229931452
2,49,52,0,0,0,0,52,0,0,477.076923,0,0,4,1558897789293678984
2,50,52,0,0,0,0,52,0,0,462.000000,0,0,4,899066364677101801
2,51,52,0,0,0,0,52,0,0,417.807692,0,0,4,6174130442232932956
2,52,52,0,0,0,0,52,0,0,417.019231,0,0,4,5271674225549962631
2,53,52,0,0,0,0,52,0,0,382.596154,0,0,4,6025786627492146333
2,54,52,0,0,0,0,52,0,0,498.692308,0,0,4,4259930613882332453
2,55,53,0,0,0,0,53,0,0,507.754717,0,0,4,17168806279461951503
2,56,52,0,0,0,0,52,0,0,449.192308,0,0,4,4586039424803477455
2,57,52,0,0,0,0,52,0,0,499.403846,0,0,4,11380291327118849075
2,58,52,0,0,0,0,52,0,0,377.538462,0,0,4,9934692152795800442
2,59,52,0,0,0,0,52,0,0,470.153846,0,0,4,2426845574628162198
2,60,52,0,0,0,0,52,0,0,470.461538,0,0,4,2117207796282014035
2,61,52,0,2,0,0,50,0,1,135.480769,0,0,2,17458857428890221673
2,62,53,0,0,0,0,53,0,0,256.528302,0,0,4,17815559849817330966
2,63,52,0,0,0,0,52,0,0,414.134615,0,0,4,3479973679838452478
2,64,52,0,0,0,0,52,0,0,480.000000,0,0,4,3861436620724225653
2,65,52,0,0,0,0,52,0,0,480.000000,0,0,4,1346834666216112987
2,66,52,0,0,0,0,52,0,0,480.019231,0,0,4,14600674904928067393
2,67,52,0,0,0,0,52,0,0,480.000000,0,0,4,3488128836047367023
2,68,52,0,0,0,0,52,0,0,480.115385,0,0,4,12277470780924991188
2,69,53,0,0,0,0,53,0,0,480.000000,0,0,4,15958331089957726478
2,70,52,0,0,0,0,52,0,0,446.423077,0,0,2,17856882820203613539
2,71,52,0,4,0,0,48,0,3,123.788462,0,0,2,5555831399464267566
2,72,52,0,0,0,0,52,0,0,261.000000,0,0,4,12010755827887099104
2,73,52,0,0,0,0,52,0,0,416.615385,0,0,4,411498587309325008
2,74,52,0,0,0,0,52,0,0,480.000000,0,0,4,14104524230672179520
2,75,52,0,0,0,0,52,0,0,480.826923,0,0,4,597834180356631151
2,76,53,0,0,0,0,53,0,0,480.000000,0,0,4,11915098601525745859
2,77,52,0,0,0,0,52,0,0,480.000000,0,0,4,16149114211676490106
2,78,52,0,0,0,0,52,0,0,480.000000,0,0,4,8400192094419343270
2,79,52,0,0,0,0,52,0,0,480.000000,0,0,4,5671352861336473920
2,80,52,0,2,0,0,50,0,3,422.288462,0,0,0,15840763221072227728
2,81,52,0,9,0,0,43,0,8,128.230769,0,0,2,16556324221071563075
2,82,52,0,0,0,0,52,0,0,288.307692,0,0,4,1733727483026693701
2,83,53,0,0,0,0,53,0,0,241.641509,0,0,2,9805808950785786345
2,84,52,0,0,0,0,52,0,0,156.423077,0,0,1,10821470552530455625
2,85,52,0,0,0,0,52,0,0,119.076923,0,0,1,7085063391618906568
2,86,52,0,8,0,0,44,0,5,73.115385,0,0,0,280882644173190064
2,87,52,0,37,0,0,15,0,36,45.903846,0,0,0,12952933587604493219
2,88,52,0,24,0,0,28,0,23,57.903846,0,0,0,1330431300392435325
2,89,52,0,35,0,0,17,0,33,38.134615,0,0,1,14088123087198797377
2,90,53,0,52,0,0,1,0,52,12.905660,0,0,0,8107202374893577188
2,91,52,0,52,0,0,0,0,52,3.807692,0,0,0,14211043712255378500
2,92,52,0,52,0,0,0,0,52,2.192308,0,0,0,7406842123793235851
2,93,52,0,52,0,0,0,0,52,2.000000,0,0,0,1407401660403796646
2,94,52,0,52,0,0,0,0,52,2.000000,0,0,0,3826609466146745596
2,95,52,0,52,0,0,0,0,52,2.000000,0,0,0,10231272557485957717
2,96,52,0,52,0,0,0,0,52,2.000000,0,0,0,10748609056946538016
2,97,53,0,53,0,0,0,0,53,2.000000,0,0,0,17802464370752765384
2,98,52,0,52,0,0,0,0,52,2.192308,0,0,0,1241608028883769290
2,99,52,0,52,0,0,0,0,52,0.961538,0,0,0,17546490954563336051
2,100,52,0,52,0,0,0,0,52,2.846154,0,0,0,13815635347224612651
3,1,52,0,0,5,0,0,47,0,389.365385,0,0,2,5559751471748700363
3,2,52,0,14,38,0,0,0,13,123.480769,0,0,0,9555098433383916649
3,3,52,0,52,0,0,0,0,52,12.557692,0,0,0,6878480959304069571
3,4,52,0,52,0,0,0,0,52,9.250000,0,0,0,3726346831049812826
3,5,52,0,52,0,0,0,0,52,1.192308,0,0,0,12454982335282931360
3,6,53,0,53,0,0,0,0,53,3.396226,0,0,0,15298643720411308784
3,7,52,0,52,0,0,0,0,52,12.384615,0,0,0,6510608234189772649
3,8,52,0,52,0,0,0,0,52,18.115385,0,0,0,5337510616130075201
3,9,52,0,48,0,0,4,0,46,28.307692,0,0,0,3252393924689696409
3,10,52,0,52,0,0,0,0,51,25.134615,0,0,0,15936886041188763152
3,11,52,0,52,0,0,0,0,52,11.480769,0,0,0,18116022701227827400
3,12,52,0,52,0,0,0,0,52,13.576923,0,0,0,10421286648923965192
3,13,53,0,51,0,0,2,0,49,19.566038,0,0,0,3369280526916078005
3,14,52,0,52,0,0,0,0,51,13.615385,0,0,0,12248943334388942988
3,15,52,0,52,0,0,0,0,52,9.846154,0,0,0,18244609061815952019
3,16,52,0,52,0,0,0,0,52,6.596154,0,0,0,8206419910943860113
3,17,52,0,52,0,0,0,0,52,0.346154,0,0,0,8493734694279582082
3,18,52,0,52,0,0,0,0,52,1.384615,0,0,0,14142218263060678280
3,19,52,0,52,0,0,0,0,52,0.000000,0,0,0,16716076306393448413
3,20,53,0,53,0,0,0,0,53,0.000000,0,0,0,11956869452709915291
3,21,52,0,52,0,0,0,0,52,0.000000,0,0,0,16197978803978846831
3,22,52,0,52,0,0,0,0,52,0.000000,0,0,0,13320509762748595100
3,23,52,0,52,0,0,0,0,52,0.000000,0,0,0,5033180425588752520
3,24,52,0,52,0,0,0,0,52,0.000000,0,0,0,9941870053122625218
3,25,52,0,52,0,0,0,0,52,0.000000,0,0,0,14539856201608873782
3,26,52,0,52,0,0,0,0,52,0.000000,0,0,0,4561394175089736843
3,27,53,0,53,0,0,0,0,53,0.000000,0,0,0,10659935380981832760
3,28,52,0,52,0,0,0,0,52,0.000000,0,0,0,5934920426057944879
3,29,52,0,52,0,0,0,0,52,0.000000,0,0,0,1505874089184150956
3,30,52,0,52,0,0,0,0,52,0.000000,0,0,0,14778001310433188875
3,31,52,0,52,0,0,0,0,52,0.000000,0,0,0,14784901646854344995
3,32,52,0,52,0,0,0,0,52,0.000000,0,0,0,18390658405259389104
3,33,52,0,52,0,0,0,0,52,0.000000,0,0,0,14571058671472807276
3,34,53,0,53,0,0,0,0,53,0.000000,0,0,0,2872000526396168533
3,35,52,0,52,0,0,0,0,52,0.000000,0,0,0,8825342594746646366
3,36,52,0,52,0,0,0,0,52,0.000000,0,0,0,5567088730552605969
3,37,52,0,52,0,0,0,0,52,0.000000,0,0,0,268569053109844808
3,38,52,0,52,0,0,0,0,52,0.000000,0,0,0,5926131571003338901
3,39,52,0,52,0,0,0,0,52,0.000000,0,0,0,10749871605276349919
3,40,52,0,52,0,0,0,0,52,0.000000,0,0,0,956876497247208538
3,41,53,0,53,0,0,0,0,53,0.000000,0,0,0,13530895886838853115
3,42,52,0,52,0,0,0,0,52,0.000000,0,0,0,7125837835975995597
3,43,52,0,52,0,0,0,0,52,0.000000,0,0,0,1410378386341362564
3,44,52,0,52,0,0,0,0,52,0.000000,0,0,0,15541575769636771196
3,45,52,0,52,0,0,0,0,52,0.000000,0,0,0,10634711157247025641
3,46,52,0,52,0,0,0,0,52,0.000000,0,0,0,2823414120193198244
3,47,52,0,52,0,0,0,0,52,0.000000,0,0,0,17323999783420695777
3,48,53,0,53,0,0,0,0,53,0.000000,0,0,0,10973218592901284547
3,49,52,0,52,0,0,0,0,52,0.000000,0,0,0,8899308938645764063
3,50,52,0,52,0,0,0,0,52,0.000000,0,0,0,8276507830002789760
3,51,52,0,52,0,0,0,0,52,0.000000,0,0,0,8501777895113063532
3,52,52,0,52,0,0,0,0,52,0.000000,0,0,0,15629278539026185929
3,53,52,0,52,0,0,0,0,52,0.000000,0,0,0,2983247328454174855
3,54,52,0,52,0,0,0,0,52,0.000000,0,0,0,3689799072811368968
3,55,53,0,53,0,0,0,0,53,0.000000,0,0,0,11002642678910817927
3,56,52,0,52,0,0,0,0,52,0.000000,0,0,0,877965157994206000
3,57,52,0,52,0,0,0,0,52,0.000000,0,0,0,1460435634488756989
3,58,52,0,52,0,0,0,0,52,0.000000,0,0,0,13039176270735966531
3,59,52,0,52,0,0,0,0,52,0.000000,0,0,0,3956493259963903402
3,60,52,0,52,0,0,0,0,52,0.000000,0,0,0,4031866183218451441
3,61,52,0,52,0,0,0,0,52,0.000000,0,0,0,10626942916504005039
3,62,53,0,53,0,0,0,0,53,0.000000,0,0,0,17388218439593119149
3,63,52,0,52,0,0,0,0,52,0.000000,0,0,0,15003197583525008412
3,64,52,0,52,0,0,0,0,52,0.000000,0,0,0,9114829257333113793
3,65,52,0,52,0,0,0,0,52,0.000000,0,0,0,1463802303023525322
3,66,52,0,52,0,0,0,0,52,0.000000,0,0,0,6699703817332431195
3,67,52,0,52,0,0,0,0,52,0.000000,0,0,0,6549631261633147375
3,68,52,0,52,0,0,0,0,52,0.000000,0,0,0,7215182806488750241
3,69,53,0,53,0,0,0,0,53,0.000000,0,0,0,12192687186143305240
3,70,52,0,52,0,0,0,0,52,0.000000,0,0,0,13787662226792164240
3,71,52,0,52,0,0,0,0,52,0.000000,0,0,0,7198586086611408839
3,72,52,0,52,0,0,0,0,52,0.000000,0,0,0,6300118777355067782
3,73,52,0,52,0,0,0,0,52,0.000000,0,0,0,7165597138825519000
3,74,52,0,52,0,0,0,0,52,0.000000,0,0,0,2996604269089694900
3,75,52,0,52,0,0,0,0,52,0.000000,0,0,0,9474811935909964711
3,76,53,0,53,0,0,0,0,53,0.000000,0,0,0,5473597095133026451
3,77,52,0,52,0,0,0,0,52,0.000000,0,0,0,14843099472875523275
3,78,52,0,52,0,0,0,0,52,0.000000,0,0,0,14824991181775141702
3,79,52,0,52,0,0,0,0,52,0.000000,0,0,0,11278827783391299758
3,80,52,0,52,0,0,0,0,52,0.000000,0,0,0,14776193892903107873
3,81,52,0,52,0,0,0,0,52,0.000000,0,0,0,11054622508408555631
3,82,52,0,52,0,0,0,0,52,0.000000,0,0,0,16614665114929773607
3,83,53,0,53,0,0,0,0,53,0.000000,0,0,0,18397668516907347443
3,84,52,0,52,0,0,0,0,52,0.000000,0,0,0,18291065309766492145
3,85,52,0,52,0,0,0,0,52,0.000000,0,0,0,8808303971947235718
3,86,52,0,52,0,0,0,0,52,0.000000,0,0,0,2667297885868619257
3,87,52,0,52,0,0,0,0,52,0.000000,0,0,0,16991707376539483107
3,88,52,0,52,0,0,0,0,52,0.000000,0,0,0,18381199368159447881
3,89,52,0,52,0,0,0,0,52,0.000000,0,0,0,11967394339152753269
3,90,53,0,53,0,0,0,0,53,0.000000,0,0,0,1259198536878523598
3,91,52,0,52,0,0,0,0,52,0.000000,0,0,0,2726263805725864829
3,92,52,0,52,0,0,0,0,52,0.000000,0,0,0,14548703955725968639
3,93,52,0,52,0,0,0,0,52,0.000000,0,0,0,9441543121758953658
3,94,52,0,52,0,0,0,0,52,0.000000,0,0,0,5058840665840573981
3,95,52,0,52,0,0,0,0,52,0.000000,0,0,0,7719626983151429903
3,96,52,0,52,0,0,0,0,52,0.000000,0,0,0,6506893256737335501
3,97,53,0,53,0,0,0,0,53,0.000000,0,0,0,4628692495439121551
3,98,52,0,52,0,0,0,0,52,0.000000,0,0,0,10872479625468163847
3,99,52,0,52,0,0,0,0,52,0.000000,0,0,0,12479275449387012130
3,100,52,0,52,0,0,0,0,52,0.000000,0,0,0,8474550802962807227
4,1,52,0,0,14,0,0,38,0,373.403846,1,0,2,9479301487368669536
4,2,52,0,7,45,0,0,0,5,122.500000,0,1,0,8766374451100318828
4,3,52,0,52,0,0,0,0,52,14.307692,0,1,0,7190733501264699683
4,4,52,0,52,0,0,0,0,52,5.307692,0,1,0,2624238348337774911
4,5,52,0,52,0,0,0,0,52,8.942308,0,1,0,18152385766543171527
4,6,53,0,53,0,0,0,0,52,18.075472,0,1,0,13568040077670148734
4,7,52,0,50,0,0,2,0,49,16.750000,0,1,1,14274770850836223427
4,8,52,0,44,0,0,8,0,43,18.500000,0,1,0,16151370441893875351
4,9,52,0,52,0,0,0,0,52,7.769231,0,1,0,5089651609997592015
4,10,52,0,52,0,0,0,0,52,6.230769,0,1,0,15965268979864032097
4,11,52,0,52,0,0,0,0,52,7.884615,0,1,0,14846588569444645175
4,12,52,0,52,0,0,0,0,52,7.115385,0,1,0,13634503376160207808
4,13,53,0,53,0,0,0,0,53,7.188679,0,1,0,674400090036831451
4,14,52,0,52,0,0,0,0,52,7.923077,0,1,0,18323258938204497477
4,15,52,0,52,0,0,0,0,52,6.423077,0,1,0,7977986530874548070
4,16,52,0,52,0,0,0,0,52,6.692308,0,1,0,14958399705059302084
4,17,52,0,52,0,0,0,0,52,7.076923,0,1,0,8544060961996404023
4,18,52,0,52,0,0,0,0,52,4.692308,0,1,0,10363175059469447735
4,19,52,0,52,0,0,0,0,52,0.000000,0,1,0,14147279598326737952
4,20,53,0,53,0,0,0,0,53,0.000000,0,1,0,8017555498073015767
4,21,52,0,52,0,0,0,0,52,0.000000,0,1,0,326037761639556074
4,22,52,0,52,0,0,0,0,52,0.000000,0,1,0,8755981671919222590
4,23,52,0,52,0,0,0,0,52,0.000000,0,1,0,5201966926813352179
4,24,52,0,52,0,0,0,0,52,0.000000,0,1,0,6932378490996732130
4,25,52,0,52,0,0,0,0,52,0.000000,0,1,0,18094649931016735884
4,26,52,0,52,0,0,0,0,52,0.000000,0,1,0,11090279798151469804
4,27,53,0,53,0,0,0,0,53,0.000000,0,1,0,17719377582486768484
4,28,52,0,52,0,0,0,0,52,0.000000,0,1,0,8431285353183195182
4,29,52,0,52,0,0,0,0,52,0.000000,0,1,0,15319851342204540980
4,30,52,0,52,0,0,0,0,52,0.000000,0,1,0,11290719549671467251
4,31,52,0,52,0,0,0,0,52,0.000000,0,1,0,9307886709869405316
4,32,52,0,52,0,0,0,0,52,0.000000,0,1,0,7480842737575389631
4,33,52,0,52,0,0,0,0,52,0.000000,0,1,0,14280968174249326657
4,34,53,0,53,0,0,0,0,53,0.000000,0,1,0,10477126437230532684
4,35,52,0,52,0,0,0,0,52,0.000000,0,1,0,8748189163446785958
4,36,52,0,52,0,0,0,0,52,0.000000,0,1,0,4194840954716598613
4,37,52,0,52,0,0,0,0,52,0.000000,0,1,0,13608640880454823321
4,38,52,0,52,0,0,0,0,52,0.000000,0,1,0,7984991709254218271
4,39,52,0,52,0,0,0,0,52,0.000000,0,1,0,9344965318930558448
4,40,52,0,52,0,0,0,0,52,0.000000,0,1,0,17846397279619726985
4,41,53,0,53,0,0,0,0,53,0.000000,0,1,0,3335035894232854175
4,42,52,0,52,0,0,0,0,52,0.000000,0,1,0,15215999709296394645
4,43,52,0,52,0,0,0,0,52,0.000000,0,1,0,13785372573712257447
4,44,52,0,52,0,0,0,0,52,0.000000,0,1,0,1232490349175319421
4,45,52,0,52,0,0,0,0,52,0.000000,0,1,0,9015816726873853749
4,46,52,0,52,0,0,0,0,52,0.000000,0,1,0,15274675994297009292
4,47,52,0,52,0,0,0,0,52,0.000000,0,1,0,13934280568126634376
4,48,53,0,53,0,0,0,0,53,0.000000,0,1,0,18080534099958776647
4,49,52,0,52,0,0,0,0,52,0.000000,0,1,0,16846969595847914059
4,50,52,0,52,0,0,0,0,52,0.000000,0,1,0,5799421705634045767
4,51,52,0,52,0,0,0,0,52,0.000000,0,1,0,110945709594704956
4,52,52,0,52,0,0,0,0,52,0.000000,0,1,0,1655207750007328423
4,53,52,0,52,0,0,0,0,52,0.000000,0,1,0,13648183752551247487
4,54,52,0,52,0,0,0,0,52,0.000000,0,1,0,7637100757485672613
4,55,53,0,53,0,0,0,0,53,0.000000,0,1,0,14489053863235691964
4,56,52,0,52,0,0,0,0,52,0.000000,0,1,0,11384958286694006147
4,57,52,0,52,0,0,0,0,52,0.000000,0,1,0,4682788869152189649
4,58,52,0,52,0,0,0,0,52,0.000000,0,1,0,16634601764132609519
4,59,52,0,52,0,0,0,0,52,0.000000,0,1,0,9790755618953086485
4,60,52,0,52,0,0,0,0,52,0.000000,0,1,0,15042768694691153875
4,61,52,0,52,0,0,0,0,52,0.000000,0,1,0,12896702031510590541
4,62,53,0,53,0,0,0,0,53,0.000000,0,1,0,979843828011296164
4,63,52,0,52,0,0,0,0,52,0.000000,0,1,0,14148025025648506243
4,64,52,0,52,0,0,0,0,52,0.000000,0,1,0,17246432169390879246
4,65,52,0,52,0,0,0,0,52,0.000000,0,1,0,11045779468754738508
4,66,52,0,52,0,0,0,0,52,0.000000,0,1,0,5548195424671015060
4,67,52,0,52,0,0,0,0,52,0.000000,0,1,0,9807909453999947457
4,68,52,0,52,0,0,0,0,52,0.000000,0,1,0,7393436944544852041
4,69,53,0,53,0,0,0,0,53,0.000000,0,1,0,17697125332200938883
4,70,52,0,52,0,0,0,0,52,0.000000,0,1,0,9569996621956702318
4,71,52,0,52,0,0,0,0,52,0.000000,0,1,0,18293440234900780977
4,72,52,0,52,0,0,0,0,52,0.000000,0,1,0,18159599821679950027
4,73,52,0,52,0,0,0,0,52,0.000000,0,1,0,15246565299481669942
4,74,52,0,52,0,0,0,0,52,0.000000,0,1,0,15657488572720773109
4,75,52,0,52,0,0,0,0,52,0.000000,0,1,0,15486425858364149271
4,76,53,0,53,0,0,0,0,53,0.000000,0,1,0,16735377395774077452
4,77,52,0,52,0,0,0,0,52,0.000000,0,1,0,4888264930962969673
4,78,52,0,52,0,0,0,0,52,0.000000,0,1,0,8358169741233420702
4,79,52,0,52,0,0,0,0,52,0.000000,0,1,0,3383158062434979849
4,80,52,0,52,0,0,0,0,52,0.000000,0,1,0,346357050489483537
4,81,52,0,52,0,0,0,0,52,0.000000,0,1,0,5918534146645473644
4,82,52,0,52,0,0,0,0,52,0.000000,0,1,0,14985199445632287035
4,83,53,0,53,0,0,0,0,53,0.000000,0,1,0,14582164638909477052
4,84,52,0,52,0,0,0,0,52,0.000000,0,1,0,1858041652565749232
4,85,52,0,52,0,0,0,0,52,0.000000,0,1,0,13796247374237710253
4,86,52,0,52,0,0,0,0,52,0.000000,0,1,0,6862549827975098498
4,87,52,0,52,0,0,0,0,52,0.000000,0,1,0,546517512000270964
4,88,52,0,52,0,0,0,0,52,0.000000,0,1,0,9005294211925114517
4,89,52,0,52,0,0,0,0,52,0.000000,0,1,0,4969352710203872665
4,90,53,0,53,0,0,0,0,53,0.000000,0,1,0,7401343254618161099
4,91,52,0,52,0,0,0,0,52,0.000000,0,1,0,3404735204267772475
4,92,52,0,52,0,0,0,0,52,0.000000,0,1,0,6501496122824034789
4,93,52,0,52,0,0,0,0,52,0.000000,0,1,0,1984078477073987987
4,94,52,0,52,0,0,0,0,52,0.000000,0,1,0,12381995785255826718
4,95,52,0,52,0,0,0,0,52,0.000000,0,1,0,17986354046212960110
4,96,52,0,52,0,0,0,0,52,0.000000,0,1,0,9695582351943031560
4,97,53,0,53,0,0,0,0,53,0.000000,0,1,0,15948051827556386908
4,98,52,0,52,0,0,0,0,52,0.000000,0,1,0,14148490496509654591
4,99,52,0,52,0,0,0,0,52,0.000000,0,1,0,9745535943763261577
4,100,52,0,52,0,0,0,0,52,0.000000,0,1,0,5386717930677991077
5,1,52,0,0,5,0,0,47,0,363.923077,3,0,2,16380256486402122666
5,2,52,0,26,26,0,0,0,23,81.038462,0,3,0,6193424783521430351
5,3,52,0,52,0,0,0,0,51,16.211538,0,3,0,3722353146862708386
5,4,52,0,47,5,0,0,0,46,25.269231,0,3,0,2837400090612279047
5,5,52,3,24,0,0,21,4,23,46.423077,4,3,1,11832146394612210163
5,6,53,0,45,0,0,8,0,44,30.094340,0,7,0,17906875245665898181
5,7,52,0,47,0,0,5,0,43,31.076923,0,7,0,234127067790412575
5,8,52,0,47,0,0,5,0,45,21.807692,0,7,0,12204022675079451726
5,9,52,0,52,0,0,0,0,52,10.307692,0,7,0,14151790704222527674
5,10,52,0,52,0,0,0,0,52,4.442308,0,7,0,13306452945745873235
5,11,52,0,52,0,0,0,0,52,5.076923,0,7,0,8468894331820053513
5,12,52,0,52,0,0,0,0,52,6.500000,0,7,0,16703480356967088850
5,13,53,0,53,0,0,0,0,52,21.301887,0,7,0,5082966691450219888
5,14,52,0,52,0,0,0,0,52,9.442308,0,7,0,8557436783720680867
5,15,52,0,52,0,0,0,0,52,7.423077,0,7,0,6054701722237604489
5,16,52,0,52,0,0,0,0,52,5.615385,0,7,0,688340601085492779
5,17,52,0,52,0,0,0,0,52,4.769231,0,7,0,14242305146406458001
5,18,52,0,52,0,0,0,0,52,4.653846,0,7,0,13379021738754382998
5,19,52,0,52,0,0,0,0,52,0.019231,0,7,0,14488256838896429016
5,20,53,0,53,0,0,0,0,53,0.000000,0,7,0,9545315961760357381
5,21,52,0,52,0,0,0,0,52,0.134615,0,7,0,14913010678128284829
5,22,52,0,52,0,0,0,0,52,0.000000,0,7,0,10622193981718213781
5,23,52,0,52,0,0,0,0,52,0.000000,0,7,0,11773788971643162537
5,24,52,0,52,0,0,0,0,52,0.000000,0,7,0,9327781770586623520
5,25,52,0,52,0,0,0,0,52,0.076923,0,7,0,15133653009575179408
5,26,52,0,52,0,0,0,0,52,0.000000,0,7,0,15099040928403853081
5,27,53,0,53,0,0,0,0,53,0.000000,0,7,0,13467867215362313477
5,28,52,0,52,0,0,0,0,52,1.615385,0,7,0,8226696283878336534
5,29,52,0,52,0,0,0,0,52,4.000000,0,7,0,14582921643571333646
5,30,52,0,52,0,0,0,0,52,4.000000,0,7,0,13794997880081606175
5,31,52,0,52,0,0,0,0,52,4.000000,0,7,0,11404373533352240991
5,32,52,0,52,0,0,0,0,52,4.000000,0,7,0,18361854598165184992
5,33,52,0,52,0,0,0,0,52,4.000000,0,7,0,6062361137701350806
5,34,53,0,53,0,0,0,0,53,3.377358,0,7,0,8512636559406037064
5,35,52,0,52,0,0,0,0,52,0.000000,0,7,0,8117539082144342640
5,36,52,0,52,0,0,0,0,52,0.000000,0,7,0,5122088610513566773
5,37,52,0,52,0,0,0,0,52,0.000000,0,7,0,7606431412153510633
5,38,52,0,52,0,0,0,0,52,0.000000,0,7,0,10480540722674659573
5,39,52,0,52,0,0,0,0,52,0.000000,0,7,0,10086704027679495483
5,40,52,0,52,0,0,0,0,52,0.000000,0,7,0,3239406367242968862
5,41,53,0,53,0,0,0,0,53,0.000000,0,7,0,2758148150350270513
5,42,52,0,52,0,0,0,0,52,1.961538,0,7,0,9119031604452459405
5,43,52,0,52,0,0,0,0,52,3.923077,0,7,0,7088413659887333033
5,44,52,0,52,0,0,0,0,52,1.461538,0,7,0,3119935300376547061
5,45,52,0,52,0,0,0,0,52,3.384615,0,7,0,17042906080427607686
5,46,52,0,52,0,0,0,0,52,0.000000,0,7,0,18024265103489220476
5,47,52,0,52,0,0,0,0,52,0.000000,0,7,0,2893046858778931
5,48,53,0,53,0,0,0,0,53,0.000000,0,7,0,10653483543272849056
5,49,52,0,52,0,0,0,0,52,0.000000,0,7,0,70896030272781696
5,50,52,0,52,0,0,0,0,52,0.000000,0,7,0,15658530907105502869
5,51,52,0,52,0,0,0,0,52,0.000000,0,7,0,13940869416187068424
5,52,52,0,52,0,0,0,0,52,0.000000,0,7,0,5270973686418806054
5,53,52,0,52,0,0,0,0,52,0.000000,0,7,0,11565536513479348902
5,54,52,0,52,0,0,0,0,52,0.000000,0,7,0,12304247017816165321
5,55,53,0,53,0,0,0,0,53,0.000000,0,7,0,3296963488014490309
5,56,52,0,52,0,0,0,0,52,0.000000,0,7,0,3321517981800605824
5,57,52,0,52,0,0,0,0,52,0.000000,0,7,0,5968546254363336606
5,58,52,0,52,0,0,0,0,52,0.000000,0,7,0,12277998882294142944
5,59,52,0,52,0,0,0,0,52,0.000000,0,7,0,2596851341355895357
5,60,52,0,52,0,0,0,0,52,0.000000,0,7,0,12773489354133770586
5,61,52,0,52,0,0,0,0,52,0.000000,0,7,0,17282224325202060909
5,62,53,0,53,0,0,0,0,53,0.000000,0,7,0,4883059891850223121
5,63,52,0,52,0,0,0,0,52,0.000000,0,7,0,5948582545261398533
5,64,52,0,52,0,0,0,0,52,0.000000,0,7,0,10345326605453558285
5,65,52,0,52,0,0,0,0,52,0.000000,0,7,0,677527534074145004
5,66,52,0,52,0,0,0,0,52,0.000000,0,7,0,17753587477866469476
5,67,52,0,52,0,0,0,0,52,0.000000,0,7,0,14149486129894624174
5,68,52,0,52,0,0,0,0,52,0.000000,0,7,0,17882259561812643489
5,69,53,0,53,0,0,0,0,53,0.000000,0,7,0,706202771693302008
5,70,52,0,52,0,0,0,0,52,0.000000,0,7,0,216438277347545171
5,71,52,0,52,0,0,0,0,52,0.000000,0,7,0,285707927855622867
5,72,52,0,52,0,0,0,0,52,0.000000,0,7,0,8462465218966021467
5,73,52,0,52,0,0,0,0,52,0.000000,0,7,0,1935967957893813410
5,74,52,0,52,0,0,0,0,52,0.000000,0,7,0,17844897746011440976
5,75,52,0,52,0,0,0,0,52,0.000000,0,7,0,2975572189519339713
5,76,53,0,53,0,0,0,0,53,0.000000,0,7,0,12354499591546872394
5,77,52,0,52,0,0,0,0,52,0.000000,0,7,0,2157069098989724752
5,78,52,0,52,0,0,0,0,52,0.000000,0,7,0,14197730737319224492
5,79,52,0,52,0,0,0,0,52,0.000000,0,7,0,5822591665709105090
5,80,52,0,52,0,0,0,0,52,0.000000,0,7,0,2635437133435127998
5,81,52,0,52,0,0,0,0,52,0.000000,0,7,0,16258893479858157017
5,82,52,0,52,0,0,0,0,52,2.576923,0,7,0,13064786199933961887
5,83,53,0,53,0,0,0,0,53,1.415094,0,7,0,7732695909766147300
5,84,52,0,52,0,0,0,0,52,1.096154,0,7,0,15954018077625217088
5,85,52,0,52,0,0,0,0,52,1.596154,0,7,0,2840319334175265861
5,86,52,0,52,0,0,0,0,52,0.846154,0,7,0,119799736678208268
5,87,52,0,52,0,0,0,0,52,0.692308,0,7,0,4628045447926111711
5,88,52,0,52,0,0,0,0,52,2.557692,0,7,0,15491558450418798880
5,89,52,0,52,0,0,0,0,52,0.788462,0,7,0,12833437806165944544
5,90,53,0,53,0,0,0,0,53,2.339623,0,7,0,11996994737740239620
5,91,52,0,52,0,0,0,0,52,1.000000,0,7,0,3522462406888452518
5,92,52,0,52,0,0,0,0,52,2.307692,0,7,0,11925285773592056941
5,93,52,0,52,0,0,0,0,52,4.000000,0,7,0,7632646181600748045
5,94,52,0,52,0,0,0,0,52,3.134615,0,7,0,2820160377410218602
5,95,52,0,52,0,0,0,0,52,3.288462,0,7,0,11353554063507244771
5,96,52,0,52,0,0,0,0,52,2.423077,0,7,0,4003264912575185478
5,97,53,0,53,0,0,0,0,53,3.547170,0,7,0,15184119636036378886
5,98,52,0,52,0,0,0,0,52,3.076923,0,7,0,7844641446561219410
5,99,52,0,52,0,0,0,0,52,3.115385,0,7,0,15500578626142044092
5,100,52,0,52,0,0,0,0,52,3.750000,0,7,0,10622832784489573380
6,1,52,0,0,5,0,0,47,0,376.076923,2,0,2,14561542293091488451
6,2,52,0,2,50,0,0,0,1,151.730769,0,2,0,541982895929290190
6,3,52,0,52,0,0,0,0,52,8.538462,0,2,0,5806560542492830503
6,4,52,0,52,0,0,0,0,52,17.884615,0,2,0,12075485848671692627
6,5,52,0,37,15,0,0,0,36,29.076923,0,2,0,17639544118955661726
6,6,53,0,53,0,0,0,0,53,14.377358,0,2,0,14631689391259633096
6,7,52,0,48,0,0,4,0,47,23.076923,0,2,0,10516325353391376549
6,8,52,0,52,0,0,0,0,52,11.288462,0,2,0,5183732958569578191
6,9,52,0,52,0,0,0,0,52,9.326923,0,2,0,12208128663347427338
6,10,52,0,52,0,0,0,0,52,10.615385,0,2,0,12796315711954455226
6,11,52,0,52,0,0,0,0,52,10.076923,0,2,0,9455082874715820278
6,12,52,0,52,0,0,0,0,52,12.865385,0,2,0,16319434843131995709
6,13,53,0,53,0,0,0,0,53,9.207547,0,2,0,10030417661007195351
6,14,52,0,52,0,0,0,0,52,10.134615,0,2,0,8166245765647216679
6,15,52,0,52,0,0,0,0,52,10.173077,0,2,0,18118262504659387494
6,16,52,0,52,0,0,0,0,52,14.711538,0,2,0,3650595816169759822
6,17,52,0,52,0,0,0,0,52,9.596154,0,2,0,3523276592992830177
6,18,52,0,52,0,0,0,0,52,5.673077,0,2,0,16349694873058312819
6,19,52,0,52,0,0,0,0,52,2.826923,0,2,0,15557748685207415703
6,20,53,0,53,0,0,0,0,53,0.245283,0,2,0,8764576858321964578
6,21,52,0,52,0,0,0,0,52,0.423077,0,2,0,14044868339276619824
6,22,52,0,52,0,0,0,0,52,0.000000,0,2,0,361693581603831205
6,23,52,0,52,0,0,0,0,52,0.000000,0,2,0,77752343927825334
6,24,52,0,52,0,0,0,0,52,0.000000,0,2,0,11006728368449556842
6,25,52,0,52,0,0,0,0,52,0.000000,0,2,0,227786707482672970
6,26,52,0,52,0,0,0,0,52,0.000000,0,2,0,8488107508116694651
6,27,53,0,53,0,0,0,0,53,0.000000,0,2,0,8567488956525357685
6,28,52,0,52,0,0,0,0,52,0.000000,0,2,0,6629216372973639313
6,29,52,0,52,0,0,0,0,52,0.000000,0,2,0,6239271394986831144
6,30,52,0,52,0,0,0,0,52,0.000000,0,2,0,10960821180458222052
6,31,52,0,52,0,0,0,0,52,0.000000,0,2,0,7993754816702805397
6,32,52,0,52,0,0,0,0,52,0.000000,0,2,0,14858234982724243050
6,33,52,0,52,0,0,0,0,52,0.000000,0,2,0,14591383013176714519
6,34,53,0,53,0,0,0,0,53,0.000000,0,2,0,9134533577028431344
6,35,52,0,52,0,0,0,0,52,0.000000,0,2,0,9227526914751129915
6,36,52,0,52,0,0,0,0,52,0.000000,0,2,0,4310315774216618884
6,37,52,0,52,0,0,0,0,52,0.000000,0,2,0,15420695902573388651
6,38,52,0,52,0,0,0,0,52,0.000000,0,2,0,4623249643235691921
6,39,52,0,52,0,0,0,0,52,0.000000,0,2,0,3110480163318540671
6,40,52,0,52,0,0,0,0,52,0.000000,0,2,0,3668714875956348090
6,41,53,0,53,0,0,0,0,53,0.000000,0,2,0,16072239693718279485
6,42,52,0,52,0,0,0,0,52,0.000000,0,2,0,15227214675392055260
6,43,52,0,52,0,0,0,0,52,0.000000,0,2,0,16924606665407099067
6,44,52,0,52,0,0,0,0,52,0.000000,0,2,0,2466271488522850500
6,45,52,0,52,0,0,0,0,52,0.000000,0,2,0,4158445481652725858
6,46,52,0,52,0,0,0,0,52,0.000000,0,2,0,9250425189650269396
6,47,52,0,52,0,0,0,0,52,0.000000,0,2,0,9177554800280086654
6,48,53,0,53,0,0,0,0,53,0.000000,0,2,0,17759975128672419534
6,49,52,0,52,0,0,0,0,52,0.000000,0,2,0,10704407020480434216
6,50,52,0,52,0,0,0,0,52,0.000000,0,2,0,18218811901914635635
6,51,52,0,52,0,0,0,0,52,0.000000,0,2,0,4923950848737859333
6,52,52,0,52,0,0,0,0,52,0.000000,0,2,0,8548879781442325536
6,53,52,0,52,0,0,0,0,52,0.000000,0,2,0,3471915732029340880
6,54,52,0,52,0,0,0,0,52,0.000000,0,2,0,9195922368400866503
6,55,53,0,53,0,0,0,0,53,0.000000,0,2,0,16177620765721335616
6,56,52,0,52,0,0,0,0,52,0.000000,0,2,0,5756603970396415012
6,57,52,0,52,0,0,0,0,52,0.000000,0,2,0,10807941334103636223
6,58,52,0,52,0,0,0,0,52,0.000000,0,2,0,5704530246154755204
6,59,52,0,52,0,0,0,0,52,0.000000,0,2,0,7703918735651186370
6,60,52,0,52,0,0,0,0,52,0.000000,0,2,0,2723195455042663972
6,61,52,0,52,0,0,0,0,52,0.000000,0,2,0,5599034987817538260
6,62,53,0,53,0,0,0,0,53,0.000000,0,2,0,15220044017284130026
6,63,52,0,52,0,0,0,0,52,0.000000,0,2,0,1174198425048510915
6,64,52,0,52,0,0,0,0,52,0.000000,0,2,0,10938376508191724999
6,65,52,0,52,0,0,0,0,52,0.000000,0,2,0,10824752609736733411
6,66,52,0,52,0,0,0,0,52,0.000000,0,2,0,14623155123359449120
6,67,52,0,52,0,0,0,0,52,0.000000,0,2,0,1476540720468583928
6,68,52,0,52,0,0,0,0,52,0.000000,0,2,0,10895755870573744716
6,69,53,0,53,0,0,0,0,53,0.000000,0,2,0,10895429296973116670
6,70,52,0,52,0,0,0,0,52,0.000000,0,2,0,16967073782619619874
6,71,52,0,52,0,0,0,0,52,0.000000,0,2,0,15159688805930453054
6,72,52,0,52,0,0,0,0,52,0.000000,0,2,0,2807399240798453013
6,73,52,0,52,0,0,0,0,52,0.000000,0,2,0,10894073823156777262
6,74,52,0,52,0,0,0,0,52,0.000000,0,2,0,14572834851041777379
6,75,52,0,52,0,0,0,0,52,0.000000,0,2,0,1231868651731340799
6,76,53,0,53,0,0,0,0,53,0.000000,0,2,0,18054822144658999713
6,77,52,0,52,0,0,0,0,52,0.000000,0,2,0,6364599800580888308
6,78,52,0,52,0,0,0,0,52,0.000000,0,2,0,13814791717830173668
6,79,52,0,52,0,0,0,0,52,0.000000,0,2,0,16188250630295595099
6,80,52,0,52,0,0,0,0,52,0.000000,0,2,0,15868134088549260024
6,81,52,0,52,0,0,0,0,52,0.000000,0,2,0,2587106207080853810
6,82,52,0,52,0,0,0,0,52,0.000000,0,2,0,8983275076734050204
6,83,53,0,53,0,0,0,0,53,0.000000,0,2,0,2729196759365797147
6,84,52,0,52,0,0,0,0,52,0.000000,0,2,0,6866496937527290828
6,85,52,0,52,0,0,0,0,52,0.000000,0,2,0,6385366681213060227
6,86,52,0,52,0,0,0,0,52,0.000000,0,2,0,15531858978152296849
6,87,52,0,52,0,0,0,0,52,0.000000,0,2,0,13550979034780071348
6,88,52,0,52,0,0,0,0,52,0.000000,0,2,0,13681434854852047003
6,89,52,0,52,0,0,0,0,52,0.000000,0,2,0,17222319826816694045
6,90,53,0,53,0,0,0,0,53,0.000000,0,2,0,14187254555199036558
6,91,52,0,52,0,0,0,0,52,0.000000,0,2,0,11356003479429362349
6,92,52,0,52,0,0,0,0,52,0.000000,0,2,0,1721745313587873490
6,93,52,0,52,0,0,0,0,52,0.000000,0,2,0,2572641781261089714
6,94,52,0,52,0,0,0,0,52,0.000000,0,2,0,13877609800643815512
6,95,52,0,52,0,0,0,0,52,0.000000,0,2,0,1406715783258642714
6,96,52,0,52,0,0,0,0,52,0.000000,0,2,0,719431645534867350
6,97,53,0,53,0,0,0,0,53,0.000000,0,2,0,9838760591807088132
6,98,52,0,52,0,0,0,0,52,0.000000,0,2,0,190507867214996912
6,99,52,0,52,0,0,0,0,52,0.000000,0,2,0,4723636621612741915
6,100,52,0,52,0,0,0,0,52,0.000000,0,2,0,7709219941684140882
7,1,52,0,0,41,0,0,11,0,361.192308,0,0,2,16062943432783504817
7,2,52,0,22,30,0,0,0,22,114.692308,0,0,0,16320888611355435694
7,3,52,0,52,0,0,0,0,52,15.192308,0,0,0,2878706149023702723
7,4,52,0,52,0,0,0,0,51,16.442308,0,0,0,3561406932774105245
7,5,52,0,51,1,0,0,0,49,10.519231,0,0,0,13357546090663820916
7,6,53,0,53,0,0,0,0,53,2.075472,0,0,0,17506285322974014843
7,7,52,0,49,0,0,3,0,45,24.788462,0,0,0,2395433061295983621
7,8,52,0,48,0,0,4,0,46,21.115385,0,0,0,5732395099195252964
7,9,52,0,52,0,0,0,0,52,9.480769,0,0,0,7081868899961466588
7,10,52,0,52,0,0,0,0,52,3.384615,0,0,0,11737786500198770215
7,11,52,0,52,0,0,0,0,52,3.230769,0,0,0,1482871135856719224
7,12,52,0,52,0,0,0,0,52,2.769231,0,0,0,15729249959712689018
7,13,53,0,53,0,0,0,0,53,2.641509,0,0,0,17325671525512106849
7,14,52,0,52,0,0,0,0,52,3.000000,0,0,0,14330953846807714257
7,15,52,0,52,0,0,0,0,52,4.846154,0,0,0,15197108703533975456
7,16,52,0,52,0,0,0,0,52,11.019231,0,0,0,1157588266250545677
7,17,52,0,52,0,0,0,0,52,6.769231,0,0,0,5787826521275239898
7,18,52,0,52,0,0,0,0,52,5.538462,0,0,0,13252961250621252786
7,19,52,0,52,0,0,0,0,52,9.865385,0,0,0,8494960505306293829
7,20,53,0,53,0,0,0,0,53,11.886792,0,0,0,14407281717376937374
7,21,52,0,52,0,0,0,0,52,6.173077,0,0,0,9809074039563542926
7,22,52,0,52,0,0,0,0,52,2.769231,0,0,0,641743496985898750
7,23,52,0,52,0,0,0,0,52,11.538462,0,0,0,5867148092769859214
7,24,52,0,52,0,0,0,0,52,12.519231,0,0,0,15194689967674254484
7,25,52,0,52,0,0,0,0,52,10.846154,0,0,0,14084110470676179168
7,26,52,0,52,0,0,0,0,52,8.923077,0,0,0,15036437869737354148
7,27,53,0,53,0,0,0,0,53,8.773585,0,0,0,16773021252331893391
7,28,52,0,52,0,0,0,0,52,8.076923,0,0,0,6341502387971910113
7,29,52,0,52,0,0,0,0,52,5.153846,0,0,0,9229757706095404450
7,30,52,0,52,0,0,0,0,52,2.769231,0,0,0,1796804535554806238
7,31,52,0,52,0,0,0,0,52,6.384615,0,0,0,4821701048670225188
7,32,52,0,52,0,0,0,0,52,7.923077,0,0,0,98898192592017654
7,33,52,0,52,0,0,0,0,52,12.000000,0,0,0,11781398415519839129
7,34,53,0,53,0,0,0,0,53,9.113208,0,0,0,11601628795260511046
7,35,52,0,52,0,0,0,0,52,10.615385,0,0,0,4478660035512235125
7,36,52,0,52,0,0,0,0,52,4.057692,0,0,0,15305001120147995373
7,37,52,0,52,0,0,0,0,52,3.442308,0,0,0,12229848048656356661
7,38,52,0,52,0,0,0,0,52,7.192308,0,0,0,6193824409491869850
7,39,52,0,52,0,0,0,0,52,7.557692,0,0,0,6407666648501100429
7,40,52,0,52,0,0,0,0,52,8.057692,0,0,0,17677972903266509574
7,41,53,0,53,0,0,0,0,53,6.735849,0,0,0,9459161741668302468
7,42,52,0,52,0,0,0,0,52,7.653846,0,0,0,18213444303394130823
7,43,52,0,52,0,0,0,0,52,9.269231,0,0,0,16137526404815758556
7,44,52,0,52,0,0,0,0,52,9.038462,0,0,0,8702317901303502844
7,45,52,0,52,0,0,0,0,52,9.519231,0,0,0,16961864751833463582
7,46,52,0,52,0,0,0,0,52,8.230769,0,0,0,2739390858038078886
7,47,52,0,52,0,0,0,0,52,9.557692,0,0,0,4921821148146245926
7,48,53,0,53,0,0,0,0,53,8.415094,0,0,0,3159650300168872023
7,49,52,0,52,0,0,0,0,52,6.538462,0,0,0,12240101989088211531
7,50,52,0,52,0,0,0,0,52,8.057692,0,0,0,13724467737090648552
7,51,52,0,52,0,0,0,0,52,6.692308,0,0,0,2460542791789133825
7,52,52,0,52,0,0,0,0,52,5.673077,0,0,0,18333688480133594816
7,53,52,0,52,0,0,0,0,52,10.615385,0,0,0,2595190721935010984
7,54,52,0,52,0,0,0,0,52,6.153846,0,0,0,13015772856680731015
7,55,53,0,53,0,0,0,0,53,8.150943,0,0,0,17109148914051937214
7,56,52,0,52,0,0,0,0,52,8.942308,0,0,0,7059512673100876839
7,57,52,0,52,0,0,0,0,52,16.653846,0,0,0,9385918948112348952
7,58,52,0,52,0,0,0,0,52,8.096154,0,0,0,17912714217536232556
7,59,52,0,52,0,0,0,0,52,7.365385,0,0,0,3356571283513187538
7,60,52,0,52,0,0,0,0,52,8.211538,0,0,0,1106912967215255650
7,61,52,0,52,0,0,0,0,52,12.211538,0,0,0,11110886866021173895
7,62,53,0,53,0,0,0,0,53,10.207547,0,0,0,11675803793074173826
7,63,52,0,52,0,0,0,0,52,15.365385,0,0,0,2599418525508610070
7,64,52,0,52,0,0,0,0,52,10.750000,0,0,0,11327185025833558988
7,65,52,0,52,0,0,0,0,52,6.115385,0,0,0,14310311316806214525
7,66,52,0,52,0,0,0,0,52,10.019231,0,0,0,11566333688674185583
7,67,52,0,52,0,0,0,0,52,3.115385,0,0,0,748132054598587449
7,68,52,0,52,0,0,0,0,52,6.788462,0,0,0,5528857457924880601
7,69,53,0,53,0,0,0,0,53,9.584906,0,0,0,794417825677045480
7,70,52,0,52,0,0,0,0,52,6.326923,0,0,0,5847893452097526048
7,71,52,0,52,0,0,0,0,52,7.807692,0,0,0,9291695394550268238
7,72,52,0,52,0,0,0,0,52,5.634615,0,0,0,2777507316709538089
7,73,52,0,52,0,0,0,0,52,8.673077,0,0,0,13887229661293142324
7,74,52,0,52,0,0,0,0,52,8.923077,0,0,0,16957386565927685050
7,75,52,0,52,0,0,0,0,52,6.480769,0,0,0,16192312109896437072
7,76,53,0,53,0,0,0,0,53,11.396226,0,0,0,4875074890472977186
7,77,52,0,52,0,0,0,0,52,7.538462,0,0,0,431404270845020768
7,78,52,0,52,0,0,0,0,52,8.730769,0,0,0,3676739565587506264
7,79,52,0,52,0,0,0,0,52,4.961538,0,0,0,9252128060187763039
7,80,52,0,52,0,0,0,0,52,6.500000,0,0,0,11124627698246415093
7,81,52,0,52,0,0,0,0,52,5.307692,0,0,0,3668923743893305755
7,82,52,0,52,0,0,0,0,52,10.115385,0,0,0,15148405537542677125
7,83,53,0,53,0,0,0,0,53,5.433962,0,0,0,5149661347996002570
7,84,52,0,52,0,0,0,0,52,12.230769,0,0,0,4834532064062510333
7,85,52,0,52,0,0,0,0,52,4.807692,0,0,0,4236815087637484466
7,86,52,0,52,0,0,0,0,52,6.250000,0,0,0,2744571401747916803
7,87,52,0,52,0,0,0,0,52,12.307692,0,0,0,8266731855822680917
7,88,52,0,52,0,0,0,0,52,4.230769,0,0,0,4312594816226837494
7,89,52,0,52,0,0,0,0,52,11.076923,0,0,0,14798999514325891529
7,90,53,0,53,0,0,0,0,53,7.132075,0,0,0,18362587390270425593
7,91,52,0,52,0,0,0,0,52,9.365385,0,0,0,7048737639063108016
7,92,52,0,52,0,0,0,0,52,7.942308,0,0,0,3684684180302525168
7,93,52,0,52,0,0,0,0,52,6.346154,0,0,0,1371981774113225245
7,94,52,0,52,0,0,0,0,52,12.826923,0,0,0,2100603054210316951
7,95,52,0,52,0,0,0,0,52,6.230769,0,0,0,17727518118945670813
7,96,52,0,52,0,0,0,0,52,10.653846,0,0,0,1394965089070322285
7,97,53,0,53,0,0,0,0,53,13.886792,0,0,0,11440026206831556994
7,98,52,0,52,0,0,0,0,52,6.211538,0,0,0,12349339871151677487
7,99,52,0,52,0,0,0,0,52,5.750000,0,0,0,2357034696751312139
7,100,52,0,52,0,0,0,0,52,7.615385,0,0,0,12523198422960002439
8,1,52,0,0,5,0,0,47,0,402.961538,0,0,4,9181806347506085648
8,2,52,0,5,13,0,0,34,5,225.923077,0,1,0,438591982545788780
8,3,52,0,52,0,0,0,0,52,12.692308,0,1,0,5462501019841371472
8,4,52,0,52,0,0,0,0,51,23.173077,0,1,0,15360638084969079964
8,5,52,0,45,3,0,4,0,40,33.269231,0,1,1,17532545800203038056
8,6,53,0,11,0,0,42,0,6,73.547170,0,1,1,8922539578082061799
8,7,52,0,34,0,0,18,0,28,48.038462,0,1,0,17787553618673959904
8,8,52,0,27,0,0,25,0,23,45.269231,0,1,0,10355567754665255162
8,9,52,0,52,0,0,0,0,52,10.519231,0,1,0,16387367440753580587
8,10,52,0,52,0,0,0,0,52,9.250000,0,1,0,4362889430172622209
8,11,52,0,51,0,0,1,0,50,15.134615,0,1,1,8284485619040600990
8,12,52,0,0,31,0,21,0,0,119.807692,0,1,1,3077075103904210472
8,13,53,1,19,33,0,0,0,20,76.886792,0,2,0,12498310582608762761
8,14,52,0,52,0,0,0,0,52,0.576923,0,2,0,16776479430106879455
8,15,52,0,52,0,0,0,0,52,1.192308,0,2,0,4929629507853459860
8,16,52,0,52,0,0,0,0,52,0.000000,0,2,0,3579402757545470866
8,17,52,0,52,0,0,0,0,52,0.000000,0,2,0,17664370941023760063
8,18,52,0,52,0,0,0,0,52,0.000000,0,2,0,6511192211912589994
8,19,52,0,52,0,0,0,0,52,0.000000,0,2,0,16285619633846735813
8,20,53,0,53,0,0,0,0,53,0.000000,0,2,0,2657570743062519378
8,21,52,0,52,0,0,0,0,52,0.000000,0,2,0,16358670999105235170
8,22,52,0,52,0,0,0,0,52,0.000000,0,2,0,2203002722783258951
8,23,52,0,52,0,0,0,0,52,0.000000,0,2,0,16678863013514008613
8,24,52,0,52,0,0,0,0,52,0.000000,0,2,0,14261584133384478246
8,25,52,0,52,0,0,0,0,52,0.000000,0,2,0,3957919597202503312
8,26,52,0,52,0,0,0,0,52,0.000000,0,2,0,9659276707849958119
8,27,53,0,53,0,0,0,0,53,0.000000,0,2,0,15750592551210744309
8,28,52,0,52,0,0,0,0,52,0.000000,0,2,0,15045881503370629021
8,29,52,0,52,0,0,0,0,52,0.000000,0,2,0,3677107223527993238
8,30,52,0,52,0,0,0,0,52,0.000000,0,2,0,2915664496714728083
8,31,52,0,52,0,0,0,0,52,0.000000,0,2,0,1558885380196697399
8,32,52,0,52,0,0,0,0,52,0.000000,0,2,0,8695931761243583405
8,33,52,0,52,0,0,0,0,52,0.000000,0,2,0,3588033972244980757
8,34,53,0,53,0,0,0,0,53,0.000000,0,2,0,17933986297958635464
8,35,52,0,52,0,0,0,0,52,0.000000,0,2,0,4630420373178103713
8,36,52,0,52,0,0,0,0,52,0.000000,0,2,0,11855478432323318479
8,37,52,0,52,0,0,0,0,52,0.000000,0,2,0,4278561096752027566
8,38,52,0,52,0,0,0,0,52,0.000000,0,2,0,12908120773030857997
8,39,52,0,52,0,0,0,0,52,0.000000,0,2,0,13229563748013392880
8,40,52,0,52,0,0,0,0,52,0.000000,0,2,0,18306089458085669130
8,41,53,0,53,0,0,0,0,53,0.000000,0,2,0,1558659368705753624
8,42,52,0,52,0,0,0,0,52,0.000000,0,2,0,16545590564439569179
8,43,52,0,52,0,0,0,0,52,0.000000,0,2,0,4804614507162908510
8,44,52,0,52,0,0,0,0,52,0.000000,0,2,0,114620291443882627
8,45,52,0,52,0,0,0,0,52,0.000000,0,2,0,11305488556622897564
8,46,52,0,52,0,0,0,0,52,0.000000,0,2,0,8603017015820185844
8,47,52,0,52,0,0,0,0,52,0.000000,0,2,0,17743446919353421429
8,48,53,0,53,0,0,0,0,53,0.000000,0,2,0,15747030031167940591
8,49,52,0,52,0,0,0,0,52,0.000000,0,2,0,13332756723909552923
8,50,52,0,52,0,0,0,0,52,0.000000,0,2,0,1038405550513042351
8,51,52,0,52,0,0,0,0,52,0.000000,0,2,0,13679379644632665868
8,52,52,0,52,0,0,0,0,52,0.000000,0,2,0,1795875170664156553
8,53,52,0,52,0,0,0,0,52,0.000000,0,2,0,3529447123039206697
8,54,52,0,52,0,0,0,0,52,0.000000,0,2,0,13486983879600850723
8,55,53,0,53,0,0,0,0,53,0.000000,0,2,0,3257755872797318700
8,56,52,0,52,0,0,0,0,52,0.000000,0,2,0,16281661746503136149
8,57,52,0,52,0,0,0,0,52,0.000000,0,2,0,267955157225229556
8,58,52,0,52,0,0,0,0,52,0.000000,0,2,0,18299655476985580002
8,59,52,0,52,0,0,0,0,52,0.000000,0,2,0,12568340017945185822
8,60,52,0,52,0,0,0,0,52,0.000000,0,2,0,9918070650890338066
8,61,52,0,52,0,0,0,0,52,0.000000,0,2,0,499492400043015948
8,62,53,0,53,0,0,0,0,53,0.000000,0,2,0,15702542987636749462
8,63,52,0,52,0,0,0,0,52,0.000000,0,2,0,17220478687503882491
8,64,52,0,52,0,0,0,0,52,0.000000,0,2,0,11643800929255306852
8,65,52,0,52,0,0,0,0,52,0.000000,0,2,0,9565471645853547747
8,66,52,0,52,0,0,0,0,52,0.000000,0,2,0,2301169166807336169
8,67,52,0,52,0,0,0,0,52,0.000000,0,2,0,15683035612763980890
8,68,52,0,52,0,0,0,0,52,0.000000,0,2,0,948653394376556023
8,69,53,0,53,0,0,0,0,53,0.000000,0,2,0,966921986889252370
8,70,52,0,52,0,0,0,0,52,0.000000,0,2,0,15159275622389515584
8,71,52,0,52,0,0,0,0,52,0.000000,0,2,0,2058900116784717921
8,72,52,0,52,0,0,0,0,52,0.000000,0,2,0,3963802543695776007
8,73,52,0,52,0,0,0,0,52,0.000000,0,2,0,13914978207877862224
8,74,52,0,52,0,0,0,0,52,0.000000,0,2,0,6591697495710463136
8,75,52,0,52,0,0,0,0,52,0.000000,0,2,0,6106296783104651632
8,76,53,0,53,0,0,0,0,53,0.000000,0,2,0,11949582440801587983
8,77,52,0,52,0,0,0,0,52,0.000000,0,2,0,11161512302981761216
8,78,52,0,52,0,0,0,0,52,0.000000,0,2,0,10035047403930968473
8,79,52,0,52,0,0,0,0,52,0.000000,0,2,0,11484287694697470491
8,80,52,0,52,0,0,0,0,52,0.000000,0,2,0,1876368396698031366
8,81,52,0,52,0,0,0,0,52,0.000000,0,2,0,9350164530584394734
8,82,52,0,52,0,0,0,0,52,0.000000,0,2,0,3203498654988487021
8,83,53,0,53,0,0,0,0,53,0.000000,0,2,0,8280770051724548412
8,84,52,0,52,0,0,0,0,52,0.000000,0,2,0,13894927166525020298
8,85,52,0,52,0,0,0,0,52,0.000000,0,2,0,10288653516605150268
8,86,52,0,52,0,0,0,0,52,0.000000,0,2,0,12096966606030884556
8,87,52,0,52,0,0,0,0,52,0.000000,0,2,0,15224798958828023653
8,88,52,0,52,0,0,0,0,52,0.000000,0,2,0,5666325283992419623
8,89,52,0,52,0,0,0,0,52,0.000000,0,2,0,6948587108809379223
8,90,53,0,53,0,0,0,0,53,0.000000,0,2,0,15528108399600603361
8,91,52,0,52,0,0,0,0,52,0.000000,0,2,0,5122956799925980220
8,92,52,0,52,0,0,0,0,52,0.000000,0,2,0,11311011678059484564
8,93,52,0,52,0,0,0,0,52,0.000000,0,2,0,12315085066626131649
8,94,52,0,52,0,0,0,0,52,0.000000,0,2,0,14234479341420325685
8,95,52,0,52,0,0,0,0,52,0.000000,0,2,0,1309707049737477768
8,96,52,0,52,0,0,0,0,52,0.000000,0,2,0,6641600288984864991
8,97,53,0,53,0,0,0,0,53,0.000000,0,2,0,14573949510896203346
8,98,52,0,52,0,0,0,0,52,0.000000,0,2,0,11067287117269693758
8,99,52,0,52,0,0,0,0,52,0.000000,0,2,0,3091039047671142876
8,100,52,0,52,0,0,0,0,52,0.000000,0,2,0,13812968888266279025
9,1,52,0,0,5,0,0,47,0,395.153846,1,0,2,4202835673440433124
9,2,52,0,0,52,0,0,0,0,145.961538,1,0,1,13359895516600349513
9,3,52,0,37,15,0,0,0,34,30.750000,0,1,0,17339464627967665647
9,4,52,0,52,0,0,0,0,52,9.807692,0,1,0,8117388939037897095
9,5,52,0,52,0,0,0,0,52,14.423077,0,1,0,8264423359407200290
9,6,53,2,21,30,0,0,0,19,64.169811,2,1,1,5056865838064117116
9,7,52,2,0,50,0,0,0,0,123.307692,4,1,1,3801902040253978888
9,8,52,1,0,47,4,0,0,0,131.961538,7,1,1,2693611091516231308
9,9,52,0,0,46,6,0,0,0,131.500000,7,1,1,5207576945655084142
9,10,52,0,0,49,3,0,0,0,162.961538,7,1,2,6438807119890665882
9,11,52,0,20,30,2,0,0,19,84.153846,0,8,0,5513807272989439806
9,12,52,0,52,0,0,0,0,52,3.192308,0,8,0,13355916772618220990
9,13,53,0,53,0,0,0,0,53,0.000000,0,8,0,759566326009867245
9,14,52,0,52,0,0,0,0,52,0.000000,0,8,0,1544526406586314946
9,15,52,0,52,0,0,0,0,52,0.000000,0,8,0,408205398215934181
9,16,52,0,52,0,0,0,0,52,0.000000,0,8,0,11581755489859323797
9,17,52,0,52,0,0,0,0,52,0.000000,0,8,0,16999157076334259228
9,18,52,0,52,0,0,0,0,52,0.000000,0,8,0,18259435966744679244
9,19,52,0,52,0,0,0,0,52,0.000000,0,8,0,12325580573838212026
9,20,53,0,53,0,0,0,0,53,0.000000,0,8,0,17781945276994548658
9,21,52,0,52,0,0,0,0,52,0.000000,0,8,0,8052513473387025306
9,22,52,0,52,0,0,0,0,52,0.000000,0,8,0,17912322539808272754
9,23,52,0,52,0,0,0,0,52,0.000000,0,8,0,17321673713677678263
9,24,52,0,52,0,0,0,0,52,0.000000,0,8,0,115367540707336104
9,25,52,0,52,0,0,0,0,52,0.000000,0,8,0,5313233008576141639
9,26,52,0,52,0,0,0,0,52,0.000000,0,8,0,8270124074249267706
9,27,53,0,53,0,0,0,0,53,0.000000,0,8,0,344297800470625369
9,28,52,0,52,0,0,0,0,52,0.000000,0,8,0,12372539382775087299
9,29,52,0,52,0,0,0,0,52,0.000000,0,8,0,14792831864705708568
9,30,52,0,52,0,0,0,0,52,0.000000,0,8,0,2697941448865304852
9,31,52,0,52,0,0,0,0,52,0.000000,0,8,0,1331832245082598726
9,32,52,0,52,0,0,0,0,52,0.000000,0,8,0,16194673511950355794
9,33,52,0,52,0,0,0,0,52,0.000000,0,8,0,7124290124625331937
9,34,53,0,53,0,0,0,0,53,0.000000,0,8,0,16585208077370419453
9,35,52,0,52,0,0,0,0,52,0.000000,0,8,0,6281468696484748174
9,36,52,0,52,0,0,0,0,52,0.000000,0,8,0,1936239141261653384
9,37,52,0,52,0,0,0,0,52,0.000000,0,8,0,6228513923333902116
9,38,52,0,52,0,0,0,0,52,0.000000,0,8,0,9501137543000109059
9,39,52,0,52,0,0,0,0,52,0.000000,0,8,0,8331133692707243576
9,40,52,0,52,0,0,0,0,52,0.000000,0,8,0,15934670317941883196
9,41,53,0,53,0,0,0,0,53,0.000000,0,8,0,18157314438208398471
9,42,52,0,52,0,0,0,0,52,0.000000,0,8,0,4843649128318225531
9,43,52,0,52,0,0,0,0,52,0.000000,0,8,0,13981577988055577221
9,44,52,0,52,0,0,0,0,52,0.000000,0,8,0,4067818228456579912
9,45,52,0,52,0,0,0,0,52,0.000000,0,8,0,13485676656709281204
9,46,52,0,52,0,0,0,0,52,0.000000,0,8,0,7032948916715080418
9,47,52,0,52,0,0,0,0,52,0.000000,0,8,0,1747132768106669064
9,48,53,0,53,0,0,0,0,53,0.000000,0,8,0,3193217483546630555
9,49,52,0,52,0,0,0,0,52,0.000000,0,8,0,1766001583224248324
9,50,52,0,52,0,0,0,0,52,0.000000,0,8,0,10494604943938522485
9,51,52,0,52,0,0,0,0,52,0.000000,0,8,0,4029529708055189679
9,52,52,0,52,0,0,0,0,52,0.000000,0,8,0,14834786221672550663
9,53,52,0,52,0,0,0,0,52,0.000000,0,8,0,15376271239994916262
9,54,52,0,52,0,0,0,0,52,0.000000,0,8,0,17673117299712643702
9,55,53,0,53,0,0,0,0,53,0.000000,0,8,0,11650138280201976830
9,56,52,0,52,0,0,0,0,52,0.000000,0,8,0,10658693181649126725
9,57,52,0,52,0,0,0,0,52,0.000000,0,8,0,7217712609777142286
9,58,52,0,52,0,0,0,0,52,0.000000,0,8,0,16595760301350233499
9,59,52,0,52,0,0,0,0,52,0.000000,0,8,0,14273748763421062180
9,60,52,0,52,0,0,0,0,52,0.000000,0,8,0,1604588645884959019
9,61,52,0,52,0,0,0,0,52,0.000000,0,8,0,4916918222163459829
9,62,53,0,53,0,0,0,0,53,0.000000,0,8,0,9444225278440853439
9,63,52,0,52,0,0,0,0,52,0.000000,0,8,0,17045948558383010658
9,64,52,0,52,0,0,0,0,52,0.000000,0,8,0,1410935300114260000
9,65,52,0,52,0,0,0,0,52,0.000000,0,8,0,16213778617012715413
9,66,52,0,52,0,0,0,0,52,0.000000,0,8,0,9993119047002282003
9,67,52,0,52,0,0,0,0,52,0.000000,0,8,0,3744398094978099603
9,68,52,0,52,0,0,0,0,52,0.000000,0,8,0,9961939389507028443
9,69,53,0,53,0,0,0,0,53,0.000000,0,8,0,17812824983636692863
9,70,52,0,52,0,0,0,0,52,0.000000,0,8,0,11817853957279463544
9,71,52,0,52,0,0,0,0,52,0.000000,0,8,0,7100859339906696899
9,72,52,0,52,0,0,0,0,52,0.000000,0,8,0,777325075353157715
9,73,52,0,52,0,0,0,0,52,0.000000,0,8,0,3087319311006574923
9,74,52,0,52,0,0,0,0,52,0.000000,0,8,0,13519543153331184217
9,75,52,0,52,0,0,0,0,52,0.000000,0,8,0,10950181443572364205
9,76,53,0,53,0,0,0,0,53,0.000000,0,8,0,12059308848823440992
9,77,52,0,52,0,0,0,0,52,0.000000,0,8,0,15134955831365599654
9,78,52,0,52,0,0,0,0,52,0.000000,0,8,0,6652209482417976203
9,79,52,0,52,0,0,0,0,52,0.000000,0,8,0,14665072663956980047
9,80,52,0,52,0,0,0,0,52,0.000000,0,8,0,16761570117596241652
9,81,52,0,52,0,0,0,0,52,0.000000,0,8,0,10967398311253091459
9,82,52,0,52,0,0,0,0,52,0.000000,0,8,0,15741333737316419690
9,83,53,0,53,0,0,0,0,53,0.000000,0,8,0,9745797299716889223
9,84,52,0,52,0,0,0,0,52,0.000000,0,8,0,11420002437442922955
9,85,52,0,52,0,0,0,0,52,0.000000,0,8,0,17150687512122888803
9,86,52,0,52,0,0,0,0,52,0.000000,0,8,0,259635139528612857
9,87,52,0,52,0,0,0,0,52,0.000000,0,8,0,554352648487393242
9,88,52,0,52,0,0,0,0,52,0.000000,0,8,0,16908268934082502123
9,89,52,0,52,0,0,0,0,52,0.000000,0,8,0,3427874101382675596
9,90,53,0,53,0,0,0,0,53,0.000000,0,8,0,5046085561144738369
9,91,52,0,52,0,0,0,0,52,0.000000,0,8,0,11188271521485103348
9,92,52,0,52,0,0,0,0,52,0.000000,0,8,0,11620928285344649760
9,93,52,0,52,0,0,0,0,52,0.000000,0,8,0,15553310369148571634
9,94,52,0,52,0,0,0,0,52,0.000000,0,8,0,9548541881271088196
9,95,52,0,52,0,0,0,0,52,0.000000,0,8,0,8467927734935516711
9,96,52,0,52,0,0,0,0,52,0.000000,0,8,0,15000102123259061573
9,97,53,0,53,0,0,0,0,53,0.000000,0,8,0,9959819473723418585
9,98,52,0,52,0,0,0,0,52,0.000000,0,8,0,8262007548395124898
9,99,52,0,52,0,0,0,0,52,0.000000,0,8,0,1637332291106413184
9,100,52,0,52,0,0,0,0,52,0.000000,0,8,0,12896426013560414644
10,1,52,0,0,5,0,0,47,0,431.057692,0,0,4,2814610166214792623
10,2,52,0,0,8,0,0,44,0,290.923077,1,0,2,2760758380465442609
10,3,52,0,0,20,0,0,32,0,187.057692,2,0,1,2274798633126694690
10,4,52,0,0,0,0,0,52,0,204.846154,2,0,2,4085908847604321499
10,5,52,0,0,28,0,0,24,0,329.019231,3,0,4,2857682295735294655
10,6,53,0,21,0,0,0,32,21,236.320755,0,3,0,16604244962831344309
10,7,52,0,49,0,0,0,3,49,21.961538,0,3,0,4037604836689162340
10,8,52,0,22,0,0,0,30,19,60.884615,0,3,1,18070436164793872132
10,9,52,0,32,0,0,0,20,33,39.076923,0,3,0,5328529994435638358
10,10,52,0,27,0,0,0,25,23,53.615385,0,3,0,10616995049674151171
10,11,52,0,22,0,0,0,30,21,54.826923,0,3,0,13299715705362667869
10,12,52,0,49,0,0,0,3,48,19.846154,0,3,0,7175155893493937887
10,13,53,0,49,0,0,0,4,49,20.301887,0,3,0,11952024991458794108
10,14,52,0,37,0,0,0,15,36,39.076923,0,3,0,12473533592872378915
10,15,52,0,21,0,0,0,31,21,53.250000,0,3,0,2668993153959216079
10,16,52,0,52,0,0,0,0,52,7.519231,0,3,0,17809456294683665813
10,17,52,0,31,0,0,0,21,29,45.403846,0,3,0,15342203521573743229
10,18,52,0,52,0,0,0,0,52,4.961538,0,3,0,6259218463381360691
10,19,52,0,52,0,0,0,0,52,0.000000,0,3,0,16958664451015502857
10,20,53,0,53,0,0,0,0,53,0.000000,0,3,0,6492452549256930392
10,21,52,0,52,0,0,0,0,52,0.000000,0,3,0,16672649650357722898
10,22,52,0,52,0,0,0,0,52,0.000000,0,3,0,3514463547552110895
10,23,52,0,52,0,0,0,0,52,0.000000,0,3,0,11936833125067376713
10,24,52,0,52,0,0,0,0,52,0.000000,0,3,0,15243456438599095066
10,25,52,0,52,0,0,0,0,52,0.000000,0,3,0,15282575654277222458
10,26,52,0,52,0,0,0,0,52,0.000000,0,3,0,11900752275557182412
10,27,53,0,53,0,0,0,0,53,0.000000,0,3,0,656476165560487182
10,28,52,0,52,0,0,0,0,52,0.000000,0,3,0,5102671822684412911
10,29,52,0,52,0,0,0,0,52,0.000000,0,3,0,15502603927944200473
10,30,52,0,52,0,0,0,0,52,0.000000,0,3,0,6061050146776631851
10,31,52,0,52,0,0,0,0,52,0.000000,0,3,0,13124376562683343151
10,32,52,0,52,0,0,0,0,52,0.000000,0,3,0,11912235782468993610
10,33,52,0,52,0,0,0,0,52,0.000000,0,3,0,9243897250828935041
10,34,53,0,53,0,0,0,0,53,0.000000,0,3,0,7781420313523868877
10,35,52,0,52,0,0,0,0,52,0.000000,0,3,0,11205855827220615912
10,36,52,0,52,0,0,0,0,52,0.000000,0,3,0,3831385789171560790
10,37,52,0,52,0,0,0,0,52,0.000000,0,3,0,3556587664251629662
10,38,52,0,52,0,0,0,0,52,0.000000,0,3,0,15143677886505168330
10,39,52,0,52,0,0,0,0,52,0.000000,0,3,0,6142329037767622677
10,40,52,0,52,0,0,0,0,52,0.000000,0,3,0,7510271330066063632
10,41,53,0,53,0,0,0,0,53,0.000000,0,3,0,16322707241149002291
10,42,52,0,52,0,0,0,0,52,0.000000,0,3,0,5156648255568060485
10,43,52,0,52,0,0,0,0,52,0.000000,0,3,0,14803026219415423207
10,44,52,0,52,0,0,0,0,52,0.000000,0,3,0,16453006563071234895
10,45,52,0,52,0,0,0,0,52,0.000000,0,3,0,12697879849986298256
10,46,52,0,52,0,0,0,0,52,0.000000,0,3,0,6004195694295843250
10,47,52,0,52,0,0,0,0,52,0.000000,0,3,0,9770246021380841223
10,48,53,0,53,0,0,0,0,53,0.000000,0,3,0,14533207575793792106
10,49,52,0,52,0,0,0,0,52,0.000000,0,3,0,1664649064276000760
10,50,52,0,52,0,0,0,0,52,0.000000,0,3,0,13974441143358974888
10,51,52,0,52,0,0,0,0,52,0.000000,0,3,0,16715995537766241284
10,52,52,0,52,0,0,0,0,52,0.000000,0,3,0,10404364525906335280
10,53,52,0,52,0,0,0,0,52,0.000000,0,3,0,10013715385098116982
10,54,52,0,52,0,0,0,0,52,0.000000,0,3,0,7823736862816402312
10,55,53,0,53,0,0,0,0,53,0.000000,0,3,0,10099392482009126804
10,56,52,0,52,0,0,0,0,52,0.000000,0,3,0,16066803515054177412
10,57,52,0,52,0,0,0,0,52,0.000000,0,3,0,8332755173413492909
10,58,52,0,52,0,0,0,0,52,0.000000,0,3,0,16699871993837396232
10,59,52,0,52,0,0,0,0,52,0.000000,0,3,0,8466899477439366439
10,60,52,0,52,0,0,0,0,52,0.000000,0,3,0,8525429870764808179
10,61,52,0,52,0,0,0,0,52,0.000000,0,3,0,7627574274015992988
10,62,53,0,53,0,0,0,0,53,0.000000,0,3,0,9418553649041022415
10,63,52,0,52,0,0,0,0,52,0.000000,0,3,0,16365571307728565452
10,64,52,0,52,0,0,0,0,52,0.000000,0,3,0,18086377436399827261
10,65,52,0,52,0,0,0,0,52,0.000000,0,3,0,17017048507452660204
10,66,52,0,52,0,0,0,0,52,0.000000,0,3,0,5956207300080535938
10,67,52,0,52,0,0,0,0,52,0.000000,0,3,0,17246157606122789879
10,68,52,0,52,0,0,0,0,52,0.000000,0,3,0,7027438744157888779
10,69,53,0,53,0,0,0,0,53,0.000000,0,3,0,13005424028066974396
10,70,52,0,52,0,0,0,0,52,0.000000,0,3,0,4306333014425554773
10,71,52,0,52,0,0,0,0,52,0.000000,0,3,0,16256808190211519464
10,72,52,0,52,0,0,0,0,52,0.000000,0,3,0,11625385314130054901
10,73,52,0,52,0,0,0,0,52,0.000000,0,3,0,13233033521038699725
10,74,52,0,52,0,0,0,0,52,0.000000,0,3,0,15594538155664477293
10,75,52,0,52,0,0,0,0,52,0.000000,0,3,0,3048556904535614244
10,76,53,0,53,0,0,0,0,53,0.000000,0,3,0,16168360340651129700
10,77,52,0,52,0,0,0,0,52,0.000000,0,3,0,8350420570082869092
10,78,52,0,52,0,0,0,0,52,0.000000,0,3,0,5799508910663464353
10,79,52,0,52,0,0,0,0,52,0.000000,0,3,0,17159645911173809855
10,80,52,0,52,0,0,0,0,52,0.000000,0,3,0,4506593291262350781
10,81,52,0,52,0,0,0,0,52,0.000000,0,3,0,7425605288561101987
10,82,52,0,52,0,0,0,0,52,0.000000,0,3,0,11577642664247748127
10,83,53,0,53,0,0,0,0,53,0.000000,0,3,0,13719881327485372986
10,84,52,0,52,0,0,0,0,52,0.000000,0,3,0,6564072362976382513
10,85,52,0,52,0,0,0,0,52,0.000000,0,3,0,17507977772980206187
10,86,52,0,52,0,0,0,0,52,0.000000,0,3,0,7458264649225227593
10,87,52,0,52,0,0,0,0,52,0.000000,0,3,0,1151626032763327896
10,88,52,0,52,0,0,0,0,52,0.000000,0,3,0,16333417019017821066
10,89,52,0,52,0,0,0,0,52,0.000000,0,3,0,14030551585218620748
10,90,53,0,53,0,0,0,0,53,0.000000,0,3,0,11453020538353194767
10,91,52,0,52,0,0,0,0,52,0.000000,0,3,0,5214312015885303055
10,92,52,0,52,0,0,0,0,52,0.000000,0,3,0,8644716562710442689
10,93,52,0,52,0,0,0,0,52,0.000000,0,3,0,15427636858973016563
10,94,52,0,52,0,0,0,0,52,0.000000,0,3,0,8363384756444565685
10,95,52,0,52,0,0,0,0,52,0.000000,0,3,0,6452508271483388786
10,96,52,0,52,0,0,0,0,52,0.000000,0,3,0,13312425117932601195
10,97,53,0,53,0,0,0,0,53,0.000000,0,3,0,16841088206908451475
10,98,52,0,52,0,0,0,0,52,0.000000,0,3,0,7708933946677927786
10,99,52,0,52,0,0,0,0,52,0.000000,0,3,0,143294515644661296
10,100,52,0,52,0,0,0,0,52,0.000000,0,3,0,7770824712500409501
11,1,52,0,0,5,0,0,47,0,393.442308,0,0,2,4683436237847547487
11,2,52,0,31,21,0,0,0,31,66.942308,0,0,0,7404928845927634236
11,3,52,0,52,0,0,0,0,52,9.115385,0,0,0,16785364765573823111
11,4,52,0,52,0,0,0,0,52,10.615385,0,0,0,5286305404533735651
11,5,52,0,52,0,0,0,0,52,13.423077,0,0,0,922623933772025999
11,6,53,0,53,0,0,0,0,53,4.150943,0,0,0,3426318388886816720
11,7,52,0,51,0,0,1,0,51,18.423077,0,0,1,11595154445956845781
11,8,52,0,52,0,0,0,0,52,11.346154,0,0,0,3716274270438199312
11,9,52,0,52,0,0,0,0,52,11.692308,0,0,0,17790615273842929452
11,10,52,0,52,0,0,0,0,52,14.538462,0,0,0,17307937178348196306
11,11,52,0,52,0,0,0,0,52,11.634615,0,0,0,10655704454323210273
11,12,52,0,52,0,0,0,0,52,8.826923,0,0,0,14019243003123665360
11,13,53,0,52,1,0,0,0,53,3.792453,0,0,0,3225090435858455477
11,14,52,0,52,0,0,0,0,52,3.653846,0,0,0,5604473466169593221
11,15,52,0,52,0,0,0,0,52,5.115385,0,0,0,2116696825617618031
11,16,52,0,52,0,0,0,0,52,12.365385,0,0,0,10098548041224604068
11,17,52,1,31,20,0,0,0,30,34.750000,0,1,0,17683868441947622328
11,18,52,0,52,0,0,0,0,52,1.615385,0,1,0,5090690510884552047
11,19,52,0,52,0,0,0,0,52,0.000000,0,1,0,7589105660770873674
11,20,53,0,53,0,0,0,0,53,0.000000,0,1,0,6219156204130738036
11,21,52,0,52,0,0,0,0,52,0.000000,0,1,0,12469550340008028213
11,22,52,0,52,0,0,0,0,52,0.000000,0,1,0,11536792579133230814
11,23,52,0,52,0,0,0,0,52,0.000000,0,1,0,18246624388196632134
11,24,52,0,52,0,0,0,0,52,0.000000,0,1,0,9535757180276195620
11,25,52,0,52,0,0,0,0,52,0.000000,0,1,0,16721258090092630966
11,26,52,0,52,0,0,0,0,52,0.000000,0,1,0,1438632143194371809
11,27,53,0,53,0,0,0,0,53,0.000000,0,1,0,13125279528109046047
11,28,52,0,52,0,0,0,0,52,0.000000,0,1,0,2772705514217685219
11,29,52,0,52,0,0,0,0,52,0.000000,0,1,0,16138582201623479042
11,30,52,0,52,0,0,0,0,52,0.000000,0,1,0,2562630572150818953
11,31,52,0,52,0,0,0,0,52,0.000000,0,1,0,17472804396506706178
11,32,52,0,52,0,0,0,0,52,0.000000,0,1,0,13232715896891993916
11,33,52,0,52,0,0,0,0,52,0.000000,0,1,0,10588803042901551875
11,34,53,0,53,0,0,0,0,53,0.000000,0,1,0,18229280034276878
11,35,52,0,52,0,0,0,0,52,0.000000,0,1,0,507403685027584341
11,36,52,0,52,0,0,0,0,52,0.000000,0,1,0,13725517840315670308
11,37,52,0,52,0,0,0,0,52,0.000000,0,1,0,6526068351809601194
11,38,52,0,52,0,0,0,0,52,0.000000,0,1,0,2379957792709519064
11,39,52,0,52,0,0,0,0,52,0.000000,0,1,0,9332725478564196188
11,40,52,0,52,0,0,0,0,52,0.000000,0,1,0,15148984883756668419
11,41,53,0,53,0,0,0,0,53,0.000000,0,1,0,17867261018959010047
11,42,52,0,52,0,0,0,0,52,0.000000,0,1,0,8401451747268509212
11,43,52,0,52,0,0,0,0,52,0.000000,0,1,0,3778227757051025793
11,44,52,0,52,0,0,0,0,52,0.000000,0,1,0,1522976999601832184
11,45,52,0,52,0,0,0,0,52,0.000000,0,1,0,15747277390569618713
11,46,52,0,52,0,0,0,0,52,0.000000,0,1,0,6756963623091431711
11,47,52,0,52,0,0,0,0,52,0.000000,0,1,0,13227431945166614220
11,48,53,0,53,0,0,0,0,53,0.000000,0,1,0,2242179380063331741
11,49,52,0,52,0,0,0,0,52,0.000000,0,1,0,8227162805581359763
11,50,52,0,52,0,0,0,0,52,0.000000,0,1,0,531839122780298793
11,51,52,0,52,0,0,0,0,52,0.000000,0,1,0,16237889102924715388
11,52,52,0,52,0,0,0,0,52,0.000000,0,1,0,10776110083879541337
11,53,52,0,52,0,0,0,0,52,0.000000,0,1,0,12282517247486723423
11,54,52,0,52,0,0,0,0,52,1.615385,0,1,0,15815255384089125764
11,55,53,0,53,0,0,0,0,53,3.094340,0,1,0,650548038590248414
11,56,52,0,52,0,0,0,0,52,3.788462,0,1,0,4455274985668027900
11,57,52,0,52,0,0,0,0,52,3.846154,0,1,0,16998859423505593636
11,58,52,0,52,0,0,0,0,52,3.923077,0,1,0,9192846385994820384
11,59,52,0,52,0,0,0,0,52,3.942308,0,1,0,16541711311854150159
11,60,52,0,52,0,0,0,0,52,3.923077,0,1,0,9454489830765444708
11,61,52,0,52,0,0,0,0,52,3.942308,0,1,0,13016241077493114861
11,62,53,0,53,0,0,0,0,53,3.830189,0,1,0,10065866099468510562
11,63,52,0,52,0,0,0,0,52,4.000000,0,1,0,10148541752747312669
11,64,52,0,52,0,0,0,0,52,4.000000,0,1,0,11113198122022140954
11,65,52,0,52,0,0,0,0,52,3.942308,0,1,0,17941562644661805025
11,66,52,0,52,0,0,0,0,52,4.000000,0,1,0,4748837263399315012
11,67,52,0,52,0,0,0,0,52,3.769231,0,1,0,13444826168830944730
11,68,52,0,52,0,0,0,0,52,3.769231,0,1,0,18227522329780639830
11,69,53,0,53,0,0,0,0,53,4.000000,0,1,0,10984856512950691607
11,70,52,0,52,0,0,0,0,52,3.846154,0,1,0,10365833419201773851
11,71,52,0,52,0,0,0,0,52,4.000000,0,1,0,11964566619914453150
11,72,52,0,52,0,0,0,0,52,3.942308,0,1,0,16542734407104945780
11,73,52,0,52,0,0,0,0,52,3.826923,0,1,0,3641877966226185094
11,74,52,0,52,0,0,0,0,52,3.923077,0,1,0,12825678226557257979
11,75,52,0,52,0,0,0,0,52,3.846154,0,1,0,4979838693682831270
11,76,53,0,53,0,0,0,0,53,4.000000,0,1,0,1018215571248494343
11,77,52,0,52,0,0,0,0,52,3.884615,0,1,0,18093989714698913533
11,78,52,0,52,0,0,0,0,52,4.000000,0,1,0,11483251937758015423
11,79,52,0,52,0,0,0,0,52,3.884615,0,1,0,5877851092857437428
11,80,52,0,52,0,0,0,0,52,3.884615,0,1,0,6368762581285004072
11,81,52,0,52,0,0,0,0,52,3.961538,0,1,0,17331875027577560038
11,82,52,0,52,0,0,0,0,52,4.000000,0,1,0,12346603081711009750
11,83,53,0,53,0,0,0,0,53,4.000000,0,1,0,9753484020917458645
11,84,52,0,52,0,0,0,0,52,4.000000,0,1,0,15707676320928357235
11,85,52,0,52,0,0,0,0,52,4.000000,0,1,0,5322216692371072523
11,86,52,0,52,0,0,0,0,52,4.000000,0,1,0,1503007516292157221
11,87,52,0,52,0,0,0,0,52,4.000000,0,1,0,9660711635508050102
11,88,52,0,52,0,0,0,0,52,4.000000,0,1,0,10959941083518742209
11,89,52,0,52,0,0,0,0,52,4.134615,0,1,0,9659784946824716536
11,90,53,0,53,0,0,0,0,53,5.000000,0,1,0,6445738651529195455
11,91,52,0,52,0,0,0,0,52,5.000000,0,1,0,11676034815054604203
11,92,52,0,52,0,0,0,0,52,5.000000,0,1,0,6622705867028185691
11,93,52,0,52,0,0,0,0,52,5.000000,0,1,0,9840536257287969181
11,94,52,0,52,0,0,0,0,52,5.000000,0,1,0,7520126183528450895
11,95,52,0,52,0,0,0,0,52,5.000000,0,1,0,6603416096161559422
11,96,52,0,52,0,0,0,0,52,4.846154,0,1,0,17626253995169827914
11,97,53,0,53,0,0,0,0,53,5.000000,0,1,0,11065305082672172651
11,98,52,0,52,0,0,0,0,52,5.000000,0,1,0,17476850758568006296
11,99,52,0,52,0,0,0,0,52,5.000000,0,1,0,14842560043193143267
11,100,52,0,52,0,0,0,0,52,4.942308,0,1,0,3519091325375153975
12,1,52,0,0,5,0,0,47,0,352.326923,0,0,2,14806458739731291913
12,2,52,0,10,42,0,0,0,10,141.134615,0,0,0,7839366783496283846
12,3,52,0,52,0,0,0,0,52,12.442308,0,0,0,7875019646336582256
12,4,52,0,52,0,0,0,0,52,13.173077,0,0,0,463161511100054656
12,5,52,0,35,17,0,0,0,29,43.346154,0,0,0,4906385310393110775
12,6,53,0,50,2,0,1,0,47,26.301887,0,0,1,11629049338737953818
12,7,52,0,52,0,0,0,0,52,21.442308,0,0,0,2297663242206068200
12,8,52,0,52,0,0,0,0,52,9.730769,0,0,0,8555680830158306476
12,9,52,0,52,0,0,0,0,52,7.480769,0,0,0,10180520321127694230
12,10,52,0,52,0,0,0,0,52,7.769231,0,0,0,6594374290586614466
12,11,52,0,52,0,0,0,0,52,8.269231,0,0,0,15279010880948306975
12,12,52,0,52,0,0,0,0,52,10.692308,0,0,0,635170079978197142
12,13,53,0,53,0,0,0,0,53,12.471698,0,0,0,7609631270037419329
12,14,52,0,52,0,0,0,0,52,13.000000,0,0,0,1199291854233232462
12,15,52,0,52,0,0,0,0,52,10.057692,0,0,0,13879552594260818342
12,16,52,0,52,0,0,0,0,52,3.576923,0,0,0,6277373494353198485
12,17,52,0,52,0,0,0,0,52,0.269231,0,0,0,8545515904129043623
12,18,52,0,52,0,0,0,0,52,0.000000,0,0,0,2087877838095910260
12,19,52,0,52,0,0,0,0,52,0.000000,0,0,0,3968395066013478097
12,20,53,0,53,0,0,0,0,53,0.000000,0,0,0,13901635149049793393
12,21,52,0,52,0,0,0,0,52,0.000000,0,0,0,5165636943509059609
12,22,52,0,52,0,0,0,0,52,0.000000,0,0,0,8209443806041543943
12,23,52,0,52,0,0,0,0,52,0.000000,0,0,0,12457902102386414060
12,24,52,0,52,0,0,0,0,52,0.500000,0,0,0,3217059758591327733
12,25,52,0,52,0,0,0,0,52,0.000000,0,0,0,14201547564440413214
12,26,52,0,52,0,0,0,0,52,0.000000,0,0,0,11388587565387610238
12,27,53,0,53,0,0,0,0,53,0.000000,0,0,0,2758783177690104565
12,28,52,0,52,0,0,0,0,52,0.000000,0,0,0,1571009286422793684
12,29,52,0,52,0,0,0,0,52,0.000000,0,0,0,9282972756327378810
12,30,52,0,52,0,0,0,0,52,0.000000,0,0,0,1680880924767830477
12,31,52,0,52,0,0,0,0,52,0.000000,0,0,0,2777652691577036043
12,32,52,0,52,0,0,0,0,52,0.000000,0,0,0,6642882184020304376
12,33,52,0,52,0,0,0,0,52,0.000000,0,0,0,4966912150504294764
12,34,53,0,53,0,0,0,0,53,0.000000,0,0,0,4960729597919455640
12,35,52,0,52,0,0,0,0,52,0.000000,0,0,0,5931744542216780256
12,36,52,0,52,0,0,0,0,52,0.000000,0,0,0,10605299694791034519
12,37,52,0,52,0,0,0,0,52,0.000000,0,0,0,9093495400033155392
12,38,52,0,52,0,0,0,0,52,0.000000,0,0,0,8083770776199614465
12,39,52,0,52,0,0,0,0,52,0.000000,0,0,0,18107142100131956399
12,40,52,0,52,0,0,0,0,52,0.000000,0,0,0,8361326230952586489
12,41,53,0,53,0,0,0,0,53,0.000000,0,0,0,15356363875106626381
12,42,52,0,52,0,0,0,0,52,1.038462,0,0,0,15754120705199728193
12,43,52,0,52,0,0,0,0,52,2.173077,0,0,0,12677002733726917566
12,44,52,0,52,0,0,0,0,52,1.653846,0,0,0,15145145750307076162
12,45,52,0,52,0,0,0,0,52,0.846154,0,0,0,12847931020076491188
12,46,52,0,52,0,0,0,0,52,0.115385,0,0,0,12128620267558601758
12,47,52,0,52,0,0,0,0,52,0.000000,0,0,0,1014598703663737304
12,48,53,0,53,0,0,0,0,53,1.358491,0,0,0,12086148852171272791
12,49,52,0,52,0,0,0,0,52,2.884615,0,0,0,10522643370608114747
12,50,52,0,52,0,0,0,0,52,0.634615,0,0,0,14762438986501133581
12,51,52,0,52,0,0,0,0,52,0.000000,0,0,0,12417341748530135199
12,52,52,0,52,0,0,0,0,52,0.000000,0,0,0,16465871714259335858
12,53,52,0,52,0,0,0,0,52,0.653846,0,0,0,11457670926403475022
12,54,52,0,52,0,0,0,0,52,2.730769,0,0,0,5500398524639760073
12,55,53,0,53,0,0,0,0,53,1.528302,0,0,0,3560168313917217703
12,56,52,0,52,0,0,0,0,52,1.365385,0,0,0,15601478828991979505
12,57,52,0,52,0,0,0,0,52,1.057692,0,0,0,11311121161996827863
12,58,52,0,52,0,0,0,0,52,1.346154,0,0,0,16892603430618159073
12,59,52,0,52,0,0,0,0,52,1.000000,0,0,0,3433988262492692029
12,60,52,0,52,0,0,0,0,52,0.000000,0,0,0,1762833180380923050
12,61,52,0,52,0,0,0,0,52,0.000000,0,0,0,2148695314707694851
12,62,53,0,53,0,0,0,0,53,0.000000,0,0,0,8528059571532016325
12,63,52,0,52,0,0,0,0,52,0.000000,0,0,0,2836620643130736899
12,64,52,0,52,0,0,0,0,52,0.000000,0,0,0,10347771636858384443
12,65,52,0,52,0,0,0,0,52,0.000000,0,0,0,17462171347474617626
12,66,52,0,52,0,0,0,0,52,0.000000,0,0,0,18006022290319467200
12,67,52,0,52,0,0,0,0,52,0.000000,0,0,0,3615048365362284516
12,68,52,0,52,0,0,0,0,52,0.000000,0,0,0,15073853309058878926
12,69,53,0,53,0,0,0,0,53,0.000000,0,0,0,17889824966970716545
12,70,52,0,52,0,0,0,0,52,0.000000,0,0,0,17437614402146563394
12,71,52,0,52,0,0,0,0,52,0.000000,0,0,0,17820914019130588265
12,72,52,0,52,0,0,0,0,52,0.000000,0,0,0,16959688218846237833
12,73,52,0,52,0,0,0,0,52,0.000000,0,0,0,7223186437570730013
12,74,52,0,52,0,0,0,0,52,0.000000,0,0,0,5167022442912605203
12,75,52,0,52,0,0,0,0,52,0.134615,0,0,0,10576425011475249873
12,76,53,0,53,0,0,0,0,53,1.641509,0,0,0,17819274558401441612
12,77,52,0,52,0,0,0,0,52,1.942308,0,0,0,14685943755395822047
12,78,52,0,52,0,0,0,0,52,0.826923,0,0,0,11958122078587173620
12,79,52,0,52,0,0,0,0,52,1.692308,0,0,0,5193754088449986962
12,80,52,0,52,0,0,0,0,52,1.192308,0,0,0,2458613453001659429
12,81,52,0,52,0,0,0,0,52,0.000000,0,0,0,6909168435409534555
12,82,52,0,52,0,0,0,0,52,0.000000,0,0,0,11057354199237741096
12,83,53,0,53,0,0,0,0,53,0.000000,0,0,0,13426975947848520669
12,84,52,0,52,0,0,0,0,52,0.000000,0,0,0,3540512184009811517
12,85,52,0,52,0,0,0,0,52,0.000000,0,0,0,1895069405473118432
12,86,52,0,52,0,0,0,0,52,0.000000,0,0,0,1649305997979974522
12,87,52,0,52,0,0,0,0,52,0.000000,0,0,0,18008307118334007913
12,88,52,0,52,0,0,0,0,52,0.000000,0,0,0,7995290763797687708
12,89,52,0,52,0,0,0,0,52,0.000000,0,0,0,11734708454284235775
12,90,53,0,53,0,0,0,0,53,0.000000,0,0,0,18062843409318949398
12,91,52,0,52,0,0,0,0,52,0.000000,0,0,0,17719371440750397733
12,92,52,0,52,0,0,0,0,52,0.000000,0,0,0,1197958898465446567
12,93,52,0,52,0,0,0,0,52,0.000000,0,0,0,14952364665212054367
12,94,52,0,52,0,0,0,0,52,0.000000,0,0,0,2140252716098219063
12,95,52,0,52,0,0,0,0,52,0.000000,0,0,0,5629335701299651492
12,96,52,0,52,0,0,0,0,52,0.000000,0,0,0,7474413426117913194
12,97,53,0,53,0,0,0,0,53,0.000000,0,0,0,9152449290665735220
12,98,52,0,52,0,0,0,0,52,0.000000,0,0,0,16212653314269560925
12,99,52,0,52,0,0,0,0,52,1.673077,0,0,0,8323702694579760159
12,100,52,0,52,0,0,0,0,52,9.634615,0,0,0,16265260608061310242
13,1,52,0,0,5,0,0,47,0,410.884615,1,0,3,12102929316312659638
13,2,52,0,5,47,0,0,0,3,160.423077,0,1,0,5903375367148505902
13,3,52,0,49,3,0,0,0,47,22.153846,0,1,0,6259114758884809707
13,4,52,0,48,4,0,0,0,46,23.846154,0,1,0,10028145835004604638
13,5,52,0,48,4,0,0,0,46,21.115385,0,1,0,2669990739090648461
13,6,53,0,53,0,0,0,0,53,7.396226,0,1,0,8714255573490388699
13,7,52,0,52,0,0,0,0,52,8.807692,0,1,0,14299632631685742003
13,8,52,0,52,0,0,0,0,52,15.519231,0,1,0,15952529550527081163
13,9,52,0,52,0,0,0,0,52,12.750000,0,1,0,11513959323280195368
13,10,52,0,51,0,0,1,0,52,11.192308,0,1,0,5593765448203102552
13,11,52,0,52,0,0,0,0,52,9.846154,0,1,0,422335201829623992
13,12,52,0,52,0,0,0,0,52,7.769231,0,1,0,5295341111085752456
13,13,53,0,53,0,0,0,0,53,10.094340,0,1,0,1155738008997346938
13,14,52,0,52,0,0,0,0,52,9.461538,0,1,0,14921626927131564876
13,15,52,0,52,0,0,0,0,52,3.461538,0,1,0,16597616497081376096
13,16,52,0,52,0,0,0,0,52,2.307692,0,1,0,7471718339022307218
13,17,52,0,52,0,0,0,0,52,2.538462,0,1,0,2360433893046665164
13,18,52,0,52,0,0,0,0,52,3.769231,0,1,0,17409730813425475576
13,19,52,0,52,0,0,0,0,52,3.692308,0,1,0,831681377717806984
13,20,53,0,53,0,0,0,0,53,3.056604,0,1,0,4410534041592156221
13,21,52,0,52,0,0,0,0,52,2.769231,0,1,0,17159176685787703817
13,22,52,0,52,0,0,0,0,52,3.230769,0,1,0,9308072646821970013
13,23,52,0,52,0,0,0,0,52,2.769231,0,1,0,8513185015589575622
13,24,52,0,52,0,0,0,0,52,3.461538,0,1,0,11688688707154598314
13,25,52,0,52,0,0,0,0,52,9.230769,0,1,0,13338547329211573323
13,26,52,0,52,0,0,0,0,52,3.923077,0,1,0,1023499734271489883
13,27,53,0,53,0,0,0,0,53,5.622642,0,1,0,11537850297462163310
13,28,52,0,52,0,0,0,0,52,4.115385,0,1,0,12536883243477912435
13,29,52,0,52,0,0,0,0,52,6.000000,0,1,0,7793377907681241846
13,30,52,0,52,0,0,0,0,52,2.384615,0,1,0,13077862018217321270
13,31,52,0,52,0,0,0,0,52,2.865385,0,1,0,9779683176872223953
13,32,52,0,52,0,0,0,0,52,7.423077,0,1,0,18109133613979195515
13,33,52,0,52,0,0,0,0,52,1.615385,0,1,0,14084646344773597884
13,34,53,0,53,0,0,0,0,53,3.886792,0,1,0,13876419851038199818
13,35,52,0,52,0,0,0,0,52,3.942308,0,1,0,11143774286775682343
13,36,52,0,52,0,0,0,0,52,3.923077,0,1,0,17932719402430964227
13,37,52,0,52,0,0,0,0,52,6.096154,0,1,0,16911044846251835058
13,38,52,0,52,0,0,0,0,52,4.153846,0,1,0,1477948036999833093
13,39,52,0,52,0,0,0,0,52,2.903846,0,1,0,11529739303969300952
13,40,52,0,52,0,0,0,0,52,3.346154,0,1,0,10931173219979214459
13,41,53,0,53,0,0,0,0,53,3.169811,0,1,0,6736273310007255177
13,42,52,0,52,0,0,0,0,52,3.980769,0,1,0,7269807580533517071
13,43,52,0,52,0,0,0,0,52,3.576923,0,1,0,17385274254824983529
13,44,52,0,52,0,0,0,0,52,4.115385,0,1,0,15677265204224837408
13,45,52,0,52,0,0,0,0,52,7.653846,0,1,0,9182396210344555130
13,46,52,0,52,0,0,0,0,52,12.115385,0,1,0,12701521211259367607
13,47,52,0,52,0,0,0,0,52,9.576923,0,1,0,18221561029167754088
13,48,53,0,53,0,0,0,0,53,13.830189,0,1,0,1817969036355895556
13,49,52,0,52,0,0,0,0,52,11.442308,0,1,0,5173607870757362797
13,50,52,0,52,0,0,0,0,52,11.057692,0,1,0,12109319915852976008
13,51,52,0,52,0,0,0,0,52,11.346154,0,1,0,12287764772469875825
13,52,52,0,52,0,0,0,0,52,10.750000,0,1,0,1251138607545004177
13,53,52,0,52,0,0,0,0,52,10.596154,0,1,0,14976184155754250654
13,54,52,0,52,0,0,0,0,52,11.288462,0,1,0,17220551030701491271
13,55,53,0,53,0,0,0,0,53,5.396226,0,1,0,6506815521335720601
13,56,52,0,52,0,0,0,0,52,14.038462,0,1,0,17869197201651761628
13,57,52,0,52,0,0,0,0,52,8.865385,0,1,0,8989242029660300596
13,58,52,0,52,0,0,0,0,52,16.057692,0,1,0,13796587691899300436
13,59,52,0,52,0,0,0,0,52,7.615385,0,1,0,7699833500298813086
13,60,52,0,52,0,0,0,0,52,8.230769,0,1,0,10710700041642241719
13,61,52,0,52,0,0,0,0,52,6.250000,0,1,0,13512998810453017110
13,62,53,0,53,0,0,0,0,53,8.679245,0,1,0,283514027423029891
13,63,52,0,52,0,0,0,0,52,6.173077,0,1,0,17883591986228088539
13,64,52,0,52,0,0,0,0,52,4.423077,0,1,0,8918151710650619546
13,65,52,0,52,0,0,0,0,52,6.788462,0,1,0,12759001979352641706
13,66,52,0,52,0,0,0,0,52,4.807692,0,1,0,13401391035623497937
13,67,52,0,52,0,0,0,0,52,7.865385,0,1,0,8381955387094040484
13,68,52,0,52,0,0,0,0,52,7.865385,0,1,0,14758243921959526523
13,69,53,0,53,0,0,0,0,53,9.094340,0,1,0,18098380512378411893
13,70,52,0,52,0,0,0,0,52,8.942308,0,1,0,8317399164477672683
13,71,52,0,52,0,0,0,0,52,7.884615,0,1,0,9493463469144598090
13,72,52,0,52,0,0,0,0,52,5.134615,0,1,0,5332997763987239400
13,73,52,0,52,0,0,0,0,52,3.653846,0,1,0,12807131708268055507
13,74,52,0,52,0,0,0,0,52,1.884615,0,1,0,12240210884525061964
13,75,52,0,52,0,0,0,0,52,1.307692,0,1,0,10015749826784164805
13,76,53,0,53,0,0,0,0,53,2.320755,0,1,0,5798359632816106559
13,77,52,0,52,0,0,0,0,52,0.000000,0,1,0,8920135413326019921
13,78,52,0,52,0,0,0,0,52,1.000000,0,1,0,11939837148086825646
13,79,52,0,52,0,0,0,0,52,2.000000,0,1,0,16338650811078708905
13,80,52,0,52,0,0,0,0,52,2.153846,0,1,0,15874891271976697211
13,81,52,0,52,0,0,0,0,52,0.000000,0,1,0,680584418193416441
13,82,52,0,52,0,0,0,0,52,0.000000,0,1,0,12828070528849708662
13,83,53,0,53,0,0,0,0,53,0.000000,0,1,0,8399691281510286462
13,84,52,0,52,0,0,0,0,52,0.000000,0,1,0,17966787141027452500
13,85,52,0,52,0,0,0,0,52,0.000000,0,1,0,6266901126413526299
13,86,52,0,52,0,0,0,0,52,0.000000,0,1,0,10113865089682291525
13,87,52,0,52,0,0,0,0,52,0.000000,0,1,0,7805078025503833883
13,88,52,0,52,0,0,0,0,52,0.000000,0,1,0,12847741609805859072
13,89,52,0,52,0,0,0,0,52,0.000000,0,1,0,10389749032851917213
13,90,53,0,53,0,0,0,0,53,0.000000,0,1,0,10531137757983063655
13,91,52,0,52,0,0,0,0,52,0.000000,0,1,0,12820271890738600531
13,92,52,0,52,0,0,0,0,52,0.000000,0,1,0,2446046468907226332
13,93,52,0,52,0,0,0,0,52,0.000000,0,1,0,15595440777688222889
13,94,52,0,52,0,0,0,0,52,0.000000,0,1,0,14821531662312599225
13,95,52,0,52,0,0,0,0,52,0.730769,0,1,0,16427883981098492168
13,96,52,0,52,0,0,0,0,52,0.346154,0,1,0,12266332297802331125
13,97,53,0,53,0,0,0,0,53,0.207547,0,1,0,7716184826827219141
13,98,52,0,52,0,0,0,0,52,0.346154,0,1,0,18241827033869295667
13,99,52,0,52,0,0,0,0,52,0.807692,0,1,0,7435259700669379874
13,100,52,0,52,0,0,0,0,52,0.038462,0,1,0,10581593324774073667
14,1,52,0,0,0,0,0,52,0,435.442308,1,0,4,7172261411979058599
14,2,52,0,0,9,0,0,43,0,311.538462,1,0,2,15977662194586398142
14,3,52,0,25,27,0,0,0,26,78.865385,0,1,0,11225704634632193193
14,4,52,0,52,0,0,0,0,52,7.153846,0,1,0,104913477890393431
14,5,52,0,52,0,0,0,0,52,0.000000,0,1,0,16269651490320981070
14,6,53,0,53,0,0,0,0,53,16.113208,0,1,0,13589457486450938012
14,7,52,0,52,0,0,0,0,52,19.307692,0,1,0,7098522458585846992
14,8,52,0,52,0,0,0,0,52,21.615385,0,1,0,6113281144831748635
14,9,52,0,52,0,0,0,0,52,23.153846,0,1,0,7020772694956489908
14,10,52,0,52,0,0,0,0,52,15.923077,0,1,0,11922532515008436490
14,11,52,0,51,0,0,1,0,52,3.076923,0,1,0,18362811023349229421
14,12,52,0,52,0,0,0,0,52,7.923077,0,1,0,16677868824087662685
14,13,53,0,53,0,0,0,0,53,4.830189,0,1,0,10911229685545473508
14,14,52,0,41,11,0,0,0,39,34.038462,0,1,1,8855756557648874735
14,15,52,1,2,49,0,0,0,1,111.461538,1,1,2,5104627252847956188
14,16,52,1,14,37,0,0,0,13,71.788462,0,3,1,9852270103185367780
14,17,52,0,36,16,0,0,0,37,21.211538,0,3,0,14559129587032658992
14,18,52,0,52,0,0,0,0,52,0.000000,0,3,0,8034542858145618000
14,19,52,0,52,0,0,0,0,52,0.461538,0,3,0,5069919851137828585
14,20,53,0,53,0,0,0,0,53,1.924528,0,3,0,4746781656679351102
14,21,52,0,52,0,0,0,0,52,2.346154,0,3,0,4003596831115017868
14,22,52,0,52,0,0,0,0,52,1.076923,0,3,0,3820146500956049243
14,23,52,0,52,0,0,0,0,52,0.307692,0,3,0,231289206097840067
14,24,52,0,52,0,0,0,0,52,0.346154,0,3,0,13036958927832924501
14,25,52,0,52,0,0,0,0,52,2.076923,0,3,0,3532848318098212075
14,26,52,0,52,0,0,0,0,52,1.288462,0,3,0,11602245643690117517
14,27,53,0,53,0,0,0,0,53,0.698113,0,3,0,16834373057252338487
14,28,52,0,52,0,0,0,0,52,0.000000,0,3,0,10659131685010379011
14,29,52,0,52,0,0,0,0,52,0.211538,0,3,0,14543689807964454863
14,30,52,0,52,0,0,0,0,52,0.788462,0,3,0,10845460995013486765
14,31,52,0,52,0,0,0,0,52,0.000000,0,3,0,1593311907621372673
14,32,52,0,52,0,0,0,0,52,0.000000,0,3,0,16020275287593650013
14,33,52,0,52,0,0,0,0,52,0.000000,0,3,0,17258470798858676605
14,34,53,0,53,0,0,0,0,53,0.000000,0,3,0,8475868810834895213
14,35,52,0,52,0,0,0,0,52,0.000000,0,3,0,5350096778818268945
14,36,52,0,52,0,0,0,0,52,0.000000,0,3,0,13402429037759699462
14,37,52,0,52,0,0,0,0,52,0.000000,0,3,0,9770472225291686328
14,38,52,0,52,0,0,0,0,52,0.000000,0,3,0,14210078003851302355
14,39,52,0,52,0,0,0,0,52,0.000000,0,3,0,12106123681876953829
14,40,52,0,52,0,0,0,0,52,0.000000,0,3,0,8298991513648071185
14,41,53,0,53,0,0,0,0,53,0.000000,0,3,0,15371263974099616252
14,42,52,0,52,0,0,0,0,52,0.000000,0,3,0,3919978648103421487
14,43,52,0,52,0,0,0,0,52,0.000000,0,3,0,6086470438156800831
14,44,52,0,52,0,0,0,0,52,0.000000,0,3,0,13279211968806046346
14,45,52,0,52,0,0,0,0,52,0.000000,0,3,0,13825151528097053184
14,46,52,0,52,0,0,0,0,52,0.000000,0,3,0,1894086700979152180
14,47,52,0,52,0,0,0,0,52,0.000000,0,3,0,2546969597600358359
14,48,53,0,53,0,0,0,0,53,0.000000,0,3,0,5923487561801337278
14,49,52,0,52,0,0,0,0,52,0.000000,0,3,0,6028945485270838335
14,50,52,0,52,0,0,0,0,52,0.000000,0,3,0,9998018962196606992
14,51,52,0,52,0,0,0,0,52,0.000000,0,3,0,6529704120445231934
14,52,52,0,52,0,0,0,0,52,0.000000,0,3,0,7301530454489401616
14,53,52,0,52,0,0,0,0,52,0.000000,0,3,0,3291502593893462287
14,54,52,0,52,0,0,0,0,52,0.000000,0,3,0,16821531690964273557
14,55,53,0,53,0,0,0,0,53,0.000000,0,3,0,4639079736194541393
14,56,52,0,52,0,0,0,0,52,0.000000,0,3,0,343961234916636705
14,57,52,0,52,0,0,0,0,52,0.000000,0,3,0,2601717356756715761
14,58,52,0,52,0,0,0,0,52,0.000000,0,3,0,5781695053555357659
14,59,52,0,52,0,0,0,0,52,0.000000,0,3,0,13124059088554896016
14,60,52,0,52,0,0,0,0,52,0.000000,0,3,0,585333708697043060
14,61,52,0,52,0,0,0,0,52,0.000000,0,3,0,9113427441432320073
14,62,53,0,53,0,0,0,0,53,0.000000,0,3,0,4525260919855066385
14,63,52,0,52,0,0,0,0,52,0.000000,0,3,0,5851261797820124715
14,64,52,0,52,0,0,0,0,52,0.000000,0,3,0,7451561796013015406
14,65,52,0,52,0,0,0,0,52,0.000000,0,3,0,8397058797624886456
14,66,52,0,52,0,0,0,0,52,0.000000,0,3,0,16606744929597525811
14,67,52,0,52,0,0,0,0,52,0.000000,0,3,0,2475124520398025859
14,68,52,0,52,0,0,0,0,52,0.000000,0,3,0,8252743025929593178
14,69,53,0,53,0,0,0,0,53,0.000000,0,3,0,3754376627250467352
14,70,52,0,52,0,0,0,0,52,0.000000,0,3,0,17201677992465414993
14,71,52,0,52,0,0,0,0,52,0.000000,0,3,0,7853680402113994534
14,72,52,0,52,0,0,0,0,52,0.000000,0,3,0,9029886948356996498
14,73,52,0,52,0,0,0,0,52,0.000000,0,3,0,16287571087603498702
14,74,52,0,52,0,0,0,0,52,0.000000,0,3,0,11578443562920687243
14,75,52,0,52,0,0,0,0,52,0.000000,0,3,0,12318156284122705406
14,76,53,0,53,0,0,0,0,53,0.000000,0,3,0,3414901800900125357
14,77,52,0,52,0,0,0,0,52,0.000000,0,3,0,18408458293572760548
14,78,52,0,52,0,0,0,0,52,0.000000,0,3,0,10154610177848889249
14,79,52,0,52,0,0,0,0,52,0.000000,0,3,0,3062349686333311754
14,80,52,0,52,0,0,0,0,52,0.000000,0,3,0,16986548397747971126
14,81,52,0,52,0,0,0,0,52,0.000000,0,3,0,11178817641843782883
14,82,52,0,52,0,0,0,0,52,0.000000,0,3,0,2363441805272712285
14,83,53,0,53,0,0,0,0,53,0.000000,0,3,0,2275433894636923079
14,84,52,0,52,0,0,0,0,52,0.000000,0,3,0,7761074404419383318
14,85,52,0,52,0,0,0,0,52,0.000000,0,3,0,5077747602833230515
14,86,52,0,52,0,0,0,0,52,0.000000,0,3,0,3901258102306739500
14,87,52,0,52,0,0,0,0,52,0.000000,0,3,0,18156237817410879232
14,88,52,0,52,0,0,0,0,52,0.000000,0,3,0,14840096953575460903
14,89,52,0,52,0,0,0,0,52,0.000000,0,3,0,7100325818392451776
14,90,53,0,53,0,0,0,0,53,0.000000,0,3,0,4602040325837111389
14,91,52,0,52,0,0,0,0,52,0.000000,0,3,0,566916884025579472
14,92,52,0,52,0,0,0,0,52,0.000000,0,3,0,14691937341140353560
14,93,52,0,52,0,0,0,0,52,0.000000,0,3,0,5116329289243546751
14,94,52,0,52,0,0,0,0,52,0.000000,0,3,0,6397881346403903948
14,95,52,0,52,0,0,0,0,52,0.000000,0,3,0,18317858480857031484
14,96,52,0,52,0,0,0,0,52,0.000000,0,3,0,5528445250332064361
14,97,53,0,53,0,0,0,0,53,0.000000,0,3,0,13202661725053481287
14,98,52,0,52,0,0,0,0,52,0.000000,0,3,0,408634833903435054
14,99,52,0,52,0,0,0,0,52,0.000000,0,3,0,15607330520665284914
14,100,52,0,52,0,0,0,0,52,0.000000,0,3,0,16302623696134578267
15,1,52,0,0,10,0,0,42,0,392.923077,1,0,2,9937977799039317230
15,2,52,0,1,51,0,0,0,0,138.134615,0,1,0,13579877347735572288
15,3,52,0,40,12,0,0,0,37,29.576923,0,1,0,880329777646892647
15,4,52,0,44,8,0,0,0,43,23.807692,0,1,0,17586129952801561677
15,5,52,0,52,0,0,0,0,52,15.307692,0,1,0,10691976739496817981
15,6,53,0,53,0,0,0,0,53,12.396226,0,1,0,15329932047421086476
15,7,52,0,52,0,0,0,0,51,22.346154,0,1,0,13685195927993067135
15,8,52,0,52,0,0,0,0,52,12.096154,0,1,0,10456305217510485385
15,9,52,0,50,0,0,2,0,49,18.250000,0,1,0,9148232970015030509
15,10,52,0,52,0,0,0,0,52,8.115385,0,1,0,1100014840243562181
15,11,52,0,52,0,0,0,0,52,9.461538,0,1,0,4263549366369763066
15,12,52,0,52,0,0,0,0,52,6.884615,0,1,0,6353389213574626411
15,13,53,0,53,0,0,0,0,53,8.132075,0,1,0,3719607733892696261
15,14,52,0,38,0,0,14,0,37,44.673077,0,1,0,14327122362167328482
15,15,52,0,52,0,0,0,0,52,14.096154,0,1,0,14706210444825629430
15,16,52,0,52,0,0,0,0,52,10.000000,0,1,0,5720971547302456688
15,17,52,0,14,0,0,38,0,13,66.807692,0,1,1,13662307872144380817
15,18,52,0,3,0,0,49,0,2,75.596154,0,1,1,6317242661999398726
15,19,52,0,0,0,0,52,0,0,79.307692,0,1,1,4426009563311257850
15,20,53,0,0,0,0,53,0,0,88.584906,0,1,1,10045259214511404220
15,21,52,0,39,0,0,13,0,39,29.076923,0,1,0,9726637901836421935
15,22,52,0,52,0,0,0,0,52,15.230769,0,1,0,3501465776000630174
15,23,52,0,5,0,0,47,0,4,103.461538,0,1,2,9817906096094924037
15,24,52,0,0,0,0,52,0,0,179.076923,0,1,2,571334385274235166
15,25,52,0,0,0,0,52,0,0,189.557692,0,1,2,5853738586744295573
15,26,52,0,0,0,0,52,0,0,140.173077,0,1,1,7473562243033633864
15,27,53,0,0,0,0,53,0,0,112.339623,0,1,1,17003948790284081536
15,28,52,0,4,0,0,48,0,3,67.500000,0,1,1,1976979559401969896
15,29,52,0,16,0,0,36,0,16,60.730769,0,1,0,3168487304729758119
15,30,52,0,12,0,0,40,0,10,61.942308,0,1,1,9444859843656401147
15,31,52,0,40,0,0,12,0,40,25.615385,0,1,0,9784673098728545821
15,32,52,0,52,0,0,0,0,52,9.634615,0,1,0,5491310777198554995
15,33,52,0,52,0,0,0,0,52,10.365385,0,1,0,1650622624430991242
15,34,53,0,53,0,0,0,0,53,10.603774,0,1,0,2798578062642715425
15,35,52,0,52,0,0,0,0,52,8.788462,0,1,0,16418795327083303966
15,36,52,0,52,0,0,0,0,52,8.807692,0,1,0,15259147609596655843
15,37,52,0,52,0,0,0,0,52,11.288462,0,1,0,409726698811350142
15,38,52,0,52,0,0,0,0,52,12.134615,0,1,0,6119041771724380808
15,39,52,0,52,0,0,0,0,52,9.730769,0,1,0,12494879822946702307
15,40,52,0,52,0,0,0,0,52,12.000000,0,1,0,13740567078350026572
15,41,53,0,53,0,0,0,0,53,9.698113,0,1,0,5408990420586974814
15,42,52,0,52,0,0,0,0,52,10.423077,0,1,0,16646570442042282070
15,43,52,0,52,0,0,0,0,52,14.000000,0,1,0,17927618184291645284
15,44,52,0,52,0,0,0,0,52,12.250000,0,1,0,17388669411676828912
15,45,52,0,52,0,0,0,0,52,11.211538,0,1,0,16247123800237984598
15,46,52,0,52,0,0,0,0,52,12.019231,0,1,0,10472084577033769861
15,47,52,0,52,0,0,0,0,52,12.653846,0,1,0,16536819337912423339
15,48,53,0,53,0,0,0,0,53,12.056604,0,1,0,15277041398039907084
15,49,52,0,52,0,0,0,0,52,11.538462,0,1,0,12095436319244552863
15,50,52,0,52,0,0,0,0,52,11.230769,0,1,0,4185338881463780876
15,51,52,0,52,0,0,0,0,52,11.038462,0,1,0,1583151780957486498
15,52,52,0,52,0,0,0,0,52,10.153846,0,1,0,13574560187544757433
15,53,52,0,52,0,0,0,0,52,8.538462,0,1,0,4145025196926992195
15,54,52,0,52,0,0,0,0,52,11.846154,0,1,0,17684884244813370693
15,55,53,0,53,0,0,0,0,53,11.188679,0,1,0,4874894955285755040
15,56,52,0,52,0,0,0,0,52,10.326923,0,1,0,17790004359577416006
15,57,52,0,52,0,0,0,0,52,11.673077,0,1,0,18172891903677566080
15,58,52,0,52,0,0,0,0,52,13.500000,0,1,0,12584686343884499453
15,59,52,0,52,0,0,0,0,52,11.865385,0,1,0,7020513206695216516
15,60,52,0,52,0,0,0,0,52,12.807692,0,1,0,17824925055303709093
15,61,52,0,52,0,0,0,0,52,11.173077,0,1,0,15903423729952599661
15,62,53,0,53,0,0,0,0,53,11.094340,0,1,0,3070152807914177588
15,63,52,0,52,0,0,0,0,52,10.307692,0,1,0,15248611531245038702
15,64,52,0,52,0,0,0,0,52,10.269231,0,1,0,2696690165466537021
15,65,52,0,52,0,0,0,0,52,9.769231,0,1,0,4744595591421450335
15,66,52,0,52,0,0,0,0,52,13.307692,0,1,0,16669547463433554936
15,67,52,0,52,0,0,0,0,52,9.711538,0,1,0,7844972805119093070
15,68,52,0,52,0,0,0,0,52,10.711538,0,1,0,17917241451933453467
15,69,53,0,53,0,0,0,0,53,13.207547,0,1,0,442798241103345740
15,70,52,0,52,0,0,0,0,52,12.692308,0,1,0,8125580096897554881
15,71,52,0,52,0,0,0,0,52,10.711538,0,1,0,16604195115198946503
15,72,52,0,52,0,0,0,0,52,10.711538,0,1,0,4211952990608420324
15,73,52,0,52,0,0,0,0,52,11.730769,0,1,0,3887085710084303669
15,74,52,0,52,0,0,0,0,52,15.365385,0,1,0,7537219341918444017
15,75,52,0,52,0,0,0,0,52,14.673077,0,1,0,16017181902209529847
15,76,53,0,53,0,0,0,0,53,10.528302,0,1,0,12745906216305124026
15,77,52,0,52,0,0,0,0,52,14.346154,0,1,0,11521556996938137603
15,78,52,0,52,0,0,0,0,52,9.134615,0,1,0,12310883817349801790
15,79,52,0,52,0,0,0,0,52,12.884615,0,1,0,18304573240750734963
15,80,52,0,52,0,0,0,0,52,13.096154,0,1,0,3998718298563635576
15,81,52,0,52,0,0,0,0,52,17.000000,0,1,0,5629880472310513628
15,82,52,0,52,0,0,0,0,52,17.000000,0,1,0,12236388557984491835
15,83,53,0,53,0,0,0,0,53,17.000000,0,1,0,10009500232584408352
15,84,52,0,52,0,0,0,0,52,17.000000,0,1,0,6989044145889971795
15,85,52,0,52,0,0,0,0,52,17.000000,0,1,0,16107589651458617234
15,86,52,0,52,0,0,0,0,52,17.000000,0,1,0,7045455210306396514
15,87,52,0,52,0,0,0,0,52,17.000000,0,1,0,14238503327619640691
15,88,52,0,52,0,0,0,0,52,17.000000,0,1,0,2060678268695794414
15,89,52,0,52,0,0,0,0,52,17.000000,0,1,0,1689181953148612963
15,90,53,0,53,0,0,0,0,53,17.000000,0,1,0,8196671095156216424
15,91,52,0,39,0,0,13,0,38,33.615385,0,1,1,11417456414834529948
15,92,52,0,0,0,0,52,0,0,163.615385,0,1,2,4368984337694066894
15,93,52,0,0,0,0,52,0,0,275.423077,0,1,4,4865415875202201892
15,94,52,0,0,0,0,52,0,0,337.846154,0,1,4,1624553850027152328
15,95,52,0,0,0,0,52,0,0,434.423077,0,1,4,10662392918183373356
15,96,52,0,0,0,0,52,0,0,433.942308,0,1,4,81784151811537556
15,97,53,0,0,0,0,53,0,0,435.094340,0,1,4,14054623795953472343
15,98,52,0,0,0,0,52,0,0,436.903846,0,1,4,17687200009765782054
15,99,52,0,0,0,0,52,0,0,434.903846,0,1,4,12043773788916053260
15,100,52,0,0,0,0,52,0,0,456.230769,0,1,4,8114700881153434338
16,1,52,0,0,41,0,0,11,0,380.000000,0,0,2,1484802104138268300
16,2,52,0,18,34,0,0,0,17,114.365385,0,0,0,1437711246212574148
16,3,52,0,51,1,0,0,0,51,12.307692,0,0,0,4523721174003573175
16,4,52,0,52,0,0,0,0,52,13.211538,0,0,0,11250053593117166995
16,5,52,0,52,0,0,0,0,52,11.442308,0,0,0,15134353880623060233
16,6,53,0,53,0,0,0,0,52,20.301887,0,0,0,14867591038521014069
16,7,52,0,52,0,0,0,0,52,11.269231,0,0,0,9067100110761315860
16,8,52,0,51,0,0,1,0,51,12.750000,0,0,0,13031996069514999489
16,9,52,0,52,0,0,0,0,52,8.576923,0,0,0,4255282399927410276
16,10,52,0,52,0,0,0,0,52,11.576923,0,0,0,5116389040767902713
16,11,52,0,52,0,0,0,0,52,5.884615,0,0,0,13250205739399330961
16,12,52,0,52,0,0,0,0,52,10.538462,0,0,0,17296350877868231209
16,13,53,0,53,0,0,0,0,53,7.358491,0,0,0,16852578597486610168
16,14,52,0,52,0,0,0,0,52,3.692308,0,0,0,11350487776131713820
16,15,52,0,52,0,0,0,0,52,0.000000,0,0,0,8154575072741921706
16,16,52,0,52,0,0,0,0,52,3.134615,0,0,0,6845516327341158962
16,17,52,0,52,0,0,0,0,52,4.365385,0,0,0,11471311880260789664
16,18,52,0,52,0,0,0,0,52,2.288462,0,0,0,11845135356008084887
16,19,52,0,52,0,0,0,0,52,2.769231,0,0,0,16830388134370693962
16,20,53,0,53,0,0,0,0,53,7.245283,0,0,0,8653616616497614712
16,21,52,0,52,0,0,0,0,52,3.230769,0,0,0,5904704229262494544
16,22,52,0,52,0,0,0,0,52,3.461538,0,0,0,4885197454373576389
16,23,52,0,52,0,0,0,0,52,1.846154,0,0,0,6868308275022923435
16,24,52,0,52,0,0,0,0,52,4.153846,0,0,0,7762140917466933814
16,25,52,0,52,0,0,0,0,52,2.538462,0,0,0,5912111871725323748
16,26,52,0,52,0,0,0,0,52,2.884615,0,0,0,12486657286865148865
16,27,53,0,53,0,0,0,0,53,3.396226,0,0,0,14180178756043678028
16,28,52,0,52,0,0,0,0,52,2.288462,0,0,0,16838643579008400068
16,29,52,0,52,0,0,0,0,52,3.596154,0,0,0,18398961570165851074
16,30,52,0,52,0,0,0,0,52,4.115385,0,0,0,15513359332918720357
16,31,52,0,52,0,0,0,0,52,3.769231,0,0,0,8350059595922587255
16,32,52,0,52,0,0,0,0,52,2.769231,0,0,0,6243899754082511456
16,33,52,0,52,0,0,0,0,52,3.923077,0,0,0,3556805769643397298
16,34,53,0,53,0,0,0,0,53,3.320755,0,0,0,10702211671314420353
16,35,52,0,52,0,0,0,0,52,2.538462,0,0,0,14832637495045845354
16,36,52,0,52,0,0,0,0,52,3.538462,0,0,0,2456235039911309089
16,37,52,0,52,0,0,0,0,52,2.961538,0,0,0,9385241201699484890
16,38,52,0,52,0,0,0,0,52,2.538462,0,0,0,3544702240313330965
16,39,52,0,52,0,0,0,0,52,4.288462,0,0,0,7836850627090248742
16,40,52,0,52,0,0,0,0,52,2.653846,0,0,0,1104624412098973821
16,41,53,0,53,0,0,0,0,53,4.754717,0,0,0,3105440327371773895
16,42,52,0,52,0,0,0,0,52,4.173077,0,0,0,5595458470444433723
16,43,52,0,52,0,0,0,0,52,4.826923,0,0,0,11426377514706238262
16,44,52,0,52,0,0,0,0,52,8.403846,0,0,0,8030407827996069348
16,45,52,0,52,0,0,0,0,52,9.269231,0,0,0,14886812843468197777
16,46,52,0,52,0,0,0,0,52,4.788462,0,0,0,4983693129374818589
16,47,52,0,52,0,0,0,0,52,6.750000,0,0,0,16798070269219740236
16,48,53,0,53,0,0,0,0,53,8.075472,0,0,0,7376372864730226433
16,49,52,0,52,0,0,0,0,52,4.846154,0,0,0,9248298830553539629
16,50,52,0,52,0,0,0,0,52,10.807692,0,0,0,1306157594753538859
16,51,52,0,52,0,0,0,0,52,5.000000,0,0,0,14362265807014432718
16,52,52,0,52,0,0,0,0,52,3.557692,0,0,0,7591993581720528299
16,53,52,0,52,0,0,0,0,52,6.134615,0,0,0,18181331973273506177
16,54,52,0,52,0,0,0,0,52,10.519231,0,0,0,13118126330519561116
16,55,53,0,53,0,0,0,0,53,7.150943,0,0,0,15985371871546327738
16,56,52,0,52,0,0,0,0,52,4.480769,0,0,0,36860447384725375
16,57,52,0,52,0,0,0,0,52,4.576923,0,0,0,3026757277779761522
16,58,52,0,52,0,0,0,0,52,7.769231,0,0,0,1922301989728404165
16,59,52,0,52,0,0,0,0,52,7.730769,0,0,0,2791462906347400408
16,60,52,0,52,0,0,0,0,52,8.692308,0,0,0,1136301403475689391
16,61,52,0,52,0,0,0,0,52,5.500000,0,0,0,18351797506108716007
16,62,53,0,53,0,0,0,0,53,8.396226,0,0,0,15254872194367091949
16,63,52,0,52,0,0,0,0,52,4.923077,0,0,0,2544166515155910815
16,64,52,0,52,0,0,0,0,52,7.250000,0,0,0,11559474378855136930
16,65,52,0,52,0,0,0,0,52,9.903846,0,0,0,8926140002584193167
16,66,52,0,52,0,0,0,0,52,4.615385,0,0,0,12738537785372199938
16,67,52,0,52,0,0,0,0,52,1.730769,0,0,0,7349821374134517943
16,68,52,0,52,0,0,0,0,52,0.326923,0,0,0,10377117810760141721
16,69,53,0,53,0,0,0,0,53,0.150943,0,0,0,7102440581054540789
16,70,52,0,52,0,0,0,0,52,0.076923,0,0,0,11244185026942819572
16,71,52,0,52,0,0,0,0,52,0.250000,0,0,0,9081146130286409854
16,72,52,0,52,0,0,0,0,52,1.211538,0,0,0,16894531427038404889
16,73,52,0,52,0,0,0,0,52,0.076923,0,0,0,13622133575794436498
16,74,52,0,52,0,0,0,0,52,0.384615,0,0,0,13335815198305719263
16,75,52,0,52,0,0,0,0,52,0.653846,0,0,0,12588560157198423446
16,76,53,0,53,0,0,0,0,53,0.396226,0,0,0,6438414808527245035
16,77,52,0,52,0,0,0,0,52,0.769231,0,0,0,5252858040672403640
16,78,52,0,52,0,0,0,0,52,0.269231,0,0,0,11656062145280226243
16,79,52,0,52,0,0,0,0,52,0.500000,0,0,0,14246482048158361262
16,80,52,0,52,0,0,0,0,52,0.269231,0,0,0,14225189330665151319
16,81,52,0,52,0,0,0,0,52,0.461538,0,0,0,3469224700721141571
16,82,52,0,52,0,0,0,0,52,0.730769,0,0,0,10437343096965043926
16,83,53,0,53,0,0,0,0,53,0.735849,0,0,0,5307413415662082479
16,84,52,0,52,0,0,0,0,52,0.134615,0,0,0,185032279469477780
16,85,52,0,52,0,0,0,0,52,0.269231,0,0,0,3971900736422205756
16,86,52,0,52,0,0,0,0,52,0.230769,0,0,0,11094226829250726788
16,87,52,0,52,0,0,0,0,52,0.538462,0,0,0,8254220672006441005
16,88,52,0,52,0,0,0,0,52,0.769231,0,0,0,9738807448854835488
16,89,52,0,52,0,0,0,0,52,0.153846,0,0,0,8198840166099123769
16,90,53,0,53,0,0,0,0,53,0.283019,0,0,0,1564586907889206600
16,91,52,0,52,0,0,0,0,52,0.192308,0,0,0,1580459860613065768
16,92,52,0,52,0,0,0,0,52,0.230769,0,0,0,5712521218364932607
16,93,52,0,52,0,0,0,0,52,0.442308,0,0,0,18146703635178932067
16,94,52,0,52,0,0,0,0,52,0.576923,0,0,0,540977692035461393
16,95,52,0,52,0,0,0,0,52,0.192308,0,0,0,13021914668188262322
16,96,52,0,52,0,0,0,0,52,0.250000,0,0,0,17895730468140769083
16,97,53,0,53,0,0,0,0,53,0.301887,0,0,0,12221607912704580401
16,98,52,0,52,0,0,0,0,52,0.134615,0,0,0,6066035368469790447
16,99,52,0,52,0,0,0,0,52,0.423077,0,0,0,15424436788202766489
16,100,52,0,52,0,0,0,0,52,0.192308,0,0,0,5294391154789315668
17,1,52,0,0,5,0,0,47,0,420.423077,1,0,4,18067954595860768171
17,2,52,0,0,39,0,0,13,0,330.557692,2,0,2,3136177733695962605
17,3,52,0,3,27,0,0,22,3,185.076923,0,3,0,4398386080121318207
17,4,52,0,52,0,0,0,0,52,11.730769,0,3,0,14497904045676421525
17,5,52,0,40,12,0,0,0,37,33.846154,0,3,0,435827083989684316
17,6,53,0,50,3,0,0,0,49,22.754717,0,3,0,1589577039986222723
17,7,52,0,50,2,0,0,0,48,17.000000,0,3,0,9034592691080896986
17,8,52,0,15,0,0,37,0,14,124.538462,0,3,2,12212200173274985579
17,9,52,0,0,0,0,52,0,0,383.384615,0,3,4,15939419627406396785
17,10,52,0,0,0,0,52,0,0,481.115385,0,3,4,44271057460149122
17,11,52,0,8,0,0,44,0,8,329.000000,0,3,1,8645889735561920880
17,12,52,0,0,0,0,52,0,0,125.461538,0,3,1,15388128194370059767
17,13,53,0,45,0,0,8,0,46,19.547170,0,3,0,8637413240782503808
17,14,52,0,36,0,0,16,0,34,41.923077,0,3,1,17017234353543046979
17,15,52,0,0,0,0,52,0,0,138.000000,0,3,2,12086414747161492761
17,16,52,0,20,0,0,32,0,20,137.442308,0,3,0,14228509407615615499
17,17,52,0,52,0,0,0,0,52,22.076923,0,3,0,3113032085392563486
17,18,52,0,46,0,0,6,0,46,26.211538,0,3,0,16439295292989467053
17,19,52,0,50,0,0,2,0,49,24.384615,0,3,1,6967468408278248603
17,20,53,0,46,0,0,7,0,46,26.018868,0,3,0,11009997097229610369
17,21,52,0,41,0,0,11,0,40,20.307692,0,3,0,15529520553419231029
17,22,52,0,52,0,0,0,0,52,9.173077,0,3,0,12890157293363356721
17,23,52,0,52,0,0,0,0,52,13.269231,0,3,0,13914001186926271199
17,24,52,0,44,0,0,8,0,42,30.576923,0,3,0,199975863167450363
17,25,52,0,52,0,0,0,0,52,9.980769,0,3,0,10495788584464917663
17,26,52,0,52,0,0,0,0,52,9.615385,0,3,0,3149237793964806549
17,27,53,0,53,0,0,0,0,53,15.113208,0,3,0,814366223330542032
17,28,52,0,52,0,0,0,0,52,7.153846,0,3,0,3493210343894951115
17,29,52,0,52,0,0,0,0,52,17.634615,0,3,0,17489571915799902286
17,30,52,0,52,0,0,0,0,52,22.288462,0,3,0,9164075122202239401
17,31,52,0,51,0,0,1,0,50,17.596154,0,3,0,18414141598198758919
17,32,52,0,50,0,0,2,0,49,19.865385,0,3,0,8665730037666130692
17,33,52,0,44,0,0,8,0,42,32.653846,0,3,1,11013103110465972899
17,34,53,0,0,0,0,53,0,0,148.528302,0,3,2,10943607137622268871
17,35,52,0,37,0,0,15,0,37,52.576923,0,3,0,9358366259355838609
17,36,52,0,42,0,0,10,0,41,33.384615,0,3,0,11017875244189892990
17,37,52,0,52,0,0,0,0,52,24.000000,0,3,0,9730552640707382504
17,38,52,0,52,0,0,0,0,52,15.923077,0,3,0,7025495124903758426
17,39,52,0,11,0,0,41,0,10,97.000000,0,3,2,18091152524805823603
17,40,52,0,0,0,0,52,0,0,251.576923,0,3,2,17439617242898172581
17,41,53,0,0,0,0,53,0,0,214.169811,0,3,2,15308629793917850913
17,42,52,0,0,0,0,52,0,0,133.942308,0,3,1,10346637097964907257
17,43,52,0,17,0,0,35,0,17,77.384615,0,3,0,14011124013583788415
17,44,52,0,38,0,0,14,0,37,35.384615,0,3,1,12521638143102773131
17,45,52,0,39,0,0,13,0,39,32.480769,0,3,1,11160789236640365580
17,46,52,0,0,0,0,52,0,0,85.000000,0,3,1,14419626223131064669
17,47,52,0,0,0,0,52,0,0,112.346154,0,3,1,13094023234901958529
17,48,53,0,33,0,0,20,0,33,52.433962,0,3,1,9039320323151823466
17,49,52,0,36,0,0,16,0,37,34.346154,0,3,0,17723814716342869915
17,50,52,0,5,0,0,47,0,4,73.000000,0,3,1,1978280623601707694
17,51,52,0,0,0,0,52,0,0,125.000000,0,3,1,9435347406831763270
17,52,52,0,0,0,0,52,0,0,126.576923,0,3,1,5038653417897094568
17,53,52,0,0,0,0,52,0,0,144.134615,0,3,2,7800057611854857786
17,54,52,0,0,0,0,52,0,0,153.884615,0,3,2,17153649978843395525
17,55,53,0,1,0,0,52,0,1,198.150943,0,3,0,13088110892144113213
17,56,52,0,8,0,0,44,0,7,134.288462,0,3,2,135912165255258372
17,57,52,0,11,0,0,41,0,10,106.173077,0,3,2,18386359203161299898
17,58,52,0,0,0,0,52,0,0,327.788462,0,3,4,17447315618333299988
17,59,52,0,0,0,0,52,0,0,475.576923,0,3,4,971153706084160815
17,60,52,0,0,0,0,52,0,0,468.423077,0,3,4,17162841482981867575
17,61,52,0,0,0,0,52,0,0,429.750000,0,3,4,721244408317102922
17,62,53,0,0,0,0,53,0,0,480.000000,0,3,4,277727879552718089
17,63,52,0,0,0,0,52,0,0,480.000000,0,3,4,7717403059219682393
17,64,52,0,0,0,0,52,0,0,449.365385,0,3,4,5815663392872302061
17,65,52,0,0,0,0,52,0,0,440.538462,0,3,4,1711636493366765172
17,66,52,0,0,0,0,52,0,0,480.000000,0,3,4,13591355599085206135
17,67,52,0,0,0,0,52,0,0,480.000000,0,3,4,8297112147837344349
17,68,52,0,0,0,0,52,0,0,480.000000,0,3,4,11552572365368674671
17,69,53,0,0,0,0,53,0,0,480.000000,0,3,4,14048190653392037102
17,70,52,0,0,0,0,52,0,0,480.000000,0,3,4,1791237469853404857
17,71,52,0,0,0,0,52,0,0,480.000000,0,3,4,1029170145006262942
17,72,52,0,0,0,0,52,0,0,480.000000,0,3,4,9155697329204380326
17,73,52,0,0,0,0,52,0,0,464.673077,0,3,2,18273170662985305764
17,74,52,0,0,0,0,52,0,0,406.538462,0,3,4,17214219757169693518
17,75,52,0,0,0,0,52,0,0,453.576923,0,3,4,17960192765238010734
17,76,53,0,0,0,0,53,0,0,480.000000,0,3,4,13079922803113056780
17,77,52,0,0,0,0,52,0,0,480.000000,0,3,4,11497011939635752457
17,78,52,0,0,0,0,52,0,0,480.000000,0,3,4,12932640472402847819
17,79,52,0,0,0,0,52,0,0,482.307692,0,3,4,717276173669298291
17,80,52,0,0,0,0,52,0,0,516.769231,0,3,4,4422450178569779591
17,81,52,0,0,0,0,52,0,0,518.000000,0,3,4,7621492642094905374
17,82,52,0,0,0,0,52,0,0,518.000000,0,3,4,9163204913110688347
17,83,53,0,0,0,0,53,0,0,518.000000,0,3,4,671385825772351373
17,84,52,0,0,0,0,52,0,0,518.000000,0,3,4,14884028903599361308
17,85,52,0,0,0,0,52,0,0,518.000000,0,3,4,8689213967855498797
17,86,52,0,0,0,0,52,0,0,518.000000,0,3,4,11115799014183285566
17,87,52,0,0,0,0,52,0,0,518.000000,0,3,4,5858303263884784112
17,88,52,0,0,0,0,52,0,0,518.000000,0,3,4,18265886283847323003
17,89,52,0,0,0,0,52,0,0,518.000000,0,3,4,7930975820539381570
17,90,53,0,0,0,0,53,0,0,518.000000,0,3,4,12010085821761994953
17,91,52,0,0,0,0,52,0,0,518.000000,0,3,4,17073379324027675162
17,92,52,0,0,0,0,52,0,0,518.000000,0,3,4,17124982217182133504
17,93,52,0,0,0,0,42,10,0,518.000000,0,3,4,10036326467194014087
17,94,52,0,0,0,0,0,52,0,518.000000,0,3,4,1741223550321704414
17,95,52,0,0,0,0,0,52,0,518.000000,0,3,4,9673796335319721990
17,96,52,0,0,0,0,0,52,0,518.000000,0,3,4,7589344014140866484
17,97,53,0,0,0,0,0,53,0,518.000000,0,3,4,9519651179708205631
17,98,52,0,0,0,0,0,52,0,518.000000,0,3,4,1372486037466425239
17,99,52,0,0,0,0,0,52,0,490.826923,0,3,4,302509070877863008
17,100,52,0,0,0,0,0,52,0,531.000000,0,3,4,17620470146230357313
18,1,52,0,0,5,0,0,47,0,398.653846,0,0,2,2774167643148624883
18,2,52,0,0,52,0,0,0,0,270.519231,0,0,2,16645881073777203660
18,3,52,0,20,32,0,0,0,19,97.576923,0,0,0,11709181023219821869
18,4,52,0,52,0,0,0,0,52,11.519231,0,0,0,2944572903327250400
18,5,52,0,51,1,0,0,0,48,25.538462,0,0,0,10424149399849025147
18,6,53,0,53,0,0,0,0,52,25.509434,0,0,0,220802134691179694
18,7,52,0,49,3,0,0,0,47,19.730769,0,0,0,6839486327144292031
18,8,52,0,52,0,0,0,0,52,8.153846,0,0,0,11406050588196544330
18,9,52,0,39,0,0,13,0,38,26.423077,0,0,1,898534761161527004
18,10,52,0,28,0,0,24,0,29,55.173077,0,0,0,6449209214248813795
18,11,52,0,52,0,0,0,0,52,6.615385,0,0,0,11501384350183229321
18,12,52,0,52,0,0,0,0,52,6.346154,0,0,0,10258797899743298029
18,13,53,0,53,0,0,0,0,53,5.452830,0,0,0,2461855757157979888
18,14,52,0,52,0,0,0,0,52,6.307692,0,0,0,8184192000004517823
18,15,52,0,52,0,0,0,0,52,6.461538,0,0,0,11679322811378899601
18,16,52,0,52,0,0,0,0,52,6.230769,0,0,0,13532249795146008798
18,17,52,0,52,0,0,0,0,52,4.423077,0,0,0,17834082821184945394
18,18,52,0,52,0,0,0,0,52,0.000000,0,0,0,5141890301398834708
18,19,52,0,52,0,0,0,0,52,0.000000,0,0,0,17550856973167805854
18,20,53,0,53,0,0,0,0,53,0.000000,0,0,0,11963307596677973833
18,21,52,0,52,0,0,0,0,52,0.000000,0,0,0,14068379225958359027
18,22,52,0,52,0,0,0,0,52,0.000000,0,0,0,3492358812155191339
18,23,52,0,52,0,0,0,0,52,0.000000,0,0,0,11278226400999907434
18,24,52,0,52,0,0,0,0,52,0.000000,0,0,0,9683363321301430139
18,25,52,0,52,0,0,0,0,52,0.000000,0,0,0,3828353517701806076
18,26,52,0,52,0,0,0,0,52,0.000000,0,0,0,4114859967214902970
18,27,53,0,53,0,0,0,0,53,0.000000,0,0,0,10818287790197436869
18,28,52,0,52,0,0,0,0,52,0.000000,0,0,0,4219313098917534354
18,29,52,0,52,0,0,0,0,52,0.000000,0,0,0,4961968318805008270
18,30,52,0,52,0,0,0,0,52,0.000000,0,0,0,13423685202452638674
18,31,52,0,52,0,0,0,0,52,0.000000,0,0,0,9063252054346008720
18,32,52,0,52,0,0,0,0,52,0.000000,0,0,0,17916404413448603978
18,33,52,0,52,0,0,0,0,52,0.000000,0,0,0,1641713810746838605
18,34,53,0,53,0,0,0,0,53,0.000000,0,0,0,5239943082000863154
18,35,52,0,52,0,0,0,0,52,0.000000,0,0,0,2301679536837839910
18,36,52,0,52,0,0,0,0,52,0.000000,0,0,0,18328242735339144603
18,37,52,0,52,0,0,0,0,52,0.000000,0,0,0,6048839705245657629
18,38,52,0,52,0,0,0,0,52,0.000000,0,0,0,2335675696261098293
18,39,52,0,52,0,0,0,0,52,0.000000,0,0,0,17962955790219994128
18,40,52,0,52,0,0,0,0,52,0.000000,0,0,0,2690504830727576771
18,41,53,0,53,0,0,0,0,53,0.000000,0,0,0,7278391347077418124
18,42,52,0,52,0,0,0,0,52,0.000000,0,0,0,17182055932527114149
18,43,52,0,52,0,0,0,0,52,0.000000,0,0,0,5976845916015712191
18,44,52,0,52,0,0,0,0,52,0.000000,0,0,0,12327665393697828465
18,45,52,0,52,0,0,0,0,52,0.000000,0,0,0,11243028765256736561
18,46,52,0,52,0,0,0,0,52,0.000000,0,0,0,6977122369503711647
18,47,52,0,52,0,0,0,0,52,0.000000,0,0,0,3127756010075074391
18,48,53,0,53,0,0,0,0,53,0.000000,0,0,0,7052342527149098873
18,49,52,0,52,0,0,0,0,52,0.000000,0,0,0,17606548687176982858
18,50,52,0,52,0,0,0,0,52,0.000000,0,0,0,10926108569115826370
18,51,52,0,52,0,0,0,0,52,0.000000,0,0,0,2174400963601184780
18,52,52,0,52,0,0,0,0,52,0.000000,0,0,0,2986993882558829281
18,53,52,0,52,0,0,0,0,52,0.000000,0,0,0,17899433468950863335
18,54,52,0,52,0,0,0,0,52,0.000000,0,0,0,10777601631134539394
18,55,53,0,53,0,0,0,0,53,0.000000,0,0,0,7320559719346021577
18,56,52,0,52,0,0,0,0,52,0.000000,0,0,0,1730106835560781017
18,57,52,0,52,0,0,0,0,52,0.000000,0,0,0,7423641794557425336
18,58,52,0,52,0,0,0,0,52,0.000000,0,0,0,2011683395356353519
18,59,52,0,52,0,0,0,0,52,0.000000,0,0,0,4089559904529002225
18,60,52,0,52,0,0,0,0,52,0.000000,0,0,0,17355196557696500507
18,61,52,0,52,0,0,0,0,52,0.000000,0,0,0,4350218709003416666
18,62,53,0,53,0,0,0,0,53,0.000000,0,0,0,18083623006454455799
18,63,52,0,52,0,0,0,0,52,0.000000,0,0,0,5169575644472089138
18,64,52,0,52,0,0,0,0,52,0.000000,0,0,0,13770026827491390172
18,65,52,0,52,0,0,0,0,52,0.000000,0,0,0,10730491645030624263
18,66,52,0,52,0,0,0,0,52,0.000000,0,0,0,17071184533166175699
18,67,52,0,52,0,0,0,0,52,0.000000,0,0,0,1860753444927955437
18,68,52,0,52,0,0,0,0,52,0.000000,0,0,0,13341279080130953478
18,69,53,0,53,0,0,0,0,53,0.000000,0,0,0,5155865429035802657
18,70,52,0,52,0,0,0,0,52,0.000000,0,0,0,15459303435765632628
18,71,52,0,52,0,0,0,0,52,0.000000,0,0,0,5750253273716435060
18,72,52,0,52,0,0,0,0,52,0.000000,0,0,0,12288672481948888006
18,73,52,0,52,0,0,0,0,52,0.000000,0,0,0,13249380570883388704
18,74,52,0,52,0,0,0,0,52,0.000000,0,0,0,16250700340488591776
18,75,52,0,52,0,0,0,0,52,0.000000,0,0,0,8729378404078939008
18,76,53,0,53,0,0,0,0,53,0.000000,0,0,0,16634372063518809436
18,77,52,0,52,0,0,0,0,52,0.000000,0,0,0,8300456215702663272
18,78,52,0,52,0,0,0,0,52,0.000000,0,0,0,6010512838227443873
18,79,52,0,52,0,0,0,0,52,0.000000,0,0,0,13124945794581359802
18,80,52,0,52,0,0,0,0,52,0.000000,0,0,0,7178980966664880770
18,81,52,0,52,0,0,0,0,52,0.000000,0,0,0,1830284460676215193
18,82,52,0,52,0,0,0,0,52,0.000000,0,0,0,12195976308772506702
18,83,53,0,53,0,0,0,0,53,0.000000,0,0,0,8980545415494453519
18,84,52,0,52,0,0,0,0,52,0.000000,0,0,0,1590251529867295664
18,85,52,0,52,0,0,0,0,52,0.000000,0,0,0,11790192644197081595
18,86,52,0,52,0,0,0,0,52,0.000000,0,0,0,8565843971805334968
18,87,52,0,52,0,0,0,0,52,0.000000,0,0,0,12680804820015139347
18,88,52,0,52,0,0,0,0,52,0.000000,0,0,0,11826308334328606501
18,89,52,0,52,0,0,0,0,52,0.000000,0,0,0,3937841079428959861
18,90,53,0,53,0,0,0,0,53,0.000000,0,0,0,2872075471612104685
18,91,52,0,52,0,0,0,0,52,0.000000,0,0,0,5584155379377092075
18,92,52,0,52,0,0,0,0,52,0.000000,0,0,0,15768777015586398275
18,93,52,0,52,0,0,0,0,52,0.000000,0,0,0,16598510156103522261
18,94,52,0,52,0,0,0,0,52,0.000000,0,0,0,8015657914656744030
18,95,52,0,52,0,0,0,0,52,0.000000,0,0,0,12277840888838877123
18,96,52,0,52,0,0,0,0,52,0.000000,0,0,0,4815187895354275509
18,97,53,0,53,0,0,0,0,53,0.000000,0,0,0,4424346558317338694
18,98,52,0,52,0,0,0,0,52,0.000000,0,0,0,4980406835110659946
18,99,52,0,52,0,0,0,0,52,0.000000,0,0,0,10284452695496031119
18,100,52,0,52,0,0,0,0,52,0.000000,0,0,0,12070364757436247900
19,1,52,0,0,5,0,0,47,0,394.192308,0,0,4,1131445459215187329
19,2,52,0,0,9,0,0,43,0,207.576923,1,0,1,5809626790718604773
19,3,52,0,38,14,0,0,0,38,34.057692,0,1,0,4125491560541825019
19,4,52,0,49,3,0,0,0,48,23.807692,0,1,0,10264736622076916558
19,5,52,0,51,1,0,0,0,47,27.884615,0,1,0,9502764874189113266
19,6,53,0,50,3,0,0,0,49,18.867925,0,1,0,15035992256119553976
19,7,52,0,39,0,0,13,0,37,33.384615,0,1,1,6262801614801948288
19,8,52,0,33,0,0,19,0,30,46.192308,0,1,0,1246326210600146330
19,9,52,0,40,0,0,12,0,39,29.192308,0,1,0,7540444808100033716
19,10,52,0,52,0,0,0,0,50,19.153846,0,1,0,6819996703847280456
19,11,52,0,52,0,0,0,0,52,6.653846,0,1,0,1103532113183150668
19,12,52,0,52,0,0,0,0,52,7.615385,0,1,0,4922712938474496065
19,13,53,0,53,0,0,0,0,53,6.603774,0,1,0,15868040534316571280
19,14,52,0,51,0,0,1,0,52,9.134615,0,1,0,17301214379720506162
19,15,52,0,52,0,0,0,0,52,9.038462,0,1,0,2261190450404425223
19,16,52,0,52,0,0,0,0,52,12.826923,0,1,0,11514808099844524435
19,17,52,0,52,0,0,0,0,52,10.576923,0,1,0,7595475141545479833
19,18,52,0,52,0,0,0,0,52,6.615385,0,1,0,8694619860207018070
19,19,52,0,52,0,0,0,0,52,4.134615,0,1,0,6945569934956825048
19,20,53,0,53,0,0,0,0,53,0.000000,0,1,0,9637093799011732576
19,21,52,0,52,0,0,0,0,52,0.000000,0,1,0,7716516496834665385
19,22,52,0,52,0,0,0,0,52,0.000000,0,1,0,1325851997068450112
19,23,52,0,52,0,0,0,0,52,0.000000,0,1,0,8543105819458462627
19,24,52,0,52,0,0,0,0,52,0.000000,0,1,0,14135912985323372434
19,25,52,0,52,0,0,0,0,52,0.000000,0,1,0,15895729973018096328
19,26,52,0,52,0,0,0,0,52,0.000000,0,1,0,313927755607735932
19,27,53,0,53,0,0,0,0,53,0.000000,0,1,0,3395680703354620754
19,28,52,0,52,0,0,0,0,52,0.000000,0,1,0,10344884713048992369
19,29,52,0,52,0,0,0,0,52,0.000000,0,1,0,17997749686004479715
19,30,52,0,52,0,0,0,0,52,0.000000,0,1,0,6645844359924696886
19,31,52,0,52,0,0,0,0,52,0.000000,0,1,0,12696809841246304632
19,32,52,0,52,0,0,0,0,52,0.000000,0,1,0,17440551917586046352
19,33,52,0,52,0,0,0,0,52,0.000000,0,1,0,14661128157942007761
19,34,53,0,53,0,0,0,0,53,0.000000,0,1,0,272825126222669487
19,35,52,0,52,0,0,0,0,52,0.000000,0,1,0,13717629828993336775
19,36,52,0,52,0,0,0,0,52,0.000000,0,1,0,5921610218462145900
19,37,52,0,52,0,0,0,0,52,0.000000,0,1,0,11298686355606772671
19,38,52,0,52,0,0,0,0,52,0.000000,0,1,0,15509289766725246739
19,39,52,0,52,0,0,0,0,52,0.000000,0,1,0,9289274488530876944
19,40,52,0,52,0,0,0,0,52,0.000000,0,1,0,3753412655644675505
19,41,53,0,53,0,0,0,0,53,0.000000,0,1,0,14254772455886805267
19,42,52,0,52,0,0,0,0,52,0.000000,0,1,0,4379155083559747570
19,43,52,0,52,0,0,0,0,52,0.000000,0,1,0,8033014228791248111
19,44,52,0,52,0,0,0,0,52,0.000000,0,1,0,1315128904893556023
19,45,52,0,52,0,0,0,0,52,0.000000,0,1,0,18294189200217177632
19,46,52,0,52,0,0,0,0,52,0.000000,0,1,0,3969188494916749828
19,47,52,0,52,0,0,0,0,52,0.000000,0,1,0,3176144851179337292
19,48,53,0,53,0,0,0,0,53,0.000000,0,1,0,9995429166446101860
19,49,52,0,52,0,0,0,0,52,0.000000,0,1,0,4498284697042043572
19,50,52,0,52,0,0,0,0,52,0.000000,0,1,0,7675016840684941280
19,51,52,0,52,0,0,0,0,52,0.000000,0,1,0,13544104830340105844
19,52,52,0,52,0,0,0,0,52,0.000000,0,1,0,2331124412476632840
19,53,52,0,52,0,0,0,0,52,0.000000,0,1,0,5024780134406055975
19,54,52,0,52,0,0,0,0,52,0.000000,0,1,0,17095217233146689046
19,55,53,0,53,0,0,0,0,53,0.000000,0,1,0,17523859399187213721
19,56,52,0,52,0,0,0,0,52,0.000000,0,1,0,854850760976713342
19,57,52,0,52,0,0,0,0,52,0.000000,0,1,0,12768410155027396092
19,58,52,0,52,0,0,0,0,52,0.000000,0,1,0,17567621906733899158
19,59,52,0,52,0,0,0,0,52,0.000000,0,1,0,6419715903248687392
19,60,52,0,52,0,0,0,0,52,0.000000,0,1,0,16082570420415297486
19,61,52,0,52,0,0,0,0,52,0.000000,0,1,0,15918639587777905441
19,62,53,0,53,0,0,0,0,53,0.000000,0,1,0,8807688443889322594
19,63,52,0,52,0,0,0,0,52,0.000000,0,1,0,16985079449081399384
19,64,52,0,52,0,0,0,0,52,0.000000,0,1,0,3212140870545561977
19,65,52,0,52,0,0,0,0,52,0.000000,0,1,0,13412155579029882133
19,66,52,0,52,0,0,0,0,52,0.000000,0,1,0,17817971003882156843
19,67,52,0,52,0,0,0,0,52,0.000000,0,1,0,6135016803449374935
19,68,52,0,52,0,0,0,0,52,0.000000,0,1,0,17709000146955984143
19,69,53,0,53,0,0,0,0,53,0.000000,0,1,0,6038708162320622908
19,70,52,0,52,0,0,0,0,52,0.000000,0,1,0,13397184106120433817
19,71,52,0,52,0,0,0,0,52,0.000000,0,1,0,17728625767588532726
19,72,52,0,52,0,0,0,0,52,0.000000,0,1,0,3501920780891412543
19,73,52,0,52,0,0,0,0,52,0.000000,0,1,0,10616666820436671953
19,74,52,0,52,0,0,0,0,52,0.000000,0,1,0,15857063142905748081
19,75,52,0,52,0,0,0,0,52,0.000000,0,1,0,5068236825341089219
19,76,53,0,53,0,0,0,0,53,0.000000,0,1,0,198413490622392402
19,77,52,0,52,0,0,0,0,52,0.000000,0,1,0,2976056836803821315
19,78,52,0,52,0,0,0,0,52,0.000000,0,1,0,2363180185816512567
19,79,52,0,52,0,0,0,0,52,0.000000,0,1,0,12350051235648258104
19,80,52,0,52,0,0,0,0,52,0.000000,0,1,0,4311934739958889176
19,81,52,0,52,0,0,0,0,52,0.000000,0,1,0,7730539230486633753
19,82,52,0,52,0,0,0,0,52,0.000000,0,1,0,3784090285101683774
19,83,53,0,53,0,0,0,0,53,0.000000,0,1,0,16324429338115925136
19,84,52,0,52,0,0,0,0,52,0.000000,0,1,0,3879503357331273037
19,85,52,0,52,0,0,0,0,52,0.000000,0,1,0,8968866477946117241
19,86,52,0,52,0,0,0,0,52,0.000000,0,1,0,17118786396122221224
19,87,52,0,52,0,0,0,0,52,0.000000,0,1,0,14873851052842735542
19,88,52,0,52,0,0,0,0,52,0.000000,0,1,0,14658305433092123978
19,89,52,0,52,0,0,0,0,52,0.000000,0,1,0,4349895348479986344
19,90,53,0,53,0,0,0,0,53,0.000000,0,1,0,11810049677334093031
19,91,52,0,52,0,0,0,0,52,0.000000,0,1,0,17877693940475244550
19,92,52,0,52,0,0,0,0,52,0.000000,0,1,0,9957005069134633842
19,93,52,0,52,0,0,0,0,52,0.000000,0,1,0,15269856847885134247
19,94,52,0,52,0,0,0,0,52,0.000000,0,1,0,9649923421921710717
19,95,52,0,52,0,0,0,0,52,0.000000,0,1,0,13375309539914590834
19,96,52,0,52,0,0,0,0,52,0.000000,0,1,0,9053285800116880666
19,97,53,0,53,0,0,0,0,53,0.000000,0,1,0,2316965524205427856
19,98,52,0,52,0,0,0,0,52,0.000000,0,1,0,9805307776428549236
19,99,52,0,52,0,0,0,0,52,0.000000,0,1,0,1030098836318189259
19,100,52,0,52,0,0,0,0,52,0.000000,0,1,0,5010749339760081591
20,1,52,0,0,14,0,0,38,0,357.846154,1,0,2,17966344014796054942
20,2,52,0,12,40,0,0,0,11,140.846154,0,1,0,8731652720958691588
20,3,52,0,52,0,0,0,0,52,13.269231,0,1,0,13208141278473856651
20,4,52,0,52,0,0,0,0,51,23.038462,0,1,0,1352926021038153042
20,5,52,0,52,0,0,0,0,52,17.250000,0,1,0,15515349934613010247
20,6,53,0,53,0,0,0,0,53,9.603774,0,1,0,15157795950466576316
20,7,52,0,47,0,0,5,0,46,16.346154,0,1,0,5198198913154128920
20,8,52,0,52,0,0,0,0,52,9.615385,0,1,0,4539801616514518732
20,9,52,0,52,0,0,0,0,52,8.923077,0,1,0,14494974252433023852
20,10,52,0,52,0,0,0,0,52,9.846154,0,1,0,2478076359801188852
20,11,52,0,52,0,0,0,0,52,10.307692,0,1,0,7788173417694093430
20,12,52,0,52,0,0,0,0,52,8.038462,0,1,0,9914370775849078648
20,13,53,0,53,0,0,0,0,53,5.471698,0,1,0,8097992323346374289
20,14,52,0,52,0,0,0,0,52,7.346154,0,1,0,7889529575739986169
20,15,52,0,52,0,0,0,0,52,6.807692,0,1,0,4944500967873629016
20,16,52,0,52,0,0,0,0,52,0.000000,0,1,0,8680763924504361082
20,17,52,0,52,0,0,0,0,52,0.000000,0,1,0,9265184593842131436
20,18,52,0,52,0,0,0,0,52,0.461538,0,1,0,15072967499530701946
20,19,52,0,52,0,0,0,0,52,1.884615,0,1,0,11333689159676314267
20,20,53,0,53,0,0,0,0,53,1.754717,0,1,0,15683089565416297293
20,21,52,0,52,0,0,0,0,52,2.442308,0,1,0,4342850516544603721
20,22,52,0,52,0,0,0,0,52,3.365385,0,1,0,7063815765107758975
20,23,52,0,52,0,0,0,0,52,4.442308,0,1,0,13682075089453758645
20,24,52,0,52,0,0,0,0,52,2.826923,0,1,0,1590418485452358256
20,25,52,0,52,0,0,0,0,52,2.326923,0,1,0,15825591306210973405
20,26,52,0,52,0,0,0,0,52,1.557692,0,1,0,2627398776987383174
20,27,53,0,53,0,0,0,0,53,0.000000,0,1,0,7581045204743937233
20,28,52,0,52,0,0,0,0,52,0.000000,0,1,0,12537382914057372660
20,29,52,0,52,0,0,0,0,52,0.000000,0,1,0,13502249954491850986
20,30,52,0,52,0,0,0,0,52,0.000000,0,1,0,14306919292516335934
20,31,52,0,52,0,0,0,0,52,0.000000,0,1,0,2275800810127304703
20,32,52,0,52,0,0,0,0,52,0.000000,0,1,0,12985704574677687104
20,33,52,0,52,0,0,0,0,52,0.153846,0,1,0,17781110914130278904
20,34,53,0,53,0,0,0,0,53,0.075472,0,1,0,10338246800364402660
20,35,52,0,52,0,0,0,0,52,0.192308,0,1,0,14107884485126215112
20,36,52,0,52,0,0,0,0,52,0.000000,0,1,0,17022526662184726059
20,37,52,0,52,0,0,0,0,52,0.538462,0,1,0,12270967433880016445
20,38,52,0,52,0,0,0,0,52,0.000000,0,1,0,4814858414375035066
20,39,52,0,52,0,0,0,0,52,0.038462,0,1,0,18249778314796037704
20,40,52,0,52,0,0,0,0,52,0.000000,0,1,0,15537920235910951916
20,41,53,0,53,0,0,0,0,53,0.000000,0,1,0,13967175265100672441
20,42,52,0,52,0,0,0,0,52,0.000000,0,1,0,16011412931700759467
20,43,52,0,52,0,0,0,0,52,0.000000,0,1,0,12425826063852137750
20,44,52,0,52,0,0,0,0,52,0.000000,0,1,0,13287477461503641845
20,45,52,0,52,0,0,0,0,52,0.000000,0,1,0,11509178769680906754
20,46,52,0,52,0,0,0,0,52,0.000000,0,1,0,1513515912934502127
20,47,52,0,52,0,0,0,0,52,0.000000,0,1,0,14453444570269630498
20,48,53,0,53,0,0,0,0,53,0.000000,0,1,0,4272472236138487027
20,49,52,0,52,0,0,0,0,52,0.000000,0,1,0,8359024081931448731
20,50,52,0,52,0,0,0,0,52,0.000000,0,1,0,10246154229845643636
20,51,52,0,52,0,0,0,0,52,0.000000,0,1,0,753854308195721649
20,52,52,0,52,0,0,0,0,52,0.057692,0,1,0,16229810583672491661
20,53,52,0,52,0,0,0,0,52,0.192308,0,1,0,10740777000332681780
20,54,52,0,52,0,0,0,0,52,0.038462,0,1,0,2635080195875741753
20,55,53,0,53,0,0,0,0,53,0.188679,0,1,0,2461840681115643075
20,56,52,0,52,0,0,0,0,52,0.000000,0,1,0,10689609208716818135
20,57,52,0,52,0,0,0,0,52,0.000000,0,1,0,4356469718478266521
20,58,52,0,52,0,0,0,0,52,0.000000,0,1,0,17865527178684083336
20,59,52,0,52,0,0,0,0,52,0.000000,0,1,0,422119339095584041
20,60,52,0,52,0,0,0,0,52,0.000000,0,1,0,15321222209033429233
20,61,52,0,52,0,0,0,0,52,0.000000,0,1,0,16343273174712575292
20,62,53,0,53,0,0,0,0,53,0.000000,0,1,0,15205585139640444047
20,63,52,0,52,0,0,0,0,52,0.000000,0,1,0,11013428445665151636
20,64,52,0,52,0,0,0,0,52,0.000000,0,1,0,8428181619688207280
20,65,52,0,52,0,0,0,0,52,0.230769,0,1,0,15001646828928144193
20,66,52,0,52,0,0,0,0,52,0.403846,0,1,0,4821205161111051553
20,67,52,0,52,0,0,0,0,52,0.019231,0,1,0,6243421502438157311
20,68,52,0,52,0,0,0,0,52,0.000000,0,1,0,17256600186991148884
20,69,53,0,53,0,0,0,0,53,0.000000,0,1,0,1235466010832233377
20,70,52,0,52,0,0,0,0,52,0.019231,0,1,0,12005704651504597203
20,71,52,0,52,0,0,0,0,52,0.000000,0,1,0,3908875304326055197
20,72,52,0,52,0,0,0,0,52,0.038462,0,1,0,5884791617110504822
20,73,52,0,52,0,0,0,0,52,0.019231,0,1,0,1763195907798704546
20,74,52,0,52,0,0,0,0,52,0.115385,0,1,0,9224354273933808864
20,75,52,0,52,0,0,0,0,52,0.000000,0,1,0,9927769920956812737
20,76,53,0,53,0,0,0,0,53,0.000000,0,1,0,16650736408393372416
20,77,52,0,52,0,0,0,0,52,0.000000,0,1,0,2285653131529870357
20,78,52,0,52,0,0,0,0,52,0.000000,0,1,0,13631425436043584762
20,79,52,0,52,0,0,0,0,52,0.000000,0,1,0,9589472273769597962
20,80,52,0,52,0,0,0,0,52,0.000000,0,1,0,7144884803130758327
20,81,52,0,52,0,0,0,0,52,0.000000,0,1,0,12628824322772463235
20,82,52,0,52,0,0,0,0,52,0.000000,0,1,0,16286153149413856051
20,83,53,0,53,0,0,0,0,53,0.358491,0,1,0,13506387454367583809
20,84,52,0,52,0,0,0,0,52,0.269231,0,1,0,11034386443885068242
20,85,52,0,52,0,0,0,0,52,0.057692,0,1,0,11747655585663714130
20,86,52,0,52,0,0,0,0,52,0.211538,0,1,0,15199704097227809520
20,87,52,0,52,0,0,0,0,52,0.153846,0,1,0,9407744232655885637
20,88,52,0,52,0,0,0,0,52,0.173077,0,1,0,10144830756737683261
20,89,52,0,52,0,0,0,0,52,0.211538,0,1,0,5026288141007677471
20,90,53,0,53,0,0,0,0,53,0.415094,0,1,0,14204162366376414798
20,91,52,0,52,0,0,0,0,52,0.000000,0,1,0,6765094660155442334
20,92,52,0,52,0,0,0,0,52,0.538462,0,1,0,18010177704592653213
20,93,52,0,52,0,0,0,0,52,0.846154,0,1,0,3645854902800367028
20,94,52,0,52,0,0,0,0,52,0.076923,0,1,0,15941878685200738615
20,95,52,0,52,0,0,0,0,52,0.000000,0,1,0,17202979532527679914
20,96,52,0,52,0,0,0,0,52,0.000000,0,1,0,4767292218729675841
20,97,53,0,53,0,0,0,0,53,0.018868,0,1,0,15048223584321541416
20,98,52,0,52,0,0,0,0,52,0.000000,0,1,0,18095188557200293625
20,99,52,0,52,0,0,0,0,52,0.000000,0,1,0,17973584797909864005
20,100,52,0,52,0,0,0,0,52,0.000000,0,1,0,12453921483619677594
21,1,52,0,0,19,0,0,33,0,412.384615,1,0,4,324773521304752493
21,2,52,0,0,22,0,0,30,0,284.846154,2,0,2,1035500660742312827
21,3,52,0,28,24,0,0,0,27,76.653846,0,2,0,6108841204827008915
21,4,52,0,52,0,0,0,0,52,15.576923,0,2,0,5546828333280864712
21,5,52,0,52,0,0,0,0,52,10.326923,0,2,0,15263168524325867599
21,6,53,0,51,2,0,0,0,50,16.792453,0,2,0,2314155262385093540
21,7,52,0,52,0,0,0,0,52,17.634615,0,2,0,1160898173108862101
21,8,52,0,52,0,0,0,0,52,12.846154,0,2,0,18237981846196657860
21,9,52,0,52,0,0,0,0,52,10.500000,0,2,0,6479904102217089802
21,10,52,0,52,0,0,0,0,52,10.461538,0,2,0,9724213048027453871
21,11,52,0,50,0,0,2,0,50,14.019231,0,2,0,6634064230747788870
21,12,52,0,52,0,0,0,0,52,10.769231,0,2,0,5581466201675001638
21,13,53,0,53,0,0,0,0,53,7.547170,0,2,0,11469025152767210972
21,14,52,0,52,0,0,0,0,52,15.403846,0,2,0,11267100081401495133
21,15,52,0,52,0,0,0,0,52,5.384615,0,2,0,9239489516802587660
21,16,52,0,52,0,0,0,0,52,4.846154,0,2,0,16996523901266999020
21,17,52,0,52,0,0,0,0,52,3.461538,0,2,0,5132323809281369049
21,18,52,0,52,0,0,0,0,52,2.538462,0,2,0,13426437740079793486
21,19,52,0,52,0,0,0,0,52,5.865385,0,2,0,8207619052371597837
21,20,53,0,53,0,0,0,0,53,2.943396,0,2,0,6256318977769337547
21,21,52,0,52,0,0,0,0,52,3.000000,0,2,0,15289700630356956924
21,22,52,0,52,0,0,0,0,52,3.000000,0,2,0,4410314424471765562
21,23,52,0,52,0,0,0,0,52,4.153846,0,2,0,3378264089022258937
21,24,52,0,52,0,0,0,0,52,5.615385,0,2,0,4967565597409262744
21,25,52,0,52,0,0,0,0,52,3.692308,0,2,0,15896314486805312258
21,26,52,0,52,0,0,0,0,52,2.538462,0,2,0,2911929412758525445
21,27,53,0,53,0,0,0,0,53,5.433962,0,2,0,15403331167928576917
21,28,52,0,52,0,0,0,0,52,2.153846,0,2,0,8951680186908037721
21,29,52,0,52,0,0,0,0,52,4.980769,0,2,0,5869345065172019151
21,30,52,0,52,0,0,0,0,52,2.057692,0,2,0,13425342052458254020
21,31,52,0,52,0,0,0,0,52,3.807692,0,2,0,5247943435127693255
21,32,52,0,52,0,0,0,0,52,2.980769,0,2,0,3790731338232064872
21,33,52,0,52,0,0,0,0,52,3.230769,0,2,0,12906421846150034355
21,34,53,0,53,0,0,0,0,53,2.264151,0,2,0,18266122360510164937
21,35,52,0,52,0,0,0,0,52,3.000000,0,2,0,13320307101117936233
21,36,52,0,52,0,0,0,0,52,3.788462,0,2,0,1768264260518872299
21,37,52,0,52,0,0,0,0,52,2.038462,0,2,0,5308299652532102970
21,38,52,0,52,0,0,0,0,52,3.461538,0,2,0,5339128275460237918
21,39,52,0,52,0,0,0,0,52,2.538462,0,2,0,8356803590109067904
21,40,52,0,52,0,0,0,0,52,3.769231,0,2,0,15283748198604524622
21,41,53,0,53,0,0,0,0,53,5.830189,0,2,0,13276751869130365646
21,42,52,0,52,0,0,0,0,52,5.192308,0,2,0,8303592305094711611
21,43,52,0,52,0,0,0,0,52,3.096154,0,2,0,3048764240594068572
21,44,52,0,52,0,0,0,0,52,3.884615,0,2,0,17785460562650271181
21,45,52,0,52,0,0,0,0,52,11.250000,0,2,0,5032590905607091540
21,46,52,0,52,0,0,0,0,52,4.615385,0,2,0,6180639276030951867
21,47,52,0,52,0,0,0,0,52,8.711538,0,2,0,9105472382355863139
21,48,53,0,53,0,0,0,0,53,3.830189,0,2,0,2301051910257540162
21,49,52,0,52,0,0,0,0,52,6.903846,0,2,0,71365719380186251
21,50,52,0,52,0,0,0,0,52,16.826923,0,2,0,14118547817889143148
21,51,52,0,52,0,0,0,0,52,5.442308,0,2,0,1658185162653130823
21,52,52,0,52,0,0,0,0,52,6.153846,0,2,0,15664836015714274369
21,53,52,0,52,0,0,0,0,52,13.096154,0,2,0,9327393954371431849
21,54,52,0,52,0,0,0,0,52,5.384615,0,2,0,3491513588557283336
21,55,53,0,53,0,0,0,0,53,5.603774,0,2,0,3575274051650809707
21,56,52,0,52,0,0,0,0,52,9.538462,0,2,0,17801554319314852460
21,57,52,0,52,0,0,0,0,52,5.500000,0,2,0,12938048799790050088
21,58,52,0,52,0,0,0,0,52,9.115385,0,2,0,2012419715308688114
21,59,52,0,52,0,0,0,0,52,4.192308,0,2,0,1351352772300691148
21,60,52,0,52,0,0,0,0,52,6.673077,0,2,0,1260963097597919357
21,61,52,0,52,0,0,0,0,52,8.115385,0,2,0,5431296774280822845
21,62,53,0,53,0,0,0,0,53,3.490566,0,2,0,8741179980100527855
21,63,52,0,52,0,0,0,0,52,5.230769,0,2,0,8402784552501617815
21,64,52,0,52,0,0,0,0,52,10.269231,0,2,0,7413505896515008506
21,65,52,0,52,0,0,0,0,52,8.365385,0,2,0,12434068718073191791
21,66,52,0,52,0,0,0,0,52,4.730769,0,2,0,3164583751539809964
21,67,52,0,52,0,0,0,0,52,6.269231,0,2,0,2996927451770754461
21,68,52,0,52,0,0,0,0,52,8.000000,0,2,0,9603945788897891902
21,69,53,0,53,0,0,0,0,53,6.150943,0,2,0,16288357306652814689
21,70,52,0,52,0,0,0,0,52,7.807692,0,2,0,10842402614968236410
21,71,52,0,52,0,0,0,0,52,7.384615,0,2,0,7734595273536774948
21,72,52,0,52,0,0,0,0,52,8.038462,0,2,0,10586651031612811359
21,73,52,0,52,0,0,0,0,52,4.865385,0,2,0,2783564098797667465
21,74,52,0,52,0,0,0,0,52,4.865385,0,2,0,4627829558812967
21,75,52,0,52,0,0,0,0,52,1.615385,0,2,0,15427231677858375438
21,76,53,0,53,0,0,0,0,53,0.000000,0,2,0,17352495641480006651
21,77,52,0,52,0,0,0,0,52,0.000000,0,2,0,270121281550142482
21,78,52,0,52,0,0,0,0,52,0.000000,0,2,0,17883028328095753411
21,79,52,0,52,0,0,0,0,52,0.000000,0,2,0,14888891059016654299
21,80,52,0,52,0,0,0,0,52,0.711538,0,2,0,11052653480708798195
21,81,52,0,52,0,0,0,0,52,0.000000,0,2,0,13902124407311185784
21,82,52,0,52,0,0,0,0,52,0.000000,0,2,0,11824096647205569843
21,83,53,0,53,0,0,0,0,53,1.773585,0,2,0,11566878836929283128
21,84,52,0,52,0,0,0,0,52,0.000000,0,2,0,18331770081421898963
21,85,52,0,52,0,0,0,0,52,0.000000,0,2,0,2415913961176581463
21,86,52,0,52,0,0,0,0,52,1.384615,0,2,0,6035316631582884931
21,87,52,0,52,0,0,0,0,52,0.019231,0,2,0,9466575105770683197
21,88,52,0,52,0,0,0,0,52,0.000000,0,2,0,13583538273641503902
21,89,52,0,52,0,0,0,0,52,0.000000,0,2,0,819110728670731938
21,90,53,0,53,0,0,0,0,53,0.037736,0,2,0,6947666938020109689
21,91,52,0,52,0,0,0,0,52,0.000000,0,2,0,18188105501358474490
21,92,52,0,52,0,0,0,0,52,0.000000,0,2,0,266455294573600449
21,93,52,0,52,0,0,0,0,52,0.000000,0,2,0,16561195494172999671
21,94,52,0,52,0,0,0,0,52,0.000000,0,2,0,14145083023865222625
21,95,52,0,52,0,0,0,0,52,0.000000,0,2,0,15043473878194499650
21,96,52,0,52,0,0,0,0,52,0.000000,0,2,0,6430221197465408087
21,97,53,0,53,0,0,0,0,53,0.000000,0,2,0,14948980409227134379
21,98,52,0,52,0,0,0,0,52,0.019231,0,2,0,3105600863432664039
21,99,52,0,52,0,0,0,0,52,0.211538,0,2,0,13108503573448862566
21,100,52,0,52,0,0,0,0,52,0.000000,0,2,0,10941272984716007070
22,1,52,0,0,5,0,0,47,0,388.846154,0,0,2,12546907718961325012
22,2,52,0,0,52,0,0,0,0,211.230769,0,0,1,4141371543621767564
22,3,52,0,37,15,0,0,0,35,42.442308,0,0,0,3220761473865417541
22,4,52,0,52,0,0,0,0,52,9.711538,0,0,0,382333479681652106
22,5,52,0,42,10,0,0,0,39,28.615385,0,0,0,4655023775851717737
22,6,53,0,40,13,0,0,0,31,41.471698,0,0,1,4732657362002499217
22,7,52,0,39,1,0,12,0,34,45.884615,0,0,1,11994872903057979566
22,8,52,0,11,0,0,41,0,5,70.576923,0,0,1,17627271702542639806
22,9,52,0,21,0,0,31,0,20,58.942308,0,0,0,7340443673485267735
22,10,52,0,52,0,0,0,0,52,7.250000,0,0,0,798318996329575895
22,11,52,0,43,0,0,9,0,41,32.750000,0,0,0,3117579451959990578
22,12,52,0,52,0,0,0,0,52,8.865385,0,0,0,4441258714990556108
22,13,53,0,53,0,0,0,0,53,9.660377,0,0,0,14894760539550745860
22,14,52,0,52,0,0,0,0,52,10.615385,0,0,0,16242973212511707642
22,15,52,0,52,0,0,0,0,52,11.230769,0,0,0,15495567077448400316
22,16,52,0,52,0,0,0,0,52,14.096154,0,0,0,7929567572195750997
22,17,52,0,52,0,0,0,0,52,9.730769,0,0,0,13785923435711654534
22,18,52,0,52,0,0,0,0,52,8.365385,0,0,0,14420361874596571471
22,19,52,0,52,0,0,0,0,52,2.634615,0,0,0,14096970443625417670
22,20,53,0,53,0,0,0,0,53,1.811321,0,0,0,4083451777031382725
22,21,52,0,52,0,0,0,0,52,0.692308,0,0,0,10595501038599030395
22,22,52,0,52,0,0,0,0,52,0.000000,0,0,0,8640493621852970871
22,23,52,0,52,0,0,0,0,52,0.000000,0,0,0,16934702657260030056
22,24,52,0,52,0,0,0,0,52,0.000000,0,0,0,2785924671310539790
22,25,52,0,52,0,0,0,0,52,0.000000,0,0,0,10099405541625088989
22,26,52,0,52,0,0,0,0,52,0.000000,0,0,0,3056138388753511322
22,27,53,0,53,0,0,0,0,53,0.000000,0,0,0,15253873519488402547
22,28,52,0,52,0,0,0,0,52,0.000000,0,0,0,4288509913668546676
22,29,52,0,52,0,0,0,0,52,0.000000,0,0,0,7175809967564477484
22,30,52,0,52,0,0,0,0,52,0.000000,0,0,0,7070047628624902409
22,31,52,0,52,0,0,0,0,52,0.000000,0,0,0,11061653607122568990
22,32,52,0,52,0,0,0,0,52,0.000000,0,0,0,11946166159698618185
22,33,52,0,52,0,0,0,0,52,0.000000,0,0,0,13586412154818312682
22,34,53,0,53,0,0,0,0,53,0.000000,0,0,0,12861463436904518437
22,35,52,0,52,0,0,0,0,52,0.000000,0,0,0,115049157119895020
22,36,52,0,52,0,0,0,0,52,0.000000,0,0,0,17015857135873282783
22,37,52,0,52,0,0,0,0,52,0.000000,0,0,0,12265647573711500414
22,38,52,0,52,0,0,0,0,52,0.000000,0,0,0,17371895763149482026
22,39,52,0,52,0,0,0,0,52,0.000000,0,0,0,2585016187175153
22,40,52,0,52,0,0,0,0,52,0.000000,0,0,0,10624810426613060740
22,41,53,0,53,0,0,0,0,53,0.000000,0,0,0,11333275333137861112
22,42,52,0,52,0,0,0,0,52,0.000000,0,0,0,8986792027225260945
22,43,52,0,52,0,0,0,0,52,0.000000,0,0,0,5752065072383706531
22,44,52,0,52,0,0,0,0,52,0.000000,0,0,0,6876158386880270456
22,45,52,0,52,0,0,0,0,52,0.000000,0,0,0,15233852644630724955
22,46,52,0,52,0,0,0,0,52,0.000000,0,0,0,17699292747960754014
22,47,52,0,52,0,0,0,0,52,0.000000,0,0,0,13952046323258785026
22,48,53,0,53,0,0,0,0,53,0.000000,0,0,0,14145902389574154789
22,49,52,0,52,0,0,0,0,52,0.000000,0,0,0,6259052986843157078
22,50,52,0,52,0,0,0,0,52,0.000000,0,0,0,7998298058652621982
22,51,52,0,52,0,0,0,0,52,0.000000,0,0,0,14601462233121711
22,52,52,0,52,0,0,0,0,52,0.000000,0,0,0,16869264674102660077
22,53,52,0,52,0,0,0,0,52,0.000000,0,0,0,5839064147543675051
22,54,52,0,52,0,0,0,0,52,0.000000,0,0,0,17018381421480039292
22,55,53,0,53,0,0,0,0,53,0.000000,0,0,0,2680604867346534
22,56,52,0,52,0,0,0,0,52,0.000000,0,0,0,7220960764511823522
22,57,52,0,52,0,0,0,0,52,0.000000,0,0,0,3955978040877211883
22,58,52,0,52,0,0,0,0,52,0.000000,0,0,0,13810342244957830389
22,59,52,0,52,0,0,0,0,52,0.000000,0,0,0,4297746434490522381
22,60,52,0,52,0,0,0,0,52,0.000000,0,0,0,16312462281236468074
22,61,52,0,52,0,0,0,0,52,0.000000,0,0,0,13487819094087671933
22,62,53,0,53,0,0,0,0,53,0.000000,0,0,0,9234994335033639039
22,63,52,0,52,0,0,0,0,52,0.000000,0,0,0,11166266106918462603
22,64,52,0,52,0,0,0,0,52,0.000000,0,0,0,1366117133571215158
22,65,52,0,52,0,0,0,0,52,0.000000,0,0,0,4653016010961706500
22,66,52,0,52,0,0,0,0,52,0.000000,0,0,0,7749354076036530660
22,67,52,0,52,0,0,0,0,52,0.000000,0,0,0,2030363328837529755
22,68,52,0,52,0,0,0,0,52,0.000000,0,0,0,3383304453959071314
22,69,53,0,53,0,0,0,0,53,0.000000,0,0,0,3688034748534221403
22,70,52,0,52,0,0,0,0,52,0.000000,0,0,0,6118477619005456555
22,71,52,0,52,0,0,0,0,52,0.000000,0,0,0,5122051295090932506
22,72,52,0,52,0,0,0,0,52,0.000000,0,0,0,2168306332697132818
22,73,52,0,52,0,0,0,0,52,0.000000,0,0,0,7401642962171638305
22,74,52,0,52,0,0,0,0,52,0.000000,0,0,0,15504384621406628245
22,75,52,0,52,0,0,0,0,52,0.000000,0,0,0,14522216147926684893
22,76,53,0,53,0,0,0,0,53,0.000000,0,0,0,14803499972593234345
22,77,52,0,52,0,0,0,0,52,0.000000,0,0,0,15029177890688377346
22,78,52,0,52,0,0,0,0,52,0.000000,0,0,0,15638682915681212273
22,79,52,0,52,0,0,0,0,52,0.000000,0,0,0,10552176791873899545
22,80,52,0,52,0,0,0,0,52,0.000000,0,0,0,5422350281380464594
22,81,52,0,52,0,0,0,0,52,0.000000,0,0,0,3099692125554405331
22,82,52,0,52,0,0,0,0,52,0.000000,0,0,0,14544553285825508086
22,83,53,0,53,0,0,0,0,53,0.000000,0,0,0,10860061146742927960
22,84,52,0,52,0,0,0,0,52,0.000000,0,0,0,1977383105597258563
22,85,52,0,52,0,0,0,0,52,0.000000,0,0,0,12750001659082744526
22,86,52,0,52,0,0,0,0,52,0.000000,0,0,0,6653306290611166140
22,87,52,0,52,0,0,0,0,52,0.000000,0,0,0,12543070791994052770
22,88,52,0,52,0,0,0,0,52,0.000000,0,0,0,7787838095955229830
22,89,52,0,52,0,0,0,0,52,0.000000,0,0,0,18024133498037641239
22,90,53,0,53,0,0,0,0,53,0.000000,0,0,0,15119356345315841988
22,91,52,0,52,0,0,0,0,52,0.000000,0,0,0,7950121839256310404
22,92,52,0,52,0,0,0,0,52,0.000000,0,0,0,17314544062282990401
22,93,52,0,52,0,0,0,0,52,0.000000,0,0,0,3525650891100065576
22,94,52,0,52,0,0,0,0,52,0.000000,0,0,0,10776974711997356592
22,95,52,0,52,0,0,0,0,52,0.000000,0,0,0,16690137920266793827
22,96,52,0,52,0,0,0,0,52,0.000000,0,0,0,9294760874213116729
22,97,53,0,53,0,0,0,0,53,0.000000,0,0,0,12107195581297677846
22,98,52,0,52,0,0,0,0,52,0.000000,0,0,0,11631978627252070743
22,99,52,0,52,0,0,0,0,52,0.000000,0,0,0,1159951303500872857
22,100,52,0,52,0,0,0,0,52,0.000000,0,0,0,6182811449479379133
23,1,52,0,0,5,0,0,47,0,437.384615,2,0,4,17088489400655457859
23,2,52,0,2,50,0,0,0,2,203.500000,0,2,0,2440224708461445016
23,3,52,0,52,0,0,0,0,52,7.346154,0,2,0,16954857783287265739
23,4,52,0,52,0,0,0,0,52,11.461538,0,2,0,478882910857332622
23,5,52,0,52,0,0,0,0,52,12.692308,0,2,0,1633387179415731195
23,6,53,0,40,0,0,13,0,36,37.339623,0,2,1,3577142514770629794
23,7,52,0,0,0,0,52,0,0,188.730769,0,2,2,7851288472151863943
23,8,52,0,0,0,0,52,0,0,224.711538,0,2,1,8255295969442106248
23,9,52,0,42,0,0,10,0,41,32.769231,0,2,0,16195253124499016466
23,10,52,0,52,0,0,0,0,52,11.692308,0,2,0,6686333666789614922
23,11,52,0,52,0,0,0,0,52,8.307692,0,2,0,5409518394726592360
23,12,52,0,52,0,0,0,0,52,11.807692,0,2,0,9287557457601420147
23,13,53,0,53,0,0,0,0,53,7.660377,0,2,0,3792810078388863603
23,14,52,0,42,0,0,10,0,41,22.461538,0,2,0,4570920046257296763
23,15,52,0,52,0,0,0,0,52,7.076923,0,2,0,11437736531423172453
23,16,52,0,52,0,0,0,0,52,8.961538,0,2,0,13563467053876368200
23,17,52,0,52,0,0,0,0,52,7.307692,0,2,0,13779704136708142970
23,18,52,0,52,0,0,0,0,52,5.038462,0,2,0,10626436063735243544
23,19,52,0,52,0,0,0,0,52,0.000000,0,2,0,14340934253002785124
23,20,53,0,53,0,0,0,0,53,0.000000,0,2,0,16977548036865959719
23,21,52,0,52,0,0,0,0,52,0.000000,0,2,0,823506397321547261
23,22,52,0,52,0,0,0,0,52,0.000000,0,2,0,2703100809393417961
23,23,52,0,52,0,0,0,0,52,0.000000,0,2,0,6813121023810489901
23,24,52,0,52,0,0,0,0,52,0.000000,0,2,0,2602409538456301448
23,25,52,0,52,0,0,0,0,52,0.000000,0,2,0,6233210294487903561
23,26,52,0,52,0,0,0,0,52,0.000000,0,2,0,16874893815388469345
23,27,53,0,53,0,0,0,0,53,0.000000,0,2,0,10060718978299452433
23,28,52,0,52,0,0,0,0,52,0.000000,0,2,0,10647450404039797569
23,29,52,0,52,0,0,0,0,52,0.000000,0,2,0,12066004233066155253
23,30,52,0,52,0,0,0,0,52,0.000000,0,2,0,11578035056029511913
23,31,52,0,52,0,0,0,0,52,0.000000,0,2,0,2288805379470108881
23,32,52,0,52,0,0,0,0,52,0.000000,0,2,0,2653043647692497645
23,33,52,0,52,0,0,0,0,52,0.000000,0,2,0,5932067302737372575
23,34,53,0,53,0,0,0,0,53,0.000000,0,2,0,16484390944703463216
23,35,52,0,52,0,0,0,0,52,0.000000,0,2,0,2514087272959367204
23,36,52,0,52,0,0,0,0,52,0.000000,0,2,0,16346751328154380014
23,37,52,0,52,0,0,0,0,52,0.000000,0,2,0,13746087670183377513
23,38,52,0,52,0,0,0,0,52,0.000000,0,2,0,13340956309140734558
23,39,52,0,52,0,0,0,0,52,0.000000,0,2,0,5338597029975150925
23,40,52,0,52,0,0,0,0,52,0.000000,0,2,0,11240704852898037738
23,41,53,0,53,0,0,0,0,53,0.000000,0,2,0,13554847233400639869
23,42,52,0,52,0,0,0,0,52,0.000000,0,2,0,18040454681874923735
23,43,52,0,52,0,0,0,0,52,0.000000,0,2,0,3740274930532686339
23,44,52,0,52,0,0,0,0,52,0.000000,0,2,0,10681095008626044113
23,45,52,0,52,0,0,0,0,52,0.000000,0,2,0,8949984909469149071
23,46,52,0,52,0,0,0,0,52,0.000000,0,2,0,10342672998057055456
23,47,52,0,52,0,0,0,0,52,0.000000,0,2,0,10681933059344153237
23,48,53,0,53,0,0,0,0,53,0.000000,0,2,0,1124939980695705012
23,49,52,0,52,0,0,0,0,52,0.000000,0,2,0,9747027634352041279
23,50,52,0,52,0,0,0,0,52,0.000000,0,2,0,4177753886720517335
23,51,52,0,52,0,0,0,0,52,0.000000,0,2,0,12349546646599995199
23,52,52,0,52,0,0,0,0,52,0.000000,0,2,0,12269299336159947210
23,53,52,0,52,0,0,0,0,52,0.000000,0,2,0,11506561421661570429
23,54,52,0,52,0,0,0,0,52,0.000000,0,2,0,11707289298058684544
23,55,53,0,53,0,0,0,0,53,0.000000,0,2,0,16006563790891444123
23,56,52,0,52,0,0,0,0,52,0.000000,0,2,0,8402297566309012195
23,57,52,0,52,0,0,0,0,52,0.000000,0,2,0,13208857845118015331
23,58,52,0,52,0,0,0,0,52,0.000000,0,2,0,10129416173890775144
23,59,52,0,52,0,0,0,0,52,0.000000,0,2,0,7280832073566530059
23,60,52,0,52,0,0,0,0,52,0.000000,0,2,0,9011701420233069707
23,61,52,0,52,0,0,0,0,52,0.000000,0,2,0,17862825678487458521
23,62,53,0,53,0,0,0,0,53,0.000000,0,2,0,6093797470630804996
23,63,52,0,52,0,0,0,0,52,0.000000,0,2,0,13211856638547654142
23,64,52,0,52,0,0,0,0,52,0.000000,0,2,0,1825841404977398286
23,65,52,0,52,0,0,0,0,52,0.000000,0,2,0,16001661037071726618
23,66,52,0,52,0,0,0,0,52,0.000000,0,2,0,9295472804338949971
23,67,52,0,52,0,0,0,0,52,0.000000,0,2,0,8429469979678547151
23,68,52,0,52,0,0,0,0,52,0.000000,0,2,0,363150057286805976
23,69,53,0,53,0,0,0,0,53,0.000000,0,2,0,16332826236285690696
23,70,52,0,52,0,0,0,0,52,0.000000,0,2,0,5906650717287258167
23,71,52,0,52,0,0,0,0,52,0.000000,0,2,0,7529080091262355424
23,72,52,0,52,0,0,0,0,52,0.000000,0,2,0,9033001523054163572
23,73,52,0,52,0,0,0,0,52,0.000000,0,2,0,12418786989340268682
23,74,52,0,52,0,0,0,0,52,0.000000,0,2,0,12280141243357022978
23,75,52,0,52,0,0,0,0,52,0.000000,0,2,0,12732979285194017789
23,76,53,0,53,0,0,0,0,53,0.000000,0,2,0,1238075661318865912
23,77,52,0,52,0,0,0,0,52,0.000000,0,2,0,8076811372924239429
23,78,52,0,52,0,0,0,0,52,0.000000,0,2,0,16500086819240268035
23,79,52,0,52,0,0,0,0,52,0.000000,0,2,0,7368758442658069915
23,80,52,0,52,0,0,0,0,52,0.000000,0,2,0,1326040021998552017
23,81,52,0,52,0,0,0,0,52,0.000000,0,2,0,4873781429199705746
23,82,52,0,52,0,0,0,0,52,0.000000,0,2,0,3801741208865369028
23,83,53,0,53,0,0,0,0,53,0.000000,0,2,0,6000866113076809426
23,84,52,0,52,0,0,0,0,52,0.000000,0,2,0,1493152514013785997
23,85,52,0,52,0,0,0,0,52,0.000000,0,2,0,965080401041227877
23,86,52,0,52,0,0,0,0,52,0.000000,0,2,0,11697209187043337577
23,87,52,0,52,0,0,0,0,52,0.000000,0,2,0,6104037498287511750
23,88,52,0,52,0,0,0,0,52,0.000000,0,2,0,3397057317771476201
23,89,52,0,52,0,0,0,0,52,0.000000,0,2,0,1325635788712942455
23,90,53,0,53,0,0,0,0,53,0.000000,0,2,0,8628340180028870215
23,91,52,0,52,0,0,0,0,52,0.000000,0,2,0,6216837003188191668
23,92,52,0,52,0,0,0,0,52,0.000000,0,2,0,12795230974639766683
23,93,52,0,52,0,0,0,0,52,0.000000,0,2,0,11355574589357350739
23,94,52,0,52,0,0,0,0,52,0.000000,0,2,0,4813058719461713283
23,95,52,0,52,0,0,0,0,52,0.000000,0,2,0,10205619699468440305
23,96,52,0,52,0,0,0,0,52,0.000000,0,2,0,11588217248953653759
23,97,53,0,53,0,0,0,0,53,0.000000,0,2,0,15384086888895350147
23,98,52,0,52,0,0,0,0,52,0.000000,0,2,0,7718063828561653096
23,99,52,0,52,0,0,0,0,52,0.000000,0,2,0,11411023956842254863
23,100,52,0,52,0,0,0,0,52,0.000000,0,2,0,10045191113578374682
24,1,52,0,0,1,0,0,51,0,399.326923,1,0,4,3731905721639777177
24,2,52,0,0,0,0,0,52,0,299.192308,2,0,2,10836324834076084264
24,3,52,0,17,0,0,0,35,17,99.653846,0,2,0,16761969437657224476
24,4,52,0,52,0,0,0,0,52,12.596154,0,2,0,4048519981870166075
24,5,52,0,52,0,0,0,0,51,19.173077,0,2,0,18122629900845201261
24,6,53,0,52,1,0,0,0,51,15.716981,0,2,0,434938626921127326
24,7,52,0,52,0,0,0,0,51,15.346154,0,2,0,13369074389094822746
24,8,52,0,52,0,0,0,0,52,17.019231,0,2,0,1799507023300075960
24,9,52,0,52,0,0,0,0,52,12.307692,0,2,0,7498227743081795163
24,10,52,0,52,0,0,0,0,52,12.826923,0,2,0,15354187265243823041
24,11,52,0,48,0,0,4,0,46,24.673077,0,2,0,11591092357511588291
24,12,52,0,52,0,0,0,0,51,17.288462,0,2,0,17263960426494094449
24,13,53,0,53,0,0,0,0,53,13.849057,0,2,0,9048633654641853691
24,14,52,0,46,0,0,6,0,45,18.788462,0,2,1,4950816706500672345
24,15,52,0,44,0,0,8,0,39,37.115385,0,2,0,2033515214079261714
24,16,52,0,52,0,0,0,0,52,11.730769,0,2,0,16270973635604457501
24,17,52,0,52,0,0,0,0,52,6.634615,0,2,0,16944068961378299664
24,18,52,0,52,0,0,0,0,52,2.500000,0,2,0,1156327040067991201
24,19,52,0,52,0,0,0,0,52,1.153846,0,2,0,7000993490233199572
24,20,53,0,53,0,0,0,0,53,2.509434,0,2,0,16545029774441734618
24,21,52,0,52,0,0,0,0,52,1.538462,0,2,0,5304870292088853484
24,22,52,0,52,0,0,0,0,52,0.000000,0,2,0,3555885772656457563
24,23,52,0,52,0,0,0,0,52,0.000000,0,2,0,5327688650462526115
24,24,52,0,52,0,0,0,0,52,0.000000,0,2,0,17158676747525529978
24,25,52,0,52,0,0,0,0,52,0.000000,0,2,0,61095319818454586
24,26,52,0,52,0,0,0,0,52,0.000000,0,2,0,11140975791251768804
24,27,53,0,53,0,0,0,0,53,0.000000,0,2,0,9967174961350829428
24,28,52,0,52,0,0,0,0,52,0.000000,0,2,0,10151971064494072990
24,29,52,0,52,0,0,0,0,52,0.000000,0,2,0,5440796541296361785
24,30,52,0,52,0,0,0,0,52,0.000000,0,2,0,11497997199885143752
24,31,52,0,52,0,0,0,0,52,0.000000,0,2,0,16611003504660094362
24,32,52,0,52,0,0,0,0,52,0.000000,0,2,0,18163255368927821697
24,33,52,0,52,0,0,0,0,52,0.000000,0,2,0,12185810679080419857
24,34,53,0,53,0,0,0,0,53,0.000000,0,2,0,13105590395519024022
24,35,52,0,52,0,0,0,0,52,0.000000,0,2,0,6102390950977820595
24,36,52,0,52,0,0,0,0,52,0.000000,0,2,0,12636335439081056420
24,37,52,0,52,0,0,0,0,52,0.000000,0,2,0,4941562542898190243
24,38,52,0,52,0,0,0,0,52,0.000000,0,2,0,8196850805416258914
24,39,52,0,52,0,0,0,0,52,0.000000,0,2,0,10306873998099262116
24,40,52,0,52,0,0,0,0,52,0.000000,0,2,0,16850104660605031710
24,41,53,0,53,0,0,0,0,53,0.000000,0,2,0,15778999283239174629
24,42,52,0,52,0,0,0,0,52,0.000000,0,2,0,9360657624353455446
24,43,52,0,52,0,0,0,0,52,0.000000,0,2,0,14962048959693626617
24,44,52,0,52,0,0,0,0,52,0.000000,0,2,0,1696507838603332426
24,45,52,0,52,0,0,0,0,52,0.000000,0,2,0,18241216177053446541
24,46,52,0,52,0,0,0,0,52,0.000000,0,2,0,2949299899850193914
24,47,52,0,52,0,0,0,0,52,0.000000,0,2,0,17356160875769528998
24,48,53,0,53,0,0,0,0,53,0.000000,0,2,0,622424905268567407
24,49,52,0,52,0,0,0,0,52,0.000000,0,2,0,18111082194580042620
24,50,52,0,52,0,0,0,0,52,0.000000,0,2,0,8245372007929305731
24,51,52,0,52,0,0,0,0,52,0.000000,0,2,0,12118423795755127143
24,52,52,0,52,0,0,0,0,52,0.000000,0,2,0,11568746574543014547
24,53,52,0,52,0,0,0,0,52,0.000000,0,2,0,9005845799071776178
24,54,52,0,52,0,0,0,0,52,0.000000,0,2,0,9041375750871947513
24,55,53,0,53,0,0,0,0,53,0.000000,0,2,0,11348186078022909679
24,56,52,0,52,0,0,0,0,52,0.000000,0,2,0,15995322192472881481
24,57,52,0,52,0,0,0,0,52,0.000000,0,2,0,3351636764447559339
24,58,52,0,52,0,0,0,0,52,0.000000,0,2,0,11446395389651732691
24,59,52,0,52,0,0,0,0,52,0.000000,0,2,0,991036165943173212
24,60,52,0,52,0,0,0,0,52,0.000000,0,2,0,16849279349005560911
24,61,52,0,52,0,0,0,0,52,0.000000,0,2,0,14337515132686860332
24,62,53,0,53,0,0,0,0,53,0.000000,0,2,0,16235706381982944770
24,63,52,0,52,0,0,0,0,52,0.000000,0,2,0,10698651755531453512
24,64,52,0,52,0,0,0,0,52,0.000000,0,2,0,3842110587306754865
24,65,52,0,52,0,0,0,0,52,0.000000,0,2,0,16282183806020211274
24,66,52,0,52,0,0,0,0,52,0.000000,0,2,0,17175398784301223
24,67,52,0,52,0,0,0,0,52,0.000000,0,2,0,8667194507159519901
24,68,52,0,52,0,0,0,0,52,0.000000,0,2,0,3194433790263554757
24,69,53,0,53,0,0,0,0,53,0.000000,0,2,0,15383324510434774081
24,70,52,0,52,0,0,0,0,52,0.000000,0,2,0,4562399769605953089
24,71,52,0,52,0,0,0,0,52,0.000000,0,2,0,15784138462609109166
24,72,52,0,52,0,0,0,0,52,0.000000,0,2,0,15551642486267957041
24,73,52,0,52,0,0,0,0,52,0.000000,0,2,0,6969150983385977833
24,74,52,0,52,0,0,0,0,52,0.000000,0,2,0,8489199389070452136
24,75,52,0,52,0,0,0,0,52,0.000000,0,2,0,252928008553637977
24,76,53,0,53,0,0,0,0,53,0.000000,0,2,0,13367573885823594606
24,77,52,0,52,0,0,0,0,52,0.000000,0,2,0,18410732684346187571
24,78,52,0,52,0,0,0,0,52,0.000000,0,2,0,84997096141846076
24,79,52,0,52,0,0,0,0,52,0.000000,0,2,0,2958828713580903284
24,80,52,0,52,0,0,0,0,52,0.000000,0,2,0,2686025706819831310
24,81,52,0,52,0,0,0,0,52,0.000000,0,2,0,16117145529742054961
24,82,52,0,52,0,0,0,0,52,0.000000,0,2,0,2470361821902793430
24,83,53,0,53,0,0,0,0,53,0.000000,0,2,0,12320691027516252487
24,84,52,0,52,0,0,0,0,52,0.000000,0,2,0,14324647187571501439
24,85,52,0,52,0,0,0,0,52,0.000000,0,2,0,11842974607623336629
24,86,52,0,52,0,0,0,0,52,0.000000,0,2,0,14780866917699155513
24,87,52,0,52,0,0,0,0,52,0.000000,0,2,0,13840691529430250819
24,88,52,0,52,0,0,0,0,52,0.000000,0,2,0,9780980510450377341
24,89,52,0,52,0,0,0,0,52,0.000000,0,2,0,14718820572748202764
24,90,53,0,53,0,0,0,0,53,0.000000,0,2,0,10783367993153387801
24,91,52,0,52,0,0,0,0,52,0.000000,0,2,0,842795459723008191
24,92,52,0,52,0,0,0,0,52,0.000000,0,2,0,4105753731561657473
24,93,52,0,52,0,0,0,0,52,0.000000,0,2,0,12610894892168117791
24,94,52,0,52,0,0,0,0,52,0.000000,0,2,0,2373741145050896375
24,95,52,0,52,0,0,0,0,52,0.000000,0,2,0,17611884544085904189
24,96,52,0,52,0,0,0,0,52,0.000000,0,2,0,3468149730429028323
24,97,53,0,53,0,0,0,0,53,0.000000,0,2,0,14073189659026128443
24,98,52,0,52,0,0,0,0,52,0.000000,0,2,0,18351985364118718009
24,99,52,0,52,0,0,0,0,52,0.000000,0,2,0,16198586330120289750
24,100,52,0,52,0,0,0,0,52,0.000000,0,2,0,4250781839809036489
25,1,52,0,0,19,0,0,33,0,374.846154,1,0,2,14654087519275961793
25,2,52,0,0,52,0,0,0,0,173.038462,1,0,1,13287739592328889318
25,3,52,0,50,2,0,0,0,49,13.576923,0,1,0,4754222177524475131
25,4,52,0,52,0,0,0,0,52,13.538462,0,1,0,9846603554636350263
25,5,52,0,51,1,0,0,0,50,18.000000,0,1,0,12839604979613792430
25,6,53,0,34,0,0,19,0,32,47.283019,0,1,1,13681698062387719217
25,7,52,0,10,0,0,42,0,9,105.750000,0,1,1,2982018778370677286
25,8,52,0,28,0,0,24,0,29,53.000000,0,1,0,3709849240165846262
25,9,52,0,52,0,0,0,0,52,11.153846,0,1,0,13117550121138676930
25,10,52,0,52,0,0,0,0,52,7.730769,0,1,0,3250613735103097597
25,11,52,0,52,0,0,0,0,52,8.615385,0,1,0,8764894281157127110
25,12,52,0,52,0,0,0,0,52,9.269231,0,1,0,9469901743420134275
25,13,53,0,48,0,0,5,0,48,13.924528,0,1,0,15755957505587009908
25,14,52,0,52,0,0,0,0,52,7.750000,0,1,0,12952574529816056111
25,15,52,0,52,0,0,0,0,52,8.576923,0,1,0,3597299576100627098
25,16,52,0,52,0,0,0,0,52,8.346154,0,1,0,6195341536115249196
25,17,52,0,52,0,0,0,0,52,0.000000,0,1,0,5168770028667621654
25,18,52,0,52,0,0,0,0,52,0.000000,0,1,0,13454115233804433997
25,19,52,0,52,0,0,0,0,52,0.000000,0,1,0,14074451361756145065
25,20,53,0,53,0,0,0,0,53,0.000000,0,1,0,1430200199349190410
25,21,52,0,52,0,0,0,0,52,0.000000,0,1,0,2975916683787348560
25,22,52,0,52,0,0,0,0,52,0.000000,0,1,0,10862924818141507788
25,23,52,0,52,0,0,0,0,52,0.000000,0,1,0,975246212213245593
25,24,52,0,52,0,0,0,0,52,0.000000,0,1,0,9800855527960058326
25,25,52,0,52,0,0,0,0,52,0.000000,0,1,0,3007897865512018138
25,26,52,0,52,0,0,0,0,52,0.000000,0,1,0,15684891702103094337
25,27,53,0,53,0,0,0,0,53,0.000000,0,1,0,4584885320708567304
25,28,52,0,52,0,0,0,0,52,0.000000,0,1,0,17508456584449251494
25,29,52,0,52,0,0,0,0,52,0.000000,0,1,0,17600253887767901034
25,30,52,0,52,0,0,0,0,52,0.000000,0,1,0,11393368171813025202
25,31,52,0,52,0,0,0,0,52,0.000000,0,1,0,11519532263316808029
25,32,52,0,52,0,0,0,0,52,0.000000,0,1,0,10494082133784062495
25,33,52,0,52,0,0,0,0,52,0.000000,0,1,0,17023375954903710424
25,34,53,0,53,0,0,0,0,53,0.000000,0,1,0,12691465506629399863
25,35,52,0,52,0,0,0,0,52,0.000000,0,1,0,16253315321131792957
25,36,52,0,52,0,0,0,0,52,0.000000,0,1,0,14777524160072116647
25,37,52,0,52,0,0,0,0,52,0.000000,0,1,0,2240717144047975885
25,38,52,0,52,0,0,0,0,52,0.000000,0,1,0,15064590317186513661
25,39,52,0,52,0,0,0,0,52,0.000000,0,1,0,13209004095975065529
25,40,52,0,52,0,0,0,0,52,0.000000,0,1,0,14086230545390486675
25,41,53,0,53,0,0,0,0,53,0.000000,0,1,0,2433765126328174549
25,42,52,0,52,0,0,0,0,52,0.000000,0,1,0,4545191431729589795
25,43,52,0,52,0,0,0,0,52,0.000000,0,1,0,3533209025243016248
25,44,52,0,52,0,0,0,0,52,0.000000,0,1,0,4739363822075436683
25,45,52,0,52,0,0,0,0,52,0.000000,0,1,0,5736268180901707496
25,46,52,0,52,0,0,0,0,52,0.000000,0,1,0,501749290067200059
25,47,52,0,52,0,0,0,0,52,0.000000,0,1,0,2197421504532110941
25,48,53,0,53,0,0,0,0,53,0.000000,0,1,0,10687454355506051180
25,49,52,0,52,0,0,0,0,52,0.000000,0,1,0,10525183850937331849
25,50,52,0,52,0,0,0,0,52,0.000000,0,1,0,12754228177286871138
25,51,52,0,52,0,0,0,0,52,0.000000,0,1,0,13830301107744818413
25,52,52,0,52,0,0,0,0,52,0.000000,0,1,0,12946659058542477620
25,53,52,0,52,0,0,0,0,52,0.000000,0,1,0,5962483977713161058
25,54,52,0,52,0,0,0,0,52,0.000000,0,1,0,17907389617060706492
25,55,53,0,53,0,0,0,0,53,0.000000,0,1,0,15881159188937103755
25,56,52,0,52,0,0,0,0,52,0.000000,0,1,0,187963691066283455
25,57,52,0,52,0,0,0,0,52,0.000000,0,1,0,7122765835081170736
25,58,52,0,52,0,0,0,0,52,0.000000,0,1,0,3501683231545806804
25,59,52,0,52,0,0,0,0,52,0.000000,0,1,0,11734136106124381259
25,60,52,0,52,0,0,0,0,52,0.000000,0,1,0,2313396047772814842
25,61,52,0,52,0,0,0,0,52,0.000000,0,1,0,2734401596673543250
25,62,53,0,53,0,0,0,0,53,0.000000,0,1,0,17635443661401452850
25,63,52,0,52,0,0,0,0,52,0.000000,0,1,0,14313307783341600486
25,64,52,0,52,0,0,0,0,52,0.000000,0,1,0,5399908037259315080
25,65,52,0,52,0,0,0,0,52,0.000000,0,1,0,5669471462363007578
25,66,52,0,52,0,0,0,0,52,0.000000,0,1,0,4255398627461749959
25,67,52,0,52,0,0,0,0,52,0.000000,0,1,0,12268847317896099158
25,68,52,0,52,0,0,0,0,52,0.000000,0,1,0,11236435231274076058
25,69,53,0,53,0,0,0,0,53,0.000000,0,1,0,2701825158494466921
25,70,52,0,52,0,0,0,0,52,0.000000,0,1,0,16488706523205678205
25,71,52,0,52,0,0,0,0,52,0.000000,0,1,0,869568885407087770
25,72,52,0,52,0,0,0,0,52,0.000000,0,1,0,17326310498332491651
25,73,52,0,52,0,0,0,0,52,0.000000,0,1,0,12708926960283122979
25,74,52,0,52,0,0,0,0,52,0.000000,0,1,0,7177029492525192949
25,75,52,0,52,0,0,0,0,52,0.000000,0,1,0,12279568230840191759
25,76,53,0,53,0,0,0,0,53,0.000000,0,1,0,12640847334399936864
25,77,52,0,52,0,0,0,0,52,0.000000,0,1,0,5446326438304042785
25,78,52,0,52,0,0,0,0,52,0.000000,0,1,0,16783053250963691241
25,79,52,0,52,0,0,0,0,52,0.000000,0,1,0,9931679349397014913
25,80,52,0,52,0,0,0,0,52,0.000000,0,1,0,5455326562006893425
25,81,52,0,52,0,0,0,0,52,0.000000,0,1,0,16314119404280045549
25,82,52,0,52,0,0,0,0,52,0.000000,0,1,0,3035136318100074334
25,83,53,0,53,0,0,0,0,53,0.000000,0,1,0,16562414286703813961
25,84,52,0,52,0,0,0,0,52,0.000000,0,1,0,6992051199508677905
25,85,52,0,52,0,0,0,0,52,0.000000,0,1,0,1529123320488539334
25,86,52,0,52,0,0,0,0,52,0.000000,0,1,0,18177328785616374848
25,87,52,0,52,0,0,0,0,52,0.000000,0,1,0,1433232656184168942
25,88,52,0,52,0,0,0,0,52,0.000000,0,1,0,4091818147594860495
25,89,52,0,52,0,0,0,0,52,0.000000,0,1,0,18276155143088244396
25,90,53,0,53,0,0,0,0,53,0.000000,0,1,0,9765795041731166604
25,91,52,0,52,0,0,0,0,52,0.000000,0,1,0,8697696738282799782
25,92,52,0,52,0,0,0,0,52,0.000000,0,1,0,11622332220550880336
25,93,52,0,52,0,0,0,0,52,0.000000,0,1,0,14267878831341227156
25,94,52,0,52,0,0,0,0,52,0.000000,0,1,0,11304069463719731676
25,95,52,0,52,0,0,0,0,52,0.000000,0,1,0,4378517148699565468
25,96,52,0,52,0,0,0,0,52,0.000000,0,1,0,8292390043935011047
25,97,53,0,53,0,0,0,0,53,0.000000,0,1,0,6291094910310429505
25,98,52,0,52,0,0,0,0,52,0.000000,0,1,0,15182118647064960524
25,99,52,0,52,0,0,0,0,52,0.000000,0,1,0,7618991100972404096
25,100,52,0,52,0,0,0,0,52,0.000000,0,1,0,1097633503457018105
26,1,52,0,0,5,0,0,47,0,402.884615,1,0,2,6026527071883489684
26,2,52,0,10,42,0,0,0,10,147.500000,0,1,0,2028329781454437480
26,3,52,0,52,0,0,0,0,52,9.903846,0,1,0,17947092805396245170
26,4,52,0,52,0,0,0,0,52,10.288462,0,1,0,9245126269177309040
26,5,52,0,52,0,0,0,0,52,12.615385,0,1,0,2172734420685645611
26,6,53,0,10,0,0,43,0,8,121.792453,0,1,2,3241025470805605730
26,7,52,0,2,0,0,50,0,1,129.961538,0,1,1,17834905560578420948
26,8,52,0,29,0,0,23,0,28,54.230769,0,1,0,14982464075244255965
26,9,52,0,45,0,0,7,0,44,23.596154,0,1,0,748152412710027561
26,10,52,0,52,0,0,0,0,52,14.442308,0,1,0,2512821950223362630
26,11,52,0,52,0,0,0,0,52,16.538462,0,1,0,6401932827519099299
26,12,52,0,45,0,0,7,0,43,25.942308,0,1,0,316270114911081530
26,13,53,0,53,0,0,0,0,53,8.037736,0,1,0,8877477329322780616
26,14,52,0,52,0,0,0,0,52,6.115385,0,1,0,14396780396696439116
26,15,52,0,52,0,0,0,0,52,3.634615,0,1,0,10739650193204587630
26,16,52,0,52,0,0,0,0,52,0.000000,0,1,0,18165763524152154974
26,17,52,0,52,0,0,0,0,52,0.000000,0,1,0,15322363991075643309
26,18,52,0,52,0,0,0,0,52,0.000000,0,1,0,8157998937245215132
26,19,52,0,52,0,0,0,0,52,0.000000,0,1,0,10227851984548226933
26,20,53,0,53,0,0,0,0,53,0.000000,0,1,0,10441969193422942824
26,21,52,0,52,0,0,0,0,52,0.000000,0,1,0,17746693405383833646
26,22,52,0,52,0,0,0,0,52,0.000000,0,1,0,7288045891501634910
26,23,52,0,52,0,0,0,0,52,0.000000,0,1,0,13448244275732349583
26,24,52,0,52,0,0,0,0,52,0.000000,0,1,0,9033939803522937350
26,25,52,0,52,0,0,0,0,52,0.000000,0,1,0,8372680073659286413
26,26,52,0,52,0,0,0,0,52,0.000000,0,1,0,4016384496497882944
26,27,53,0,53,0,0,0,0,53,0.000000,0,1,0,5797636222697673996
26,28,52,0,52,0,0,0,0,52,0.000000,0,1,0,11530316343897302796
26,29,52,0,52,0,0,0,0,52,0.000000,0,1,0,15098165184722166084
26,30,52,0,52,0,0,0,0,52,0.000000,0,1,0,2501759572748842252
26,31,52,0,52,0,0,0,0,52,0.000000,0,1,0,4972252821681422756
26,32,52,0,52,0,0,0,0,52,0.000000,0,1,0,8393308445122418171
26,33,52,0,52,0,0,0,0,52,0.000000,0,1,0,5130148778131987863
26,34,53,0,53,0,0,0,0,53,0.566038,0,1,0,6254322737769862491
26,35,52,0,52,0,0,0,0,52,1.000000,0,1,0,13698468131466197543
26,36,52,0,52,0,0,0,0,52,1.000000,0,1,0,1488701535369850106
26,37,52,0,52,0,0,0,0,52,1.000000,0,1,0,14268125948860154976
26,38,52,0,52,0,0,0,0,52,1.000000,0,1,0,10708128258891884405
26,39,52,0,52,0,0,0,0,52,1.692308,0,1,0,4888490936195179668
26,40,52,0,52,0,0,0,0,52,3.000000,0,1,0,16796977322646683024
26,41,53,0,53,0,0,0,0,53,3.000000,0,1,0,8467941162926125807
26,42,52,0,52,0,0,0,0,52,3.000000,0,1,0,13175639476296643719
26,43,52,0,52,0,0,0,0,52,3.000000,0,1,0,2312185954709740582
26,44,52,0,52,0,0,0,0,52,2.884615,0,1,0,9831271756442217298
26,45,52,0,52,0,0,0,0,52,3.000000,0,1,0,3724611436502414851
26,46,52,0,52,0,0,0,0,52,3.000000,0,1,0,3527993819614025804
26,47,52,0,52,0,0,0,0,52,3.000000,0,1,0,1693661197408626031
26,48,53,0,53,0,0,0,0,53,3.000000,0,1,0,16394558351125310487
26,49,52,0,52,0,0,0,0,52,3.000000,0,1,0,16210306037533967338
26,50,52,0,52,0,0,0,0,52,3.000000,0,1,0,10607236219113931924
26,51,52,0,52,0,0,0,0,52,2.923077,0,1,0,12134781972108631904
26,52,52,0,52,0,0,0,0,52,3.000000,0,1,0,14358564900108618593
26,53,52,0,52,0,0,0,0,52,3.000000,0,1,0,12196639458225449386
26,54,52,0,52,0,0,0,0,52,3.000000,0,1,0,17899237426015494633
26,55,53,0,53,0,0,0,0,53,3.000000,0,1,0,17859909993634965069
26,56,52,0,52,0,0,0,0,52,3.000000,0,1,0,14379545375843600315
26,57,52,0,52,0,0,0,0,52,3.000000,0,1,0,14614727370053387410
26,58,52,0,52,0,0,0,0,52,3.000000,0,1,0,14175035182291628991
26,59,52,0,52,0,0,0,0,52,3.000000,0,1,0,13991710862846078448
26,60,52,0,52,0,0,0,0,52,3.000000,0,1,0,6863948478946458432
26,61,52,0,52,0,0,0,0,52,3.000000,0,1,0,8574264955214046822
26,62,53,0,53,0,0,0,0,53,3.000000,0,1,0,8541956238126380512
26,63,52,0,52,0,0,0,0,52,3.000000,0,1,0,16455629448348967967
26,64,52,0,52,0,0,0,0,52,3.000000,0,1,0,7230962865735802556
26,65,52,0,52,0,0,0,0,52,3.000000,0,1,0,13799546590696429477
26,66,52,0,52,0,0,0,0,52,3.000000,0,1,0,7609381575779627075
26,67,52,0,52,0,0,0,0,52,2.884615,0,1,0,12452582978349642712
26,68,52,0,52,0,0,0,0,52,3.000000,0,1,0,2429959688941389272
26,69,53,0,53,0,0,0,0,53,3.000000,0,1,0,11401421673051732608
26,70,52,0,52,0,0,0,0,52,3.000000,0,1,0,4046523601815307083
26,71,52,0,52,0,0,0,0,52,3.000000,0,1,0,4966947128169953415
26,72,52,0,52,0,0,0,0,52,3.000000,0,1,0,9350479584981600593
26,73,52,0,52,0,0,0,0,52,2.884615,0,1,0,13002614563301524340
26,74,52,0,52,0,0,0,0,52,3.000000,0,1,0,3217978050501731365
26,75,52,0,52,0,0,0,0,52,3.000000,0,1,0,8040018648882106112
26,76,53,0,53,0,0,0,0,53,3.000000,0,1,0,2315162540599818449
26,77,52,0,52,0,0,0,0,52,3.000000,0,1,0,8136015249843622072
26,78,52,0,52,0,0,0,0,52,3.000000,0,1,0,3933270359824058136
26,79,52,0,52,0,0,0,0,52,3.000000,0,1,0,6622346294189955630
26,80,52,0,52,0,0,0,0,52,3.000000,0,1,0,17704324017340338966
26,81,52,0,52,0,0,0,0,52,3.000000,0,1,0,10029202790318553634
26,82,52,0,52,0,0,0,0,52,3.000000,0,1,0,6700850148073790246
26,83,53,0,53,0,0,0,0,53,3.000000,0,1,0,5764254810060937366
26,84,52,0,52,0,0,0,0,52,3.000000,0,1,0,15462441878053289855
26,85,52,0,52,0,0,0,0,52,2.923077,0,1,0,16175522474069205294
26,86,52,0,52,0,0,0,0,52,3.000000,0,1,0,2993118318340838153
26,87,52,0,52,0,0,0,0,52,3.000000,0,1,0,3172205519199765845
26,88,52,0,52,0,0,0,0,52,3.000000,0,1,0,12681022368452628987
26,89,52,0,52,0,0,0,0,52,3.000000,0,1,0,9556151213257538371
26,90,53,0,53,0,0,0,0,53,3.000000,0,1,0,2613514656904073301
26,91,52,0,52,0,0,0,0,52,3.000000,0,1,0,12408170977586756020
26,92,52,0,52,0,0,0,0,52,3.000000,0,1,0,11474676867356251490
26,93,52,0,52,0,0,0,0,52,3.000000,0,1,0,17674377414462036038
26,94,52,0,52,0,0,0,0,52,3.000000,0,1,0,6499321983507983692
26,95,52,0,52,0,0,0,0,52,3.000000,0,1,0,11670849930075554764
26,96,52,0,52,0,0,0,0,52,3.000000,0,1,0,17335781384321063639
26,97,53,0,53,0,0,0,0,53,3.000000,0,1,0,14372068877393984440
26,98,52,0,52,0,0,0,0,52,3.000000,0,1,0,13054515388357190918
26,99,52,0,52,0,0,0,0,52,2.884615,0,1,0,13936213366477772654
26,100,52,0,52,0,0,0,0,52,3.000000,0,1,0,15804373486821220730
27,1,52,0,0,5,0,0,47,0,359.653846,0,0,2,18312331416997534389
27,2,52,0,28,24,0,0,0,27,91.576923,0,0,0,2415738038532104685
27,3,52,0,49,3,0,0,0,47,21.423077,0,0,0,10085874233121616879
27,4,52,1,21,30,0,0,0,16,61.269231,0,1,0,2489774229972494589
27,5,52,0,48,4,0,0,0,46,30.596154,0,1,0,16090871778739031954
27,6,53,0,53,0,0,0,0,53,7.716981,0,1,0,17034253803042105937
27,7,52,0,52,0,0,0,0,51,21.923077,0,1,0,17185609158056301564
27,8,52,0,41,11,0,0,0,36,39.903846,0,1,0,7386425608050010326
27,9,52,0,45,7,0,0,0,43,31.500000,0,1,0,14229624363522442604
27,10,52,0,52,0,0,0,0,52,11.269231,0,1,0,9474315422591929057
27,11,52,0,52,0,0,0,0,52,12.807692,0,1,0,12081613173136456147
27,12,52,0,48,4,0,0,0,46,23.269231,0,1,0,1378460645494739177
27,13,53,0,53,0,0,0,0,53,8.113208,0,1,0,10582543653492709489
27,14,52,0,52,0,0,0,0,52,4.596154,0,1,0,2085783131489647837
27,15,52,0,52,0,0,0,0,52,7.346154,0,1,0,12964528167555677344
27,16,52,0,52,0,0,0,0,52,9.730769,0,1,0,4386463156629745991
27,17,52,0,52,0,0,0,0,52,4.750000,0,1,0,14259188724454781465
27,18,52,0,52,0,0,0,0,52,3.769231,0,1,0,2820617588239109954
27,19,52,0,52,0,0,0,0,52,4.576923,0,1,0,12412684629821676198
27,20,53,0,53,0,0,0,0,53,0.452830,0,1,0,13733111964636081551
27,21,52,0,52,0,0,0,0,52,0.000000,0,1,0,4436787164489240420
27,22,52,0,52,0,0,0,0,52,0.000000,0,1,0,17877950351344401216
27,23,52,0,52,0,0,0,0,52,0.000000,0,1,0,15010803405595293116
27,24,52,0,52,0,0,0,0,52,0.000000,0,1,0,15451072396647602391
27,25,52,0,52,0,0,0,0,52,0.000000,0,1,0,17724643715178658365
27,26,52,0,52,0,0,0,0,52,0.000000,0,1,0,9688986135254029936
27,27,53,0,53,0,0,0,0,53,0.000000,0,1,0,3459615072026429037
27,28,52,0,52,0,0,0,0,52,0.000000,0,1,0,18045809577564488064
27,29,52,0,52,0,0,0,0,52,0.000000,0,1,0,18427558533139473039
27,30,52,0,52,0,0,0,0,52,0.000000,0,1,0,1253883038970347435
27,31,52,0,52,0,0,0,0,52,0.000000,0,1,0,8948208500093224579
27,32,52,0,52,0,0,0,0,52,0.000000,0,1,0,17631734203612839926
27,33,52,0,52,0,0,0,0,52,0.000000,0,1,0,8864195339829158073
27,34,53,0,53,0,0,0,0,53,0.000000,0,1,0,12524010639079698760
27,35,52,0,52,0,0,0,0,52,0.000000,0,1,0,5952070861487141719
27,36,52,0,52,0,0,0,0,52,0.000000,0,1,0,3828749731690026116
27,37,52,0,52,0,0,0,0,52,0.000000,0,1,0,11371629048041239041
27,38,52,0,52,0,0,0,0,52,0.000000,0,1,0,5392810908746539303
27,39,52,0,52,0,0,0,0,52,0.000000,0,1,0,8100357241696473840
27,40,52,0,52,0,0,0,0,52,0.000000,0,1,0,8656964370686077742
27,41,53,0,53,0,0,0,0,53,0.000000,0,1,0,4894081014528126959
27,42,52,0,52,0,0,0,0,52,0.000000,0,1,0,16534360844019531497
27,43,52,0,52,0,0,0,0,52,0.000000,0,1,0,18202621938992298286
27,44,52,0,52,0,0,0,0,52,0.000000,0,1,0,14458987477511388955
27,45,52,0,52,0,0,0,0,52,0.000000,0,1,0,4454226803379001646
27,46,52,0,52,0,0,0,0,52,0.000000,0,1,0,7154771257328523717
27,47,52,0,52,0,0,0,0,52,0.000000,0,1,0,15272307071709655285
27,48,53,0,53,0,0,0,0,53,0.000000,0,1,0,17247845967625450001
27,49,52,0,52,0,0,0,0,52,0.000000,0,1,0,5974541852373876710
27,50,52,0,52,0,0,0,0,52,0.000000,0,1,0,17353769631559074426
27,51,52,0,52,0,0,0,0,52,0.000000,0,1,0,11799722657062661126
27,52,52,0,52,0,0,0,0,52,0.000000,0,1,0,5380399230891543111
27,53,52,0,52,0,0,0,0,52,0.000000,0,1,0,16522500156648730309
27,54,52,0,52,0,0,0,0,52,0.000000,0,1,0,11599110837566423287
27,55,53,0,53,0,0,0,0,53,0.000000,0,1,0,8010609103465240029
27,56,52,0,52,0,0,0,0,52,0.000000,0,1,0,10104357097626333372
27,57,52,0,52,0,0,0,0,52,0.000000,0,1,0,6440169671905096117
27,58,52,0,52,0,0,0,0,52,0.000000,0,1,0,3303052147569015076
27,59,52,0,52,0,0,0,0,52,0.000000,0,1,0,11690393514792062150
27,60,52,0,52,0,0,0,0,52,0.000000,0,1,0,6215431924647752467
27,61,52,0,52,0,0,0,0,52,0.000000,0,1,0,15787514563144093274
27,62,53,0,53,0,0,0,0,53,0.000000,0,1,0,709113143469012929
27,63,52,0,52,0,0,0,0,52,0.000000,0,1,0,9554191706248663260
27,64,52,0,52,0,0,0,0,52,0.000000,0,1,0,9473105546923277195
27,65,52,0,52,0,0,0,0,52,0.000000,0,1,0,17022370657006639815
27,66,52,0,52,0,0,0,0,52,0.000000,0,1,0,17437396714225613202
27,67,52,0,52,0,0,0,0,52,0.000000,0,1,0,10555990784903583612
27,68,52,0,52,0,0,0,0,52,0.000000,0,1,0,3464073555711497463
27,69,53,0,53,0,0,0,0,53,0.000000,0,1,0,5454608598736984374
27,70,52,0,52,0,0,0,0,52,0.000000,0,1,0,16435509263474735542
27,71,52,0,52,0,0,0,0,52,0.000000,0,1,0,15128268845541105418
27,72,52,0,52,0,0,0,0,52,0.000000,0,1,0,9347981607018268948
27,73,52,0,52,0,0,0,0,52,0.000000,0,1,0,10855989090096133373
27,74,52,0,52,0,0,0,0,52,0.000000,0,1,0,12934229182479063665
27,75,52,0,52,0,0,0,0,52,0.000000,0,1,0,1054137896961850469
27,76,53,0,53,0,0,0,0,53,0.000000,0,1,0,5765847540980975522
27,77,52,0,52,0,0,0,0,52,0.000000,0,1,0,2060086036891601103
27,78,52,0,52,0,0,0,0,52,0.000000,0,1,0,11519535884892842091
27,79,52,0,52,0,0,0,0,52,0.000000,0,1,0,6448710820130843284
27,80,52,0,52,0,0,0,0,52,0.000000,0,1,0,3567319058618996543
27,81,52,0,52,0,0,0,0,52,0.000000,0,1,0,13644899333527272867
27,82,52,0,52,0,0,0,0,52,0.000000,0,1,0,16298058124967786280
27,83,53,0,53,0,0,0,0,53,0.000000,0,1,0,4989363204901379327
27,84,52,0,52,0,0,0,0,52,0.000000,0,1,0,11341820753283555700
27,85,52,0,52,0,0,0,0,52,0.000000,0,1,0,9657082151467787051
27,86,52,0,52,0,0,0,0,52,0.000000,0,1,0,11520157410849968205
27,87,52,0,52,0,0,0,0,52,0.000000,0,1,0,14311979894732229613
27,88,52,0,52,0,0,0,0,52,0.000000,0,1,0,5560743405507676630
27,89,52,0,52,0,0,0,0,52,0.000000,0,1,0,7208111201370619142
27,90,53,0,53,0,0,0,0,53,0.000000,0,1,0,15263107603888246826
27,91,52,0,52,0,0,0,0,52,0.000000,0,1,0,5280225702791860245
27,92,52,0,52,0,0,0,0,52,0.000000,0,1,0,16816840164736787078
27,93,52,0,52,0,0,0,0,52,0.000000,0,1,0,14180103728330622440
27,94,52,0,52,0,0,0,0,52,0.000000,0,1,0,8504623216709662479
27,95,52,0,52,0,0,0,0,52,0.000000,0,1,0,306588334220422829
27,96,52,0,52,0,0,0,0,52,0.000000,0,1,0,11535438690615374642
27,97,53,0,53,0,0,0,0,53,0.000000,0,1,0,11591453455867030870
27,98,52,0,52,0,0,0,0,52,0.000000,0,1,0,4717197509744386460
27,99,52,0,52,0,0,0,0,52,0.000000,0,1,0,17166780687123969238
27,100,52,0,52,0,0,0,0,52,0.000000,0,1,0,11987345907004148789
28,1,52,0,0,5,0,0,47,0,382.903846,0,0,2,17677584670324182408
28,2,52,0,34,18,0,0,0,33,48.576923,0,0,0,4313235598606392906
28,3,52,0,52,0,0,0,0,52,10.384615,0,0,0,7039631312398762517
28,4,52,0,49,3,0,0,0,47,26.326923,0,0,0,2624309576765456263
28,5,52,0,35,16,0,1,0,29,48.500000,0,0,0,7733866485597284868
28,6,53,0,45,5,0,3,0,44,19.566038,0,0,0,4419393224497491896
28,7,52,0,52,0,0,0,0,52,0.846154,0,0,0,14166627074407181163
28,8,52,0,52,0,0,0,0,52,8.134615,0,0,0,9535554428531315679
28,9,52,0,52,0,0,0,0,52,13.019231,0,0,0,4849605624879742030
28,10,52,0,52,0,0,0,0,52,4.019231,0,0,0,15793162189032617900
28,11,52,1,51,0,0,0,0,51,5.403846,0,1,0,236501697866356608
28,12,52,0,52,0,0,0,0,52,3.942308,0,1,0,7342706612756061904
28,13,53,0,53,0,0,0,0,53,3.849057,0,1,0,11464475365020154832
28,14,52,0,52,0,0,0,0,52,14.403846,0,1,0,7307616952320262571
28,15,52,0,36,16,0,0,0,35,36.846154,0,1,0,11018790206763866730
28,16,52,0,50,2,0,0,0,50,22.500000,0,1,0,16753575167149365598
28,17,52,0,52,0,0,0,0,52,21.173077,0,1,0,11806380811743605696
28,18,52,0,52,0,0,0,0,52,1.461538,0,1,0,16786326840692663591
28,19,52,0,52,0,0,0,0,52,0.000000,0,1,0,4122764368381871331
28,20,53,0,53,0,0,0,0,53,0.000000,0,1,0,16260350569324384617
28,21,52,0,52,0,0,0,0,52,0.000000,0,1,0,14466525549388844802
28,22,52,0,52,0,0,0,0,52,0.000000,0,1,0,16304225664847807437
28,23,52,0,52,0,0,0,0,52,0.000000,0,1,0,11470286224847134761
28,24,52,0,52,0,0,0,0,52,0.000000,0,1,0,10839606279204066139
28,25,52,0,52,0,0,0,0,52,0.000000,0,1,0,17241312799770422896
28,26,52,0,52,0,0,0,0,52,0.000000,0,1,0,17965593169557975762
28,27,53,0,53,0,0,0,0,53,0.000000,0,1,0,11312351196456934766
28,28,52,0,52,0,0,0,0,52,0.000000,0,1,0,4801578530467554625
28,29,52,0,52,0,0,0,0,52,0.000000,0,1,0,9573726961826025808
28,30,52,0,52,0,0,0,0,52,0.000000,0,1,0,2720742355824246406
28,31,52,0,52,0,0,0,0,52,0.000000,0,1,0,12394697417090362128
28,32,52,0,52,0,0,0,0,52,0.000000,0,1,0,10518430825135452985
28,33,52,0,52,0,0,0,0,52,0.000000,0,1,0,14318202275449821168
28,34,53,0,53,0,0,0,0,53,0.000000,0,1,0,6667341417454311052
28,35,52,0,52,0,0,0,0,52,0.000000,0,1,0,9057099986111777993
28,36,52,0,52,0,0,0,0,52,0.000000,0,1,0,6420405993296482825
28,37,52,0,52,0,0,0,0,52,0.000000,0,1,0,1346337927714537927
28,38,52,0,52,0,0,0,0,52,0.000000,0,1,0,11525715316180658615
28,39,52,0,52,0,0,0,0,52,0.000000,0,1,0,8667704382254565317
28,40,52,0,52,0,0,0,0,52,0.000000,0,1,0,352610119906381021
28,41,53,0,53,0,0,0,0,53,0.000000,0,1,0,15890762464328443461
28,42,52,0,52,0,0,0,0,52,0.000000,0,1,0,10839661574956643691
28,43,52,0,52,0,0,0,0,52,0.000000,0,1,0,12846343895308075520
28,44,52,0,52,0,0,0,0,52,0.000000,0,1,0,12781130360969306168
28,45,52,0,52,0,0,0,0,52,0.000000,0,1,0,11039470201476872356
28,46,52,0,52,0,0,0,0,52,0.000000,0,1,0,17074277868300924820
28,47,52,0,52,0,0,0,0,52,0.000000,0,1,0,13599592896091307564
28,48,53,0,53,0,0,0,0,53,0.000000,0,1,0,7312891140089614840
28,49,52,0,52,0,0,0,0,52,0.000000,0,1,0,4346115186662900752
28,50,52,0,52,0,0,0,0,52,0.000000,0,1,0,14335358512671636432
28,51,52,0,52,0,0,0,0,52,0.000000,0,1,0,439405210449472731
28,52,52,0,52,0,0,0,0,52,0.000000,0,1,0,10891040987331307662
28,53,52,0,52,0,0,0,0,52,0.000000,0,1,0,14439989375185923009
28,54,52,0,52,0,0,0,0,52,0.000000,0,1,0,16621506022468714086
28,55,53,0,53,0,0,0,0,53,0.000000,0,1,0,15378045262345588499
28,56,52,0,52,0,0,0,0,52,0.000000,0,1,0,3026123475963084839
28,57,52,0,52,0,0,0,0,52,0.000000,0,1,0,2576130478228486377
28,58,52,0,52,0,0,0,0,52,0.000000,0,1,0,7443174926600026149
28,59,52,0,52,0,0,0,0,52,0.000000,0,1,0,15894084089354874746
28,60,52,0,52,0,0,0,0,52,0.000000,0,1,0,448196680104134453
28,61,52,0,52,0,0,0,0,52,0.000000,0,1,0,13641868629261845988
28,62,53,0,53,0,0,0,0,53,0.000000,0,1,0,5113704027269257176
28,63,52,0,52,0,0,0,0,52,0.000000,0,1,0,4120268143271551783
28,64,52,0,52,0,0,0,0,52,0.000000,0,1,0,12765147039918125635
28,65,52,0,52,0,0,0,0,52,0.000000,0,1,0,11169379617212668733
28,66,52,0,52,0,0,0,0,52,0.000000,0,1,0,15776462288587416085
28,67,52,0,52,0,0,0,0,52,0.000000,0,1,0,4349493769333502477
28,68,52,0,52,0,0,0,0,52,0.000000,0,1,0,13974526085766491012
28,69,53,0,53,0,0,0,0,53,0.000000,0,1,0,9809662282761932805
28,70,52,0,52,0,0,0,0,52,0.000000,0,1,0,4976638553149230391
28,71,52,0,52,0,0,0,0,52,0.000000,0,1,0,10475518221024354384
28,72,52,0,52,0,0,0,0,52,0.000000,0,1,0,6825546635485852754
28,73,52,0,52,0,0,0,0,52,0.000000,0,1,0,15622863893964112896
28,74,52,0,52,0,0,0,0,52,0.000000,0,1,0,16402189610541494757
28,75,52,0,52,0,0,0,0,52,0.000000,0,1,0,5852094934659036703
28,76,53,0,53,0,0,0,0,53,0.000000,0,1,0,13073523363811825568
28,77,52,0,52,0,0,0,0,52,0.000000,0,1,0,16249377531591580549
28,78,52,0,52,0,0,0,0,52,0.000000,0,1,0,3253297440474290902
28,79,52,0,52,0,0,0,0,52,0.000000,0,1,0,17526973054809800830
28,80,52,0,52,0,0,0,0,52,0.000000,0,1,0,4628125176299186018
28,81,52,0,52,0,0,0,0,52,0.000000,0,1,0,5642518688135809868
28,82,52,0,52,0,0,0,0,52,0.000000,0,1,0,17417808777432215966
28,83,53,0,53,0,0,0,0,53,0.000000,0,1,0,13855465048200918654
28,84,52,0,52,0,0,0,0,52,0.000000,0,1,0,743279365262487610
28,85,52,0,52,0,0,0,0,52,0.000000,0,1,0,18145466828472153759
28,86,52,0,52,0,0,0,0,52,0.000000,0,1,0,12821257247975768192
28,87,52,0,52,0,0,0,0,52,0.000000,0,1,0,6523164241677835071
28,88,52,0,52,0,0,0,0,52,0.000000,0,1,0,14227365901229889390
28,89,52,0,52,0,0,0,0,52,0.000000,0,1,0,2437406250994938997
28,90,53,0,53,0,0,0,0,53,0.000000,0,1,0,5167732311879885958
28,91,52,0,52,0,0,0,0,52,0.000000,0,1,0,10644653885788167213
28,92,52,0,52,0,0,0,0,52,0.000000,0,1,0,17211858537741127640
28,93,52,0,52,0,0,0,0,52,0.000000,0,1,0,10072303434762313200
28,94,52,0,52,0,0,0,0,52,0.000000,0,1,0,1781956186305316263
28,95,52,0,52,0,0,0,0,52,0.000000,0,1,0,14319573963311524489
28,96,52,0,52,0,0,0,0,52,0.000000,0,1,0,15691940358631590305
28,97,53,0,53,0,0,0,0,53,0.000000,0,1,0,5355580868514062410
28,98,52,0,52,0,0,0,0,52,0.000000,0,1,0,13792284012770829836
28,99,52,0,52,0,0,0,0,52,0.000000,0,1,0,17459858629316940465
28,100,52,0,52,0,0,0,0,52,0.000000,0,1,0,296065418453503279
29,1,52,0,0,5,0,0,47,0,373.442308,0,0,2,8463694835673451673
29,2,52,0,0,52,0,0,0,0,158.423077,0,0,1,10594457606251534912
29,3,52,0,46,6,0,0,0,45,23.480769,0,0,0,17821772495005535070
29,4,52,0,44,8,0,0,0,43,31.076923,0,0,0,9067050840183548762
29,5,52,0,48,4,0,0,0,47,21.134615,0,0,1,7730968412024003866
29,6,53,0,52,1,0,0,0,51,19.188679,0,0,1,13744077206931129490
29,7,52,0,0,52,0,0,0,0,127.326923,0,0,2,1313751170673691204
29,8,52,0,33,19,0,0,0,33,64.538462,0,0,0,303307810686580994
29,9,52,0,52,0,0,0,0,52,2.211538,0,0,0,5707218906882673675
29,10,52,0,52,0,0,0,0,52,4.076923,0,0,0,15458377815542761212
29,11,52,0,52,0,0,0,0,52,3.673077,0,0,0,18325874026584570806
29,12,52,0,52,0,0,0,0,52,5.230769,0,0,0,10617236824263757254
29,13,53,0,53,0,0,0,0,53,4.962264,0,0,0,15199740810032536220
29,14,52,0,52,0,0,0,0,52,3.692308,0,0,0,17360663790260786047
29,15,52,0,52,0,0,0,0,52,2.769231,0,0,0,3772826752956176891
29,16,52,0,52,0,0,0,0,52,5.230769,0,0,0,14143068481813969174
29,17,52,0,46,0,0,6,0,45,17.269231,0,0,1,5368341617173965324
29,18,52,0,0,0,0,52,0,0,143.000000,0,0,2,787928318459628845
29,19,52,0,0,0,0,52,0,0,299.000000,0,0,4,2477177535718104532
29,20,53,0,0,0,0,53,0,0,435.471698,0,0,3,12458689375750445083
29,21,52,0,48,4,0,0,0,48,12.942308,0,0,0,2934995548505538262
29,22,52,0,52,0,0,0,0,52,5.076923,0,0,0,16342214026627114261
29,23,52,0,52,0,0,0,0,52,6.538462,0,0,0,9057949924589815841
29,24,52,0,45,0,0,7,0,44,23.846154,0,0,1,10779476521268891019
29,25,52,0,0,0,0,52,0,0,150.000000,0,0,2,17770538984762902283
29,26,52,0,0,0,0,52,0,0,306.000000,0,0,4,4758725966551663157
29,27,53,0,0,0,0,53,0,0,451.018868,0,0,4,7982806900222561992
29,28,52,0,0,0,0,52,0,0,480.000000,0,0,4,14110275879682130207
29,29,52,0,0,0,0,52,0,0,480.000000,0,0,4,10353576458205615767
29,30,52,0,0,0,0,52,0,0,480.000000,0,0,4,8317938693546969695
29,31,52,0,21,0,0,31,0,21,198.750000,0,0,0,2957467204372660909
29,32,52,0,52,0,0,0,0,52,3.038462,0,0,0,14269068403620002100
29,33,52,0,52,0,0,0,0,52,7.057692,0,0,0,11129920429898023324
29,34,53,0,53,0,0,0,0,52,8.716981,0,0,0,2779107626449184677
29,35,52,0,28,0,0,24,0,25,55.557692,0,0,1,1488869401847885164
29,36,52,0,0,0,0,52,0,0,197.615385,0,0,4,13142874939642479620
29,37,52,0,0,0,0,52,0,0,394.000000,0,0,4,415495756800032031
29,38,52,0,0,0,0,52,0,0,475.692308,0,0,4,10462015033488877253
29,39,52,0,0,0,0,52,0,0,480.000000,0,0,4,16548709164333000231
29,40,52,0,0,0,0,52,0,0,480.000000,0,0,4,14672975042503544953
29,41,53,0,15,0,0,38,0,13,142.547170,0,0,1,13536671831523157032
29,42,52,0,18,0,0,34,0,17,93.750000,0,0,1,11455381740637798187
29,43,52,0,0,0,0,52,0,0,261.250000,0,0,4,13961790531044565693
29,44,52,0,0,0,0,52,0,0,351.423077,0,0,4,2811507738345330685
29,45,52,0,0,0,0,52,0,0,364.615385,0,0,4,4648429934123219747
29,46,52,0,0,0,0,52,0,0,376.596154,0,0,4,5057174937369541263
29,47,52,0,0,0,0,52,0,0,380.346154,0,0,4,10416380123182548590
29,48,53,0,0,0,0,53,0,0,384.603774,0,0,4,4176442372322272434
29,49,52,0,0,0,0,52,0,0,387.000000,0,0,4,1311625697478311682
29,50,52,0,0,0,0,52,0,0,445.500000,0,0,4,9835778105207486433
29,51,52,0,0,0,0,52,0,0,537.826923,0,0,4,16262039124676883984
29,52,52,0,0,0,0,52,0,0,409.750000,0,0,4,1246017968182665651
29,53,52,0,0,0,0,52,0,0,284.884615,0,0,2,16380716879384673270
29,54,52,0,10,0,0,42,0,10,105.461538,0,0,0,10567076423934630328
29,55,53,0,53,0,0,0,0,53,6.528302,0,0,0,7256097064991933063
29,56,52,0,52,0,0,0,0,52,0.923077,0,0,0,6562837383761435849
29,57,52,0,52,0,0,0,0,52,0.000000,0,0,0,5912333517523113873
29,58,52,0,52,0,0,0,0,52,0.000000,0,0,0,7595766125140757335
29,59,52,0,52,0,0,0,0,52,0.000000,0,0,0,1932781164657898823
29,60,52,0,52,0,0,0,0,52,0.000000,0,0,0,6076747401778561877
29,61,52,0,52,0,0,0,0,52,0.000000,0,0,0,622995188854300009
29,62,53,0,53,0,0,0,0,53,0.000000,0,0,0,3620936111540186187
29,63,52,0,52,0,0,0,0,52,0.000000,0,0,0,6339017632346053204
29,64,52,0,52,0,0,0,0,52,0.000000,0,0,0,8989870544496084522
29,65,52,0,52,0,0,0,0,52,0.000000,0,0,0,15578807569984070330
29,66,52,0,52,0,0,0,0,52,0.000000,0,0,0,849067303908958038
29,67,52,0,52,0,0,0,0,52,0.000000,0,0,0,1435913896659935112
29,68,52,0,52,0,0,0,0,52,0.000000,0,0,0,3078658604789417977
29,69,53,0,53,0,0,0,0,53,0.000000,0,0,0,11542297143701304675
29,70,52,0,52,0,0,0,0,52,0.000000,0,0,0,4648523858475443616
29,71,52,0,52,0,0,0,0,52,0.000000,0,0,0,13953312508405356731
29,72,52,0,52,0,0,0,0,52,0.000000,0,0,0,5725188781800710112
29,73,52,0,52,0,0,0,0,52,0.000000,0,0,0,6838422288353078723
29,74,52,0,52,0,0,0,0,52,0.000000,0,0,0,11610447058192835095
29,75,52,0,52,0,0,0,0,52,0.000000,0,0,0,5932868895509809802
29,76,53,0,53,0,0,0,0,53,0.000000,0,0,0,13875818322651691137
29,77,52,0,52,0,0,0,0,52,0.000000,0,0,0,7707583324018590805
29,78,52,0,52,0,0,0,0,52,0.000000,0,0,0,1397592362732340663
29,79,52,0,52,0,0,0,0,52,0.000000,0,0,0,4137205689757057782
29,80,52,0,52,0,0,0,0,52,0.000000,0,0,0,15978039941916361065
29,81,52,0,52,0,0,0,0,52,0.000000,0,0,0,2558847728050256764
29,82,52,0,52,0,0,0,0,52,0.000000,0,0,0,6667052576330942178
29,83,53,0,53,0,0,0,0,53,0.000000,0,0,0,15374678784045571403
29,84,52,0,52,0,0,0,0,52,0.000000,0,0,0,7154342970285667721
29,85,52,0,52,0,0,0,0,52,0.000000,0,0,0,6724563772895501171
29,86,52,0,52,0,0,0,0,52,0.000000,0,0,0,13604531120051472509
29,87,52,0,52,0,0,0,0,52,0.000000,0,0,0,18165572745437945742
29,88,52,0,52,0,0,0,0,52,0.000000,0,0,0,779203041235679719
29,89,52,0,52,0,0,0,0,52,0.000000,0,0,0,6798040683535502301
29,90,53,0,53,0,0,0,0,53,0.000000,0,0,0,7825586970341224318
29,91,52,0,52,0,0,0,0,52,0.000000,0,0,0,3037360591413307043
29,92,52,0,52,0,0,0,0,52,0.000000,0,0,0,1499912508210007132
29,93,52,0,52,0,0,0,0,52,0.000000,0,0,0,7885924953683900164
29,94,52,0,52,0,0,0,0,52,0.000000,0,0,0,4158880433679056252
29,95,52,0,52,0,0,0,0,52,0.000000,0,0,0,8672340070872759885
29,96,52,0,52,0,0,0,0,52,0.000000,0,0,0,17043369498974868114
29,97,53,0,53,0,0,0,0,53,0.000000,0,0,0,171912363495091974
29,98,52,0,52,0,0,0,0,52,0.000000,0,0,0,5258831473136185102
29,99,52,0,52,0,0,0,0,52,0.000000,0,0,0,13746156604355061114
29,100,52,0,52,0,0,0,0,52,0.000000,0,0,0,4792019717566473762
30,1,52,0,0,5,0,0,47,0,348.173077,1,0,1,11666676671666084206
30,2,52,0,38,14,0,0,0,34,40.846154,0,1,0,16062959307259502142
30,3,52,0,49,3,0,0,0,44,25.769231,0,1,0,5120667106609598373
30,4,52,0,52,0,0,0,0,52,11.653846,0,1,0,5402376305513225448
30,5,52,0,52,0,0,0,0,52,12.576923,0,1,0,77924663139422870
30,6,53,0,53,0,0,0,0,53,0.075472,0,1,0,1498165648603543775
30,7,52,0,52,0,0,0,0,51,10.442308,0,1,0,448356172000133277
30,8,52,0,51,0,0,1,0,49,30.500000,0,1,0,12451988379664447542
30,9,52,0,52,0,0,0,0,52,19.576923,0,1,0,15356340392317289073
30,10,52,0,52,0,0,0,0,52,24.076923,0,1,0,8448751183809535027
30,11,52,0,52,0,0,0,0,52,0.269231,0,1,0,15466645972293147667
30,12,52,0,52,0,0,0,0,52,2.000000,0,1,0,1207090419218241514
30,13,53,0,53,0,0,0,0,53,7.905660,0,1,0,11433781484024037219
30,14,52,0,52,0,0,0,0,52,3.750000,0,1,0,2065078285080185561
30,15,52,0,52,0,0,0,0,52,1.865385,0,1,0,1627310841264079595
30,16,52,0,52,0,0,0,0,52,4.384615,0,1,0,4403999855406365943
30,17,52,0,52,0,0,0,0,52,2.942308,0,1,0,18247581913047317332
30,18,52,0,52,0,0,0,0,52,5.615385,0,1,0,153616471228224262
30,19,52,0,52,0,0,0,0,52,4.346154,0,1,0,12611676341634397772
30,20,53,0,53,0,0,0,0,53,3.698113,0,1,0,7504110063236918284
30,21,52,0,52,0,0,0,0,52,3.500000,0,1,0,3111912683891556517
30,22,52,0,52,0,0,0,0,52,5.923077,0,1,0,134461974999832575
30,23,52,0,52,0,0,0,0,52,2.769231,0,1,0,16341284943510264783
30,24,52,0,52,0,0,0,0,52,2.326923,0,1,0,14021567188859263502
30,25,52,0,52,0,0,0,0,52,3.076923,0,1,0,18320154269218130001
30,26,52,0,52,0,0,0,0,52,3.000000,0,1,0,5986250505208943856
30,27,53,0,53,0,0,0,0,53,2.943396,0,1,0,15052798217416704293
30,28,52,0,52,0,0,0,0,52,3.692308,0,1,0,10568565300927944904
30,29,52,0,52,0,0,0,0,52,1.557692,0,1,0,18356200244621501790
30,30,52,0,52,0,0,0,0,52,2.634615,0,1,0,421362844110412115
30,31,52,0,52,0,0,0,0,52,3.711538,0,1,0,6396922427371519939
30,32,52,0,52,0,0,0,0,52,2.634615,0,1,0,7604587985874528456
30,33,52,0,52,0,0,0,0,52,4.038462,0,1,0,15463441833022797208
30,34,53,0,53,0,0,0,0,53,3.849057,0,1,0,17741182115956098905
30,35,52,0,52,0,0,0,0,52,3.423077,0,1,0,1209793322306914107
30,36,52,0,52,0,0,0,0,52,2.692308,0,1,0,6731125310888094668
30,37,52,0,52,0,0,0,0,52,3.384615,0,1,0,9839696745877562114
30,38,52,0,52,0,0,0,0,52,5.269231,0,1,0,3146527356077444510
30,39,52,0,52,0,0,0,0,52,3.653846,0,1,0,14646221312525600893
30,40,52,0,52,0,0,0,0,52,3.307692,0,1,0,787324550286564022
30,41,53,0,53,0,0,0,0,53,4.962264,0,1,0,3859389761613847973
30,42,52,0,52,0,0,0,0,52,3.653846,0,1,0,17439171865122330405
30,43,52,0,52,0,0,0,0,52,3.615385,0,1,0,7395580921495460352
30,44,52,0,52,0,0,0,0,52,4.288462,0,1,0,960372852724853507
30,45,52,0,52,0,0,0,0,52,3.711538,0,1,0,16998220477404310395
30,46,52,0,52,0,0,0,0,52,2.038462,0,1,0,16726745160353558342
30,47,52,0,52,0,0,0,0,52,5.076923,0,1,0,15930437253886675732
30,48,53,0,53,0,0,0,0,53,2.452830,0,1,0,10095733686092127094
30,49,52,0,52,0,0,0,0,52,3.538462,0,1,0,9964230391819604437
30,50,52,0,52,0,0,0,0,52,2.403846,0,1,0,14248737942029160627
30,51,52,0,52,0,0,0,0,52,1.711538,0,1,0,16814686385700196294
30,52,52,0,52,0,0,0,0,52,1.769231,0,1,0,15569819075870462655
30,53,52,0,52,0,0,0,0,52,0.942308,0,1,0,8463530235875447890
30,54,52,0,52,0,0,0,0,52,0.442308,0,1,0,7611846658156523770
30,55,53,0,53,0,0,0,0,53,0.698113,0,1,0,16685107823127527792
30,56,52,0,52,0,0,0,0,52,0.000000,0,1,0,4665663992030918851
30,57,52,0,52,0,0,0,0,52,0.000000,0,1,0,319097425047688707
30,58,52,0,52,0,0,0,0,52,0.000000,0,1,0,18319396406796062944
30,59,52,0,52,0,0,0,0,52,0.000000,0,1,0,1938147112798886924
30,60,52,0,52,0,0,0,0,52,0.000000,0,1,0,14344152447486649003
30,61,52,0,52,0,0,0,0,52,0.000000,0,1,0,4956255279794812156
30,62,53,0,53,0,0,0,0,53,0.000000,0,1,0,7107370147833672911
30,63,52,0,52,0,0,0,0,52,0.000000,0,1,0,301446615347786941
30,64,52,0,52,0,0,0,0,52,0.000000,0,1,0,567291443927227074
30,65,52,0,52,0,0,0,0,52,0.000000,0,1,0,6459795943295194877
30,66,52,0,52,0,0,0,0,52,0.000000,0,1,0,2143083510692545582
30,67,52,0,52,0,0,0,0,52,0.000000,0,1,0,9154914383578169499
30,68,52,0,52,0,0,0,0,52,0.000000,0,1,0,2353217933918369042
30,69,53,0,53,0,0,0,0,53,0.000000,0,1,0,1878765056256790184
30,70,52,0,52,0,0,0,0,52,0.000000,0,1,0,5900321366237563152
30,71,52,0,52,0,0,0,0,52,0.000000,0,1,0,14662414715965427605
30,72,52,0,52,0,0,0,0,52,0.000000,0,1,0,2010061447084835985
30,73,52,0,52,0,0,0,0,52,0.000000,0,1,0,17611819697907048872
30,74,52,0,52,0,0,0,0,52,0.000000,0,1,0,16093676616805053954
30,75,52,0,52,0,0,0,0,52,0.000000,0,1,0,9940352071012479343
30,76,53,0,53,0,0,0,0,53,0.000000,0,1,0,1538713886112555792
30,77,52,0,52,0,0,0,0,52,0.000000,0,1,0,4399126412515312365
30,78,52,0,52,0,0,0,0,52,0.000000,0,1,0,12729319359902323311
30,79,52,0,52,0,0,0,0,52,0.000000,0,1,0,7986558643807207730
30,80,52,0,52,0,0,0,0,52,0.000000,0,1,0,10124225230192955748
30,81,52,0,52,0,0,0,0,52,0.000000,0,1,0,1633005455479716178
30,82,52,0,52,0,0,0,0,52,0.000000,0,1,0,8577086911922867305
30,83,53,0,53,0,0,0,0,53,0.000000,0,1,0,10742513637627675191
30,84,52,0,52,0,0,0,0,52,0.000000,0,1,0,10287832763269872350
30,85,52,0,52,0,0,0,0,52,0.000000,0,1,0,9758179386572496595
30,86,52,0,52,0,0,0,0,52,0.000000,0,1,0,16372224756114644705
30,87,52,0,52,0,0,0,0,52,0.000000,0,1,0,18079624968516969017
30,88,52,0,52,0,0,0,0,52,0.000000,0,1,0,12602808664586178938
30,89,52,0,52,0,0,0,0,52,0.000000,0,1,0,16906017330661089362
30,90,53,0,53,0,0,0,0,53,0.000000,0,1,0,13659452242684005840
30,91,52,0,52,0,0,0,0,52,0.000000,0,1,0,3433310118600984741
30,92,52,0,52,0,0,0,0,52,0.000000,0,1,0,3587395406699418694
30,93,52,0,52,0,0,0,0,52,0.000000,0,1,0,9283876349992218921
30,94,52,0,52,0,0,0,0,52,0.000000,0,1,0,1954348586409951854
30,95,52,0,52,0,0,0,0,52,0.000000,0,1,0,12951882244225258786
30,96,52,0,52,0,0,0,0,52,0.000000,0,1,0,4082466495920178091
30,97,53,0,53,0,0,0,0,53,0.000000,0,1,0,7576332893426353565
30,98,52,0,52,0,0,0,0,52,0.000000,0,1,0,17792850348947880489
30,99,52,0,52,0,0,0,0,52,0.000000,0,1,0,13476075665185569459
30,100,52,0,52,0,0,0,0,52,0.000000,0,1,0,14781849592020308876
31,1,52,0,0,5,0,0,47,0,383.384615,0,0,2,13202861287912800818
31,2,52,0,25,27,0,0,0,24,104.807692,0,0,0,12194244240539693705
31,3,52,0,45,7,0,0,0,41,31.230769,0,0,0,3314586696925556371
31,4,52,0,52,0,0,0,0,52,22.538462,0,0,0,4024303107063283950
31,5,52,0,52,0,0,0,0,52,18.076923,0,0,0,7909655217101553406
31,6,53,0,53,0,0,0,0,53,13.283019,0,0,0,5809641011094585880
31,7,52,0,44,3,0,5,0,42,33.769231,0,0,0,845220404946889847
31,8,52,0,51,0,0,1,0,50,18.326923,0,0,0,382393117167942869
31,9,52,0,28,0,0,24,0,27,51.673077,0,0,0,133877024195929930
31,10,52,0,52,0,0,0,0,52,12.192308,0,0,0,6492779167357345329
31,11,52,0,52,0,0,0,0,52,6.384615,0,0,0,6753625222969058374
31,12,52,0,52,0,0,0,0,52,6.076923,0,0,0,13669433382950764431
31,13,53,0,53,0,0,0,0,53,7.283019,0,0,0,12120937513709949174
31,14,52,0,50,0,0,2,0,49,13.615385,0,0,0,1074881466636019054
31,15,52,0,52,0,0,0,0,52,7.596154,0,0,0,2847814206572754909
31,16,52,0,52,0,0,0,0,52,7.403846,0,0,0,12702921731949018718
31,17,52,0,52,0,0,0,0,52,10.269231,0,0,0,14734874220922250902
31,18,52,0,52,0,0,0,0,52,7.576923,0,0,0,5488067880892039547
31,19,52,0,52,0,0,0,0,52,9.961538,0,0,0,3449296238245346835
31,20,53,0,53,0,0,0,0,53,7.471698,0,0,0,7596259468894662019
31,21,52,0,52,0,0,0,0,52,0.230769,0,0,0,1472702124432119188
31,22,52,0,52,0,0,0,0,52,1.615385,0,0,0,4907120434067998674
31,23,52,0,52,0,0,0,0,52,0.000000,0,0,0,10741468534300182879
31,24,52,0,52,0,0,0,0,52,0.038462,0,0,0,17197867487106446083
31,25,52,0,52,0,0,0,0,52,0.000000,0,0,0,11393934705600055201
31,26,52,0,52,0,0,0,0,52,0.000000,0,0,0,8509819427838605664
31,27,53,0,53,0,0,0,0,53,0.000000,0,0,0,393152657255556001
31,28,52,0,52,0,0,0,0,52,0.000000,0,0,0,7204651853490271284
31,29,52,0,52,0,0,0,0,52,0.000000,0,0,0,17689612584899125357
31,30,52,0,52,0,0,0,0,52,0.000000,0,0,0,8740228144653278225
31,31,52,0,52,0,0,0,0,52,0.000000,0,0,0,11714326030616095462
31,32,52,0,52,0,0,0,0,52,0.000000,0,0,0,8724916128633155886
31,33,52,0,52,0,0,0,0,52,0.000000,0,0,0,4936559772361114169
31,34,53,0,53,0,0,0,0,53,0.000000,0,0,0,1148474608799296735
31,35,52,0,52,0,0,0,0,52,0.000000,0,0,0,11027114398009720200
31,36,52,0,52,0,0,0,0,52,0.000000,0,0,0,5184699101829375297
31,37,52,0,52,0,0,0,0,52,0.000000,0,0,0,11839418105129729252
31,38,52,0,52,0,0,0,0,52,0.000000,0,0,0,2558812466687170646
31,39,52,0,52,0,0,0,0,52,0.000000,0,0,0,12813689803086230824
31,40,52,0,52,0,0,0,0,52,0.000000,0,0,0,4583170724674659678
31,41,53,0,53,0,0,0,0,53,0.000000,0,0,0,17630691791258889052
31,42,52,0,52,0,0,0,0,52,0.000000,0,0,0,9607796241834666587
31,43,52,0,52,0,0,0,0,52,0.000000,0,0,0,8946886522766469103
31,44,52,0,52,0,0,0,0,52,0.000000,0,0,0,17742467503714719688
31,45,52,0,52,0,0,0,0,52,0.000000,0,0,0,15721976116173084992
31,46,52,0,52,0,0,0,0,52,0.000000,0,0,0,3176578088402999028
31,47,52,0,52,0,0,0,0,52,0.000000,0,0,0,8276095706376599528
31,48,53,0,53,0,0,0,0,53,0.000000,0,0,0,11906614409683479715
31,49,52,0,52,0,0,0,0,52,0.000000,0,0,0,5628563961795012601
31,50,52,0,52,0,0,0,0,52,0.000000,0,0,0,1513869093057377540
31,51,52,0,52,0,0,0,0,52,0.000000,0,0,0,4229722351168227842
31,52,52,0,52,0,0,0,0,52,0.000000,0,0,0,16287382511257169344
31,53,52,0,52,0,0,0,0,52,0.000000,0,0,0,16173309182911459469
31,54,52,0,52,0,0,0,0,52,0.000000,0,0,0,1733397559231255271
31,55,53,0,53,0,0,0,0,53,0.000000,0,0,0,6836849518956542296
31,56,52,0,52,0,0,0,0,52,0.000000,0,0,0,7914593792581879373
31,57,52,0,52,0,0,0,0,52,0.000000,0,0,0,15111101982924800026
31,58,52,0,52,0,0,0,0,52,0.000000,0,0,0,8267301384277226755
31,59,52,0,52,0,0,0,0,52,0.000000,0,0,0,11162193075288145793
31,60,52,0,52,0,0,0,0,52,0.000000,0,0,0,13572494377105382818
31,61,52,0,52,0,0,0,0,52,0.000000,0,0,0,8826933800236183043
31,62,53,0,53,0,0,0,0,53,0.000000,0,0,0,4919091515202986939
31,63,52,0,52,0,0,0,0,52,0.000000,0,0,0,18348807617300360292
31,64,52,0,52,0,0,0,0,52,0.000000,0,0,0,7006550952274428285
31,65,52,0,52,0,0,0,0,52,0.000000,0,0,0,4356955350455389074
31,66,52,0,52,0,0,0,0,52,0.000000,0,0,0,6852018516159699645
31,67,52,0,52,0,0,0,0,52,0.000000,0,0,0,15382141759823322110
31,68,52,0,52,0,0,0,0,52,0.000000,0,0,0,18242636585878498611
31,69,53,0,53,0,0,0,0,53,0.000000,0,0,0,277058528254519749
31,70,52,0,52,0,0,0,0,52,0.000000,0,0,0,17492333527071854477
31,71,52,0,52,0,0,0,0,52,0.000000,0,0,0,6189904226489158220
31,72,52,0,52,0,0,0,0,52,0.000000,0,0,0,8290428316593060584
31,73,52,0,52,0,0,0,0,52,0.000000,0,0,0,15949745034015521739
31,74,52,0,52,0,0,0,0,52,0.000000,0,0,0,12812035757192417530
31,75,52,0,52,0,0,0,0,52,0.000000,0,0,0,10115282733157542709
31,76,53,0,53,0,0,0,0,53,0.000000,0,0,0,12715953691405117881
31,77,52,0,52,0,0,0,0,52,0.000000,0,0,0,8090287455627522513
31,78,52,0,52,0,0,0,0,52,0.000000,0,0,0,17594330421554038981
31,79,52,0,52,0,0,0,0,52,0.000000,0,0,0,12643572182642767125
31,80,52,0,52,0,0,0,0,52,0.000000,0,0,0,12487324630061273260
31,81,52,0,52,0,0,0,0,52,0.000000,0,0,0,12975410425623898886
31,82,52,0,52,0,0,0,0,52,0.000000,0,0,0,14123976239685810244
31,83,53,0,53,0,0,0,0,53,0.000000,0,0,0,12503839374171020607
31,84,52,0,52,0,0,0,0,52,0.000000,0,0,0,625990763715611189
31,85,52,0,52,0,0,0,0,52,0.000000,0,0,0,14961126814111249514
31,86,52,0,52,0,0,0,0,52,0.000000,0,0,0,552419227092740984
31,87,52,0,52,0,0,0,0,52,0.000000,0,0,0,9458810849947235803
31,88,52,0,52,0,0,0,0,52,0.000000,0,0,0,3734000247874811338
31,89,52,0,52,0,0,0,0,52,0.000000,0,0,0,1083242423472465717
31,90,53,0,53,0,0,0,0,53,0.000000,0,0,0,7661638570691398346
31,91,52,0,52,0,0,0,0,52,0.000000,0,0,0,17326461858805653584
31,92,52,0,52,0,0,0,0,52,0.000000,0,0,0,17717196521598192475
31,93,52,0,52,0,0,0,0,52,0.000000,0,0,0,17628909741410350953
31,94,52,0,52,0,0,0,0,52,0.000000,0,0,0,14609711775731987893
31,95,52,0,52,0,0,0,0,52,0.000000,0,0,0,1017193529972024444
31,96,52,0,52,0,0,0,0,52,0.000000,0,0,0,10186709863392014301
31,97,53,0,53,0,0,0,0,53,0.000000,0,0,0,7360401410828926598
31,98,52,0,52,0,0,0,0,52,0.000000,0,0,0,15831746089415763956
31,99,52,0,52,0,0,0,0,52,0.000000,0,0,0,12241583860247216885
31,100,52,0,52,0,0,0,0,52,0.000000,0,0,0,17048069639965566249
32,1,52,0,0,5,0,0,47,0,370.807692,0,0,2,8261739357442211632
32,2,52,0,21,31,0,0,0,14,88.653846,0,0,0,1802852842573477125
32,3,52,0,51,1,0,0,0,50,16.730769,0,0,0,2637887241899331744
32,4,52,0,52,0,0,0,0,52,13.634615,0,0,0,12871842240809915638
32,5,52,0,52,0,0,0,0,52,16.096154,0,0,0,16060332152817325479
32,6,53,0,51,2,0,0,0,48,24.188679,0,0,0,14348057346197567133
32,7,52,0,52,0,0,0,0,51,22.192308,0,0,0,5277124475874981828
32,8,52,0,52,0,0,0,0,52,11.423077,0,0,0,1320395960636284501
32,9,52,0,52,0,0,0,0,52,12.442308,0,0,0,7282053985131777705
32,10,52,0,52,0,0,0,0,52,9.615385,0,0,0,15141269631373751064
32,11,52,0,51,0,0,1,0,50,14.730769,0,0,0,3812560695615510522
32,12,52,0,52,0,0,0,0,52,10.788462,0,0,0,15596842795247651560
32,13,53,0,53,0,0,0,0,53,9.792453,0,0,0,11272832431307230380
32,14,52,0,52,0,0,0,0,52,2.846154,0,0,0,15204702519683447752
32,15,52,0,52,0,0,0,0,52,3.461538,0,0,0,3440730522011869339
32,16,52,0,52,0,0,0,0,52,2.557692,0,0,0,7902828675808589545
32,17,52,0,52,0,0,0,0,52,3.692308,0,0,0,16331836179408113825
32,18,52,0,52,0,0,0,0,52,2.307692,0,0,0,17893803611862460335
32,19,52,0,52,0,0,0,0,52,2.826923,0,0,0,17963715848944205315
32,20,53,0,53,0,0,0,0,53,2.716981,0,0,0,14303868012161702913
32,21,52,0,52,0,0,0,0,52,2.884615,0,0,0,16444693517855060311
32,22,52,0,52,0,0,0,0,52,2.307692,0,0,0,130976945550676967
32,23,52,0,52,0,0,0,0,52,3.923077,0,0,0,1426975394958683732
32,24,52,0,52,0,0,0,0,52,6.134615,0,0,0,17097662093828575428
32,25,52,0,52,0,0,0,0,52,3.173077,0,0,0,3725453207745253044
32,26,52,0,52,0,0,0,0,52,4.769231,0,0,0,9807857599657189331
32,27,53,0,53,0,0,0,0,53,3.849057,0,0,0,14751806869535055587
32,28,52,0,52,0,0,0,0,52,5.923077,0,0,0,717239982122617185
32,29,52,0,52,0,0,0,0,52,2.538462,0,0,0,7725416308828654998
32,30,52,0,52,0,0,0,0,52,2.153846,0,0,0,6265631905818291987
32,31,52,0,52,0,0,0,0,52,2.807692,0,0,0,8555419065734674249
32,32,52,0,52,0,0,0,0,52,3.865385,0,0,0,7433208386353021803
32,33,52,0,52,0,0,0,0,52,3.019231,0,0,0,7243298386730918881
32,34,53,0,53,0,0,0,0,53,3.962264,0,0,0,14304025054237053976
32,35,52,0,52,0,0,0,0,52,2.807692,0,0,0,1244125342081862045
32,36,52,0,52,0,0,0,0,52,3.576923,0,0,0,11792915000583317271
32,37,52,0,52,0,0,0,0,52,3.230769,0,0,0,15095125401264565165
32,38,52,0,52,0,0,0,0,52,3.000000,0,0,0,14484260427612036871
32,39,52,0,52,0,0,0,0,52,3.846154,0,0,0,13914462913919617957
32,40,52,0,52,0,0,0,0,52,2.557692,0,0,0,5081660138860834465
32,41,53,0,53,0,0,0,0,53,3.169811,0,0,0,12479509801834311734
32,42,52,0,52,0,0,0,0,52,4.153846,0,0,0,16908632970969847443
32,43,52,0,52,0,0,0,0,52,3.403846,0,0,0,2892656421234116938
32,44,52,0,52,0,0,0,0,52,1.557692,0,0,0,5310332657614163394
32,45,52,0,52,0,0,0,0,52,1.096154,0,0,0,14924167810165555523
32,46,52,0,52,0,0,0,0,52,0.000000,0,0,0,14468503446640018219
32,47,52,0,52,0,0,0,0,52,0.000000,0,0,0,8313038353468476390
32,48,53,0,53,0,0,0,0,53,0.000000,0,0,0,17397749957341230718
32,49,52,0,52,0,0,0,0,52,0.076923,0,0,0,4506043769758436391
32,50,52,0,52,0,0,0,0,52,0.000000,0,0,0,9785366085646286607
32,51,52,0,52,0,0,0,0,52,0.000000,0,0,0,11023767596195888256
32,52,52,0,52,0,0,0,0,52,0.019231,0,0,0,16689966230370959459
32,53,52,0,52,0,0,0,0,52,0.230769,0,0,0,2057085170275749606
32,54,52,0,52,0,0,0,0,52,0.211538,0,0,0,197884156238978908
32,55,53,0,53,0,0,0,0,53,0.000000,0,0,0,4323351302386729873
32,56,52,0,52,0,0,0,0,52,0.000000,0,0,0,13899413389304580517
32,57,52,0,52,0,0,0,0,52,0.269231,0,0,0,8181226501263064690
32,58,52,0,52,0,0,0,0,52,0.173077,0,0,0,7898975270333976000
32,59,52,0,52,0,0,0,0,52,0.000000,0,0,0,17682229350060790491
32,60,52,0,52,0,0,0,0,52,0.000000,0,0,0,1674704892248320858
32,61,52,0,52,0,0,0,0,52,0.000000,0,0,0,7126946400948264382
32,62,53,0,53,0,0,0,0,53,0.000000,0,0,0,3357919532228167039
32,63,52,0,52,0,0,0,0,52,0.000000,0,0,0,15587283902803949416
32,64,52,0,52,0,0,0,0,52,0.000000,0,0,0,5443537982083781797
32,65,52,0,52,0,0,0,0,52,0.000000,0,0,0,12151477552293778134
32,66,52,0,52,0,0,0,0,52,0.000000,0,0,0,6671970374931867464
32,67,52,0,52,0,0,0,0,52,0.000000,0,0,0,8019511291957848458
32,68,52,0,52,0,0,0,0,52,0.000000,0,0,0,392790855893741284
32,69,53,0,53,0,0,0,0,53,0.000000,0,0,0,9411905486361604169
32,70,52,0,52,0,0,0,0,52,0.000000,0,0,0,14710084894496139088
32,71,52,0,52,0,0,0,0,52,0.000000,0,0,0,12343684008763780770
32,72,52,0,52,0,0,0,0,52,0.000000,0,0,0,9882241302782287992
32,73,52,0,52,0,0,0,0,52,0.211538,0,0,0,1783860713731961388
32,74,52,0,52,0,0,0,0,52,0.115385,0,0,0,10434210131679963882
32,75,52,0,52,0,0,0,0,52,0.000000,0,0,0,18156578978382802981
32,76,53,0,53,0,0,0,0,53,0.000000,0,0,0,14117683824201806224
32,77,52,0,52,0,0,0,0,52,0.000000,0,0,0,14114099404057480935
32,78,52,0,52,0,0,0,0,52,0.000000,0,0,0,7540988139776290843
32,79,52,0,52,0,0,0,0,52,0.000000,0,0,0,967289454669931470
32,80,52,0,52,0,0,0,0,52,0.000000,0,0,0,5613234751161898166
32,81,52,0,52,0,0,0,0,52,0.000000,0,0,0,16101130531556228829
32,82,52,0,52,0,0,0,0,52,0.000000,0,0,0,5672801710270745875
32,83,53,0,53,0,0,0,0,53,0.000000,0,0,0,9949061594352914375
32,84,52,0,52,0,0,0,0,52,3.903846,0,0,0,5460864663966305400
32,85,52,0,52,0,0,0,0,52,7.173077,0,0,0,17883119088442871792
32,86,52,0,52,0,0,0,0,52,8.000000,0,0,0,17221150057712166565
32,87,52,0,52,0,0,0,0,52,8.000000,0,0,0,17721428572281341974
32,88,52,0,52,0,0,0,0,52,7.980769,0,0,0,13829759750181274443
32,89,52,0,52,0,0,0,0,52,7.134615,0,0,0,4459784452124381159
32,90,53,0,53,0,0,0,0,53,1.000000,0,0,0,3183639655583681352
32,91,52,0,52,0,0,0,0,52,1.000000,0,0,0,18196091458461026052
32,92,52,0,52,0,0,0,0,52,1.000000,0,0,0,2211032364200863170
32,93,52,0,52,0,0,0,0,52,1.000000,0,0,0,465250506776015889
32,94,52,0,52,0,0,0,0,52,1.000000,0,0,0,9258035423840875508
32,95,52,0,52,0,0,0,0,52,1.000000,0,0,0,11077592469837600024
32,96,52,0,52,0,0,0,0,52,1.000000,0,0,0,4996944677877753555
32,97,53,0,53,0,0,0,0,53,1.000000,0,0,0,13382422739070883429
32,98,52,0,52,0,0,0,0,52,1.000000,0,0,0,18185068349835881786
32,99,52,0,52,0,0,0,0,52,1.000000,0,0,0,6241909778684714063
32,100,52,0,52,0,0,0,0,52,1.000000,0,0,0,13296669456523454430
