seed_number,world_seed,year,average_hunger,maximum_hunger,average_prosperity,minimum_prosperity,maximum_prosperity,average_security,minimum_security,maximum_security,average_food_price,maximum_food_price,closed_routes,active_situations,bandit_influence,monster_pressure,average_legitimacy,shipment_slots,event_count,goblin_tributes,dragon_hoard,dragon_stolen,dragon_retaliations,average_inequality,maximum_inequality,average_war_burden,maximum_war_burden,hoard_raids,social_hoard_raids,war_hoard_raids,tracked_gold,market_coins,war_chests,total_food_stock,average_war_supply_crisis,maximum_war_supply_crisis,total_kingdom_treasury,treasure_count,goblin_lair_food,goblin_lair_weapons,dragon_raw_gold,dragon_gems,tracked_iron,tracked_tools,tracked_weapons,iron_ledger_reserve,iron_ledger_debt,smuggler_routes,goblin_hoard_defenses,wars,alliances,active_couriers,lost_couriers,distorted_couriers,dragon_slain,dragon_campaign_attempts,dragon_campaign_victories,dragon_campaign_defeats,dragon_stage,dragon_age_years,dragon_crown_strength,dragon_body_condition,dragon_memory_integrity,dragon_territory_stability,dragon_regional_influence,dragon_eggs,dragon_hunts,dragon_broods,dragon_whelps_dispersed,dragon_afterdeath_days,active_settlements,abandoned_settlements,total_population,climate_factor,dragon_campaign_experience,minimum_active_settlements,maximum_closed_routes,years_all_routes_closed,years_with_abandoned_settlement,route_closures,settlement_abandonments,years_hunger_40_plus,years_hunger_60_plus,years_at_war,years_allied,years_dragon_campaign,years_goblin_raid,years_bandit_raid,years_bandit_influence_70_plus,goblin_members_end,goblin_devotion_end,goblin_cohesion_end,goblin_interceptions_end,bandit_members_end,bandit_supplies_end,bandit_influence_end,bandit_raids_end,dragon_campaign_phase_end,days_at_war,days_allied,days_dragon_campaign,days_goblin_raid,days_bandit_raid,days_bandit_influence_70_plus,dragon_egg_days,dragon_whelp_days,dragon_wanderer_days,dragon_crowned_days,dragon_deep_wyrm_days,dragon_uncrowned_days,dragon_afterdragon_days,archive_scribes,lore_stored,lore_lost_total,archive_stewardship,archive_last_recorded_day,lore_ceiling,archive_tool_wear,archive_abbot_present,population_weighted_hunger,metrics_version,day,schema_version,generator_version,state_hash,inhabited_hunger,inhabited_prosperity,inhabited_security,weighted_hunger,weighted_prosperity,weighted_security,years_population_weighted_hunger_40_plus,years_without_population
1,2654435769,1000,42,100,27,0,78,38,0,100,7,8,8,5,72,100,20,3,256,294,260,0,58,62,83,9,32,58,41,17,3341,627,236,96,7,44,1547,9,0,2,2,1,11274,5,3,629,0,3,58,1,0,0,2,1,0,3,2,1,2,22,42,67,78,100,25,0,312,2,6,0,4,2,14200,100,12,4,8,937,937,15,2,73,31,95,2,0,202,49,999,70,100,94,0,4,100,72,1581,0,37624,727,29,66769,17726,364323,0,10948,23077,225552,641,4957,99825,4,0,4,72,2016,40,4,1,11,2,365001,70,25,2493969443652526684,42.750000,40.750000,57.500000,11.604930,68.299155,85.209859,29,0
2,1013904242,1000,5,22,39,0,78,54,0,100,7,8,8,5,72,100,26,3,256,252,3327,0,97,59,83,2,10,61,61,0,3509,25,110,96,0,0,5,20,10,0,3,0,5945,5,17,0,0,5,61,0,2,0,3,0,0,0,0,0,4,1246,89,73,100,100,99,0,128,4,8,0,4,2,12543,100,0,4,8,924,940,24,2,60,11,24,746,0,176,12,959,31,100,51,0,4,100,72,551,0,8184,272227,0,61048,6352,349875,0,0,0,72715,260978,31307,0,0,0,19,12,6398,40,2,1,0,2,365001,70,25,6227912762315241290,5.500000,58.500000,81.250000,0.519174,76.159292,94.235829,0,0
3,3668340011,1000,17,50,29,0,78,54,0,100,7,8,8,5,64,100,23,3,256,391,2425,0,44,54,64,2,10,40,40,0,3304,289,0,96,0,0,548,20,12,0,1,2,6215,5,8,0,0,4,40,0,2,0,0,0,0,1,1,0,4,574,88,66,95,100,99,0,268,3,8,0,4,2,13198,116,0,4,8,904,932,37,2,46,0,71,77,0,151,1,2,15,100,53,0,4,100,64,37,0,25657,27898,14,58165,352,628,0,5474,16425,241128,11363,29263,61347,0,0,24,12,9226,40,7,1,2,2,365001,70,25,4352894585067796388,17.500000,43.500000,81.250000,2.706471,73.541143,94.520382,0,0
4,2027808484,1000,6,24,39,0,78,54,0,100,7,8,8,5,72,100,41,3,256,256,120,0,50,70,92,2,10,46,46,0,3373,508,236,95,0,0,1867,9,8,3,0,2,12524,5,4,480,0,3,46,0,0,0,0,4,1,3,2,1,6,500,0,0,0,0,0,2,244,2,7,50386,4,2,13180,78,12,4,8,960,929,14,2,80,9,140,3,0,141,61,997,71,100,95,0,4,100,72,1934,0,52425,1203,35,56664,21648,363672,0,5474,16425,223433,646,20386,98636,4,0,5,72,1561,40,5,1,0,2,365001,70,25,7577468124954798756,6.000000,58.500000,81.250000,0.538998,76.248255,94.511381,7,0
5,387276957,1000,5,20,34,0,78,51,0,100,7,8,8,5,72,100,52,3,256,292,0,0,16,64,94,2,10,16,16,0,3349,540,235,94,0,0,1932,18,0,5,0,0,6764,5,6,480,0,5,16,0,0,0,0,0,1,2,1,1,6,501,0,0,0,0,0,0,60,1,1,262234,4,2,13093,78,12,4,8,910,915,19,2,58,0,168,3,0,62,43,974,48,100,100,0,4,100,72,1286,0,58022,1147,21,23674,14540,355426,0,0,0,87161,566,15038,262235,4,0,15,72,5376,40,3,1,0,2,365001,70,25,8376004330159272741,5.000000,51.250000,77.250000,0.198579,75.960819,94.477507,0,0
6,3041712726,1000,0,0,48,0,78,54,0,100,7,8,8,5,72,100,63,3,256,237,0,0,4,69,94,2,10,4,3,1,3459,424,117,106,0,0,2076,9,0,3,0,0,10126,5,26,588,0,4,4,0,0,0,0,1,1,2,1,1,6,501,0,0,0,0,0,0,33,1,2,290682,4,2,13372,100,12,4,8,936,917,12,2,3,0,21,0,0,53,49,951,33,100,100,0,4,100,72,1718,0,7848,0,21,22396,18592,346991,0,0,0,73729,588,0,290683,4,0,6,72,1379,40,5,1,0,2,365001,70,25,17154365002812651200,0.000000,72.750000,81.250000,0.000000,77.528866,94.575232,0,0
7,1401181199,1000,5,21,30,0,78,54,0,100,7,8,8,5,72,100,39,3,256,318,0,0,38,59,71,2,10,38,37,1,3314,582,231,96,0,0,1979,16,3,0,0,0,9775,5,1,480,0,7,38,1,0,0,2,0,1,2,2,0,6,500,0,0,0,0,0,0,243,2,6,26334,4,2,13203,100,0,4,8,973,899,12,2,52,0,192,2,0,160,34,983,24,100,77,0,4,100,72,1178,0,70339,899,28,56950,12856,358527,0,5474,16425,239200,50,14253,89598,4,0,13,72,4228,40,1,1,0,2,365001,70,25,4537315089225345980,5.250000,45.500000,81.250000,0.470802,73.911838,94.523972,26,0
8,4055616968,1000,6,24,38,0,78,54,0,100,7,8,8,4,72,100,40,3,256,282,3166,0,91,59,83,2,10,65,63,2,3319,57,54,96,0,0,0,17,14,0,1,2,5207,12,23,0,0,4,65,0,3,0,2,0,0,0,0,0,4,1243,88,56,100,100,99,0,109,4,7,0,4,2,13165,132,0,4,8,712,933,14,2,35,0,31,743,0,159,13,974,36,100,49,0,4,100,72,309,0,11575,271163,0,60518,3708,355223,0,0,0,95428,258958,10614,0,0,0,16,12,5859,40,5,1,0,2,365001,70,25,8797097997998021434,6.000000,58.250000,81.000000,0.442993,76.514166,94.712647,0,0
9,2415085441,1000,5,20,38,0,78,54,0,100,7,8,8,5,72,100,41,3,256,453,0,0,24,69,90,2,10,24,20,4,3362,536,233,96,0,0,1932,22,0,3,0,0,5207,5,4,529,0,5,24,0,0,0,2,0,1,2,2,0,6,500,0,0,0,0,0,0,249,3,6,37590,4,2,13284,132,0,4,8,816,912,77,2,37,0,218,4,1,151,66,975,33,100,100,0,4,100,72,1999,0,80420,1315,28,57134,23764,355834,0,5474,20308,235513,62,4649,98994,4,0,36,72,12369,40,5,1,0,2,365001,70,25,16181898721742102295,5.000000,58.250000,81.250000,0.445649,76.216501,94.557362,0,0
10,774553914,1000,6,24,38,0,78,54,0,100,7,8,8,5,72,100,41,3,256,325,0,0,81,68,86,2,10,78,60,18,3350,560,234,80,0,0,1866,6,21,0,0,0,13182,5,1,480,0,5,78,0,0,0,0,1,1,2,2,0,6,503,0,0,0,0,0,0,247,1,2,22806,4,2,13169,100,0,4,8,942,935,19,2,75,21,148,3,0,163,31,999,23,100,51,0,5,100,72,960,0,55505,1259,28,60918,10676,364346,0,5474,16425,255937,0,8436,78728,4,0,4,72,2016,40,4,1,0,2,365001,70,25,6788997768787708485,6.000000,58.250000,81.000000,0.539449,75.524489,93.786013,15,0
11,3428989683,1000,5,21,36,0,78,54,0,100,7,8,8,4,72,100,26,3,256,250,3176,0,86,58,83,2,10,66,64,2,3349,131,0,96,0,0,0,10,2,0,0,1,5208,12,20,0,0,7,66,0,2,0,1,1,0,0,0,0,4,1298,87,0,100,100,99,3,128,4,3,0,4,2,13100,100,0,4,8,836,944,11,2,39,0,41,798,0,165,12,979,34,100,66,0,5,100,72,423,0,15184,291211,0,60978,5076,357178,0,0,0,67645,264172,33183,0,0,0,8,12,2765,40,7,1,0,2,365001,70,25,8314682118175338256,5.250000,54.000000,81.250000,0.474504,75.553282,94.480916,0,0
12,1788458156,1000,7,19,26,0,78,20,0,80,7,8,8,2,100,100,17,3,256,330,3265,0,20,64,83,34,54,18,11,7,3329,22,0,108,33,100,0,20,15,0,3,0,5208,12,20,0,0,3,18,1,2,0,2,4,0,1,0,1,4,1246,84,73,95,100,98,0,166,4,9,0,3,3,6008,116,12,3,8,873,936,16,3,111,6,670,746,0,175,132,532,19,100,53,0,120,98,100,3999,0,244209,272255,6,61526,47988,194050,0,0,0,77560,223932,63508,0,0,0,21,12,7119,40,1,1,1,2,365001,70,25,3140293513138491149,7.000000,52.000000,41.000000,1.905459,74.157124,39.402130,79,0
13,147926629,1000,4,17,39,0,78,54,0,100,7,8,8,5,72,100,41,3,256,242,0,0,6,66,83,2,10,6,6,0,3424,532,115,96,0,0,2135,14,0,5,0,0,10096,5,6,480,0,5,6,0,0,0,1,0,1,3,1,2,6,502,0,0,0,0,0,0,37,1,3,281890,4,2,13032,132,24,4,8,938,929,22,2,47,0,223,4,0,63,32,954,30,100,100,0,4,100,72,941,0,81767,1623,28,22386,11280,347882,0,0,0,82124,985,0,281891,4,0,11,72,3479,40,3,1,0,2,365001,70,25,7020403902259688672,4.250000,58.500000,81.250000,0.386126,76.228361,94.453653,0,0
14,2802362398,1000,5,22,37,0,78,54,0,100,7,8,8,5,72,100,41,3,256,409,120,0,23,68,89,2,10,23,22,1,3271,536,233,95,0,0,1682,13,0,10,2,0,11340,5,11,480,0,4,23,0,0,0,1,0,1,2,2,0,6,500,0,0,0,0,0,1,364,2,4,48258,4,2,13270,78,0,4,8,930,911,15,2,23,0,125,4,0,132,14,993,33,100,100,0,4,100,72,512,0,46264,1235,28,56376,5572,362276,0,5474,45971,205255,163,9018,99119,4,0,13,72,4669,40,4,1,0,2,365001,70,25,646941528431996635,5.500000,56.000000,81.250000,0.490731,75.811756,94.553127,0,0
15,1161830871,1000,4,19,39,0,78,54,0,100,7,8,8,4,72,100,42,3,256,290,3161,0,53,59,83,2,10,50,16,34,3343,140,0,96,0,0,0,18,7,0,0,3,5208,7,8,0,0,5,50,1,2,0,1,0,0,1,0,1,4,1220,90,76,100,100,100,0,114,4,7,0,4,2,13151,100,12,4,8,877,925,37,2,47,0,478,720,0,167,14,979,36,100,48,0,4,100,72,475,0,174208,262763,6,60477,5700,357150,0,0,0,103095,248072,13833,0,0,0,17,12,5544,40,5,1,0,2,365001,70,25,16023926033635551638,4.750000,58.500000,81.250000,0.427648,76.244392,94.503840,23,0
16,3816266640,1000,4,17,39,0,78,54,0,100,7,8,8,5,72,100,45,3,256,320,287,0,54,70,95,2,10,54,54,0,3417,273,233,95,0,0,2086,20,10,1,4,1,5208,5,2,496,0,5,54,0,0,0,0,0,0,2,2,0,2,22,72,71,100,100,33,0,521,2,5,0,4,2,13274,78,0,4,8,875,922,25,2,3,0,268,2,0,171,12,983,70,100,49,0,4,100,72,395,0,99462,727,28,57292,4646,358716,0,10948,64167,159938,112,30810,99025,4,0,21,72,6846,40,4,1,0,2,365001,70,25,6842146365411181433,4.250000,58.500000,81.000000,0.379087,76.260660,94.530963,0,0
17,2175735113,1000,6,25,35,0,78,51,0,99,7,8,8,5,100,100,42,3,256,250,0,0,51,68,95,2,10,51,51,0,3463,536,234,96,0,0,2171,8,0,0,0,0,11595,5,1,480,0,5,51,0,0,0,2,1,1,3,2,1,6,500,0,0,0,0,0,0,231,2,5,35631,4,2,13171,100,12,4,8,977,940,9,2,71,29,214,6,0,169,358,994,24,100,97,0,120,98,100,12966,0,76383,1930,30,66118,130856,362650,0,5474,16425,253484,535,0,89082,4,0,5,72,1351,40,5,1,0,2,365001,70,25,10871776657217854276,6.250000,52.500000,76.750000,0.561840,75.224812,93.065751,53,0
18,535203586,1000,5,17,26,0,78,37,0,100,7,8,8,2,72,100,25,3,256,248,3062,0,27,65,83,20,63,27,12,15,3269,157,0,96,16,100,8,6,0,0,1,1,12797,9,9,0,0,3,27,1,2,0,12,0,0,1,0,1,4,1275,89,51,100,100,99,0,95,4,12,0,3,3,12770,100,12,3,8,967,933,10,3,47,19,674,775,0,180,67,997,36,100,97,0,4,100,72,2060,0,246000,282839,7,67868,24356,363721,0,0,0,82124,282876,0,0,0,0,4,12,1932,40,4,1,0,2,365001,70,25,18038922488786843882,5.666667,52.000000,75.000000,0.394049,76.192013,94.336727,3,0
19,3189639355,1000,5,21,38,0,78,54,0,100,7,8,8,5,100,100,41,3,256,237,0,0,64,69,95,2,10,64,63,1,3457,560,236,96,0,0,2139,23,5,0,0,0,6406,5,1,480,0,7,64,0,0,0,0,1,1,2,2,0,6,500,0,0,0,0,0,0,226,3,5,36247,4,2,13212,132,0,4,8,792,938,41,2,16,0,51,0,0,172,258,768,25,100,53,0,112,100,100,9907,0,19837,0,24,59950,97220,280318,0,5474,16425,243819,164,0,99118,4,0,25,72,35168,40,2,1,0,2,365001,70,25,4740982452117162398,5.250000,58.250000,81.000000,0.470481,76.206555,94.314108,0,0
20,1549107828,1000,4,18,35,0,78,54,0,100,7,8,8,5,72,100,41,3,256,230,3020,0,56,57,83,2,10,56,55,1,3412,128,44,98,0,0,34,20,2,0,2,2,5238,5,22,144,0,7,56,0,2,0,3,0,0,0,0,0,4,1220,95,0,100,100,100,1,121,5,10,0,4,2,13265,100,0,4,8,678,932,85,2,5,0,22,720,0,185,7,989,35,100,64,0,4,100,72,288,0,8184,262679,0,60650,3192,360762,0,0,0,104019,240259,20722,0,1,0,19,18,6286,40,2,1,0,2,365001,70,25,4397451386514802713,4.500000,52.750000,81.250000,0.401658,75.397738,94.430456,0,0
21,4203543597,1000,5,22,39,0,78,54,0,100,7,8,8,5,72,100,41,3,256,325,411,0,46,66,84,2,10,46,46,0,3502,536,115,95,0,0,1918,14,0,0,2,3,10870,5,1,480,0,6,46,1,0,0,3,1,0,4,2,2,2,20,75,78,100,100,33,0,274,2,4,0,4,2,13271,78,24,4,8,958,937,11,2,39,0,153,5,1,205,36,991,64,100,88,0,4,100,72,1612,0,56214,2046,42,65948,15438,361642,0,10948,18552,234329,946,0,100225,4,0,11,72,3381,40,3,1,0,2,365001,70,25,14500020479329538450,5.500000,58.500000,81.250000,0.490694,76.260267,94.552031,0,0
22,2563012070,1000,20,64,26,0,78,54,0,100,7,8,8,5,72,100,27,3,256,318,0,0,39,63,90,2,10,39,39,0,3341,565,117,72,0,0,2017,7,12,3,0,0,7770,5,4,480,0,5,39,0,0,0,2,0,1,3,2,1,6,500,0,0,0,0,0,0,250,2,5,39718,4,2,13251,58,12,4,8,920,926,12,2,50,0,253,5,0,172,34,978,48,100,99,0,4,100,72,1139,0,92746,1902,35,57438,12652,356702,0,5474,16425,236000,536,17509,89056,4,0,3,72,1022,40,3,1,3,2,365001,70,25,2644195176033061188,20.500000,39.000000,81.250000,3.135763,72.925968,94.543808,0,0
23,922480543,1000,4,17,37,0,78,54,0,100,7,8,8,5,72,100,41,3,256,288,375,0,66,66,93,2,10,66,65,1,3350,536,232,96,0,0,1685,20,0,2,1,1,5251,5,3,480,0,6,66,1,0,0,1,2,0,3,2,1,1,1,50,70,77,28,27,0,243,3,8,0,4,2,13102,100,12,4,8,874,941,17,2,57,0,216,5,0,151,27,993,43,100,88,0,4,100,72,944,0,76826,1930,30,56633,10442,362132,0,6132,16425,225298,536,17591,99018,4,0,20,72,6076,40,0,1,0,2,365001,70,25,5182538861407608447,4.250000,55.750000,81.250000,0.384064,75.813845,94.481759,7,0
24,3576916312,1000,5,21,39,0,78,54,0,100,7,8,8,4,72,100,41,3,256,381,618,0,61,65,92,2,10,61,60,1,3468,368,233,96,0,0,1541,20,15,3,1,1,5516,5,4,480,0,6,61,0,0,0,2,0,0,2,2,0,1,3,31,79,46,69,22,0,254,3,6,0,4,2,13158,100,0,4,8,868,933,15,2,29,0,278,4,0,146,3,964,63,100,100,0,4,100,72,202,0,100778,1431,28,57750,2424,351814,0,6630,16425,225869,161,17950,97965,4,0,23,72,8029,40,5,1,0,2,365001,70,25,12391154615023016973,5.250000,58.500000,81.250000,0.403785,76.500228,94.683463,0,0
25,1936384785,1000,9,20,38,0,78,54,0,100,7,8,8,5,72,100,40,3,256,229,0,0,7,65,86,2,10,7,7,0,3369,392,226,95,0,0,1063,20,0,4,0,0,5223,5,22,552,0,6,7,0,0,0,3,0,1,1,1,0,6,500,0,0,0,0,0,0,48,1,1,262683,4,2,13283,78,0,4,8,830,932,64,2,42,0,54,2,0,64,65,992,48,100,100,0,4,100,72,2041,0,19498,811,12,24388,24268,361994,0,0,0,99202,117,2997,262684,4,0,20,72,6419,40,6,1,1,2,365001,70,25,1590327073021171235,9.500000,58.000000,81.250000,1.262817,76.171046,94.556952,0,0
26,295853258,1000,21,64,16,0,52,46,0,100,7,8,8,5,100,100,27,3,256,208,2753,0,57,52,83,2,10,56,50,6,3459,259,116,88,0,0,0,9,0,0,2,1,5223,5,15,289,0,7,56,0,3,0,2,0,0,0,0,0,4,1249,91,58,100,92,100,0,98,4,10,0,4,2,13177,58,0,4,8,855,883,14,2,42,0,26,749,0,170,312,984,12,100,27,0,108,100,100,12292,0,9000,273319,0,61776,115536,359110,0,0,0,91614,273386,0,0,2,0,8,36,2436,40,7,1,2,2,365001,70,25,16946789329111579718,21.750000,24.500000,70.000000,2.906276,47.615390,84.952569,0,0
27,2950289027,1000,5,17,38,0,78,53,0,100,7,8,8,4,100,100,42,3,256,378,0,0,37,67,88,2,10,37,37,0,3476,508,235,96,0,0,2181,20,0,3,0,0,5207,5,4,480,0,4,37,0,0,0,1,0,1,4,2,2,6,501,0,0,0,0,0,0,230,2,4,36834,4,2,13206,100,24,4,8,834,941,73,2,61,0,117,6,0,169,175,940,27,100,100,0,120,98,100,5342,0,43915,2210,42,66329,64104,342758,0,5474,16425,253309,1009,0,88783,4,0,22,72,7392,40,6,1,0,2,365001,70,25,2297188390596552452,5.000000,58.250000,80.750000,0.518931,76.205740,94.480388,0,0
28,1309757500,1000,21,66,26,0,78,37,0,100,7,8,8,4,100,100,27,3,256,325,247,0,52,62,95,2,10,46,46,0,3411,285,10,95,0,0,2347,20,6,3,2,0,5208,5,4,480,0,4,46,0,0,0,1,4,0,2,2,0,1,2,15,70,45,56,18,0,233,1,3,0,4,2,13170,58,0,4,8,873,920,15,2,43,0,256,2,0,174,183,975,38,100,80,0,120,98,100,5655,0,95208,951,28,56400,67418,355778,0,6272,16425,244745,0,0,97558,4,0,18,72,6216,40,7,1,2,2,365001,70,25,11086216521401786711,21.500000,39.000000,56.000000,2.861048,73.380410,90.838269,0,0
29,3964193269,1000,6,24,37,0,78,54,0,100,7,8,8,5,72,100,41,3,256,261,0,0,12,65,95,2,10,10,10,0,3176,427,118,96,0,0,1981,7,0,4,0,0,12942,5,8,480,0,3,10,0,0,0,1,0,1,1,1,0,6,500,0,0,0,0,0,0,37,1,2,281666,4,2,13203,100,0,4,8,972,932,9,2,53,23,143,2,0,72,71,997,48,100,100,0,4,100,72,2037,0,50069,755,14,23808,24322,363833,0,0,0,83219,114,0,281667,4,0,4,72,1687,40,4,1,0,2,365001,70,25,16417554168998691208,6.000000,55.750000,81.250000,0.538060,75.754753,94.520942,7,0
30,2323661742,1000,9,20,26,0,78,54,0,100,7,8,8,6,72,100,42,3,256,224,0,0,12,67,92,2,10,12,12,0,3487,552,235,107,0,0,1985,17,0,3,0,0,5209,5,27,553,0,8,12,0,0,0,2,0,1,2,1,1,6,501,0,0,0,0,0,0,46,1,3,262346,4,2,13366,100,12,4,8,671,927,17,2,23,0,36,2,0,59,19,987,48,100,100,0,4,100,72,825,0,13673,1035,21,24020,8514,360090,0,0,0,102199,454,0,262347,4,0,14,72,4487,40,2,1,1,2,365001,70,25,12745652946467345413,9.250000,39.250000,81.250000,1.284752,72.775774,94.472542,0,0
31,683130215,1000,6,24,33,0,78,54,0,100,7,8,8,4,55,100,41,3,256,178,0,0,30,64,95,2,10,30,30,0,3330,403,116,96,0,0,2153,20,0,3,0,0,8731,5,4,480,0,4,30,0,0,0,1,0,1,2,2,0,6,500,0,0,0,0,0,0,386,2,4,39242,4,2,13273,116,0,4,8,932,939,24,2,0,0,144,2,0,165,0,0,42,100,100,0,4,100,55,9,0,52425,783,28,56684,108,0,0,5474,48063,199385,126,21393,90559,4,0,19,72,6405,40,1,1,0,2,365001,70,25,5121652091320467824,6.000000,50.750000,81.250000,0.535222,74.868530,94.432306,0,0
32,3337565984,1000,9,25,25,0,78,20,0,80,7,8,8,3,72,100,22,3,256,227,3127,0,55,65,83,34,56,55,25,30,3319,80,0,118,33,100,58,10,12,0,1,2,5207,6,18,12,0,7,55,1,2,0,3,0,0,1,0,1,5,1246,93,88,100,0,1,0,136,4,6,0,3,3,12681,116,12,3,8,837,937,94,3,19,0,511,746,0,165,10,992,36,100,49,0,4,100,72,337,0,186864,272255,7,60690,3740,361873,0,0,0,94585,230826,39589,0,0,0,8,12,2716,40,7,1,2,2,365001,70,25,6194168943425827882,9.000000,51.666667,41.666667,2.095103,75.423547,18.720921,46,0
33,1697034457,1000,4,19,39,0,78,54,0,100,7,8,8,4,72,100,41,3,256,349,366,0,56,67,93,2,10,56,56,0,3430,536,233,95,0,0,1759,21,0,3,2,1,5207,5,4,480,0,5,56,0,0,0,1,0,0,3,2,1,1,1,30,68,45,42,22,0,244,2,4,0,4,2,13082,78,12,4,8,854,932,17,2,40,0,279,4,0,148,12,984,38,100,100,0,4,100,72,492,0,103048,1651,30,56830,5904,358933,0,5864,16425,227938,583,14786,99404,4,0,16,72,5439,40,6,1,0,2,365001,70,25,9342308105478327194,4.750000,58.500000,81.000000,0.148142,77.391836,95.281150,0,0
34,56502930,1000,5,19,36,0,78,37,0,100,7,8,8,5,72,100,27,3,256,237,0,0,7,67,90,41,73,7,7,0,3373,723,234,115,23,100,1701,20,0,4,0,0,6114,5,8,553,0,5,7,2,0,0,0,0,1,2,1,1,6,501,0,0,0,0,0,0,55,1,2,263383,4,2,13210,100,12,4,8,865,926,59,2,50,0,543,3,0,61,58,802,48,100,100,0,4,100,72,1615,0,198494,1147,18,23804,19164,292524,0,0,0,90827,512,10277,263384,4,0,22,72,7406,40,1,1,0,2,365001,70,25,13399867005966510179,5.250000,54.750000,56.250000,0.516427,75.572067,89.992430,24,0
35,2710938699,1000,6,24,34,0,78,54,0,100,7,8,8,5,72,100,41,3,256,242,0,0,70,67,95,2,10,70,70,0,3323,474,118,95,0,0,2209,10,0,0,0,0,12931,5,1,480,0,4,70,0,0,0,0,3,1,2,2,0,6,500,0,0,0,0,0,0,234,2,5,27510,4,2,13360,78,0,4,8,974,945,15,2,49,36,4,0,0,178,130,998,25,100,100,0,4,100,72,4157,0,1690,0,28,66398,46646,364085,0,5474,16425,262799,169,0,80133,4,0,5,72,3087,40,4,1,0,2,365001,70,25,18119724178849527117,6.000000,52.250000,81.250000,0.531737,75.150973,94.586826,11,0
36,1070407172,1000,5,20,39,0,78,54,0,100,7,8,8,5,72,100,41,3,256,222,0,0,6,70,93,2,10,6,6,0,3465,536,229,96,0,0,1918,14,0,5,0,0,11202,5,18,537,0,7,6,0,0,0,1,1,1,1,1,0,6,500,0,0,0,0,0,0,48,1,3,273294,4,2,13327,100,0,4,8,970,934,11,2,38,0,188,2,0,69,20,991,48,100,100,0,4,100,72,982,0,69327,783,14,22432,8614,361572,0,0,0,83185,91,8429,273295,4,0,13,72,4214,40,5,1,0,2,365001,70,25,13302527035357417413,5.000000,58.500000,81.250000,0.444211,76.267577,94.573422,0,0
37,3724842941,1000,7,22,20,0,78,37,0,99,7,8,8,3,100,100,25,3,256,258,3197,0,21,64,83,20,64,18,13,5,3373,126,0,53,16,100,7,6,0,0,2,0,12574,8,10,1,0,3,18,1,2,0,12,0,0,1,0,1,4,1246,87,43,100,100,99,0,110,4,9,0,3,3,12756,78,12,3,8,970,936,9,3,52,19,721,746,0,137,321,998,36,100,64,0,120,98,100,11477,0,262940,272255,7,63192,115962,364099,0,0,0,93437,259746,11817,0,0,0,4,12,1673,40,4,1,0,2,365001,70,25,14624865937743595152,7.333333,40.000000,74.666667,0.510505,48.927563,93.576356,6,0
38,2084311414,1000,6,24,38,0,78,54,0,100,7,8,8,5,72,100,75,3,256,104,0,0,9,68,86,2,10,9,5,4,3387,560,231,96,0,0,1677,11,0,6,0,0,12144,5,7,715,0,5,9,1,0,0,4,0,1,1,1,0,6,500,0,0,0,0,0,0,36,1,2,282814,4,2,13202,100,0,4,8,986,944,8,2,48,0,252,1,0,60,47,992,48,100,100,0,4,100,72,1533,0,89244,504,14,21738,15656,362020,0,0,0,82124,61,0,282815,4,8,0,72,2751,75,0,1,0,2,365001,70,25,10635902953091845872,6.000000,58.250000,81.250000,0.538100,76.205423,94.522042,2,0
39,443779887,1000,23,92,43,0,100,50,0,100,7,8,8,5,72,100,28,3,256,393,0,0,48,73,95,17,56,48,28,20,3493,649,234,110,16,100,1982,9,0,0,0,0,11345,5,1,518,0,3,48,1,0,0,2,3,1,4,2,2,6,502,0,0,0,0,0,0,234,2,5,19754,4,2,13886,100,24,4,8,962,914,11,2,75,12,153,5,0,195,86,997,26,100,100,0,4,100,72,2749,0,55656,2126,42,64708,32408,363842,0,5474,16425,261704,913,0,80484,4,0,4,72,1694,40,4,1,3,2,365001,70,25,7186888467853814022,23.000000,65.750000,75.000000,3.902348,76.541049,92.010658,20,0
40,3098215656,1000,6,24,30,0,78,54,0,100,7,8,8,4,72,100,41,3,256,126,0,0,19,62,95,2,10,19,19,0,3299,536,235,71,0,0,1780,11,0,4,0,0,5871,5,5,586,0,8,19,0,0,0,1,2,1,1,1,0,6,500,0,0,0,0,0,0,46,1,2,262598,4,2,13062,58,0,4,8,853,942,49,2,53,0,199,2,0,82,35,986,30,100,100,0,4,100,72,1278,0,73145,811,14,27763,14556,359752,0,0,0,102401,0,0,262599,4,2,9,72,3409,40,1,1,0,2,365001,70,25,5154710498198120553,6.000000,46.000000,81.250000,0.543868,75.110856,94.345429,0,0
41,1457684129,1000,20,64,26,0,78,50,0,100,7,8,8,5,72,100,22,3,256,438,2522,0,93,59,83,2,10,93,93,0,3289,306,89,98,0,0,320,20,3,0,7,1,5207,7,9,10,0,7,93,0,2,0,1,0,0,1,1,0,4,615,96,56,100,94,100,0,249,3,7,0,4,2,13236,58,0,4,8,593,924,37,2,18,0,85,117,0,161,13,973,14,100,39,0,4,100,72,391,0,31588,42770,14,58670,4676,355050,0,5474,16425,253110,31786,9577,48628,0,0,26,12,8855,40,1,1,2,2,365001,70,25,2326327136232157187,20.750000,39.000000,76.250000,2.708069,73.456482,93.807797,0,0
42,4112119898,1000,4,18,38,0,78,54,0,100,7,8,8,5,72,100,41,3,256,338,0,0,51,70,91,2,10,51,51,0,3425,538,116,83,0,0,2249,20,18,0,0,0,9996,5,3,480,0,4,51,1,0,0,3,0,1,3,2,1,6,500,0,0,0,0,0,0,231,2,4,35882,4,2,13291,132,12,4,8,965,914,9,2,34,0,252,4,0,128,39,989,24,100,54,0,4,100,72,1444,0,91942,1539,35,58194,15276,360809,0,5474,16425,253309,571,0,89221,4,0,18,72,6076,40,1,1,0,2,365001,70,25,13368426142792528994,4.500000,57.750000,81.000000,0.400873,75.450154,93.838989,1,0
43,2471588371,1000,0,0,52,0,78,60,0,100,7,8,8,7,72,100,41,3,256,426,0,0,50,69,87,2,10,50,49,1,3486,568,234,109,0,0,1782,12,0,3,0,0,9597,5,4,480,0,7,50,0,0,0,1,4,1,3,2,1,6,500,0,0,0,0,0,0,231,2,6,51142,4,2,5693,100,12,4,8,922,912,21,2,58,0,253,5,0,177,18,990,27,100,100,0,4,100,72,688,0,93547,1707,35,56968,7592,361166,0,5474,16425,236507,585,6217,99792,4,0,12,72,3745,40,3,1,0,2,365001,70,25,1006702691537796643,0.000000,78.000000,90.000000,0.000000,78.000000,89.077815,20,0
44,831056844,1000,6,18,26,0,78,37,0,99,7,8,8,3,72,100,40,3,256,233,0,0,34,75,95,2,10,34,33,1,3220,420,118,88,0,0,2160,20,21,0,0,0,5207,5,1,480,0,7,34,0,0,0,0,0,1,2,2,0,6,500,0,0,0,0,0,0,240,2,6,31514,3,3,12721,100,0,3,8,673,936,26,3,51,0,80,1,0,157,10,984,25,100,66,0,4,100,72,361,0,27898,591,28,58662,4112,358804,0,5474,16425,255431,173,6273,81224,4,0,21,72,7497,40,2,1,0,2,365001,70,25,14853519320511256840,6.000000,52.000000,74.666667,0.355161,76.460970,93.752457,1,0
45,3485492613,1000,5,22,39,0,78,54,0,100,7,8,8,4,55,100,42,3,256,228,3058,0,50,60,83,2,10,48,19,29,3284,184,0,96,0,0,0,20,12,0,1,2,5207,9,10,0,0,5,48,1,2,0,1,2,0,1,0,1,4,1220,93,77,100,100,100,0,115,4,7,0,4,2,13172,100,12,4,8,848,928,53,2,50,0,472,720,0,156,0,0,36,100,49,0,4,100,55,10,0,172027,262763,6,60338,120,0,0,0,0,103095,248100,13805,0,0,0,19,12,6391,40,0,1,0,2,365001,70,25,17241114391351510961,5.500000,58.500000,81.250000,0.494382,76.247191,94.511084,33,0
46,1844961086,1000,6,25,36,0,78,53,0,100,7,8,8,4,53,100,41,3,256,231,0,0,4,68,94,2,10,4,4,0,3437,437,90,96,0,0,1598,20,0,3,0,0,5219,5,25,480,0,3,4,0,0,0,1,1,1,1,1,0,6,500,0,0,0,0,0,0,41,1,1,273126,4,2,13357,100,0,4,8,782,937,16,2,0,0,106,3,0,72,0,0,48,100,100,0,4,100,53,3,0,36520,1063,14,26542,36,0,0,0,0,91873,0,0,273127,4,0,27,72,8855,40,0,1,0,2,365001,70,25,3326915497718389379,6.250000,54.250000,80.000000,0.554017,75.524369,94.129296,0,0
47,204429559,1000,8,24,25,0,78,37,0,99,7,8,8,2,72,100,40,3,256,310,3191,0,19,65,83,2,10,19,18,1,3399,14,0,81,0,0,0,11,19,0,1,2,5207,5,1,152,0,7,19,0,3,0,6,0,0,1,0,1,4,1278,88,53,100,100,99,0,125,4,10,0,3,3,12509,100,12,3,8,816,941,66,3,58,0,289,778,0,169,13,981,36,100,51,0,4,100,72,452,0,105883,283961,7,60962,5424,357757,0,0,0,82849,251685,30466,0,2,0,12,36,11795,40,2,1,0,2,365001,70,25,16637179310298808171,8.000000,51.666667,74.666667,0.376049,76.017427,93.899432,36,0
48,2858865328,1000,5,23,39,0,78,54,0,100,7,8,8,5,72,100,31,3,256,239,2954,0,64,61,83,2,10,64,27,37,3365,296,49,95,0,0,24,19,5,0,1,0,5208,7,19,0,0,6,64,0,3,0,0,2,0,1,0,1,4,1275,85,62,100,100,98,0,95,4,8,0,4,2,13203,78,12,4,8,783,936,19,2,44,0,519,775,0,178,10,986,36,100,48,0,4,100,72,381,0,189658,282811,6,60370,4342,359544,0,0,0,82124,282876,0,0,0,0,17,12,6146,40,0,1,0,2,365001,70,25,11634329785474260288,5.750000,58.500000,81.000000,0.371052,76.741650,94.852079,0,0
49,1218333801,1000,5,23,39,0,78,54,0,100,7,8,8,5,72,100,32,3,256,270,2536,0,111,62,85,2,10,110,109,1,3300,282,206,96,0,0,233,8,4,0,1,1,5208,5,6,1,0,8,110,0,3,0,4,0,0,1,0,1,4,1223,89,81,100,100,99,0,118,4,10,0,4,2,13217,116,12,4,8,709,889,81,2,44,20,447,723,0,188,22,995,36,100,49,0,4,100,72,718,0,163836,263885,7,60543,7868,362832,0,0,0,104184,245527,15289,0,0,0,6,12,2079,40,6,1,0,2,365001,70,25,11519959983979492139,5.750000,58.500000,81.250000,0.515094,76.253159,94.528259,10,0
50,3872769570,1000,5,23,35,0,78,54,0,100,7,8,8,4,72,100,41,3,256,89,0,0,78,62,84,2,10,78,78,0,3425,536,233,95,0,0,2068,10,0,0,0,0,7601,5,1,546,0,7,78,0,0,0,1,0,1,3,2,1,6,501,0,0,0,0,0,0,236,3,8,24235,4,2,13271,78,12,4,8,801,931,9,2,42,31,309,1,0,175,23,995,24,99,93,0,4,100,72,751,0,111417,476,30,66210,7834,362867,0,5474,16425,262799,532,0,79770,4,1,5,72,1995,40,6,1,0,2,365001,70,25,10665506276299191283,5.750000,52.500000,81.250000,0.512998,75.195087,94.550524,8,0
51,2232238043,1000,5,20,39,0,78,54,0,100,7,8,8,5,72,100,31,3,256,214,3118,0,54,60,83,2,10,54,17,37,3265,104,0,96,0,0,0,12,0,0,5,3,5208,5,19,1,0,8,54,0,3,0,1,1,0,1,0,1,4,1249,100,54,100,100,100,0,97,4,6,0,4,2,13172,116,12,4,8,865,938,26,2,9,0,509,749,0,201,34,992,36,100,96,0,4,100,72,1192,0,185819,273375,6,67285,12964,361901,0,0,0,91614,273386,0,0,0,0,10,12,3108,40,2,1,0,2,365001,70,25,4913925048032974210,5.000000,58.500000,81.250000,0.297601,76.839356,94.928637,0,0
52,591706516,1000,0,0,47,0,78,53,0,100,7,8,8,4,100,100,41,3,256,392,120,0,53,65,85,2,10,52,33,19,3403,629,234,108,0,0,1350,22,28,3,1,1,5220,5,4,590,0,6,52,0,0,0,0,0,1,2,2,0,6,500,0,0,0,0,0,2,239,2,5,50134,4,2,13197,116,0,4,8,850,937,74,2,59,0,167,3,0,162,304,985,70,100,90,0,120,98,100,9257,0,61946,1175,28,59218,111096,359248,0,5474,16425,229728,140,11901,101332,4,0,18,72,7329,40,5,1,0,2,365001,70,25,13802761676541994305,0.000000,71.000000,80.750000,0.000000,77.122755,94.476623,0,0
53,3246142285,1000,6,24,33,0,78,54,0,100,7,8,8,4,100,100,41,3,256,300,0,0,12,66,95,2,10,12,11,1,3329,427,235,96,0,0,2055,7,11,0,0,0,11034,5,1,480,0,4,12,0,0,0,1,1,0,2,2,0,2,137,9,93,45,100,17,0,568,3,5,0,4,2,12998,100,0,4,8,957,912,10,2,63,17,28,2,0,160,312,996,36,94,50,0,120,98,100,11283,0,8969,839,28,58955,112246,363406,0,10948,72003,207801,165,23998,50085,4,0,5,72,2674,40,5,1,0,2,365001,70,25,1159418410415141658,6.000000,50.250000,81.000000,0.546546,75.429066,94.411986,8,0
54,1605610758,1000,4,18,26,0,78,54,0,100,7,8,8,5,72,100,50,3,256,280,0,0,110,66,92,2,10,110,110,0,3283,429,236,96,0,0,2004,14,6,0,0,0,5207,5,1,572,0,7,110,0,0,0,1,0,1,2,2,0,6,500,0,0,0,0,0,0,235,2,3,30787,4,2,13335,100,0,4,8,447,867,28,2,44,21,316,2,0,165,24,995,25,100,52,0,4,100,72,774,0,116637,815,24,58914,8002,363042,0,5474,16425,261704,177,0,81220,4,0,9,72,2541,40,0,1,0,2,365001,70,25,9278025389294516870,4.500000,39.250000,81.000000,0.404949,72.769104,94.537683,3,0
55,4260046527,1000,0,0,43,0,100,46,0,100,6,8,8,5,72,100,30,3,256,379,0,0,45,58,88,2,10,45,18,27,3299,526,233,144,0,0,2018,20,3,0,0,0,5207,5,1,480,0,5,45,0,0,0,2,0,1,3,2,1,6,500,0,0,0,0,0,0,236,2,5,26979,4,2,14339,78,12,4,8,833,943,122,2,15,0,95,5,0,182,8,707,24,100,97,0,4,100,72,475,0,35628,1766,30,65126,4338,258035,0,5474,16425,262799,602,0,79700,4,0,25,72,9366,40,6,1,0,2,365001,70,25,28848030947619685,0.000000,65.000000,69.250000,0.000000,77.480717,90.876003,0,0
56,2619515000,1000,7,22,26,0,78,37,0,100,7,8,8,3,72,100,40,3,256,230,0,0,26,73,95,19,61,26,25,1,3435,283,118,103,23,100,2191,12,0,3,0,0,8018,5,4,681,0,7,26,1,0,0,5,1,1,4,2,2,6,502,0,0,0,0,0,0,311,1,2,40979,3,3,3729,100,24,3,8,938,941,13,3,111,0,575,4,0,152,44,992,49,100,98,0,4,100,72,1511,0,209656,1455,36,66330,16726,361770,0,5474,16425,165946,818,87087,89250,4,6,6,72,3409,40,2,1,1,2,365001,70,25,16074281153832683432,7.333333,52.000000,75.000000,1.746313,71.808528,80.611424,59,0
57,978983473,1000,6,24,36,0,78,54,0,100,7,8,8,5,72,100,41,3,256,285,680,0,58,65,91,2,10,58,57,1,3357,536,233,95,0,0,1386,11,9,2,1,1,6033,5,3,480,0,8,58,0,0,0,2,0,0,3,2,1,1,4,54,66,80,47,28,0,249,2,4,0,4,2,13186,78,12,4,8,883,940,18,2,43,11,304,3,0,166,24,960,71,100,87,0,4,100,72,885,0,110438,1175,30,56506,10436,350122,0,7000,16425,228803,549,12826,99397,4,3,6,72,3185,40,6,1,0,2,365001,70,25,782830277792360095,6.000000,54.000000,81.250000,0.538753,75.565145,94.516912,0,0
58,3633419242,1000,6,24,32,0,78,51,0,100,7,8,8,4,72,100,41,3,256,252,120,0,44,65,95,2,10,43,43,0,3419,536,236,95,0,0,1885,20,0,3,1,1,5750,5,4,480,0,7,43,0,0,0,0,0,1,3,2,1,6,501,0,0,0,0,0,2,272,2,4,50862,4,2,13263,78,12,4,8,828,937,11,2,73,0,116,4,0,144,22,983,18,100,69,0,4,100,72,746,0,41897,1623,35,56112,8508,358744,0,5474,16425,191370,514,51354,99863,4,16,4,72,6440,40,5,1,0,2,365001,70,25,3642739812937969628,6.000000,48.750000,77.250000,0.535625,74.574304,93.857498,0,0
59,1992887715,1000,6,19,26,0,78,37,0,100,7,8,8,2,57,100,25,3,256,231,3104,0,25,65,83,19,51,25,14,11,3356,190,0,103,16,100,0,21,0,0,1,1,5208,11,20,0,0,5,25,1,2,0,12,0,0,1,0,1,4,1223,82,84,98,100,97,0,101,4,10,0,3,3,12686,78,12,3,8,830,936,61,3,55,0,677,723,0,217,0,0,36,100,98,0,4,100,57,16,0,246979,263883,7,67480,192,0,0,0,0,101104,263896,0,0,0,0,22,12,7063,40,5,1,0,2,365001,70,25,17292787712603641135,6.333333,52.000000,75.000000,0.443323,76.180041,94.300804,18,0
60,352356188,1000,5,23,39,0,78,54,0,100,7,8,8,4,54,100,31,3,256,267,3026,0,80,61,83,2,10,80,78,2,3374,306,0,96,0,0,0,19,14,0,1,2,5207,12,15,0,0,5,80,0,3,0,1,0,0,0,0,0,4,1252,93,75,100,100,100,0,107,4,7,0,4,2,13278,116,0,4,8,264,907,50,2,52,0,50,752,0,155,0,0,32,100,52,0,4,100,54,8,0,18404,274439,0,60310,96,0,0,0,0,91555,265072,8373,0,0,0,18,12,5495,40,2,1,0,2,365001,70,25,89875600504167604,5.750000,58.500000,81.250000,0.512728,76.261184,94.554903,0,0
61,3006791957,1000,6,18,26,0,78,36,0,99,7,8,8,3,100,100,40,3,256,297,0,0,8,71,95,12,34,8,8,0,3271,295,118,108,6,41,2336,15,0,0,0,0,9720,5,1,480,0,5,8,1,0,0,12,0,1,3,2,1,6,504,0,0,0,0,0,0,232,1,1,35518,3,3,12687,132,12,3,8,941,940,14,3,91,14,651,3,0,188,352,992,26,100,100,0,120,98,100,12930,0,237540,1119,35,65326,129364,361882,0,5474,16425,253691,511,0,88899,4,0,12,72,3493,40,3,1,0,2,365001,70,25,7167561021537772394,6.000000,52.000000,72.333333,0.419957,76.180184,93.265232,23,0
62,1366260430,1000,6,24,39,0,78,54,0,100,7,8,8,5,72,100,31,3,256,309,3236,0,81,60,83,2,10,81,47,34,3440,64,0,96,0,0,58,20,0,0,1,1,5208,7,19,40,0,7,81,1,2,0,1,1,0,1,0,1,4,1278,89,56,100,100,99,0,96,4,8,0,4,2,13062,116,12,4,8,902,941,99,2,75,0,476,778,0,203,9,969,36,100,98,0,4,100,72,295,0,174147,283959,7,67692,3430,353342,0,0,0,81029,283971,0,0,0,0,21,12,7112,40,5,1,0,2,365001,70,25,12707595462278380256,6.000000,58.500000,81.250000,0.328893,76.931098,94.955979,83,0
63,4020696199,1000,5,20,39,0,78,54,0,100,7,8,8,5,72,100,41,3,256,280,0,0,56,70,95,2,10,52,52,0,3350,407,118,29,0,0,2123,20,79,3,0,0,5290,5,4,480,0,7,52,0,0,0,3,0,1,3,2,1,6,500,0,0,0,0,0,0,245,2,5,50750,4,2,13015,100,12,4,8,771,927,23,2,51,0,229,3,0,151,40,984,75,100,99,0,4,100,72,1314,0,82550,1147,35,56892,15072,359010,0,5474,16425,242724,577,0,99800,4,0,24,72,18046,40,5,1,0,2,365001,70,25,4206794414901758352,5.000000,58.500000,81.250000,0.461007,76.202075,94.427968,0,0
64,2380164672,1000,4,19,39,0,78,54,0,100,7,8,8,4,62,100,26,3,256,260,3221,0,54,59,83,2,10,49,47,2,3263,0,0,96,0,0,0,20,0,0,2,1,5236,5,13,0,0,4,49,0,2,0,1,1,0,0,0,0,4,1223,91,54,100,100,100,0,99,4,8,0,4,2,13210,116,0,4,8,868,939,21,2,41,0,45,723,0,197,2,1,36,100,98,0,4,100,62,32,0,16840,263883,0,67491,384,305,0,0,0,101104,263896,0,0,0,0,23,12,7420,40,7,1,0,2,365001,70,25,12398983131968832385,4.750000,58.500000,81.250000,0.425738,76.252233,94.405753,23,0
65,739633145,1000,12,30,28,0,78,54,0,100,7,8,8,6,72,100,35,3,256,393,0,0,82,57,67,2,10,82,75,7,3405,589,234,96,0,0,1780,20,0,3,0,0,7141,5,4,640,0,6,82,1,0,0,2,0,1,3,2,1,6,500,0,0,0,0,0,0,229,2,3,43134,4,2,13202,132,12,4,8,910,926,52,2,49,0,195,5,0,199,30,744,73,100,97,0,4,100,72,892,0,71712,1819,35,66254,9832,271286,0,5474,16425,251119,591,0,91391,4,0,29,72,12012,40,7,1,1,2,365001,70,25,7603521970166892775,12.000000,42.000000,81.250000,1.760188,73.266626,94.523557,0,0
66,3394068914,1000,6,24,38,0,78,53,0,100,7,8,8,5,100,100,41,3,256,281,0,0,68,68,94,2,10,68,68,0,3391,536,232,96,0,0,1981,18,9,3,0,0,5217,5,4,480,0,6,68,1,0,0,1,0,1,2,2,0,6,500,0,0,0,0,0,0,237,2,4,41762,4,2,13299,132,0,4,8,895,941,29,2,50,0,295,2,0,141,330,902,58,100,90,0,120,98,100,11717,0,108520,783,28,59728,121144,328935,0,5474,16425,245549,138,6665,90749,4,0,13,72,4571,40,4,1,0,2,365001,70,25,14856306556119343449,6.000000,58.000000,80.000000,0.534176,76.172945,90.954207,0,0
67,1753537387,1000,4,18,26,0,78,54,0,100,7,8,8,5,72,100,45,3,256,314,0,0,67,64,91,2,10,67,67,0,3317,418,235,96,0,0,2139,11,16,0,0,0,11651,5,1,483,0,7,67,0,0,0,1,2,0,3,2,1,2,137,9,87,45,100,17,0,490,3,4,0,4,2,13202,132,12,4,8,955,933,9,2,41,26,309,3,0,160,346,995,36,100,53,0,4,100,72,12627,0,111115,1175,35,62698,126896,363077,0,10948,61118,229896,600,11733,50705,4,0,6,72,2331,40,5,1,0,2,365001,70,25,5609424913824017169,4.500000,39.000000,81.250000,0.404939,72.676716,94.519391,9,0
68,113005860,1000,7,22,26,0,78,37,0,100,7,8,8,3,72,100,25,3,256,289,3210,0,27,65,83,2,10,25,16,9,3465,213,0,96,0,0,0,21,7,0,1,1,5207,7,11,0,0,6,25,0,3,0,2,1,0,1,0,1,4,1226,84,39,100,100,98,0,114,4,8,0,3,3,12611,116,12,3,8,857,929,14,3,63,3,132,726,0,172,12,973,36,100,49,0,4,100,72,402,0,48228,264975,7,60804,4632,355090,0,0,0,101017,249842,14141,0,0,0,22,12,6888,40,2,1,0,2,365001,70,25,12206223785673371071,7.333333,52.000000,75.000000,0.516375,76.169217,94.266910,35,0
69,2767441629,1000,0,1,45,0,78,51,0,100,7,8,8,5,72,100,31,3,256,248,0,0,82,67,90,2,10,82,82,0,3535,625,236,100,0,0,2002,15,0,0,0,0,12280,5,1,480,0,5,82,0,0,0,1,1,1,4,2,2,6,500,0,0,0,0,0,0,236,2,7,29890,4,2,13212,100,24,4,8,931,941,19,2,49,0,253,4,0,172,32,994,22,100,90,0,4,100,72,1206,0,94340,1599,42,66340,11980,362468,0,5474,16425,261704,1025,0,80372,4,0,10,72,3423,40,0,1,0,2,365001,70,25,684207888427678229,0.250000,67.750000,76.750000,0.045186,76.304723,93.582274,1,0
70,1126910102,1000,0,0,46,0,100,51,0,100,6,8,8,5,100,100,41,3,256,250,0,0,92,68,95,2,10,92,92,0,3438,607,0,120,0,0,2122,11,0,3,0,0,5348,5,4,480,0,5,92,0,0,0,1,3,1,2,2,0,6,500,0,0,0,0,0,0,239,2,6,43163,4,2,5170,116,0,4,8,186,940,21,2,115,39,146,1,0,180,66,998,25,76,100,0,120,98,100,2113,0,53095,647,26,64678,22542,364094,0,5474,16425,237958,169,13161,91813,4,0,6,72,1736,40,6,1,0,2,365001,70,25,8900514783042060804,0.000000,69.500000,77.000000,0.000000,64.987621,72.259961,47,0
71,3781345871,1000,36,91,13,0,78,20,0,80,7,8,8,3,72,100,27,3,256,387,0,0,49,70,92,26,54,48,48,0,3476,445,118,36,31,100,2199,19,0,3,0,0,8375,5,4,552,0,6,48,1,0,0,12,0,1,3,2,1,6,503,0,0,0,0,0,0,253,1,3,40979,3,3,11957,58,12,3,8,911,929,21,3,107,0,594,3,0,143,10,989,12,100,7,0,4,100,72,563,0,217189,1343,30,58344,5904,360734,0,5474,16425,228399,510,24949,89243,4,0,15,72,5278,40,5,1,67,2,365001,70,25,15613403140460591867,36.333333,26.000000,41.666667,67.875554,18.271975,19.854479,31,0
72,2140814344,1000,6,25,39,0,78,54,0,100,7,8,8,5,72,100,31,3,256,457,3172,0,64,59,83,2,10,64,64,0,3481,16,108,95,0,0,0,21,6,0,0,4,5208,6,13,1,0,7,64,0,2,0,1,0,0,1,1,0,4,645,94,38,100,100,100,0,241,3,8,0,4,2,13321,78,0,4,8,657,928,24,2,9,0,71,148,0,172,35,977,36,100,48,0,4,100,72,1077,0,27225,53966,14,61672,10456,356308,0,5474,16425,236196,53230,5433,48242,0,0,17,12,5110,40,7,1,0,2,365001,70,25,12080207290563978303,6.250000,58.500000,81.000000,0.563021,76.243375,94.533443,0,0
73,500282817,1000,6,25,35,0,78,54,0,100,7,8,8,5,72,100,40,3,256,286,0,0,68,66,95,2,10,68,67,1,3488,536,90,96,0,0,2334,9,0,0,0,0,13193,5,1,486,0,7,68,0,0,0,4,0,1,4,2,2,6,501,0,0,0,0,0,0,235,3,4,30114,4,2,13157,100,24,4,8,953,929,21,2,44,18,62,0,0,169,28,998,24,99,92,0,4,100,72,798,0,22964,0,42,66590,8556,364078,0,5474,16425,260609,1033,0,81459,4,0,7,72,1400,40,5,1,0,2,365001,70,25,16247262207337014877,6.250000,53.750000,81.000000,0.190013,76.566695,95.318082,10,0
74,3154718586,1000,6,25,37,0,78,54,0,100,7,8,8,5,72,100,26,3,256,274,3258,0,78,59,83,12,29,78,48,30,3417,117,0,95,0,0,0,20,1,0,2,1,5207,7,19,0,0,6,78,1,2,0,1,1,0,2,0,2,5,1223,86,69,100,0,1,0,139,4,7,0,4,2,5966,78,24,4,8,815,938,68,2,50,0,460,723,0,174,1,590,13,100,40,0,4,100,72,132,0,167606,263883,12,60612,1120,215181,0,0,0,104800,222319,37881,0,0,0,27,12,9947,40,3,1,1,2,365001,70,25,3788389273769357914,6.250000,56.750000,81.250000,1.240362,70.978545,87.881328,40,0
75,1514187059,1000,7,21,25,0,78,20,0,80,7,8,8,3,72,100,17,3,256,222,3079,0,13,66,85,17,54,13,9,4,3421,128,0,92,23,100,170,7,67089,4,0,0,5208,5,24,2,0,5,13,1,2,0,1,2,0,1,0,1,5,1252,83,89,100,0,1,0,375,1,1,0,3,3,12608,100,12,3,8,753,928,12,3,20,5,751,752,0,159,13,974,48,100,100,0,4,100,72,510,0,274535,274467,7,60348,5636,355230,0,0,0,90519,30522,243959,0,0,0,5,12,1043,40,4,1,2,2,365001,70,25,14575659308170107632,7.666667,51.666667,41.666667,2.001904,75.414340,18.822970,33,0
76,4168622828,1000,20,64,26,0,78,37,0,100,7,8,8,4,60,100,19,3,256,381,2749,0,56,59,86,2,10,46,46,0,3286,155,67,92,0,0,273,24,8,0,1,3,5216,5,7,0,0,2,46,0,3,0,0,1,0,1,1,0,3,580,97,82,100,78,83,0,244,3,7,0,4,2,13008,58,0,4,8,765,941,19,2,5,0,47,83,0,166,2,0,12,100,4,0,4,100,60,26,0,17929,30082,12,64408,312,0,0,5474,16425,281531,90,0,61480,0,0,24,12,7399,40,0,1,2,2,365001,70,25,1319730468904035789,20.250000,39.000000,56.500000,2.330258,73.856550,91.431042,0,0
77,2528091301,1000,6,18,26,0,78,36,0,95,7,8,8,3,100,100,40,3,256,220,289,0,22,70,95,25,56,22,21,1,3231,240,0,96,16,100,2180,13,5,3,1,2,12592,5,4,480,0,5,22,1,0,0,6,0,0,3,2,1,1,7,31,72,46,100,22,0,321,3,8,0,3,3,12765,100,12,3,8,982,940,9,3,49,29,201,3,0,149,359,996,42,100,65,0,120,98,100,12975,0,73238,1175,35,58792,131734,363448,0,8076,27799,218158,589,12097,98281,4,0,8,72,2919,40,7,1,0,2,365001,70,25,12361122709525332178,6.000000,52.000000,73.333333,0.417391,76.191304,90.455151,12,0
78,887559774,1000,8,24,26,0,78,34,0,80,7,8,8,2,55,100,17,3,256,300,3247,0,41,65,83,17,54,40,16,24,3378,80,0,107,27,100,9,17,0,0,1,2,5208,5,12,0,0,5,40,1,2,0,0,1,0,1,0,1,5,1226,88,89,100,0,1,0,123,3,5,0,3,3,12621,100,12,3,8,790,925,23,3,33,0,570,726,0,181,0,0,36,100,96,0,4,100,55,9,0,207309,264919,7,67951,108,0,0,0,0,100009,244640,20351,0,0,0,16,12,8953,40,5,1,1,2,365001,70,25,13666449152221289452,8.666667,52.000000,68.000000,1.970525,76.529118,78.581016,0,0
79,3541995543,1000,4,17,35,0,78,54,0,100,7,8,8,5,72,100,41,3,256,293,0,0,11,69,92,2,10,11,11,0,3340,536,236,94,0,0,1903,20,0,4,0,0,5229,5,7,490,0,7,11,0,0,0,2,0,1,1,1,0,6,500,0,0,0,0,0,0,45,1,3,263690,4,2,13283,78,0,4,8,905,932,99,2,24,0,102,2,0,81,48,967,48,100,100,0,4,100,72,1590,0,38787,787,14,28332,17742,352950,0,0,0,101309,0,0,263691,4,0,20,72,7035,40,2,1,0,2,365001,70,25,7964500093954197307,4.250000,53.250000,81.250000,0.378830,75.325905,94.436498,32,0
80,1901464016,1000,20,64,26,0,78,54,0,100,7,8,8,5,72,100,27,3,256,409,0,0,57,67,95,2,10,57,57,0,3350,573,118,88,0,0,2017,10,0,3,0,0,5221,5,4,480,0,5,57,0,0,0,1,1,1,4,2,2,6,500,0,0,0,0,0,0,231,3,6,42994,4,2,13305,58,24,4,8,719,930,19,2,83,13,154,5,0,184,28,998,64,100,100,0,4,100,72,798,0,57694,2270,42,65768,9492,364122,0,5474,16425,251119,1033,0,90949,4,0,5,72,2009,40,5,1,3,2,365001,70,25,755922884272062514,20.500000,39.000000,81.250000,3.026832,73.063811,94.447200,9,0
81,260932489,1000,5,21,39,0,78,53,0,100,7,8,8,5,100,100,52,3,256,225,273,0,59,64,83,2,10,59,59,0,3390,332,115,96,0,0,2122,8,0,3,0,3,13164,5,4,480,0,5,59,0,0,0,0,2,0,3,2,1,1,0,31,79,45,39,22,0,229,2,5,0,4,2,13343,132,12,4,8,970,938,16,2,50,24,370,3,0,204,353,997,36,100,92,0,119,100,100,13000,0,135528,1147,30,64168,129114,363616,0,5784,16425,240534,551,0,101706,4,0,4,72,1568,40,4,1,0,2,365001,70,25,3253956715127235220,5.250000,58.500000,80.000000,0.465862,76.269655,94.469010,6,0
82,2915368258,1000,5,21,18,0,78,53,0,100,7,8,8,5,100,100,41,3,256,267,0,0,8,58,85,2,10,8,8,0,3469,437,233,96,0,0,2121,24,2,3,0,0,7011,5,8,516,0,4,8,0,0,0,2,2,1,2,1,1,6,501,0,0,0,0,0,0,56,1,1,283458,4,2,9655,100,12,4,8,917,939,63,2,81,0,125,3,0,82,282,775,27,100,100,0,120,98,100,9784,0,45931,1287,21,26554,102488,282901,0,0,0,58544,512,22485,283459,4,0,23,72,7070,40,6,1,0,2,365001,70,25,6143700971668366486,5.250000,28.250000,80.500000,0.643811,34.793061,90.658830,29,0
83,1274836731,1000,5,19,28,0,78,38,0,100,7,8,8,5,72,100,27,3,256,365,0,0,43,63,95,9,32,41,41,0,3208,376,0,96,10,64,2310,11,7,0,0,0,12614,5,1,480,268,4,41,1,0,0,3,0,1,2,2,0,6,500,0,0,0,0,0,0,233,2,5,32130,4,2,13278,100,0,4,8,924,940,9,2,38,0,46,4,0,165,40,998,24,100,60,0,4,100,72,1179,0,16904,1654,28,58336,11982,363666,0,5474,16425,260609,196,0,82296,4,0,7,72,2366,40,7,1,0,2,365001,70,25,5257909050274868955,5.250000,43.000000,58.250000,0.513029,73.487573,90.318723,0,0
84,3929272500,1000,6,24,32,0,78,54,0,100,7,8,8,5,72,100,42,3,256,210,0,0,86,67,93,2,10,86,86,0,3465,532,235,96,0,0,2154,12,9,0,0,0,5209,5,1,502,0,7,86,0,0,0,1,0,1,2,2,0,6,503,0,0,0,0,0,0,260,2,4,30087,4,2,13294,100,0,4,8,743,939,11,2,53,27,106,2,0,163,25,994,24,100,51,0,4,100,72,1014,0,37534,1039,24,59255,9954,362664,0,5474,16425,233643,0,29661,79797,4,0,10,72,3472,40,2,1,0,2,365001,70,25,3597553247157841856,6.000000,48.250000,81.250000,0.534376,74.394313,94.442606,21,0
85,2288740973,1000,4,17,39,0,78,54,0,100,7,8,8,5,72,100,41,3,256,265,0,0,53,69,91,2,10,53,53,0,3363,536,233,82,0,0,2072,20,15,0,0,0,5983,5,1,480,0,4,53,1,0,0,1,0,1,2,2,0,6,503,0,0,0,0,0,0,248,1,2,26446,4,2,13285,116,0,4,8,917,870,13,2,63,0,252,2,0,164,39,997,24,100,55,0,4,100,72,1135,0,91604,755,28,57490,12472,363868,0,5474,16425,232915,94,19350,90742,4,0,25,72,7910,40,1,1,0,2,365001,70,25,1344037230617929875,4.250000,58.500000,81.000000,0.378773,76.262100,93.834324,0,0
86,648209446,1000,7,22,26,0,78,37,0,100,7,8,8,2,100,100,40,3,256,282,0,0,23,72,95,2,10,23,23,0,3326,384,100,96,0,0,2049,8,0,3,0,0,13008,5,4,480,0,3,23,0,0,0,0,3,1,3,2,1,6,501,0,0,0,0,0,0,224,2,5,52991,3,3,12758,100,12,3,8,970,940,10,3,53,31,62,1,0,183,214,999,31,100,100,0,120,94,100,7103,0,23529,699,30,63082,81722,364318,0,5474,16425,240534,554,0,102013,4,0,4,72,7140,40,4,1,0,2,365001,70,25,17955805003888903335,7.333333,52.000000,75.000000,0.510425,76.190312,94.328265,9,0
87,3302645215,1000,6,25,39,0,78,54,0,100,7,8,8,5,72,100,41,3,256,455,240,0,53,69,92,2,10,53,53,0,3319,536,233,103,0,0,1788,15,5,2,2,2,5222,5,3,480,0,5,53,0,0,0,2,1,0,2,2,0,1,4,32,85,76,90,23,0,253,2,6,0,4,2,13197,116,0,4,8,759,940,19,2,43,0,82,3,0,161,30,986,71,100,59,0,4,100,72,1164,0,30361,1175,28,57181,12736,359752,0,7284,16425,226199,153,15430,99509,4,0,11,72,3409,40,3,1,0,2,365001,70,25,14425757844839799529,6.250000,58.500000,81.250000,0.414867,76.705615,94.722664,0,0
88,1662113688,1000,5,23,38,0,78,54,0,100,7,8,8,5,72,100,42,3,256,216,0,0,68,70,95,2,10,68,64,4,3378,515,118,93,0,0,2193,20,12,0,0,0,5208,5,1,480,0,6,68,0,0,0,0,0,1,3,2,1,6,500,0,0,0,0,0,0,237,3,6,32887,4,2,13255,58,12,4,8,430,940,23,2,45,0,190,3,0,167,5,939,24,100,62,0,4,100,72,74,0,69334,1119,30,59515,876,342618,0,5474,16425,258648,604,1961,81888,4,0,24,72,7455,40,7,1,0,2,365001,70,25,17082060866809125170,5.750000,57.000000,81.250000,0.369596,76.482233,94.891362,0,0
89,21582161,1000,0,0,51,0,78,56,0,100,7,8,8,5,72,100,41,3,256,408,0,0,56,69,88,2,10,54,53,1,3359,601,236,97,0,0,2000,16,0,0,0,0,5207,5,1,480,0,7,54,0,0,0,3,1,1,2,2,0,6,500,0,0,0,0,0,0,230,2,6,27511,4,2,13097,116,0,4,8,738,945,119,2,29,3,123,2,0,173,7,961,13,78,51,0,4,100,72,318,0,45036,727,24,64538,3640,350402,0,5474,16425,250024,154,0,92923,4,0,10,72,4158,40,5,1,0,2,365001,70,25,11052498958108906275,0.000000,77.250000,84.750000,0.000000,77.930366,94.529740,1,0
90,2676017930,1000,5,21,26,0,78,54,0,100,7,8,8,5,72,100,49,3,256,250,0,0,11,65,89,2,10,10,9,1,3322,532,236,96,0,0,1897,20,0,3,0,0,8472,5,6,495,0,6,10,0,0,0,2,0,1,1,1,0,6,500,0,0,0,0,0,0,41,1,2,274386,4,2,13211,100,0,4,8,941,938,25,2,57,10,28,1,0,57,66,955,48,100,100,0,4,100,72,2409,0,10789,647,14,22114,24710,348419,0,0,0,90519,94,0,274387,4,0,20,72,6720,40,1,1,0,2,365001,70,25,1935921875562536251,5.250000,39.250000,81.250000,0.470517,72.679509,94.525774,0,0
91,1035486403,1000,5,21,30,0,78,54,0,100,7,8,8,5,55,100,41,3,256,193,0,0,3,68,95,2,10,3,3,0,3385,540,114,95,0,0,1359,13,2,4,0,0,5223,5,20,480,0,7,3,0,0,0,0,3,1,1,1,0,6,500,0,0,0,0,0,0,35,1,1,284970,4,2,13351,78,0,4,8,883,944,11,2,44,0,156,1,0,53,0,0,48,100,100,0,4,100,55,9,0,55892,699,14,20175,108,0,0,0,0,79934,95,0,284971,4,0,10,72,3486,40,0,1,0,2,365001,70,25,6698892548870777925,5.250000,45.250000,81.250000,0.465583,66.968167,94.584675,0,0
92,3689922172,1000,0,0,54,0,94,59,0,100,6,8,8,5,100,100,41,3,256,291,0,0,15,66,83,2,10,12,12,0,3358,353,0,129,0,0,2355,6,3,3,0,0,10033,5,4,480,0,5,12,0,0,0,1,4,1,3,1,2,6,502,0,0,0,0,0,0,37,1,2,283011,4,2,15833,116,24,4,8,847,911,22,2,43,12,176,4,0,57,269,997,48,100,100,0,120,98,100,9863,0,63739,1623,24,25254,101056,363644,0,0,0,81029,959,0,283012,4,0,5,72,1596,40,5,1,0,2,365001,70,25,16726847291933270036,0.000000,82.000000,89.750000,0.000000,80.931599,92.190488,5,0
93,2049390645,1000,10,22,30,0,78,54,0,100,7,8,8,6,72,100,38,3,256,351,0,0,57,63,85,2,10,57,57,0,3316,577,232,96,0,0,1985,15,16,0,0,0,11861,5,1,480,0,7,57,0,0,0,2,0,1,3,2,1,6,500,0,0,0,0,0,0,245,2,4,33671,4,2,13191,100,12,4,8,946,924,12,2,54,25,207,3,0,158,25,997,22,100,51,0,4,100,72,798,0,75160,1119,30,59384,8446,363646,0,5474,16425,250220,571,10389,81921,4,0,10,72,3892,40,0,1,1,2,365001,70,25,17153296784288026897,10.750000,46.250000,81.250000,1.328330,74.544311,94.877568,11,0
94,408859118,1000,6,19,26,0,78,37,0,100,7,8,8,3,72,100,25,3,256,257,3208,0,15,64,84,20,63,13,10,3,3389,19,0,96,16,100,118,5,13,0,2,2,12779,10,11,2,0,3,13,1,2,0,12,0,0,1,0,1,4,1255,86,46,96,100,98,0,108,4,8,0,3,3,12603,116,12,3,8,969,934,10,3,56,22,729,755,0,160,81,997,36,100,52,0,4,100,72,2391,0,266160,275559,7,62396,27954,363833,0,0,0,90404,263227,11369,0,0,0,4,12,1722,40,4,1,0,2,365001,70,25,10023028541030835459,6.333333,52.000000,75.000000,0.446243,76.168055,94.260097,11,0
95,3063294887,1000,4,18,36,0,78,54,0,100,7,8,8,5,72,100,41,3,256,266,0,0,36,61,95,2,10,36,36,0,3390,332,117,96,0,0,2273,20,0,3,0,0,10032,5,4,506,0,4,36,0,0,0,2,0,1,3,2,1,6,500,0,0,0,0,0,0,230,2,4,38682,4,2,13203,100,12,4,8,953,937,19,2,48,14,294,3,0,198,71,959,43,100,100,0,4,100,72,2137,0,107304,1175,35,65682,25550,349826,0,5474,16425,251119,565,0,91417,4,0,22,72,7147,40,0,1,0,2,365001,70,25,1209377316878239516,4.500000,54.250000,81.250000,0.403545,75.486480,94.523972,1,0
96,1422763360,1000,18,54,26,0,78,51,0,100,7,8,8,4,55,100,40,3,256,241,240,0,52,65,89,2,10,52,50,2,3390,583,233,93,0,0,1416,19,4,1,1,1,5207,5,2,480,0,6,52,0,0,0,1,0,0,2,2,0,1,6,37,70,100,58,24,0,254,1,4,0,4,2,13206,58,0,4,8,738,924,55,2,37,0,254,1,0,158,0,0,13,100,56,0,4,100,55,9,0,92159,591,28,56661,108,0,0,7952,16425,229769,95,11229,99530,4,0,15,72,6461,40,1,1,2,2,365001,70,25,2428526189759343097,18.250000,39.000000,76.500000,2.220960,73.658791,93.893609,0,0
97,4077199129,1000,4,19,39,0,78,54,0,100,7,8,8,4,72,100,41,3,256,264,392,0,36,68,94,2,10,36,36,0,3369,536,116,96,0,0,1640,12,16,2,0,2,7149,5,3,643,0,7,36,1,0,0,0,0,0,2,2,0,1,7,32,82,78,40,23,0,256,3,8,0,4,2,13289,116,0,4,8,872,942,81,2,33,0,262,2,0,151,18,992,68,100,62,0,4,100,72,651,0,96313,1064,28,56246,7812,361796,0,8147,16425,230456,90,11173,98709,4,6,5,72,3031,40,2,1,0,2,365001,70,25,9410993960494677152,4.750000,58.500000,81.250000,0.423207,76.262623,94.440515,0,0
98,2436667602,1000,26,86,26,0,78,37,0,100,7,8,8,4,72,100,17,3,256,316,3207,0,63,60,83,9,32,57,56,1,3392,143,0,96,16,96,0,18,11,0,3,1,5208,12,19,0,0,5,57,1,2,0,0,2,0,0,0,0,4,1226,88,63,100,100,99,0,99,4,8,0,4,2,13058,100,0,4,8,814,933,18,2,7,0,38,726,0,184,12,990,36,100,51,0,4,100,72,456,0,14134,264975,0,60360,5472,361173,0,0,0,100009,264991,0,0,0,0,17,12,5460,40,7,1,3,2,365001,70,25,14364367133111069932,26.750000,39.000000,56.250000,3.390871,74.039669,91.187012,0,0
99,796136075,1000,5,21,37,0,78,54,0,100,7,8,8,5,72,100,41,3,256,313,0,0,44,66,85,2,10,44,44,0,3279,518,235,93,0,0,1733,16,0,3,0,0,11502,5,4,527,0,5,44,0,0,0,1,0,1,4,2,2,6,502,0,0,0,0,0,0,230,3,6,38738,4,2,13196,58,24,4,8,931,934,9,2,59,22,147,6,0,173,16,995,44,100,100,0,4,100,72,629,0,53993,2322,42,65243,6726,362979,0,5474,16425,250024,916,0,92161,4,0,11,72,3773,40,3,1,0,2,365001,70,25,5754240075954322897,5.250000,56.000000,81.250000,0.471052,75.798727,94.516520,6,0
100,3450571844,1000,18,49,28,0,78,54,0,100,7,8,8,4,72,100,36,3,256,328,0,0,47,64,93,2,10,47,46,1,3266,549,233,96,0,0,1773,20,61,3,0,0,5435,5,4,509,0,5,47,0,0,0,0,0,1,3,2,1,6,500,0,0,0,0,0,0,250,2,6,41314,4,2,13139,132,12,4,8,896,922,15,2,58,0,184,3,0,171,39,982,65,100,100,0,4,100,72,952,0,67994,1315,35,57386,11408,358118,0,5474,16425,229696,572,21423,91410,4,0,20,72,6650,40,6,1,2,2,365001,70,25,8230258542015651575,18.000000,43.250000,81.250000,2.523784,74.211888,95.014841,0,0
101,1810040317,1000,29,99,25,0,78,54,0,100,7,8,8,4,72,100,27,3,256,294,0,0,49,70,95,2,10,48,47,1,3408,526,125,82,0,0,2162,19,5,3,0,0,5495,5,4,523,0,5,48,0,0,0,2,3,1,3,2,1,6,501,0,0,0,0,0,0,235,3,8,37366,4,2,13111,58,12,4,8,923,922,22,2,41,0,153,3,0,142,29,972,12,100,7,0,4,100,72,805,0,57271,1147,35,57696,9136,354714,0,5474,16425,232523,515,8422,101641,4,0,17,72,6573,40,7,1,4,2,365001,70,25,6896832025906458623,29.750000,38.500000,81.250000,4.198307,71.830524,94.481352,0,0
102,169508790,1000,6,24,38,0,78,54,0,100,7,8,8,5,72,100,41,3,256,267,0,0,66,70,93,2,10,66,65,1,3355,441,236,96,0,0,2156,7,0,0,0,0,9750,5,1,480,0,8,66,0,0,0,0,0,1,4,2,2,6,500,0,0,0,0,0,0,234,3,6,32382,4,2,13121,100,24,4,8,902,934,28,2,43,28,120,4,0,216,20,995,24,100,99,0,4,100,72,737,0,43255,1651,42,67476,7374,363002,0,5474,16425,259514,1011,0,82576,4,0,6,72,2625,40,6,1,0,2,365001,70,25,8734923840098488196,6.000000,57.250000,81.250000,0.406067,76.453548,94.801463,11,0
103,2823944559,1000,12,30,28,0,78,54,0,100,7,8,8,5,72,100,41,3,256,220,0,0,64,62,83,2,10,63,62,1,3359,468,235,96,0,0,2134,9,8,0,0,0,11120,5,1,480,0,4,63,0,0,0,3,0,1,3,2,1,6,500,0,0,0,0,0,0,243,2,6,32522,4,2,13200,116,12,4,8,963,942,14,2,62,29,60,3,0,137,83,995,24,100,50,0,4,100,72,2706,0,21967,1231,35,58158,30684,362916,0,5474,16425,248288,604,12321,81888,4,0,4,72,1407,40,4,1,1,2,365001,70,25,4683734643975942077,12.000000,42.500000,81.250000,1.760455,73.356364,94.524242,25,0
104,1183413032,1000,4,18,26,0,78,54,0,100,7,8,8,4,72,100,52,3,256,286,0,0,69,64,92,2,10,69,69,0,3524,408,144,96,0,0,2276,15,36,3,0,0,11505,5,4,534,0,3,69,0,0,0,2,0,1,2,2,0,6,500,0,0,0,0,0,0,233,2,5,43218,4,2,13285,116,0,4,8,938,928,18,2,46,11,7,1,0,161,14,994,72,100,93,0,4,100,72,626,0,2697,504,28,57238,7084,362713,0,5474,16425,245431,156,4593,92921,4,0,15,72,5558,40,3,1,0,2,365001,70,25,18155789043841186255,4.500000,39.250000,81.250000,0.401054,72.732330,94.557772,5,0
105,3837848801,1000,8,18,38,0,78,54,0,100,7,8,8,5,72,100,41,3,256,249,0,0,60,70,94,2,10,60,59,1,3250,536,232,96,0,0,1839,19,34,3,0,0,6225,5,4,480,0,4,60,0,0,0,1,0,1,3,2,1,6,501,0,0,0,0,0,0,238,2,4,42798,4,2,13209,100,12,4,8,912,942,26,2,52,0,296,4,0,140,21,992,74,100,100,0,4,100,72,696,0,106769,1766,35,56984,7910,361887,0,5474,16425,242970,541,8149,91441,4,0,15,72,5628,40,3,1,1,2,365001,70,25,16212228275810648861,8.500000,58.250000,81.250000,1.136195,76.206299,94.527973,2,0
106,2197317274,1000,4,18,39,0,78,54,0,100,7,8,8,4,72,100,41,3,256,496,959,0,41,65,92,2,10,41,41,0,3443,408,236,94,0,0,1211,20,3,2,4,4,5207,5,3,587,0,7,41,0,0,0,2,3,0,2,2,0,1,12,66,81,81,100,31,0,349,2,6,0,4,2,13116,78,0,4,8,714,926,26,2,39,0,160,2,0,151,12,978,73,100,78,0,4,100,72,387,0,58751,896,28,57754,4644,356875,0,9973,28927,203726,152,24306,97916,4,0,19,72,6111,40,3,1,0,2,365001,70,25,9383463641360795398,4.500000,58.500000,81.250000,0.188015,77.185270,95.032403,0,0
107,556785747,1000,29,99,26,0,78,54,0,100,7,8,8,4,55,100,27,3,256,250,2924,0,39,56,83,2,10,39,39,0,3342,15,210,74,0,0,0,10,0,0,3,0,5208,12,21,115,0,3,39,0,3,0,2,0,0,0,0,0,4,1229,84,41,100,94,98,0,141,4,7,0,4,2,13174,58,0,4,8,748,936,16,2,0,0,13,729,0,165,0,0,12,100,26,0,4,100,55,11,0,5080,266067,0,61210,132,0,0,0,0,100678,226184,38138,0,1,0,9,18,3542,40,0,1,4,2,365001,70,25,18179346853504213850,29.500000,39.000000,81.250000,4.146728,73.316684,94.391984,0,0
108,3211221516,1000,5,21,35,0,78,51,0,100,7,8,8,5,72,100,41,3,256,306,0,0,60,65,92,2,10,58,58,0,3372,536,235,87,0,0,2073,20,15,0,0,0,10485,5,1,486,0,5,58,0,0,0,1,0,1,3,2,1,6,500,0,0,0,0,0,0,256,3,9,23422,4,2,13181,78,12,4,8,947,915,18,2,83,9,145,3,0,157,48,958,24,100,55,0,4,100,72,1724,0,53098,1119,35,59114,19100,349546,0,5474,16425,237507,586,23102,81906,4,0,36,72,11879,40,1,1,0,2,365001,70,25,5449796067586908817,5.250000,52.500000,77.000000,0.471588,75.210530,93.779683,24,0
109,1570689989,1000,22,64,25,0,78,54,0,100,7,8,8,5,72,100,27,3,256,243,0,0,5,64,91,2,10,5,5,0,3396,597,233,64,0,0,1920,20,0,4,0,0,6141,5,12,480,0,4,5,1,0,0,0,2,1,1,1,0,6,500,0,0,0,0,0,0,54,1,1,275310,4,2,13164,58,0,4,8,870,937,46,2,55,0,257,2,0,57,78,936,48,100,100,0,4,100,72,2401,0,95852,923,14,21068,28592,341470,0,0,0,74616,0,15073,275311,4,0,24,72,7406,40,7,1,3,2,365001,70,25,8729187236523753910,22.250000,38.750000,81.250000,3.268004,72.211638,94.491036,0,0
110,4225125758,1000,21,63,26,0,78,37,0,100,7,8,8,5,72,100,27,3,256,289,0,0,19,68,91,9,32,18,17,1,3406,617,236,96,7,44,1911,8,0,3,0,0,8538,5,4,480,0,6,18,1,0,0,2,4,1,2,1,1,6,501,0,0,0,0,0,0,47,1,2,273966,4,2,13224,100,12,4,8,938,934,14,2,46,26,162,3,0,76,19,997,48,100,100,0,4,100,72,625,0,63104,1259,21,25920,6656,363819,0,0,0,83042,514,7477,273967,4,0,5,72,2849,40,5,1,3,2,365001,70,25,7643364779754622264,21.250000,39.000000,56.500000,3.084090,73.045372,90.461585,12,0
111,2584594231,1000,4,18,37,0,78,54,0,100,7,8,8,5,72,100,52,3,256,226,120,0,58,63,86,2,10,58,58,0,3521,424,116,95,0,0,2171,9,0,3,0,2,9277,5,4,528,0,5,58,0,0,0,0,0,1,2,2,0,6,500,0,0,0,0,0,1,225,2,3,53383,4,2,13277,78,0,4,8,971,940,10,2,49,28,294,1,0,143,20,996,17,100,52,0,4,100,72,698,0,108751,699,24,65398,7722,363198,0,5474,16425,240534,134,0,102433,4,0,8,72,2744,40,0,1,0,2,365001,70,25,13991769496527516501,4.500000,55.750000,81.250000,0.401295,75.768095,94.552986,6,0
112,944062704,1000,4,19,38,0,78,54,0,100,7,8,8,5,72,100,41,3,256,326,0,0,65,71,95,2,10,65,63,2,3335,549,0,96,0,0,2228,20,6,0,0,0,5210,5,1,516,0,8,65,1,0,0,1,0,1,2,2,0,6,500,0,0,0,0,0,0,243,2,5,35127,4,2,13194,100,0,4,8,639,937,39,2,53,0,236,2,0,180,39,994,25,100,55,0,4,100,72,1187,0,83989,1095,24,58265,12854,362778,0,5474,16425,248089,133,11425,83454,4,0,20,72,6447,40,5,1,0,2,365001,70,25,16979832818648282655,4.750000,58.250000,81.250000,0.298090,76.730484,94.891238,0,0
113,3598498473,1000,0,0,32,0,78,52,0,100,6,8,8,5,72,100,34,3,256,342,0,0,72,54,83,2,10,72,72,0,3463,476,116,131,0,0,1901,9,7,0,0,0,12955,5,1,480,0,3,72,0,0,0,1,3,1,2,2,0,6,505,0,0,0,0,0,0,275,2,5,30058,4,2,14734,78,0,4,8,930,919,22,2,109,33,135,2,0,163,108,997,24,96,48,0,4,100,72,3499,0,48614,783,28,60996,39660,363590,0,5474,16425,221656,0,40954,80491,4,0,6,72,1596,40,6,1,0,2,365001,70,25,7526611710079851747,0.000000,48.750000,78.750000,0.000000,69.619791,88.105742,54,0
114,1957966946,1000,6,24,39,0,78,54,0,100,7,8,8,4,72,100,52,3,256,301,0,0,52,70,92,2,10,52,52,0,3491,536,233,96,0,0,2080,21,6,3,0,0,5207,5,4,480,0,5,52,1,0,0,0,0,1,2,2,0,6,500,0,0,0,0,0,0,259,2,4,43218,4,2,13203,132,0,4,8,820,927,17,2,55,0,256,1,0,159,12,979,68,100,100,0,4,100,72,389,0,93735,591,28,58055,4668,357092,0,5474,16425,218352,142,31672,92935,4,0,22,72,7070,40,5,1,0,2,365001,70,25,11785194034214899228,6.000000,58.500000,81.250000,0.527153,76.286753,94.548966,10,0
115,317435419,1000,20,64,26,0,78,50,0,100,7,8,8,4,72,100,28,3,256,273,3057,0,81,53,84,2,10,81,80,1,3261,22,0,92,0,0,140,17,0,0,3,0,5686,5,20,0,0,8,81,0,2,0,3,0,0,0,0,0,4,1284,84,37,100,100,98,0,94,4,9,0,4,2,13158,58,0,4,8,860,946,84,2,46,29,48,784,0,184,22,974,36,100,98,0,4,100,72,514,0,17844,286145,0,67704,6168,355302,0,0,0,78839,286161,0,0,0,0,17,12,5404,40,1,1,2,2,365001,70,25,16365964787391313042,20.750000,39.000000,76.250000,2.752394,73.411765,93.658611,31,0
116,2971871188,1000,0,0,48,0,78,54,0,100,7,8,8,5,72,100,41,3,256,219,0,0,10,68,95,2,10,10,10,0,3464,573,118,98,0,0,2131,11,0,5,0,0,6073,5,13,480,0,5,10,0,0,0,0,0,1,1,1,0,6,500,0,0,0,0,0,0,35,1,3,284886,4,2,13281,100,0,4,8,771,934,13,2,75,0,243,2,0,50,4,414,48,100,100,0,4,100,72,70,0,89055,811,14,23954,668,150958,0,0,0,80113,0,0,284887,4,0,10,72,3402,40,1,1,0,2,365001,70,25,14464143264618025888,0.000000,72.750000,81.250000,0.000000,77.531963,94.435660,0,0
117,1331339661,1000,23,72,26,0,78,54,0,100,7,8,8,4,72,100,40,3,256,335,0,0,27,66,90,2,10,27,27,0,3279,577,235,96,0,0,1825,7,15,3,0,0,11599,5,4,480,0,5,27,0,0,0,3,2,1,2,1,1,6,501,0,0,0,0,0,0,44,1,3,265539,4,2,13175,116,12,4,8,927,930,16,2,45,24,42,3,0,69,36,997,56,100,100,0,4,100,72,1104,0,13451,1207,18,24954,11684,363805,0,0,0,98914,546,0,265540,4,0,4,72,1393,40,4,1,3,2,365001,70,25,6059067040311640103,23.250000,39.000000,81.250000,3.695408,72.843416,94.601518,10,0
118,3985775430,1000,6,24,34,0,78,52,0,100,7,8,8,4,100,100,26,3,256,243,3097,0,103,59,83,2,10,66,65,1,3255,116,0,96,0,0,0,20,5,0,1,1,8705,5,17,0,0,5,66,0,2,0,1,0,0,0,0,0,4,1226,89,82,100,100,99,0,100,4,8,0,4,2,11217,132,0,4,8,947,940,21,2,57,7,25,726,0,161,360,977,30,100,55,0,120,98,100,12555,0,8885,264975,0,62806,132420,356539,0,0,0,100009,264991,0,0,0,0,20,12,6405,40,3,1,0,2,365001,70,25,2671974534717733796,6.000000,51.000000,79.000000,0.633324,57.084247,87.526166,5,0
119,2345243903,1000,29,92,26,0,78,33,0,80,7,8,8,4,72,100,8,3,256,290,3257,0,61,58,83,34,54,61,18,43,3368,69,0,106,33,100,0,20,9,0,1,1,5208,8,19,0,0,5,61,1,2,0,1,0,0,1,0,1,4,1255,89,69,100,100,99,0,97,4,8,0,4,2,12938,100,12,4,8,853,933,12,2,3,0,531,755,0,168,4,965,36,100,52,0,4,100,72,176,0,194592,275559,7,60634,2112,352222,0,0,0,89424,275576,0,0,0,0,18,12,6139,40,2,1,3,2,365001,70,25,12081868437485267805,29.250000,39.000000,50.000000,3.792163,74.726387,73.947287,0,0
120,704712376,1000,5,22,38,0,78,54,0,100,7,8,8,5,100,100,75,3,256,156,120,0,44,69,91,2,10,44,34,10,3385,506,235,96,0,0,1874,10,0,3,1,1,12693,5,4,480,0,6,44,0,0,0,1,3,1,3,2,1,6,501,0,0,0,0,0,2,225,3,7,49322,4,2,13285,132,12,4,8,970,942,10,2,59,24,221,1,0,151,344,996,69,100,93,0,120,98,100,12990,0,80757,448,35,62462,127126,363287,0,5474,16425,239439,517,0,103145,4,6,0,72,1799,75,6,1,0,2,365001,70,25,6034779513370647320,5.500000,57.500000,81.000000,0.490177,76.080241,93.836357,1,0
121,3359148145,1000,25,100,32,0,78,43,0,100,7,8,8,4,100,100,34,3,256,235,120,0,78,60,95,2,10,78,57,21,3407,440,118,95,0,0,2087,8,0,3,1,1,13042,5,4,480,0,3,78,0,0,0,1,1,1,3,2,1,6,500,0,0,0,0,0,2,250,1,2,48258,4,2,13257,78,12,4,8,967,937,11,2,74,46,104,3,0,178,393,998,23,100,82,0,120,98,100,12167,0,39545,1147,35,61776,138730,364066,0,5474,16425,231588,515,9185,101813,4,0,4,72,2023,40,4,1,2,2,365001,70,25,12562585602587318962,25.000000,48.000000,65.750000,2.889040,73.943879,92.157125,41,0
122,1718616618,1000,5,20,39,0,78,54,0,100,7,8,8,5,72,100,31,3,256,433,2382,0,49,63,87,2,10,48,47,1,3315,413,116,96,0,0,361,20,8,0,2,1,5207,8,10,0,0,3,48,0,2,0,1,0,0,1,1,0,5,593,91,67,100,0,1,0,311,3,5,0,4,2,12803,100,0,4,8,838,939,21,2,25,0,39,96,0,162,37,985,13,100,38,0,4,100,72,1233,0,14121,34842,14,59068,13640,359444,0,5474,23687,234386,25680,26429,49344,0,0,20,12,6391,40,0,1,0,2,365001,70,25,14758708822910111550,5.000000,58.500000,81.250000,0.156213,77.390768,94.949621,0,0
123,78085091,1000,5,20,35,0,78,54,0,100,7,8,8,4,72,100,41,3,256,286,0,0,42,63,95,2,10,42,42,0,3453,522,235,96,0,0,2090,20,0,0,0,0,8341,5,1,564,0,5,42,0,0,0,0,1,1,3,2,1,6,500,0,0,0,0,0,0,229,2,4,28070,4,2,13198,100,12,4,8,924,931,31,2,60,5,95,3,0,158,24,959,24,99,99,0,4,100,72,864,0,35179,1147,35,64780,10368,349833,0,5474,16425,248929,585,0,93587,4,0,31,72,10129,40,2,1,0,2,365001,70,25,14808467394318800745,5.000000,53.750000,81.250000,0.448553,75.394075,94.523413,22,0
124,2732520860,1000,8,24,26,0,78,37,0,100,7,8,8,3,72,100,25,3,256,251,3330,0,53,65,83,19,51,53,28,25,3499,127,0,93,16,100,0,20,0,0,2,2,5207,11,19,0,0,6,53,1,2,0,12,0,0,1,0,1,4,1255,90,45,100,100,100,0,97,4,9,0,3,3,6249,58,12,3,8,814,927,81,3,87,1,585,755,0,194,3,196,36,100,100,0,4,100,72,131,0,212683,275559,7,66890,1108,71345,0,0,0,89424,275576,0,0,0,0,21,12,7231,40,3,1,1,2,365001,70,25,168696932281562437,8.000000,52.000000,75.000000,1.136822,74.305329,88.426948,60,0
125,1091989333,1000,5,20,39,0,78,54,0,100,7,8,8,4,72,100,41,3,256,362,640,0,48,64,89,2,10,48,48,0,3550,521,226,96,0,0,902,20,8,2,2,0,5208,5,3,919,0,6,48,0,0,0,2,1,0,2,2,0,1,5,52,72,80,100,28,0,257,2,4,0,4,2,13211,116,0,4,8,822,926,19,2,42,0,193,2,0,153,16,993,72,100,72,0,4,100,72,443,0,70798,783,28,56498,5316,362440,0,7653,16425,219165,156,20274,101327,4,0,24,72,7756,40,3,1,0,2,365001,70,25,942151923297009120,5.000000,58.500000,81.250000,0.375445,76.535766,94.606010,0,0
126,3746425102,1000,5,20,39,0,78,54,0,100,7,8,8,5,72,100,40,3,256,199,0,0,15,67,90,2,10,15,15,0,3481,536,235,96,0,0,1471,4,0,3,0,0,14091,5,4,1077,0,6,15,0,0,0,3,0,1,1,1,0,6,500,0,0,0,0,0,0,35,1,1,285027,4,2,13356,100,0,4,8,957,948,16,2,60,23,37,0,0,75,24,998,48,100,100,0,4,100,72,740,0,13673,0,12,27388,8026,364094,0,0,0,79934,38,0,285028,4,0,3,72,1281,40,3,1,0,2,365001,70,25,6440186342294065222,5.000000,58.500000,81.250000,0.443246,76.271339,94.585205,12,0
127,2105893575,1000,5,21,38,0,78,54,0,100,7,8,8,5,72,100,41,3,256,268,0,0,38,63,83,2,10,38,38,0,3386,381,0,95,0,0,2401,21,0,0,0,0,5214,5,1,480,0,4,38,0,0,0,1,0,1,2,2,0,6,501,0,0,0,0,0,0,278,1,4,20986,4,2,13201,78,0,4,8,840,905,27,2,65,1,284,2,0,163,116,977,23,100,52,0,4,100,72,4035,0,102291,979,28,57933,41238,356534,0,5474,23314,239448,0,14037,82727,4,0,23,72,7665,40,2,1,0,2,365001,70,25,17196496458077341845,5.250000,58.250000,81.250000,0.470873,76.205742,94.521627,29,0
128,465362048,1000,29,100,26,0,78,30,0,80,7,8,8,4,72,100,13,3,256,334,3069,0,61,53,62,48,73,56,25,31,3403,292,0,116,33,100,0,16,1,0,0,2,5207,8,17,0,0,5,56,1,2,0,0,0,0,1,0,1,4,1258,86,42,100,88,98,0,118,4,9,0,4,2,12902,78,12,4,8,873,899,36,2,38,0,476,758,0,166,2,960,36,100,51,0,4,100,72,229,0,173484,276651,7,60958,2748,350262,0,0,0,81160,261718,22122,0,0,0,15,12,4872,40,6,1,4,2,365001,70,25,889128415012544657,29.750000,39.000000,45.000000,4.778794,74.439157,58.600217,26,0
129,3119797817,1000,6,25,39,0,78,54,0,100,7,8,8,4,66,100,41,3,256,370,0,0,28,63,83,2,10,28,27,1,3280,399,115,96,0,0,1536,20,0,3,0,0,5208,5,4,538,0,5,28,0,0,0,0,0,1,3,2,1,6,500,0,0,0,0,0,0,327,2,6,41706,4,2,5828,100,12,4,8,674,925,85,2,1,0,169,4,0,150,1,0,24,68,100,0,4,100,66,42,0,63847,1707,35,57862,504,244,0,5474,31579,234870,566,0,92511,4,0,21,72,7273,40,5,1,1,2,365001,70,25,10809234226586211439,6.250000,58.500000,81.250000,1.278312,74.011668,87.575498,16,0
130,1479266290,1000,5,20,37,0,78,54,0,100,7,8,8,5,100,100,41,3,256,374,648,0,66,67,93,2,10,66,66,0,3407,408,231,96,0,0,1593,20,0,1,1,2,5207,5,2,480,0,7,66,1,0,0,3,0,0,3,2,1,1,11,72,79,100,62,33,0,257,2,6,0,4,2,13101,100,12,4,8,888,939,101,2,42,0,246,5,0,161,272,954,70,100,51,0,118,100,100,10299,0,91598,1874,35,56956,99494,348006,0,9845,16425,239439,582,0,98709,4,0,20,72,16716,40,4,1,0,2,365001,70,25,17286418295231439902,5.000000,55.750000,81.000000,0.451874,75.816197,93.756049,0,0
131,4133702059,1000,6,25,39,0,78,54,0,100,7,8,8,5,72,100,41,3,256,265,120,0,51,69,95,2,10,51,51,0,3424,408,232,96,0,0,2015,7,0,3,2,0,13355,5,4,487,0,6,51,1,0,0,2,0,1,4,2,2,6,500,0,0,0,0,0,1,225,2,5,53299,4,2,13208,100,24,4,8,988,939,8,2,53,30,244,4,0,171,49,996,49,100,94,0,4,100,72,1631,0,89701,1707,36,64858,16388,363310,0,5474,16425,240534,1004,0,101563,4,0,3,72,714,40,3,1,0,2,365001,70,25,11380178633746016656,6.250000,58.500000,81.250000,0.560267,76.251969,94.527559,11,0
132,2493170532,1000,7,21,26,0,78,37,0,100,7,8,8,3,72,100,25,3,256,289,3160,0,52,65,83,19,51,52,33,19,3299,97,0,93,16,100,0,20,0,0,0,0,5207,8,6,0,0,5,52,1,2,0,12,0,0,2,0,2,4,1229,83,85,100,100,97,0,101,4,7,0,3,3,12568,58,24,3,8,818,912,53,3,74,0,643,729,0,195,18,911,36,100,99,0,4,100,72,480,0,234576,266067,12,67727,5720,332370,0,0,0,98914,266086,0,0,0,0,21,12,10892,40,3,1,0,2,365001,70,25,6043329639349682012,7.000000,52.000000,75.000000,0.447804,76.336728,94.371419,17,0
133,852639005,1000,5,21,38,0,78,54,0,100,7,8,8,4,72,100,41,3,256,306,0,0,60,65,88,2,10,60,59,1,3363,415,116,96,0,0,2190,19,7,3,0,0,5207,5,4,480,0,4,60,1,0,0,1,0,1,2,2,0,6,500,0,0,0,0,0,0,262,2,5,44590,4,2,13021,116,0,4,8,866,917,21,2,61,0,316,2,0,155,15,981,66,100,79,0,4,100,72,444,0,114785,811,28,57878,5328,358262,0,5474,16425,214552,53,34561,93935,4,0,15,72,5852,40,4,1,0,2,365001,70,25,5535164586516877961,5.250000,58.250000,81.250000,0.179019,77.288688,95.227325,0,0
134,3507074774,1000,21,64,26,0,78,54,0,100,7,8,8,5,72,100,27,3,256,330,0,0,40,62,95,2,10,40,40,0,3471,577,233,93,0,0,1935,20,0,3,0,0,5208,5,4,564,0,6,40,0,0,0,5,0,1,3,2,1,6,501,0,0,0,0,0,0,310,2,6,39774,4,2,13164,58,12,4,8,842,937,67,2,0,0,217,5,0,157,62,751,48,100,100,0,4,100,72,1898,0,80623,1874,35,63510,22560,273925,0,5474,35092,231357,561,0,92516,4,0,22,72,7245,40,3,1,3,2,365001,70,25,7559588425436124313,21.000000,39.000000,81.250000,3.147979,72.957612,94.509268,0,0
135,1866543247,1000,30,100,26,0,78,29,0,80,7,8,8,4,53,100,13,3,256,243,3204,0,59,57,83,34,54,59,22,37,3379,117,0,107,33,100,0,20,6,0,2,0,5208,8,21,16,0,7,59,1,2,0,1,0,0,1,0,1,4,1284,82,37,100,86,97,0,109,4,6,0,4,2,13027,100,12,4,8,729,932,21,2,38,2,512,784,0,148,0,0,36,100,52,0,4,100,53,3,0,187592,286143,6,59990,36,0,0,0,0,79567,272748,12685,0,0,0,19,12,7532,40,0,1,5,2,365001,70,25,8734702874976784892,30.750000,39.000000,44.000000,5.138558,73.730867,55.468796,26,0
136,226011720,1000,6,20,26,0,78,37,0,100,7,8,8,3,72,100,40,3,256,283,0,0,39,74,95,2,10,35,35,0,3552,359,0,107,0,0,2671,9,0,0,0,0,6261,5,1,480,0,4,35,0,0,0,1,1,1,4,2,2,6,501,0,0,0,0,0,0,233,2,3,35070,3,3,12679,132,24,3,8,963,943,10,3,49,37,91,3,0,170,21,998,24,100,100,0,4,100,72,731,0,32601,1147,42,66194,8000,364092,0,5474,16425,258419,997,0,83685,4,0,4,72,1995,40,4,1,0,2,365001,70,25,9806164720178894327,6.666667,52.000000,75.000000,0.466914,76.179036,94.299235,9,0
137,2880447489,1000,9,25,20,0,78,20,0,80,7,8,8,2,100,100,17,3,256,280,3292,0,13,64,83,12,39,11,5,6,3407,71,0,107,27,100,0,4,0,0,0,4,12910,7,11,2,0,3,11,1,2,0,1,2,0,1,0,1,5,1229,94,74,100,0,1,0,315,2,3,0,3,3,4453,100,12,3,8,961,938,18,3,53,26,701,729,0,187,103,998,37,100,98,0,120,98,100,3469,0,255689,266067,6,67844,36812,364038,0,0,0,98914,76839,189247,0,0,0,3,12,1631,40,3,1,2,2,365001,70,25,9228009263699735500,9.000000,41.666667,41.333333,2.270829,63.375253,53.245902,35,0
138,1239915962,1000,5,21,39,0,78,52,0,100,7,8,8,4,72,100,75,3,256,127,0,0,10,67,87,2,10,10,10,0,3444,429,96,96,0,0,2277,13,0,5,0,0,7427,5,24,480,0,6,10,0,0,0,1,1,1,1,1,0,6,500,0,0,0,0,0,0,39,0,0,276515,4,2,13365,116,0,4,8,825,936,11,2,47,0,170,2,0,62,21,990,48,100,100,0,4,100,72,741,0,63399,923,12,23012,7658,361126,0,0,0,88484,0,0,276516,4,12,0,72,4137,75,3,1,0,2,365001,70,25,18104480002637046817,5.250000,58.500000,78.500000,0.465095,76.272503,93.863374,1,0
139,3894351731,1000,6,25,39,0,78,54,0,100,7,8,8,4,55,100,41,3,256,255,0,0,9,70,93,2,10,9,9,0,3340,536,233,96,0,0,1929,20,0,4,0,0,5216,5,19,480,0,4,9,0,0,0,2,0,1,1,1,0,6,500,0,0,0,0,0,0,58,1,1,275395,4,2,13015,100,0,4,8,867,936,23,2,52,0,217,2,0,75,1,0,14,81,41,0,4,100,55,10,0,78179,839,12,27052,120,0,0,0,0,70108,0,19496,275396,4,0,19,72,6391,40,0,1,0,2,365001,70,25,16466767729922312347,6.250000,58.500000,81.250000,0.568575,76.226047,94.323473,0,0
140,2253820204,1000,25,100,36,0,78,46,0,100,7,8,8,5,72,100,34,3,256,392,1311,0,43,55,86,2,10,43,40,3,3342,366,236,96,0,0,864,10,0,3,1,1,12891,5,4,480,0,3,43,0,0,0,1,2,0,4,2,2,2,15,33,77,47,100,23,0,267,2,5,0,4,2,13857,100,24,4,8,952,935,20,2,96,39,192,6,0,190,63,997,64,100,97,0,4,100,72,1978,0,70233,2298,42,64442,20978,363875,0,10948,16670,239439,1031,0,96912,4,0,5,72,1659,40,5,1,6,2,365001,70,25,8294723542900798807,25.000000,54.000000,69.750000,6.992856,71.624450,88.760771,46,0
141,613288677,1000,4,18,37,0,78,54,0,100,7,8,8,5,72,100,41,3,256,335,0,0,81,69,93,2,10,81,74,7,3366,418,232,95,0,0,2184,10,15,0,0,0,5754,5,1,486,0,8,81,0,0,0,2,0,1,2,2,0,6,505,0,0,0,0,0,0,309,2,4,31907,4,2,13253,78,0,4,8,926,907,33,2,43,28,122,2,0,175,24,996,24,100,67,0,4,100,72,792,0,45593,731,24,59465,8292,363273,0,5474,23538,241457,101,11684,82746,4,0,7,72,2156,40,7,1,0,2,365001,70,25,2194295265735587472,4.500000,55.750000,81.250000,0.373500,75.885158,94.631781,9,0
142,3267724446,1000,5,23,35,0,78,54,0,100,7,8,8,5,72,100,41,3,256,185,0,0,61,64,87,2,10,61,61,0,3240,536,232,96,0,0,1950,18,7,0,0,0,10973,5,1,480,0,7,61,0,0,0,1,0,1,2,2,0,6,500,0,0,0,0,0,0,258,3,4,34454,4,2,13269,100,0,4,8,920,943,11,2,46,0,235,2,0,147,48,990,24,100,47,0,4,100,72,1888,0,86078,731,28,58614,19264,361131,0,5474,16425,233697,146,25817,83441,4,0,13,72,4039,40,4,1,0,2,365001,70,25,6851179181437298336,5.750000,53.750000,81.250000,0.513076,75.419474,94.549702,0,0
143,1627192919,1000,6,24,31,0,78,54,0,100,7,8,8,5,72,100,41,3,256,253,0,0,58,64,88,2,10,58,58,0,3284,541,233,39,0,0,1868,16,76,3,0,0,9547,5,4,480,0,7,58,1,0,0,3,0,1,3,2,1,6,500,0,0,0,0,0,0,240,2,6,44926,4,2,13358,78,12,4,8,966,926,14,2,37,0,275,3,0,142,133,983,75,100,87,0,4,100,72,5613,0,100566,1371,35,57454,49424,358632,0,5474,16425,237672,568,11257,93604,4,0,12,72,4130,40,2,1,0,2,365001,70,25,13975881832751845841,6.000000,46.750000,81.250000,0.531816,74.178096,94.589010,0,0
144,4281628688,1000,14,56,39,0,78,50,0,100,6,8,8,5,72,100,40,3,256,322,0,0,11,60,83,2,10,11,11,0,3331,475,118,120,0,0,518,23,0,3,0,0,5227,5,4,480,0,5,11,0,0,0,3,0,1,4,1,3,6,503,0,0,0,0,0,0,41,1,1,274162,4,2,13210,100,36,4,8,907,939,51,2,66,0,295,6,0,82,14,992,48,100,100,0,4,100,72,459,0,106172,2183,35,23560,5496,361733,0,0,0,89424,1413,0,274163,4,0,40,72,14840,40,0,1,1,2,365001,70,25,7085316681660975278,14.000000,58.500000,75.500000,1.297199,76.193187,93.947918,10,0
145,2641097161,1000,4,17,39,0,78,54,0,100,7,8,8,5,72,100,40,3,256,415,660,0,53,66,85,2,10,53,47,6,3361,536,235,96,0,0,1397,15,10,1,1,1,10090,5,2,488,0,6,53,0,0,0,3,0,0,3,2,1,1,13,43,81,100,100,25,0,260,3,6,0,4,2,13105,100,12,4,8,948,943,24,2,49,0,100,4,0,136,77,975,69,100,51,0,4,100,72,2669,0,35639,1798,35,56924,28098,355750,0,10255,16425,239439,530,0,98351,4,0,14,72,4459,40,3,1,0,2,365001,70,25,161541232572590749,4.250000,58.500000,81.250000,0.356734,76.363220,94.569630,0,0
146,1000565634,1000,4,19,39,0,78,54,0,100,7,8,8,5,72,100,41,3,256,229,2514,0,67,60,86,2,10,66,62,4,3298,140,108,98,0,0,305,17,4,0,7,1,5226,9,11,189,0,7,66,0,2,0,1,0,0,0,0,0,4,1232,96,42,100,100,100,0,126,4,8,0,4,2,13282,78,0,4,8,701,937,24,2,56,8,43,732,0,171,20,987,29,100,51,0,4,100,72,907,0,14792,267159,0,61042,9202,359948,0,0,0,100507,237247,27246,0,2,0,16,36,5537,40,6,1,0,2,365001,70,25,6313124503234276954,4.750000,58.500000,81.250000,0.423430,76.261708,94.558048,0,0
147,3655001403,1000,4,18,29,0,78,43,0,85,7,8,8,5,72,100,30,3,256,421,2706,0,38,52,83,2,10,38,34,4,3283,248,0,96,0,0,285,15,0,12,2,2,5208,11,22,2,0,7,38,0,3,0,2,3,0,3,1,2,5,586,95,67,100,1,3,0,255,3,6,0,4,2,5971,116,24,4,8,762,898,28,2,58,0,76,90,0,152,24,990,13,100,49,0,4,100,72,1011,0,27928,32686,28,58478,10478,361771,0,5474,16425,259514,20298,11755,51534,0,0,15,12,4977,40,7,1,0,2,365001,70,25,8793485487591506956,4.500000,43.500000,65.750000,0.892313,72.997823,80.065986,18,0
148,2014469876,1000,11,23,30,0,78,54,0,100,7,8,8,6,72,100,41,3,256,206,0,0,46,64,91,2,10,46,44,2,3447,577,236,96,0,0,1535,10,0,3,0,0,11843,5,4,937,0,7,46,0,0,0,4,2,1,3,2,1,6,501,0,0,0,0,0,0,230,3,6,40110,4,2,12227,100,12,4,8,984,940,8,2,79,0,261,5,0,172,26,990,48,100,98,0,4,100,72,1041,0,95401,1847,35,65230,9852,361154,0,5474,16425,248929,520,0,93652,4,4,5,72,3157,40,7,1,1,2,365001,70,25,6415653505990888051,11.250000,46.250000,81.250000,1.629181,73.723235,94.086857,58,0
149,373938349,1000,15,45,25,0,78,54,0,100,7,8,8,5,72,100,27,3,256,207,2090,0,63,60,87,2,10,61,61,0,3421,467,108,63,0,0,619,17,0,0,0,2,5208,7,11,95,56,5,61,0,2,0,0,1,0,1,1,0,4,641,86,55,100,97,98,0,235,3,8,0,4,2,13096,58,0,4,8,692,699,17,2,58,0,133,143,0,179,23,991,34,100,51,0,4,100,72,902,0,49403,52035,14,58830,9614,361481,0,5474,16425,238344,51693,0,53064,1,0,12,33,3395,40,4,1,2,2,365001,70,25,14103067835078795102,15.500000,37.750000,81.250000,2.079566,69.666158,94.473503,0,0
150,3028374118,1000,31,100,26,0,78,40,0,100,7,8,8,5,72,100,27,3,256,292,430,0,48,71,93,24,76,47,46,1,3289,540,198,89,23,100,1525,15,0,1,2,2,8512,5,2,554,0,6,47,1,0,0,2,0,0,2,2,0,1,5,71,80,100,93,32,0,240,2,3,0,4,2,13005,58,0,4,8,957,920,11,2,38,0,260,3,0,172,64,991,63,100,74,0,4,100,72,2676,0,94296,1119,28,65720,25650,361474,0,7602,16425,239439,144,0,101390,4,0,11,72,3381,40,0,1,3,2,365001,70,25,17124838057638645239,31.250000,39.000000,60.250000,3.683199,73.795617,91.826221,1,0
151,1387842591,1000,5,21,33,0,78,51,0,100,7,8,8,5,72,100,51,3,256,273,0,0,16,61,76,2,10,15,14,1,3214,536,233,95,0,0,1803,12,0,4,0,0,11964,5,5,480,0,7,15,0,0,0,2,1,1,2,1,1,6,501,0,0,0,0,0,0,44,1,2,266658,4,2,13149,78,12,4,8,939,894,26,2,95,0,138,3,0,62,21,991,50,100,100,0,4,100,72,855,0,51978,1175,21,25420,8888,361544,0,0,0,97819,522,0,266659,4,0,11,72,3633,40,3,1,0,2,365001,70,25,14438244113999021557,5.250000,50.500000,77.500000,0.477527,74.931630,93.882044,48,0
152,4042278360,1000,8,17,13,0,78,20,0,80,8,8,8,2,73,100,25,3,256,288,2903,0,46,72,86,32,54,46,43,3,3330,131,0,0,33,100,252,15,0,0,3,0,5208,7,16,2,0,6,46,1,2,0,1,3,0,1,0,1,5,1229,89,72,100,0,1,0,378,1,1,0,2,4,3058,78,12,2,8,815,920,27,4,87,0,714,729,0,173,12,981,20,100,100,0,7,100,73,477,0,260731,266067,7,61870,5724,357974,0,0,0,98914,21147,244939,0,0,0,14,12,5110,40,6,1,0,2,365001,70,25,3228950771292412357,8.500000,39.000000,62.500000,0.995095,73.434271,77.951275,36,0
153,2401746833,1000,24,73,26,0,78,23,0,80,7,8,8,4,60,100,25,3,256,263,3047,0,53,52,83,24,49,53,28,25,3245,130,0,107,28,100,25,20,0,0,3,0,5208,12,19,1,0,5,53,1,2,0,0,0,0,1,0,1,4,1258,89,60,100,94,99,0,95,4,9,0,4,2,12975,100,12,4,8,871,925,61,2,24,0,488,758,0,164,0,0,36,100,98,0,4,100,60,25,0,178803,276651,7,67384,300,0,0,0,0,88329,276671,0,0,0,0,23,12,7756,40,3,1,5,2,365001,70,25,2026646031764958294,24.000000,39.000000,34.750000,5.213796,72.691792,28.321696,30,0
154,761215306,1000,6,24,34,0,78,54,0,100,7,8,8,5,100,100,26,3,256,471,3219,0,40,55,77,2,10,40,37,3,3379,98,0,96,0,0,0,20,6,0,2,1,7246,5,9,20,0,6,40,0,2,0,2,1,0,1,1,0,4,651,91,85,100,100,100,0,242,3,6,0,4,2,13104,100,0,4,8,903,930,65,2,60,0,64,154,0,181,268,784,36,100,52,0,118,100,100,10195,0,23559,55986,14,59949,97850,285909,0,5474,16425,230391,55378,7953,49379,0,0,23,12,8932,40,3,1,0,2,365001,70,25,1480286930126627035,6.000000,52.000000,81.000000,0.545788,75.240079,94.260455,0,0
155,3415651075,1000,4,17,38,0,78,54,0,100,7,8,8,5,72,100,41,3,256,176,0,0,20,69,95,2,10,20,20,0,3485,548,232,96,0,0,2063,8,0,3,0,0,8359,5,7,480,0,6,20,0,0,0,2,0,1,1,1,0,6,500,0,0,0,0,0,0,35,1,3,286062,4,2,13281,100,0,4,8,957,944,13,2,39,28,196,2,0,62,18,995,48,100,100,0,4,100,72,680,0,73032,783,14,22370,7022,363112,0,0,0,78839,98,0,286063,4,0,7,72,1701,40,7,1,0,2,365001,70,25,9161799785573278196,4.250000,58.250000,81.250000,0.378887,76.216098,94.437166,3,0
156,1775119548,1000,29,100,26,0,78,37,0,100,7,8,8,5,72,100,27,3,256,137,0,0,94,71,93,24,76,94,88,6,3321,637,233,114,23,100,1861,9,0,0,0,0,5208,5,1,548,0,7,94,1,0,0,0,1,1,3,2,1,6,503,0,0,0,0,0,0,246,3,4,31879,4,2,13152,100,12,4,8,390,937,42,2,52,13,348,3,0,155,27,997,22,100,52,0,4,100,72,1058,0,126657,1175,30,59343,10760,363693,0,5474,16425,246909,437,12685,83070,4,0,4,72,1512,40,4,1,4,2,365001,70,25,4077426454219735693,29.750000,39.000000,56.250000,4.507375,73.528285,90.686968,2,0
157,134588021,1000,21,64,26,0,78,54,0,100,7,8,8,5,72,100,27,3,256,339,0,0,66,64,89,2,10,66,66,0,3472,577,232,68,0,0,2021,21,0,3,0,0,7686,5,4,480,0,4,66,0,0,0,0,0,1,2,2,0,6,500,0,0,0,0,0,0,229,2,3,44647,4,2,13182,58,0,4,8,935,916,21,2,48,0,284,2,0,147,85,974,12,100,7,0,4,100,72,2456,0,104084,783,24,56834,29218,355330,0,5474,16425,248035,0,0,95066,4,0,19,72,10570,40,6,1,3,2,365001,70,25,9758336994510065137,21.500000,39.000000,81.250000,3.047792,73.260355,94.647246,0,0
158,2789023790,1000,4,19,38,0,78,54,0,100,7,8,8,5,72,100,31,3,256,217,3221,0,71,59,83,2,10,71,36,35,3322,59,0,96,0,0,0,9,3,0,1,2,5208,5,15,0,0,8,71,1,2,0,2,1,0,1,0,1,4,1258,88,84,100,100,99,0,97,4,10,0,4,2,13269,100,12,4,8,883,941,10,2,11,0,496,758,0,169,32,993,36,100,47,0,4,100,72,1190,0,180035,276651,7,60163,13220,362230,0,0,0,88329,276671,0,0,0,0,8,12,2443,40,0,1,0,2,365001,70,25,5772079169844527178,4.750000,58.250000,81.250000,0.280654,76.802246,94.965710,0,0
159,1148492263,1000,30,99,26,0,78,37,0,100,7,8,8,5,72,100,27,3,256,242,0,0,16,70,95,2,10,16,16,0,3402,420,106,73,0,0,2107,7,0,3,0,0,5255,5,20,607,0,6,16,0,0,0,2,1,1,2,1,1,6,501,0,0,0,0,0,0,36,1,3,286706,4,2,13267,58,12,4,8,589,943,28,2,71,27,160,3,0,62,80,998,48,100,100,0,4,100,72,2324,0,58469,1203,21,21788,24808,364099,0,0,0,77744,549,0,286707,4,2,3,72,79982,40,4,1,4,2,365001,70,25,7284042744283075355,30.000000,39.000000,56.500000,4.348835,73.202533,90.552499,12,0
160,3802928032,1000,5,22,38,0,78,54,0,100,7,8,8,5,72,100,41,3,256,351,506,0,35,65,86,2,10,35,34,1,3342,508,233,96,0,0,1183,14,9,2,0,2,11335,5,3,536,0,7,35,0,0,0,4,0,0,3,2,1,1,10,35,68,79,100,23,0,274,2,4,0,4,2,13215,116,12,4,8,966,936,11,2,43,0,177,4,0,170,18,990,69,100,48,0,4,100,72,972,0,64348,1595,30,56860,8368,361182,0,9225,16425,214936,577,24503,99334,4,0,13,72,4284,40,5,1,0,2,365001,70,25,16819207610525608611,5.500000,58.250000,81.000000,0.492773,76.207037,94.506546,18,0
161,2162396505,1000,4,17,39,0,78,54,0,100,7,8,8,4,55,100,26,3,256,212,3050,0,70,60,83,2,10,70,68,2,3414,280,0,96,0,0,41,21,15,0,1,1,5208,11,13,1,0,5,70,0,2,0,0,1,0,0,0,0,4,1232,89,64,100,100,99,0,141,4,7,0,4,2,13198,116,0,4,8,836,942,11,2,48,0,31,732,0,156,0,0,36,100,53,0,4,100,55,10,0,11296,267157,0,61007,120,0,0,0,0,84323,240636,40041,0,0,0,20,12,6944,40,1,1,0,2,365001,70,25,15937071070447538013,4.250000,58.500000,81.250000,0.381270,76.250644,94.400667,0,0
162,521864978,1000,6,23,39,0,78,47,0,80,7,8,8,4,54,100,25,3,256,342,3324,0,59,60,83,24,71,59,24,35,3490,124,0,120,27,100,0,19,0,0,2,0,5208,12,20,0,0,6,59,1,2,0,0,1,0,1,0,1,4,1261,87,70,100,98,99,0,96,4,6,0,4,2,13120,132,12,4,8,840,937,76,2,17,0,504,761,0,197,0,0,36,100,96,0,4,100,54,8,0,184208,277715,7,67114,96,0,0,0,0,87234,277766,0,0,0,0,16,12,5208,40,4,1,2,2,365001,70,25,6014142911220595364,6.750000,58.500000,70.750000,2.046646,76.240244,78.446494,8,0
163,3176300747,1000,5,23,39,0,78,54,0,100,7,8,8,5,72,100,41,3,256,312,0,0,36,68,95,9,32,36,36,0,3439,551,236,96,6,40,2010,13,0,3,0,0,12236,5,4,480,0,6,36,1,0,0,1,4,1,3,2,1,6,500,0,0,0,0,0,0,229,2,4,44198,4,2,13252,132,12,4,8,956,946,17,2,49,36,116,5,0,187,97,997,65,100,100,0,4,100,72,3202,0,43113,1819,35,65218,33268,363854,0,5474,16425,248929,594,0,93578,4,0,9,72,3241,40,6,1,0,2,365001,70,25,9501516597856321192,5.750000,58.500000,81.250000,0.513734,76.257772,94.544220,14,0
164,1535769220,1000,4,18,31,0,78,54,0,100,7,8,8,5,72,100,40,3,256,250,0,0,9,64,95,9,27,9,9,0,3389,465,235,89,6,39,1971,20,0,6,0,0,10288,5,11,556,0,4,9,1,0,0,2,0,1,1,1,0,6,500,0,0,0,0,0,0,43,1,2,287154,4,2,13283,78,0,4,8,945,942,25,2,72,16,62,2,0,48,147,957,48,100,100,0,4,100,72,4603,0,22392,755,14,22388,52380,349042,0,0,0,68279,101,9465,287155,4,0,21,72,6769,40,4,1,0,2,365001,70,25,15185911466773838794,4.500000,47.250000,81.250000,0.401114,74.263043,94.438003,33,0
165,4190204989,1000,5,22,27,0,78,41,0,100,7,8,8,4,72,100,40,3,256,165,249,0,98,61,84,32,89,98,98,0,3273,460,208,102,6,40,1683,13,12,1,1,3,5207,5,2,579,0,7,98,2,0,0,0,0,0,3,2,1,1,6,45,80,100,42,26,0,243,2,3,0,4,2,13202,78,12,4,8,500,505,18,2,46,18,171,1,0,128,25,996,64,100,51,0,4,100,72,780,0,62936,448,35,56308,7938,363198,0,8017,16425,239439,536,0,100583,4,0,7,72,2394,40,6,1,0,2,365001,70,25,6357820246444995380,5.500000,40.500000,61.750000,0.494925,73.861991,91.937509,7,0
166,2549673462,1000,5,21,39,0,78,54,0,100,7,8,8,4,72,100,41,3,256,474,0,0,50,71,95,2,10,48,47,1,3381,536,236,96,0,0,2087,18,13,0,0,0,5208,5,1,480,0,6,48,0,0,0,0,3,1,2,2,0,6,500,0,0,0,0,0,0,264,2,4,34006,4,2,12890,100,0,4,8,582,936,36,2,1,0,143,2,0,171,12,983,15,77,54,0,4,100,72,413,0,51195,1039,28,63079,4956,358639,0,5474,16425,221373,152,37046,84530,4,0,13,72,4627,40,4,1,0,2,365001,70,25,6106548872400897877,5.250000,58.500000,81.250000,0.319317,76.813964,94.695112,0,0
167,909141935,1000,6,25,37,0,78,53,0,99,7,8,8,5,100,100,40,3,256,215,0,0,3,65,88,2,10,3,3,0,3322,413,232,24,0,0,2035,20,0,4,0,0,9528,5,15,480,0,5,3,0,0,0,1,2,1,1,1,0,6,500,0,0,0,0,0,0,39,1,1,277662,4,2,4064,100,0,4,8,974,939,11,2,95,0,75,2,0,83,353,988,48,100,100,0,120,98,100,12830,0,28125,899,14,27634,130586,360389,0,0,0,87234,103,0,277663,4,9,12,72,7119,40,3,1,1,2,365001,70,25,15390582118201647282,6.250000,55.500000,79.500000,1.845472,71.362205,81.182579,34,0
168,3563577704,1000,5,22,33,0,78,53,0,100,7,8,8,4,100,100,75,3,256,228,3034,0,88,59,83,2,10,88,83,5,3447,220,0,96,0,0,5,12,1,0,1,1,10158,5,12,146,0,6,88,0,2,0,1,0,0,0,0,0,4,1258,89,69,100,100,99,0,108,4,4,0,4,2,13134,100,0,4,8,974,940,10,2,84,18,56,758,0,183,347,981,36,100,50,0,120,98,100,12347,0,19724,276653,0,63914,129642,357878,0,0,0,75224,276671,13105,0,1,10,0,18,4844,75,5,1,0,2,365001,70,25,2523904653719129791,5.500000,50.750000,80.250000,0.495812,53.819400,92.304249,39,0
169,1923046177,1000,8,25,26,0,78,37,0,100,7,8,8,2,72,100,25,3,256,289,3285,0,39,65,83,19,62,33,10,23,3352,24,0,92,16,100,0,7,0,0,0,2,12486,9,8,1,0,3,33,1,2,0,12,0,0,1,0,1,4,1287,91,37,100,100,100,0,94,4,10,0,3,3,12692,58,12,3,8,970,931,10,3,52,25,640,787,0,175,67,995,36,100,98,0,4,100,72,1936,0,233736,287235,7,67924,22848,363140,0,0,0,77744,287256,0,0,0,0,5,12,1540,40,5,1,0,2,365001,70,25,10225581625592943589,8.333333,52.000000,75.000000,0.583044,76.180901,94.298771,6,0
170,282514650,1000,4,18,33,0,79,54,0,100,7,8,8,5,72,100,44,3,256,242,0,0,10,67,87,2,10,10,10,0,3364,525,234,96,0,0,1846,20,0,5,0,0,8863,5,6,587,0,5,10,0,0,0,1,1,1,2,1,1,6,501,0,0,0,0,0,0,43,1,3,267750,4,2,13208,132,12,4,8,960,937,14,2,58,0,49,3,0,53,47,979,48,100,100,0,4,100,72,1621,0,17931,1147,21,22684,17460,357122,0,0,0,96724,525,0,267751,4,0,21,72,6412,40,4,1,0,2,365001,70,25,6332820903585856467,4.500000,49.750000,81.250000,0.408843,75.307162,94.509388,0,0
171,2936950419,1000,5,21,27,0,78,40,0,100,7,8,8,5,72,100,30,3,256,260,0,0,54,62,93,2,10,54,54,0,3346,562,236,96,0,0,1874,8,0,0,0,0,13115,5,1,480,0,3,54,0,0,0,0,3,1,3,2,1,6,500,0,0,0,0,0,0,234,3,6,34762,4,2,13265,132,12,4,8,968,943,13,2,51,38,145,3,0,162,210,998,24,100,97,0,4,100,72,6495,0,52989,1399,35,64640,73652,364099,0,5474,16425,258419,568,0,84114,4,0,4,72,4200,40,4,1,0,2,365001,70,25,5314420693419427025,5.250000,40.500000,60.500000,0.468602,73.111346,90.920467,12,0
172,1296418892,1000,4,19,39,0,78,54,0,100,7,8,8,5,72,100,41,3,256,296,0,0,41,68,95,2,10,39,39,0,3373,536,236,96,0,0,2079,10,15,0,0,0,12568,5,1,480,0,3,39,0,0,0,2,1,1,2,2,0,6,500,0,0,0,0,0,0,264,2,3,27818,4,2,13209,100,0,4,8,968,935,10,2,59,18,148,4,0,151,73,998,24,100,52,0,4,100,72,2175,0,54553,1650,28,57392,25892,363982,0,5474,16425,208775,103,39210,95013,4,0,6,72,2352,40,6,1,0,2,365001,70,25,12968840049434407965,4.750000,58.500000,81.250000,0.425770,76.252101,94.524945,6,0
173,3950854661,1000,4,18,39,0,78,54,0,100,7,8,8,5,72,100,41,3,256,267,0,0,49,65,95,2,10,46,45,1,3446,396,118,94,0,0,2272,8,7,3,0,0,13132,5,4,480,0,3,46,0,0,0,0,2,1,2,2,0,6,500,0,0,0,0,0,0,249,2,5,44646,4,2,13190,78,0,4,8,965,935,12,2,64,17,131,2,0,157,71,998,75,100,100,0,4,100,72,2114,0,49401,811,28,58456,25346,364204,0,5474,16425,229299,188,19630,93984,4,0,4,72,2016,40,4,1,0,2,365001,70,25,12062031465271894614,4.500000,58.500000,81.250000,0.403942,76.249583,94.517058,13,0
174,2310323134,1000,4,17,34,0,78,51,0,100,7,8,8,5,72,100,41,3,256,282,300,0,69,63,95,2,10,67,53,14,3341,528,73,96,0,0,1918,8,5,1,2,0,12860,5,2,480,0,3,67,0,0,0,0,3,0,2,2,0,1,6,38,69,100,100,24,0,262,1,5,0,4,2,12943,132,0,4,8,971,935,10,2,57,37,102,2,0,162,84,998,69,100,55,0,4,100,72,2579,0,36668,839,28,59244,30864,364057,0,7680,16425,228291,0,11761,100843,4,0,5,72,1246,40,4,1,0,2,365001,70,25,14733313806074484191,4.250000,52.250000,77.250000,0.388782,75.551727,93.988720,14,0
175,669791607,1000,7,22,26,0,78,37,0,100,7,8,8,3,72,100,52,3,256,249,0,0,39,73,92,2,10,39,39,0,3253,332,117,96,0,0,1542,21,16,0,0,0,6353,5,1,480,0,5,39,0,0,0,3,0,1,3,2,1,6,501,0,0,0,0,0,0,382,1,1,35546,3,3,12691,100,12,3,8,922,928,16,3,46,0,130,3,0,163,42,930,24,100,53,0,4,100,72,1692,0,47721,1147,35,57686,17604,339543,0,5474,40285,212956,525,21199,84561,4,0,23,72,7070,40,4,1,0,2,365001,70,25,7016715237711693399,7.333333,52.000000,75.000000,0.513120,76.180758,94.303049,0,0
176,3324227376,1000,7,21,26,0,78,37,0,100,7,8,8,3,63,100,25,3,256,236,3078,0,35,65,84,2,10,35,24,11,3356,145,0,96,0,0,88,16,0,0,0,2,5207,12,13,3,0,5,35,0,3,0,3,4,0,1,0,1,4,1232,87,79,96,100,99,0,100,4,9,0,3,3,12585,116,12,3,8,831,928,75,3,23,1,181,732,0,174,0,1,36,100,98,0,4,100,63,33,0,66595,267159,7,67478,348,482,0,0,0,97819,267181,0,0,0,0,14,12,4865,40,6,1,0,2,365001,70,25,2744297406282296327,7.000000,52.000000,75.000000,0.452205,76.320381,94.365912,35,0
177,1683695849,1000,4,17,38,0,78,54,0,100,7,8,8,5,72,100,41,3,256,260,120,0,36,69,95,2,10,36,36,0,3332,467,108,92,0,0,2114,18,44,2,0,2,5208,4,3,481,0,7,36,1,0,0,3,0,1,3,2,1,6,501,0,0,0,0,0,1,261,2,3,45655,4,2,13269,116,12,4,8,687,924,25,2,43,0,230,2,0,163,12,976,70,100,98,0,4,100,72,272,0,85001,783,30,56695,3232,356086,0,5474,21253,243006,604,0,94663,4,0,13,72,6741,40,3,1,0,2,365001,70,25,378260601049889673,4.750000,58.250000,81.250000,0.349838,76.767051,94.940840,0,0
178,43164322,1000,4,18,36,0,78,54,0,100,7,8,8,5,72,100,41,3,256,565,0,0,56,61,83,9,32,55,55,0,3406,427,118,96,6,40,490,9,0,3,0,0,5356,5,4,480,0,5,55,1,0,0,0,1,1,2,2,0,6,500,0,0,0,0,0,0,222,2,4,103166,4,2,13285,132,0,4,8,920,912,21,2,47,12,152,4,0,143,24,998,71,100,100,0,4,100,72,720,0,57623,1510,28,51058,8626,363982,0,5474,16425,237249,206,0,105646,4,0,7,72,1694,40,6,1,0,2,365001,70,25,4793979350753055751,4.500000,54.750000,81.250000,0.401054,75.591419,94.556266,6,0
179,2697600091,1000,5,21,39,0,78,54,0,100,7,8,8,5,72,100,41,3,256,386,0,0,30,69,90,2,10,30,28,2,3416,536,233,96,0,0,1895,10,0,3,0,0,5214,5,4,590,0,8,30,0,0,0,3,1,1,3,2,1,6,500,0,0,0,0,0,0,225,2,5,54475,4,2,5285,100,12,4,8,758,924,53,2,66,0,240,5,0,155,14,991,18,100,55,0,4,100,72,589,0,86949,1735,30,56616,6684,361691,0,5474,16425,238344,572,0,104185,4,0,9,72,3213,40,0,1,1,2,365001,70,25,8152108595535249313,5.250000,58.500000,81.250000,1.192053,73.572375,86.274361,18,0
180,1057068564,1000,4,18,39,0,78,54,0,100,7,8,8,5,72,100,41,3,256,357,0,0,68,69,90,2,10,68,68,0,3369,524,233,96,0,0,2044,7,6,0,0,0,10943,5,1,480,0,8,68,0,0,0,3,0,1,2,2,0,6,500,0,0,0,0,0,0,282,2,5,35518,4,2,13111,100,0,4,8,929,896,18,2,49,27,211,3,0,156,16,996,14,70,43,0,4,100,72,606,0,78642,1147,28,60994,6094,363198,0,5474,16425,205767,105,51671,85558,4,0,3,72,1232,40,3,1,0,2,365001,70,25,13432269693834188165,4.500000,58.500000,81.250000,0.406376,76.239036,94.485546,9,0
181,3711504333,1000,12,32,26,0,78,54,0,100,7,8,8,5,72,100,27,3,256,314,0,0,53,56,86,2,10,53,52,1,3358,536,116,96,0,0,1322,19,11,0,0,0,9842,5,1,480,0,5,53,0,0,0,3,0,1,2,2,0,6,500,0,0,0,0,0,0,256,2,3,35182,4,2,13278,132,0,4,8,924,891,27,2,72,0,257,3,0,163,27,994,25,100,64,0,4,100,72,744,0,92523,1207,28,58448,8418,362498,0,5474,16425,232516,162,25903,84520,4,0,16,72,5593,40,5,1,1,2,365001,70,25,698661569342783242,12.250000,39.000000,81.250000,1.815334,72.760054,94.553397,0,0
182,2070972806,1000,30,99,26,0,78,54,0,100,7,8,8,5,72,100,27,3,256,172,0,0,58,63,95,2,10,57,57,0,3329,468,116,93,0,0,2195,9,0,0,0,0,12811,5,1,480,0,5,57,0,0,0,2,1,1,3,2,1,6,500,0,0,0,0,0,0,228,2,5,28435,4,2,13134,58,12,4,8,983,945,8,2,69,30,253,3,0,180,40,995,23,99,87,0,4,100,72,1261,0,90386,1119,30,64340,12866,362979,0,5474,16425,247834,599,0,94668,4,0,8,72,2926,40,0,1,4,2,365001,70,25,13479905214246578888,30.000000,39.000000,81.250000,4.498401,73.070809,94.490635,34,0
183,430441279,1000,6,18,25,0,78,20,0,80,7,8,8,3,100,100,27,3,256,329,320,0,26,71,95,17,49,26,26,0,3413,298,117,36,12,76,2145,19,2,0,2,0,8600,5,1,491,0,4,26,1,0,0,12,0,0,2,2,0,2,145,38,71,100,0,1,0,1459,1,1,0,3,3,3756,78,0,3,8,949,929,24,3,82,17,794,2,0,160,104,981,18,100,48,0,120,98,100,3697,0,289965,727,28,59436,40510,357850,0,10948,225090,67240,104,9409,52209,4,0,15,72,5208,40,7,1,1,2,365001,70,25,17556936898461239657,6.666667,51.666667,41.333333,1.727370,71.698616,64.809372,28,0
184,3084877048,1000,24,77,31,0,78,54,0,100,7,8,8,5,72,100,46,3,256,215,0,0,6,68,95,2,10,6,6,0,3418,488,116,96,0,0,2092,7,0,5,0,0,13273,5,10,560,0,6,6,1,0,0,1,1,1,2,1,1,6,501,0,0,0,0,0,0,35,1,3,286734,4,2,13206,100,12,4,8,967,941,13,2,73,26,190,4,0,59,28,996,48,100,100,0,4,100,72,974,0,68308,1427,21,23266,9780,363525,0,0,0,77744,521,0,286735,4,0,6,72,2268,40,5,1,4,2,365001,70,25,17001401441144296272,24.500000,46.500000,81.250000,4.015750,74.041799,94.523701,42,0
185,1444345521,1000,8,23,26,0,78,20,0,80,7,8,8,2,72,100,17,3,256,267,3209,0,32,65,83,34,54,32,19,13,3409,140,0,104,33,100,18,20,40053,3,5,1,5208,8,22,0,0,4,32,1,2,0,2,0,0,1,0,1,5,1235,92,74,100,0,1,0,260,3,7,0,3,3,12598,100,12,3,8,811,923,10,3,4,0,646,735,0,186,14,974,48,100,100,0,4,100,72,401,0,236089,268223,7,59108,4812,355510,0,0,0,96724,127217,141059,0,0,0,24,12,7994,40,0,1,2,2,365001,70,25,15782855729404757162,8.333333,52.000000,41.666667,2.048579,76.167328,18.850611,25,0
186,4098781290,1000,6,24,35,0,78,50,0,100,7,8,8,5,72,100,40,3,256,268,0,0,9,65,86,9,32,8,7,1,3318,551,235,96,6,40,1747,8,0,3,0,0,8211,5,11,623,0,5,8,1,0,0,0,1,1,1,1,0,6,500,0,0,0,0,0,0,52,1,1,267079,4,2,13180,100,0,4,8,900,926,20,2,13,0,221,2,0,73,44,925,48,100,100,0,4,100,72,1337,0,78615,839,12,23842,15716,337547,0,0,0,92582,101,5237,267080,4,0,5,72,1344,40,5,1,0,2,365001,70,25,17851848255588387721,6.000000,53.000000,75.500000,0.356904,75.840212,93.765023,7,0
187,2458249763,1000,8,24,26,0,78,37,0,100,7,8,8,3,72,100,40,3,256,246,0,0,23,65,84,17,55,23,11,12,3431,113,0,96,16,100,177,12,0,3,0,0,12116,5,4,480,0,4,23,1,0,0,1,1,1,2,2,0,6,500,0,0,0,0,0,0,230,2,2,43862,3,3,12763,100,0,3,8,957,938,15,3,64,31,468,2,0,188,76,998,51,100,100,0,4,100,72,2268,0,169889,783,28,63812,27076,364141,0,5474,16425,244893,158,2941,95109,4,0,7,72,4571,40,7,1,0,2,365001,70,25,8651547599084789793,8.000000,52.000000,75.000000,0.558489,76.184910,94.330878,13,0
188,817718236,1000,4,18,39,0,78,54,0,100,7,8,8,5,72,100,41,3,256,281,0,0,17,69,89,2,10,17,13,4,3295,536,232,96,0,0,1885,10,10,3,0,0,13512,5,4,480,0,6,17,0,0,0,0,2,1,3,2,1,6,620,0,0,0,0,0,0,1141,1,1,57358,4,2,10093,116,12,4,8,949,937,12,2,43,26,292,2,0,149,17,995,30,100,100,0,4,100,72,655,0,105632,1063,35,58566,6920,363175,0,5474,221045,76649,440,0,61392,4,0,6,72,2604,40,5,1,0,2,365001,70,25,16480088066743501508,4.500000,58.500000,81.250000,0.529674,75.704746,92.833152,16,0
189,3472154005,1000,7,21,23,0,77,36,0,100,7,8,8,3,100,100,25,3,256,212,3021,0,22,64,83,2,10,21,12,9,3316,160,84,88,0,0,8,16,0,0,3,5,5208,11,13,1,0,7,21,0,3,0,3,2,0,1,0,1,4,1287,98,51,100,100,100,0,93,4,7,0,3,3,12676,58,12,3,8,856,882,11,3,44,0,87,787,0,193,283,881,36,100,97,0,110,100,100,11497,0,31424,287235,7,67296,105782,321338,0,0,0,77744,287256,0,0,0,0,15,12,5180,40,7,1,0,2,365001,70,25,1796109144761310679,7.000000,46.000000,73.333333,0.490376,63.210792,93.035658,16,0
190,1831622478,1000,5,23,39,0,78,54,0,100,7,8,8,4,72,100,26,3,256,291,3363,0,63,59,83,2,10,63,27,36,3456,19,0,96,0,0,0,20,18,0,4,0,5207,8,20,0,0,7,63,1,2,0,1,1,0,1,0,1,4,1235,91,57,100,100,100,0,113,4,7,0,4,2,10087,116,12,4,8,851,930,16,2,15,0,510,735,0,163,12,979,19,100,53,0,4,100,72,412,0,185522,268251,7,60482,4944,357148,0,0,0,97508,251755,15737,0,0,0,24,12,7546,40,5,1,0,2,365001,70,25,15476071606090888859,5.750000,58.500000,81.250000,0.503916,76.291068,93.239318,24,0
191,191090951,1000,7,19,39,0,78,54,0,100,7,8,8,5,72,100,41,3,256,376,0,0,73,70,92,2,10,73,73,0,3467,428,232,95,0,0,2057,12,0,3,0,0,11674,5,4,480,0,3,73,0,0,0,0,0,1,4,2,2,6,500,0,0,0,0,0,0,230,2,5,46298,4,2,13214,78,24,4,8,912,930,13,2,40,25,333,5,0,189,16,994,21,100,77,0,4,100,72,570,0,120633,1875,42,65151,6298,362517,0,5474,16425,246739,1035,0,95327,4,0,7,72,2044,40,7,1,0,2,365001,70,25,11374588832184387199,7.250000,58.500000,81.250000,0.881943,76.252762,94.528530,12,0
192,2845526720,1000,6,24,39,0,78,52,0,100,7,8,8,4,100,100,41,3,256,246,0,0,72,62,86,2,10,72,72,0,3418,550,236,94,0,0,1682,10,0,3,0,0,12871,5,4,480,0,3,72,0,0,0,0,2,1,3,2,1,6,503,0,0,0,0,0,0,229,2,4,44647,4,2,13180,78,12,4,8,973,938,11,2,70,33,137,3,0,148,374,998,71,100,89,0,104,100,100,12079,0,50185,1119,30,63030,137768,364064,0,5474,16425,249247,522,0,93332,4,0,6,72,2009,40,5,1,0,2,365001,70,25,1234750614797724373,6.000000,58.500000,78.250000,0.538998,76.248255,94.246434,29,0
193,1204995193,1000,4,17,39,0,78,54,0,100,7,8,8,5,66,100,30,3,256,434,2416,0,77,60,86,2,10,77,77,0,3395,148,208,87,0,0,581,20,6,0,3,1,5211,12,13,0,0,7,77,0,0,0,2,2,0,1,1,0,4,783,93,70,100,92,100,0,260,4,7,0,4,2,13293,58,0,4,8,725,939,108,2,49,0,56,2,0,171,1,2,12,100,23,0,4,100,66,43,0,20837,811,14,60272,464,517,0,5474,16425,219564,103451,17894,2192,0,0,22,12,7448,40,5,1,0,2,365001,70,25,17475237165750448707,4.250000,58.500000,81.250000,0.383661,76.239675,94.546002,0,0
194,3859430962,1000,6,25,39,0,78,54,0,100,7,8,8,5,72,100,41,3,256,522,618,0,20,66,93,2,10,18,18,0,3451,368,234,94,0,0,1709,12,0,3,0,2,6050,5,4,480,0,7,18,0,0,0,2,0,0,3,2,1,2,23,34,84,48,100,23,0,409,3,7,0,4,2,16890,78,12,4,8,861,944,21,2,37,0,21,5,0,165,12,992,22,100,58,0,4,100,72,577,0,8190,1875,35,56151,5822,361957,0,10948,49658,208034,578,0,95782,4,0,12,72,3500,40,2,1,0,2,365001,70,25,9197074072934927816,6.250000,58.500000,81.250000,0.438129,76.633037,95.719361,1,0
195,2218899435,1000,5,17,26,0,78,37,0,100,7,8,8,3,72,100,40,3,256,323,0,0,12,76,95,2,10,12,11,1,3282,396,0,96,0,0,2299,10,0,0,0,0,12367,5,1,545,0,6,12,0,0,0,1,4,1,3,2,1,6,500,0,0,0,0,0,0,234,2,5,31038,3,3,12729,100,12,3,8,954,937,11,3,39,0,50,3,0,188,32,991,24,100,96,0,4,100,72,1117,0,19048,1371,35,66264,11300,361684,0,5474,16425,257324,579,0,85198,4,0,10,72,3024,40,1,1,0,2,365001,70,25,9731758951627860685,5.666667,52.000000,75.000000,0.395318,76.186189,94.258779,0,0
196,578367908,1000,6,18,31,0,78,54,0,100,7,8,8,5,100,100,41,3,256,291,0,0,14,63,83,2,10,14,14,0,3420,392,118,96,0,0,2268,12,0,3,0,0,12470,5,7,480,0,6,14,0,0,0,1,1,1,1,1,0,6,500,0,0,0,0,0,0,42,1,2,278754,4,2,13219,132,0,4,8,955,934,8,2,42,22,183,1,0,77,295,996,48,100,100,0,120,98,100,10646,0,65185,619,14,22708,108582,363338,0,0,0,82890,106,3249,278755,4,0,9,72,3178,40,6,1,0,2,365001,70,25,2280407529325425434,6.500000,46.750000,81.000000,0.774643,74.078750,93.794311,9,0
197,3232803677,1000,5,20,39,0,78,54,0,100,7,8,8,4,72,100,41,3,256,304,0,0,58,72,95,2,10,58,57,1,3295,538,118,96,0,0,2095,20,3,0,0,0,5207,5,1,502,0,7,58,0,0,0,0,0,0,3,2,1,2,108,7,68,45,0,1,0,456,3,6,0,4,2,12975,100,12,4,8,395,928,37,2,53,0,232,2,0,142,13,981,13,94,37,0,4,100,72,451,0,84117,783,30,58410,5412,357750,0,10948,50425,241925,600,5909,55193,4,0,19,72,6083,40,1,1,0,2,365001,70,25,8243545487040041312,5.000000,58.500000,81.250000,0.255877,77.002081,94.977264,0,0
198,1592272150,1000,5,21,38,0,78,54,0,100,7,8,8,4,100,100,40,3,256,360,312,0,34,66,91,2,10,32,32,0,3413,209,235,96,0,0,2046,11,6,0,10,2,11566,5,1,569,0,4,32,0,0,0,3,0,0,2,2,0,3,137,80,50,100,100,75,0,1068,1,3,0,4,2,13110,116,0,4,8,937,927,17,2,55,24,44,2,0,168,267,995,45,100,50,0,120,94,100,8966,0,15916,727,28,59389,101284,362944,0,10948,197779,105025,104,0,51144,4,0,8,72,2870,40,0,1,0,2,365001,70,25,6307692140619843144,5.250000,57.250000,81.250000,0.474142,76.045156,94.485126,21,0
199,4246707919,1000,8,23,38,0,78,51,0,100,7,8,8,5,68,100,35,3,256,247,240,0,44,69,95,9,32,44,44,0,3225,525,0,96,16,100,1938,20,14,2,0,4,5208,5,3,480,0,7,44,1,0,0,0,1,0,2,2,0,2,16,36,86,77,100,24,0,274,2,4,0,4,2,13290,132,0,4,8,651,925,32,2,60,0,130,2,0,178,4,3,69,100,52,0,4,100,68,50,0,48377,755,28,55903,566,753,0,10948,16816,230236,101,8597,98302,4,0,28,72,9597,40,0,1,0,2,365001,70,25,12823433763338825868,8.000000,58.000000,77.500000,0.921971,76.171708,93.758089,0,0
200,2606176392,1000,23,74,25,0,78,54,0,100,7,8,8,4,72,100,38,3,256,293,0,0,59,70,95,2,10,58,58,0,3373,550,148,66,0,0,2153,23,7,0,0,0,5845,5,1,480,0,5,58,0,0,0,1,1,0,3,2,1,2,91,8,76,45,82,17,0,414,3,6,0,4,2,13140,58,12,4,8,881,915,36,2,62,9,275,3,0,169,30,973,12,100,5,0,4,100,72,815,0,100134,1147,30,58500,9780,354908,0,10948,44186,245787,584,11537,51958,4,0,19,72,6818,40,2,1,3,2,365001,70,25,7901203130442180135,23.500000,38.250000,81.000000,3.480365,70.879452,93.772907,0,0
201,965644865,1000,5,20,35,0,78,52,0,100,7,8,8,5,100,100,41,3,256,208,0,0,49,61,83,2,10,46,46,0,3277,103,0,96,0,0,2253,9,20,3,0,0,11979,5,4,525,0,5,46,0,0,0,1,0,1,2,2,0,6,500,0,0,0,0,0,0,229,3,4,45010,4,2,13217,100,0,4,8,967,934,12,2,57,16,225,2,0,168,357,997,18,100,58,0,120,98,100,12991,0,83448,755,28,58072,130452,363590,0,5474,16425,246739,154,0,96208,4,0,5,72,1617,40,5,1,0,2,365001,70,25,16715808607883527614,5.750000,53.250000,79.000000,0.585004,72.965272,92.809866,8,0
202,3620080634,1000,8,24,20,0,78,20,0,80,7,8,8,2,72,100,22,3,256,289,3330,0,13,63,83,34,54,12,10,2,3373,1,0,82,33,100,0,19,60071,4,2,1,5208,9,20,0,0,6,12,1,2,0,2,1,0,1,0,1,5,1261,91,61,100,0,1,0,325,1,1,0,3,3,7366,78,12,3,8,865,938,10,3,94,0,749,761,0,124,12,982,48,100,100,0,4,100,72,432,0,273637,277743,6,58201,5184,358298,0,0,0,87234,7151,270615,0,0,0,17,12,5936,40,5,1,1,2,365001,70,25,17730214534165898292,8.666667,40.333333,41.666667,1.866413,55.087972,31.714635,69,0
203,1979549107,1000,0,0,37,0,78,54,0,100,7,8,8,6,72,100,40,3,256,279,0,0,24,61,83,2,10,24,24,0,3330,520,118,97,0,0,1196,8,3,0,0,0,6884,5,1,648,45,6,24,0,0,0,0,0,0,3,1,2,2,781,13,74,45,100,18,0,1429,1,1,0,4,2,13373,100,24,4,8,885,909,26,2,44,14,36,4,0,174,91,994,36,100,48,0,4,100,72,3406,0,13564,1621,28,60788,35452,362636,0,5474,279871,76649,1000,0,2006,4,0,8,72,2751,40,6,1,0,2,365001,70,25,14365507795325735703,0.000000,56.500000,81.250000,0.000000,75.048680,94.579750,6,0
204,339017580,1000,22,64,25,0,78,50,0,100,7,8,8,4,72,100,22,3,256,280,2947,0,57,55,83,2,10,57,56,1,3358,357,0,74,0,0,0,20,0,0,0,3,5207,12,21,12,0,6,57,0,3,0,2,0,0,0,0,0,4,1238,87,76,92,79,99,3,120,5,9,0,4,2,13024,58,0,4,8,854,905,93,2,39,0,40,738,0,167,12,983,12,100,1,0,4,100,72,351,0,15075,269343,0,60994,4206,358550,0,0,0,97701,241957,25342,0,0,0,19,12,6181,40,0,1,2,2,365001,70,25,14766344387041966477,22.250000,38.750000,76.250000,2.776873,72.987945,93.938114,15,0
205,2993453349,1000,5,23,39,0,78,54,0,100,7,8,8,5,72,100,41,3,256,253,0,0,54,69,90,2,10,54,53,1,3461,536,214,93,0,0,2083,12,0,0,0,0,5339,5,1,586,0,6,54,0,0,0,0,3,1,3,2,1,6,500,0,0,0,0,0,0,234,2,2,30870,4,2,13278,58,12,4,8,893,938,24,2,71,20,133,5,0,176,24,994,24,99,99,0,4,100,72,778,0,48840,1930,35,66104,8132,362566,0,5474,16425,257476,525,0,85100,4,0,9,72,2387,40,7,1,0,2,365001,70,25,3944631906119528377,5.750000,58.500000,81.250000,0.512728,76.261184,94.435909,3,0
206,1352921822,1000,6,24,36,0,78,54,0,100,7,8,8,6,72,100,40,3,256,347,0,0,51,57,94,2,10,51,51,0,3449,594,235,56,0,0,1747,16,78,3,0,0,5214,5,4,711,0,7,51,0,0,0,2,1,1,3,2,1,6,501,0,0,0,0,0,0,241,2,5,47474,4,2,13202,100,12,4,8,796,942,39,2,59,1,44,1,0,172,26,990,71,100,100,0,4,100,72,843,0,17597,504,35,57226,9832,361138,0,5474,16425,233662,589,13077,95773,4,0,11,72,5243,40,3,1,0,2,365001,70,25,12585821956210819799,6.000000,54.500000,81.250000,0.539918,74.479473,94.514846,30,0
207,4007357591,1000,10,21,31,0,78,54,0,100,7,8,8,4,72,100,24,3,256,318,3192,0,57,57,83,2,10,49,45,4,3406,172,0,85,0,0,0,21,8,0,1,1,5207,12,21,0,0,5,49,0,2,0,2,1,0,0,0,0,4,1261,89,74,100,96,99,0,124,4,10,0,4,2,13218,58,0,4,8,817,927,13,2,32,0,39,761,0,162,12,975,31,100,41,0,4,100,72,339,0,14347,277743,0,60498,4068,355694,0,0,0,85369,253952,25679,0,0,0,21,12,6748,40,2,1,1,2,365001,70,25,16675112810130565495,10.000000,47.000000,81.000000,1.231654,73.736798,93.703510,0,0
208,2366826064,1000,4,18,31,0,78,49,0,100,7,8,8,5,72,100,41,3,256,322,576,0,65,59,86,2,10,64,63,1,3258,488,232,96,0,0,1400,7,0,0,0,2,13464,5,1,504,0,6,64,0,0,0,2,0,0,2,2,0,3,138,76,46,100,100,73,0,354,3,4,0,4,2,13105,100,0,4,8,977,930,9,2,55,35,261,3,0,166,271,996,36,100,100,0,4,100,72,10419,0,96440,1315,24,66126,99396,363338,0,10948,32850,265805,141,0,55256,4,0,2,72,721,40,2,1,0,2,365001,70,25,6282672262663636193,4.500000,46.500000,73.500000,0.406562,74.421519,93.309729,7,0
209,726294537,1000,7,19,26,0,78,20,0,80,7,8,8,3,100,100,17,3,256,266,2927,0,23,66,85,19,62,23,15,8,3289,147,0,106,27,100,173,6,0,0,3,0,12590,8,12,0,0,4,23,1,2,0,1,1,0,1,0,1,5,1238,89,70,100,0,1,0,292,2,3,0,3,3,4380,100,12,3,8,972,931,12,3,95,14,682,738,0,187,195,997,36,100,97,0,120,98,100,6961,0,249529,269343,6,67744,71394,363854,0,0,0,95629,100312,169059,0,0,0,5,12,1757,40,5,1,1,2,365001,70,25,1645712203099352208,7.000000,52.000000,41.333333,1.873744,72.710959,54.143379,44,0
210,3380730306,1000,23,69,31,0,78,54,0,100,7,8,8,5,72,100,37,3,256,303,0,0,55,69,95,2,10,55,55,0,3428,531,235,96,0,0,2110,7,0,0,0,0,5350,5,1,480,0,8,55,0,0,0,1,4,1,3,2,1,6,501,0,0,0,0,0,0,233,2,4,35071,4,2,13197,100,12,4,8,692,940,62,2,67,0,191,4,0,189,11,993,26,100,100,0,4,100,72,349,0,69224,1762,30,66940,3822,362405,0,5474,16425,257324,533,0,85244,4,0,6,72,2072,40,6,1,3,2,365001,70,25,15472811269557298538,23.500000,46.500000,81.250000,3.687353,74.075472,94.522998,0,0
211,1740198779,1000,5,21,33,0,78,54,0,100,7,8,8,5,72,100,45,3,256,252,0,0,10,67,95,9,27,10,10,0,3463,403,235,108,6,39,2131,20,0,5,0,0,7724,5,6,532,0,3,10,1,0,0,4,0,1,2,1,1,6,501,0,0,0,0,0,0,38,1,2,278306,4,2,13301,116,12,4,8,956,942,14,2,52,17,256,3,0,97,72,971,48,100,100,0,4,100,72,2226,0,92082,1315,21,25502,26580,354236,0,0,0,86139,554,0,278307,4,0,23,72,7413,40,6,1,0,2,365001,70,25,2259991811427006632,5.250000,49.500000,81.250000,0.467333,74.383129,94.564318,1,0
212,99667252,1000,0,0,48,0,78,54,0,100,7,8,8,4,100,100,41,3,256,228,490,0,61,66,88,2,10,60,58,2,3255,561,118,104,0,0,745,8,0,0,3,5,5210,5,1,480,0,7,60,0,0,0,0,2,0,2,2,0,2,18,79,91,100,100,34,0,280,2,6,0,4,2,14343,116,0,4,8,869,886,13,2,56,0,167,1,0,202,331,989,13,100,58,0,120,98,100,12173,0,62505,476,28,63974,122480,360930,0,10948,17619,224645,117,11509,100162,4,0,4,72,1414,40,4,1,0,2,365001,70,25,18019076582678283637,0.000000,73.000000,81.000000,0.000000,75.989263,89.900021,30,0
213,2754103021,1000,0,0,54,0,94,60,0,100,6,8,8,5,72,100,41,3,256,485,651,0,52,67,92,2,10,52,29,23,3269,479,234,158,0,0,1379,9,0,0,5,2,13057,5,1,480,0,3,52,0,0,0,0,2,0,3,2,1,3,140,86,69,100,100,78,0,355,2,3,0,4,2,16996,100,12,4,8,970,937,10,2,56,19,200,5,0,173,85,998,33,100,58,0,4,100,72,2734,0,71827,1902,35,67233,31534,364071,0,10948,32850,266711,563,0,53928,4,0,5,72,3808,40,5,1,0,2,365001,70,25,12842415618300548391,0.000000,82.000000,90.000000,0.000000,81.903977,91.823959,33,0
214,1113571494,1000,6,24,33,0,78,54,0,100,7,8,8,5,61,100,41,3,256,513,0,0,38,66,92,2,10,38,35,3,3507,548,235,96,0,0,2058,20,0,3,0,0,6493,5,4,480,0,5,38,0,0,0,1,2,1,3,2,1,6,501,0,0,0,0,0,0,243,2,4,37171,4,2,13197,100,12,4,8,900,925,44,2,1,0,132,6,0,159,0,2,30,100,82,0,4,100,61,29,0,48962,2098,30,58238,284,512,0,5474,16425,244832,672,11397,86200,4,0,21,72,6454,40,4,1,0,2,365001,70,25,13878864186964876934,6.000000,50.500000,81.250000,0.538304,74.810184,94.521482,0,0
215,3768007263,1000,5,23,39,0,78,54,0,100,7,8,8,4,72,100,31,3,256,200,2881,0,68,60,83,10,24,68,38,30,3224,235,32,94,0,0,24,5,10,0,0,1,5208,5,19,10,0,6,68,1,2,0,3,1,0,1,0,1,4,1235,87,82,100,94,99,0,145,4,9,0,4,2,13192,78,12,4,8,668,927,25,2,71,9,458,735,0,163,10,971,31,100,54,0,4,100,72,269,0,166820,268251,7,61044,3228,354266,0,0,0,101344,223081,40575,0,0,0,3,12,742,40,3,1,0,2,365001,70,25,5943099490909793178,5.750000,58.500000,81.250000,0.516070,76.249848,94.519406,98,0
216,2127475736,1000,4,17,39,0,78,54,0,100,7,8,8,5,72,100,41,3,256,354,0,0,38,68,91,2,10,38,38,0,3254,536,233,96,0,0,1645,20,0,3,0,0,5209,5,4,678,0,4,38,0,0,0,3,0,1,2,2,0,6,500,0,0,0,0,0,0,241,3,8,46130,4,2,12200,100,0,4,8,784,943,41,2,3,0,209,3,0,149,69,942,15,100,42,0,4,100,72,1995,0,76729,1231,28,57986,23720,343542,0,5474,16425,231590,150,15149,96212,4,0,21,72,7119,40,4,1,0,2,365001,70,25,4539559037588558049,4.250000,58.500000,81.250000,0.412459,76.107541,93.944262,2,0
217,486944209,1000,5,23,39,0,78,54,0,100,7,8,8,4,100,100,26,3,256,257,3255,0,139,60,83,2,10,65,64,1,3425,128,0,95,0,0,0,6,12,0,3,2,11640,5,14,0,0,2,65,0,2,0,1,0,0,0,0,0,4,1293,92,89,100,100,100,0,130,4,9,0,4,2,13155,78,0,4,8,971,938,11,2,47,14,5,793,0,177,214,998,18,100,53,0,120,94,100,6520,0,1913,289391,0,60538,78240,364008,0,0,0,78158,253435,33407,0,0,0,5,12,1652,40,5,1,0,2,365001,70,25,18031479708157997656,5.750000,58.500000,81.250000,0.517522,76.244926,94.503991,11,0
218,3141379978,1000,5,21,30,0,78,44,0,100,7,8,8,5,100,100,25,3,256,253,3225,0,84,52,83,2,10,71,37,34,3275,8,0,24,0,0,0,20,0,0,2,1,5207,12,19,0,0,5,71,0,3,0,1,3,0,1,0,1,4,1290,86,66,100,100,98,0,119,4,8,0,4,2,4278,116,12,4,8,828,942,71,2,51,6,508,790,0,168,245,941,23,100,77,0,114,100,100,9183,0,185341,288327,7,64938,88762,343122,0,0,0,78413,260321,26266,0,0,0,22,12,7427,40,2,1,1,2,365001,70,25,16891791803084616150,5.250000,45.750000,66.000000,1.453015,65.500234,74.230949,19,0
219,1500848451,1000,5,20,39,0,78,54,0,100,7,8,8,4,55,100,34,3,256,255,3294,0,74,59,83,2,10,73,38,35,3417,81,0,96,0,0,0,20,9,0,2,0,5207,11,20,0,0,5,73,0,3,0,2,2,0,1,0,1,4,1238,87,94,100,100,99,0,115,4,9,0,4,2,13160,132,12,4,8,817,928,64,2,52,0,496,738,0,166,0,0,36,100,51,0,4,100,55,11,0,181679,269343,6,59856,132,0,0,0,0,96497,251422,17081,0,0,0,21,12,6748,40,4,1,0,2,365001,70,25,15678846043221586882,5.000000,58.500000,81.250000,0.449848,76.245593,94.506079,26,0
220,4155284220,1000,4,17,29,0,78,54,0,100,7,8,8,5,72,100,42,3,256,211,2838,0,36,54,83,2,10,36,35,1,3255,339,0,95,0,0,0,10,0,0,1,0,5208,12,19,12,0,7,36,0,2,0,1,0,0,0,0,0,4,1235,85,67,100,100,98,0,99,4,9,0,4,2,13180,78,0,4,8,844,937,89,2,32,0,23,735,0,186,11,993,36,100,98,0,4,100,72,352,0,8212,268223,0,67601,3870,362442,0,0,0,96724,268276,0,0,0,0,9,12,2779,40,0,1,0,2,365001,70,25,17200067032359909100,4.250000,44.750000,81.250000,0.381791,73.819575,94.515933,0,0
221,2514752693,1000,5,21,31,0,78,54,0,100,7,8,8,5,72,100,41,3,256,347,0,0,63,60,76,2,10,62,62,0,3299,511,232,96,0,0,1914,18,14,3,0,0,8572,5,4,480,0,5,62,1,0,0,0,0,1,2,2,0,6,500,0,0,0,0,0,0,234,2,4,39439,4,2,13208,132,0,4,8,929,942,30,2,70,1,173,2,0,167,58,987,48,100,100,0,4,100,72,2160,0,63267,983,24,57428,23226,360151,0,5474,16425,242216,40,4768,96077,4,0,15,72,8015,40,5,1,0,2,365001,70,25,4469867738850207355,5.250000,46.750000,81.250000,0.470624,74.127574,94.526045,0,0
222,874221166,1000,19,58,26,0,78,54,0,100,7,8,8,5,72,100,29,3,256,247,0,0,40,63,95,2,10,38,21,17,3371,398,0,73,0,0,2071,10,83,3,0,0,12564,5,4,480,0,3,38,0,0,0,1,4,1,4,2,2,6,500,0,0,0,0,0,0,236,2,3,43834,4,2,13194,116,24,4,8,979,938,11,2,58,30,114,4,0,156,47,998,72,100,87,0,4,100,72,1612,0,41897,1567,42,57246,19224,364043,0,5474,16425,223049,1035,13105,105912,4,0,6,72,3220,40,6,1,3,2,365001,70,25,4881526243142662507,19.750000,39.000000,81.250000,3.086706,72.732606,94.520236,11,0
223,3528656935,1000,4,18,39,0,78,54,0,100,7,8,8,5,100,100,41,3,256,308,120,0,59,68,90,2,10,59,59,0,3394,520,236,96,0,0,1775,10,0,3,1,1,13332,5,4,480,0,5,59,0,0,0,0,3,1,3,2,1,6,500,0,0,0,0,0,1,271,3,7,50360,4,2,13174,116,12,4,8,950,930,15,2,105,11,109,3,0,175,355,997,67,100,97,0,120,98,100,12989,0,41559,1175,28,64166,129152,363560,0,5474,25297,228377,588,0,105264,4,0,5,72,1617,40,5,1,0,2,365001,70,25,16196697324714260262,4.500000,58.500000,81.000000,0.404433,76.247457,93.792015,25,0
224,1888125408,1000,4,19,33,0,78,54,0,100,7,8,8,5,72,100,41,3,256,236,0,0,54,65,95,2,10,54,54,0,3213,536,236,94,0,0,1889,20,10,3,0,0,6996,5,4,480,0,5,54,0,0,0,2,1,1,3,2,1,6,500,0,0,0,0,0,0,305,2,6,36806,4,2,13283,78,12,4,8,865,928,10,2,44,0,185,5,0,149,20,979,26,100,61,0,4,100,72,556,0,67967,2014,35,58054,6516,357001,0,5474,26991,232807,528,13049,86151,4,0,21,72,6965,40,4,1,0,2,365001,70,25,8279104665487665760,4.750000,49.750000,81.250000,0.423398,74.696680,94.558458,0,0
225,247593881,1000,27,94,26,0,78,53,0,100,7,8,8,4,81,100,27,3,256,196,120,0,33,61,95,2,10,33,33,0,3362,373,0,65,0,0,2227,20,5,3,1,1,5208,5,4,480,0,4,33,0,0,0,0,0,1,3,2,1,6,501,0,0,0,0,0,2,267,2,4,47866,4,2,13137,58,12,4,8,811,941,11,2,27,0,253,2,0,160,11,763,12,100,1,0,22,100,81,437,0,92523,839,35,56482,5078,278363,0,5474,23531,227869,618,10669,96839,4,0,19,72,6545,40,6,1,4,2,365001,70,25,4124583414179740823,27.750000,39.000000,80.750000,4.218315,73.060059,94.452919,0,0
226,2902029650,1000,5,21,38,0,78,54,0,100,7,8,8,4,52,100,41,3,256,293,3252,0,71,60,83,2,10,71,36,35,3436,80,0,24,0,0,0,20,0,0,0,2,5208,11,19,62,0,7,71,0,3,0,1,4,0,1,0,1,5,1264,86,60,100,0,1,0,141,4,9,0,4,2,3747,58,12,4,8,906,932,83,2,34,0,504,764,0,158,0,0,12,100,7,0,4,100,52,2,0,184479,278835,7,61112,24,0,0,0,0,90899,236081,38020,0,1,0,22,18,9226,40,0,1,1,2,365001,70,25,14945883243590756988,5.250000,58.250000,81.000000,1.658927,71.090472,79.951428,54,0
227,1261498123,1000,29,99,26,0,78,53,0,100,7,8,8,5,72,100,33,3,256,288,390,0,70,61,89,2,10,70,69,1,3339,449,236,93,0,0,1392,14,0,2,2,0,5442,5,3,480,0,7,70,0,0,0,0,0,0,3,2,1,1,5,30,81,79,77,22,0,238,1,3,0,4,2,13142,58,12,4,8,892,928,18,2,57,21,78,3,0,162,33,994,71,100,87,0,4,100,72,1025,0,28787,1147,35,63974,10744,362594,0,7313,16425,239155,443,0,101664,4,0,10,72,3122,40,1,1,3,2,365001,70,25,14533944190045135513,29.750000,39.000000,80.250000,3.920256,73.495206,94.341424,1,0
228,3915933892,1000,6,25,37,0,78,54,0,100,7,8,8,5,72,100,41,3,256,263,400,0,58,67,95,2,10,58,58,0,3489,316,115,96,0,0,2136,8,0,2,3,1,14164,5,3,480,0,6,58,0,0,0,0,0,0,3,2,1,1,1,53,68,77,52,28,0,229,3,6,0,4,2,13196,116,12,4,8,952,913,22,2,45,20,235,4,0,170,12,995,46,100,90,0,4,100,72,630,0,86140,1735,35,64297,6426,362916,0,6146,16425,237249,582,0,104598,4,0,4,72,1344,40,4,1,0,2,365001,70,25,2446615176707849486,6.250000,56.000000,81.250000,0.564565,75.854350,94.512731,6,0
229,2275402365,1000,22,64,13,0,77,53,0,100,7,8,8,4,100,100,27,3,256,251,0,0,8,56,95,2,10,8,8,0,3360,290,118,26,0,0,2310,21,0,3,0,0,7175,5,4,480,0,4,8,0,0,0,1,0,1,2,1,1,6,501,0,0,0,0,0,0,49,1,2,268842,4,2,13154,58,12,4,8,912,940,70,2,54,0,217,3,0,65,246,735,12,99,0,0,120,98,100,9237,0,80649,1119,21,23388,96934,267989,0,0,0,88012,528,7617,268843,4,0,24,72,8099,40,6,1,3,2,365001,70,25,421310371912155676,22.250000,20.000000,80.500000,3.233693,18.559146,94.247225,0,0
230,634870838,1000,6,25,31,0,78,54,0,100,7,8,8,4,72,100,40,3,256,257,0,0,10,65,95,2,10,10,10,0,3305,492,175,96,0,0,1996,20,0,5,0,0,5207,5,16,480,0,6,10,1,0,0,0,0,1,1,1,0,6,500,0,0,0,0,0,0,38,1,3,279846,4,2,13359,100,0,4,8,760,933,19,2,36,0,250,2,0,71,12,984,48,100,100,0,4,100,72,460,0,89145,839,14,22867,5520,358914,0,0,0,85044,109,0,279847,4,0,17,72,5726,40,7,1,0,2,365001,70,25,1841464493138021409,6.250000,47.000000,81.250000,0.542705,74.251067,94.611124,0,0
231,3289306607,1000,0,0,46,0,78,51,0,100,6,8,8,5,72,100,41,3,256,301,0,0,62,63,95,2,10,62,42,20,3508,514,172,153,0,0,2180,9,0,3,0,0,9169,5,4,480,0,3,62,0,0,0,0,1,1,3,2,1,6,501,0,0,0,0,0,0,239,2,5,44480,4,2,14202,100,12,4,8,968,918,10,2,67,24,109,2,0,186,27,997,68,100,100,0,4,100,72,892,0,39433,755,29,66176,10470,363702,0,5474,16425,234950,586,11789,95776,4,0,6,72,1435,40,5,1,0,2,365001,70,25,194202461455156787,0.000000,69.500000,77.500000,0.000000,76.886354,90.570342,8,0
232,1648775080,1000,13,31,26,0,78,54,0,100,7,8,8,5,52,100,75,3,256,147,0,0,90,60,90,2,10,90,90,0,3352,558,235,96,0,0,1830,18,0,0,0,0,5207,5,1,687,0,7,90,0,0,0,0,0,0,4,2,2,2,148,9,69,45,100,17,0,495,3,5,0,4,2,13273,116,24,4,8,25,933,19,2,62,0,210,4,0,187,0,0,36,100,99,0,4,100,52,2,0,79223,1483,42,65750,24,0,0,10948,65234,236154,928,0,51736,4,14,0,72,4844,75,3,1,1,2,365001,70,25,10821575295293595059,13.750000,40.000000,81.250000,1.929556,72.932118,94.552852,0,0
233,8243553,1000,5,20,37,0,78,54,0,100,7,8,8,5,72,100,41,3,256,322,0,0,47,67,89,2,10,47,47,0,3326,506,232,96,0,0,2036,20,0,3,0,0,6660,5,4,480,0,7,47,1,0,0,4,0,1,3,2,1,6,500,0,0,0,0,0,0,231,2,6,37646,4,2,13202,100,12,4,8,902,938,26,2,65,10,252,5,0,182,19,982,27,100,100,0,4,100,72,669,0,91498,1707,35,66588,6790,358086,0,5474,16425,255134,590,0,87377,4,0,22,72,6727,40,5,1,0,2,365001,70,25,9190187412507425467,5.000000,56.500000,81.250000,0.448417,75.890017,94.522042,0,0
234,2662679322,1000,6,25,38,0,78,54,0,100,7,8,8,4,72,100,41,3,256,350,0,0,52,68,89,2,10,50,47,3,3296,536,116,96,0,0,1946,23,9,3,0,0,5210,5,4,536,0,5,50,1,0,0,0,0,1,2,2,0,6,500,0,0,0,0,0,0,251,3,5,37674,4,2,13155,132,0,4,8,823,932,14,2,24,0,222,3,0,131,11,972,35,100,100,0,4,100,72,286,0,82088,1203,28,58332,3432,354761,0,5474,16425,234723,155,21506,86717,4,0,18,72,6090,40,6,1,0,2,365001,70,25,15775938073958057329,6.250000,58.250000,81.250000,0.469403,76.489320,94.708856,17,0
235,1022147795,1000,6,25,39,0,78,54,0,100,7,8,8,5,72,100,41,3,256,331,0,0,62,70,90,2,10,62,62,0,3424,524,232,96,0,0,2026,20,0,3,0,0,7363,5,4,480,0,5,62,0,0,0,0,0,1,2,2,0,6,502,0,0,0,0,0,0,249,2,4,46438,4,2,13025,100,0,4,8,905,905,38,2,47,0,284,2,0,133,55,903,33,100,100,0,4,100,72,1787,0,105735,703,28,57328,21224,329570,0,5474,16425,224323,109,22156,96513,4,0,22,72,9023,40,2,1,0,2,365001,70,25,1696094012697536944,6.250000,58.500000,81.250000,0.568138,76.227409,94.449136,0,0
236,3676583564,1000,4,18,37,0,79,54,0,100,7,8,8,5,72,100,41,3,256,407,120,0,60,69,90,2,10,60,57,3,3268,494,236,95,0,0,1824,16,51,3,1,1,10946,5,4,492,0,5,60,0,0,0,3,0,1,3,2,1,6,500,0,0,0,0,0,1,228,2,4,47167,4,2,13214,78,12,4,8,910,939,17,2,74,6,95,5,0,164,41,991,57,100,66,0,4,100,72,1701,0,34620,1931,30,57106,17498,361518,0,5474,16425,246739,608,0,95754,4,0,15,72,6069,40,7,1,0,2,365001,70,25,9116194796096440688,4.500000,56.250000,81.250000,0.407295,76.501741,94.514530,0,0
237,2036052037,1000,5,23,38,0,78,54,0,100,7,8,8,5,100,100,41,3,256,108,0,0,64,67,95,2,10,63,41,22,3408,536,234,96,0,0,1996,10,9,3,0,0,5207,5,4,480,0,6,63,0,0,0,1,0,1,3,2,1,6,501,0,0,0,0,0,0,223,2,4,44002,4,2,13289,116,12,4,8,771,778,13,2,48,10,98,3,0,161,288,997,71,100,100,0,119,100,100,10469,0,37193,1231,35,55188,104980,363842,0,5474,16425,236154,488,0,106459,4,0,6,72,1799,40,6,1,0,2,365001,70,25,6141396114534559675,5.750000,58.250000,81.000000,0.512303,76.217097,94.535631,2,0
238,395520510,1000,4,18,32,0,78,54,0,100,7,8,8,4,55,100,75,3,256,136,0,0,51,69,95,2,10,51,51,0,3294,369,183,96,0,0,1977,14,0,3,0,0,5210,5,4,487,0,6,51,0,0,0,2,3,1,2,2,0,6,500,0,0,0,0,0,0,231,1,2,37366,4,2,13361,100,0,4,8,758,940,15,2,0,0,188,0,0,176,0,0,33,100,100,0,4,100,55,10,0,70875,0,28,65366,120,0,0,5474,16425,255205,55,0,87841,4,11,0,72,3381,75,2,1,0,2,365001,70,25,4685174833354880573,4.500000,48.000000,81.250000,0.398773,74.404760,94.470474,0,0
239,3049956279,1000,6,24,36,0,78,54,0,100,7,8,8,5,72,100,41,3,256,240,0,0,12,67,89,2,10,12,11,1,3385,548,233,98,0,0,1950,24,0,3,0,0,11178,5,9,480,0,7,12,0,0,0,2,0,1,1,1,0,6,500,0,0,0,0,0,0,43,1,3,269262,4,2,13269,116,0,4,8,950,877,32,2,37,8,240,1,0,55,33,957,48,100,100,0,4,100,72,1120,0,86472,647,14,22806,12948,349077,0,0,0,95629,108,0,269263,4,0,22,72,7063,40,0,1,0,2,365001,70,25,15548304128470570078,6.000000,54.750000,81.250000,0.535383,75.595297,94.549702,0,0
240,1409424752,1000,8,24,26,0,78,37,0,100,7,8,8,3,72,100,25,3,256,247,3115,0,69,65,83,9,22,69,46,23,3302,106,0,96,0,0,37,20,0,0,3,3,5208,8,18,2,0,6,69,1,2,0,12,0,0,1,0,1,4,1267,100,59,100,7,100,0,95,3,5,0,3,3,12598,132,12,3,8,830,932,54,3,72,5,577,767,0,181,2,169,36,100,98,0,4,100,72,124,0,210411,279927,7,67414,1024,61582,0,0,0,85044,279956,0,0,0,0,21,12,6755,40,6,1,0,2,365001,70,25,7577618936905087479,8.000000,52.000000,75.000000,0.563899,76.167328,94.259406,40,0
241,4063860521,1000,4,18,39,0,78,54,0,100,7,8,8,4,72,100,26,3,256,264,3035,0,78,60,83,2,10,55,54,1,3453,147,105,95,0,0,0,15,17,0,0,3,5207,12,23,0,0,3,55,0,3,0,0,1,0,0,0,0,4,1264,95,85,100,100,100,0,108,4,8,0,4,2,12857,78,0,4,8,834,923,13,2,39,0,23,764,0,152,16,993,36,100,52,0,4,100,72,564,0,8772,278835,0,60740,6768,362246,0,0,0,87847,266595,10558,0,0,0,13,12,6545,40,6,1,0,2,365001,70,25,1483932445292182556,4.500000,58.500000,81.250000,0.310803,76.653185,94.694719,0,0
242,2423328994,1000,6,25,39,0,78,54,0,100,7,8,8,5,72,100,42,3,256,408,474,0,39,67,87,2,10,39,39,0,3394,536,234,94,0,0,1622,15,13,1,0,2,7180,5,2,480,0,5,39,0,0,0,1,1,0,2,2,0,2,18,67,85,100,100,31,0,292,2,3,0,4,2,13192,78,0,4,8,908,938,37,2,46,0,113,1,0,155,38,993,57,100,53,0,4,100,72,1500,0,43463,699,24,57351,16888,362118,0,10948,17874,212884,150,23270,99874,4,0,10,72,11837,40,2,1,0,2,365001,70,25,10814021167300346089,6.250000,58.500000,81.250000,0.562841,76.243936,94.516753,0,0
243,782797467,1000,22,89,36,0,78,46,0,100,7,8,8,4,100,100,67,3,256,165,0,0,78,60,70,2,10,78,69,9,3352,592,180,71,0,0,2022,9,0,0,0,0,10738,5,1,516,0,6,78,0,0,0,0,3,1,3,2,1,6,504,0,0,0,0,0,0,271,3,9,35518,4,2,5682,78,12,4,8,928,941,10,2,87,29,232,3,0,179,282,995,12,99,48,0,120,98,100,10298,0,84564,1091,35,65809,103864,363021,0,5474,16425,216149,447,40519,85986,4,6,0,72,1687,75,6,1,25,2,365001,70,25,16118613550708935473,22.250000,54.750000,70.000000,25.515839,54.048926,61.337557,39,0
244,3437233236,1000,5,21,32,0,78,54,0,100,7,8,8,4,72,100,41,3,256,317,0,0,64,65,95,2,10,63,63,0,3391,536,233,96,0,0,2040,20,0,3,0,0,5207,5,4,480,0,3,63,0,0,0,1,0,1,2,2,0,6,500,0,0,0,0,0,0,245,2,5,37198,4,2,13281,100,0,4,8,833,937,13,2,52,0,271,3,0,177,3,936,29,100,85,0,4,100,72,61,0,96945,1399,28,57460,732,341358,0,5474,16425,244680,53,11769,86599,4,0,22,72,7455,40,1,1,0,2,365001,70,25,11689726103653653020,5.250000,49.000000,81.250000,0.468037,74.579173,94.437166,0,0
245,1796701709,1000,4,18,32,0,78,54,0,100,7,8,8,5,100,100,41,3,256,255,120,0,57,58,83,2,10,53,52,1,3309,308,0,72,0,0,2299,10,77,3,2,0,11377,5,4,480,0,5,53,1,0,0,0,0,1,3,2,1,6,500,0,0,0,0,0,2,283,2,5,46382,4,2,13192,132,12,4,8,909,892,19,2,61,18,271,3,0,158,350,998,71,100,85,0,120,98,100,12473,0,99559,1287,35,59058,125764,364155,0,5474,22305,222766,600,16998,96857,4,0,5,72,3843,40,5,1,0,2,365001,70,25,15802457449577554417,4.500000,48.750000,81.000000,0.403881,74.493784,94.495452,17,0
246,156170182,1000,4,19,42,0,100,54,0,100,7,8,8,4,59,100,40,3,256,333,259,0,90,70,92,34,95,90,90,0,3375,561,208,96,6,40,1709,21,10,2,0,4,5213,5,3,595,0,7,90,2,0,0,0,0,0,2,2,0,1,6,47,67,76,47,26,0,244,2,7,0,4,2,13363,100,0,4,8,286,921,66,2,39,0,282,4,0,149,0,0,70,100,51,0,4,100,59,21,0,102895,1598,28,56793,252,0,0,7973,16425,235213,110,0,105279,4,0,31,72,10423,40,2,1,0,2,365001,70,25,10905908600838197774,4.750000,64.000000,81.250000,0.425129,77.224426,94.577191,0,0
247,2810605951,1000,7,22,26,0,78,37,0,100,7,8,8,3,72,100,40,3,256,314,120,0,32,74,95,10,34,32,32,0,3496,268,0,96,16,100,2462,7,0,3,2,0,12945,5,4,480,0,3,32,1,0,0,1,4,1,2,2,0,6,500,0,0,0,0,0,1,223,2,4,50807,3,3,12768,116,0,3,8,968,934,13,3,56,36,404,1,0,185,73,998,43,100,100,0,4,100,72,2164,0,147832,699,24,63404,24322,364183,0,5474,16425,236154,162,0,106785,4,0,3,72,1659,40,3,1,0,2,365001,70,25,11831417659269133487,7.333333,52.000000,75.000000,0.510025,76.191729,94.338972,12,0
248,1170074424,1000,5,23,38,0,78,54,0,100,7,8,8,5,72,100,41,3,256,302,0,0,70,71,93,2,10,70,69,1,3367,506,235,95,0,0,2104,17,0,0,0,0,7782,5,1,480,0,8,70,0,0,0,0,0,1,3,2,1,6,501,0,0,0,0,0,0,232,2,4,32886,4,2,13202,78,12,4,8,935,939,61,2,57,0,80,2,0,214,34,960,25,100,100,0,4,100,72,1252,0,29800,871,35,66164,14418,350038,0,5474,16425,255134,570,0,87397,4,0,16,72,5383,40,7,1,0,2,365001,70,25,8610692175579605871,5.750000,57.250000,81.250000,0.522648,75.999924,94.506893,0,0
249,3824510193,1000,6,24,35,0,78,54,0,100,7,8,8,5,100,100,41,3,256,215,0,0,59,61,83,2,10,57,56,1,3401,427,116,94,0,0,2336,8,0,0,0,0,8632,5,1,480,0,5,57,0,0,0,1,0,1,3,2,1,6,500,0,0,0,0,0,0,232,2,2,32130,4,2,13204,78,12,4,8,964,939,13,2,67,28,282,3,0,164,85,997,25,100,97,0,88,100,100,2816,0,104086,1091,35,65915,31264,363581,0,5474,16425,256229,610,0,86262,4,0,7,72,2261,40,6,1,0,2,365001,70,25,3733823744608160226,6.000000,53.000000,81.000000,0.538019,75.265071,94.500454,40,0
250,2183978666,1000,4,19,39,0,78,54,0,100,7,8,8,5,72,100,75,3,256,187,120,0,45,67,89,2,10,44,42,2,3317,508,234,96,0,0,1513,17,0,3,0,2,7690,5,4,638,0,7,44,0,0,0,0,1,1,2,2,0,6,500,0,0,0,0,0,2,229,3,5,46915,4,2,13196,116,0,4,8,885,937,15,2,75,0,166,1,0,175,21,988,69,100,85,0,4,100,72,892,0,60380,504,24,55942,9504,360510,0,5474,16425,245644,88,0,97369,4,13,0,72,4487,75,3,1,0,2,365001,70,25,10123354020132242695,4.750000,58.500000,81.250000,0.426190,76.250379,94.521067,0,0
251,543447139,1000,5,22,26,0,78,53,0,100,7,8,8,5,100,100,40,3,256,465,902,0,43,60,92,2,10,43,43,0,3362,254,206,82,0,0,1453,16,18,3,3,0,6283,5,4,505,102,8,43,0,0,0,1,1,0,2,2,0,1,5,19,78,46,94,19,0,236,2,4,0,4,2,13310,116,0,4,8,845,942,27,2,47,0,31,2,0,153,249,991,71,100,100,0,112,100,100,10038,0,11544,783,28,57154,94624,361714,0,7335,16425,235059,207,0,105974,4,0,12,72,3465,40,2,1,0,2,365001,70,25,5883073125775428667,5.500000,39.000000,80.750000,0.414876,73.012923,93.817881,0,0
252,3197882908,1000,4,19,39,0,78,54,0,100,7,8,8,5,72,100,75,3,256,289,300,0,62,67,91,2,10,62,61,1,3416,488,231,96,0,0,1339,17,0,1,1,1,10605,5,2,574,0,7,62,0,0,0,2,0,0,3,2,1,2,16,65,66,100,74,31,0,265,2,4,0,4,2,13198,100,12,4,8,944,943,10,2,45,0,287,3,0,190,94,986,25,100,100,0,4,100,72,3168,0,105065,1147,35,64007,33174,359640,0,10948,16955,236154,536,0,100407,4,11,0,72,4235,75,6,1,0,2,365001,70,25,13404110863900222673,4.750000,58.500000,81.250000,0.426125,76.250644,94.521897,1,0
253,1557351381,1000,6,25,39,0,78,54,0,100,7,8,8,4,72,100,41,3,256,197,0,0,8,67,95,2,10,8,8,0,3278,448,236,96,0,0,1779,13,0,22,0,0,5208,5,23,653,0,7,8,0,0,0,0,3,1,2,2,0,6,500,0,0,0,0,0,0,364,2,4,37982,4,2,13090,100,0,4,8,887,923,26,2,0,0,49,3,0,182,16,991,39,100,100,0,4,100,72,637,0,15920,924,28,65615,7644,361378,0,5474,46625,224934,114,0,87853,4,6,6,72,3402,40,4,1,0,2,365001,70,25,17353853648800686324,6.250000,58.500000,81.250000,0.565317,76.236211,94.357525,0,0
254,4211787150,1000,5,20,39,0,78,54,0,100,7,8,8,5,72,100,41,3,256,230,0,0,43,67,95,2,10,43,42,1,3282,538,123,96,0,0,2099,19,16,0,0,0,5210,5,1,480,0,7,43,0,0,0,3,4,1,2,2,0,6,500,0,0,0,0,0,0,239,3,6,35519,4,2,13351,132,0,4,8,718,930,23,2,61,1,95,2,0,156,25,975,23,100,51,0,4,100,72,605,0,35736,783,24,57556,7132,355666,0,5474,16425,250040,148,6189,86724,4,0,14,72,4473,40,6,1,0,2,365001,70,25,14235028551143179048,5.000000,58.500000,81.250000,0.443412,76.270691,94.466332,0,0
255,2571255623,1000,17,69,45,0,100,57,0,99,6,8,8,4,100,100,39,3,256,287,0,0,57,67,87,2,10,56,56,0,3386,577,236,133,0,0,967,7,66,3,0,0,7386,5,4,608,0,7,56,0,0,0,3,0,1,3,2,1,6,500,0,0,0,0,0,0,227,2,3,42406,4,2,14346,100,12,4,8,897,891,15,2,29,0,209,3,0,186,325,986,71,100,100,0,120,98,100,12410,0,78633,1175,35,59544,121232,359570,0,5474,16425,245644,575,0,96882,4,0,3,72,1099,40,3,1,2,2,365001,70,25,7460122571923152848,17.250000,68.500000,86.750000,2.876202,77.474139,93.124634,0,0
256,930724096,1000,26,86,26,0,78,44,0,100,7,8,8,4,72,100,27,3,256,266,0,0,4,69,95,9,32,4,4,0,3292,403,106,96,11,70,2141,20,0,3,0,0,5215,5,38,480,0,5,4,1,0,0,0,1,1,1,1,0,6,500,0,0,0,0,0,0,33,1,2,290430,4,2,13349,100,0,4,8,757,932,72,2,27,0,192,2,0,61,12,986,48,100,100,0,4,100,72,553,0,67415,783,14,19826,6636,359586,0,0,0,74459,110,0,290431,4,0,18,72,6405,40,4,1,4,2,365001,70,25,128064486188698674,26.500000,39.250000,66.250000,4.244063,72.849577,91.800135,0,0
257,3585159865,1000,7,21,26,0,78,37,0,100,7,8,8,3,100,100,52,3,256,232,120,0,40,69,95,2,10,40,39,1,3332,157,0,96,0,0,2443,7,0,3,2,0,12588,5,4,480,0,6,40,0,0,0,0,0,1,4,2,2,6,500,0,0,0,0,0,1,225,2,3,51003,3,3,12844,100,24,3,8,976,934,8,3,51,22,163,4,0,174,344,995,50,100,98,0,120,98,100,12972,0,59484,1707,36,63410,127914,362890,0,5474,16425,236154,1019,0,105928,4,0,6,72,1939,40,6,1,0,2,365001,70,25,10914421398476988292,7.000000,52.000000,74.666667,0.483961,76.202429,94.347867,7,0
258,1944628338,1000,5,23,36,0,78,54,0,100,7,8,8,5,100,100,41,3,256,255,0,0,1,66,95,2,10,1,1,0,3468,285,118,86,0,0,2423,7,0,6,0,0,13647,5,15,480,0,5,1,0,0,0,0,0,1,1,1,0,6,500,0,0,0,0,0,0,42,1,3,270355,4,2,13367,78,0,4,8,962,944,11,2,53,37,184,2,0,82,349,999,48,100,100,0,120,98,100,13019,0,68777,867,12,26218,127372,364330,0,0,0,94534,110,0,270356,4,0,4,72,2737,40,4,1,0,2,365001,70,25,14223524380122955131,5.750000,55.000000,81.000000,0.516197,75.627291,93.738834,10,0
259,304096811,1000,4,17,37,0,78,54,0,100,7,8,8,5,72,100,41,3,256,88,120,0,82,67,95,2,10,82,82,0,3392,470,234,96,0,0,1914,13,21,3,2,0,5207,5,4,492,0,6,82,0,0,0,0,0,1,4,2,2,6,504,0,0,0,0,0,2,245,2,5,46466,4,2,13288,116,24,4,8,710,938,12,2,73,0,113,4,0,140,16,990,73,100,100,0,4,100,72,762,0,40112,1483,42,56082,7740,361126,0,5474,16425,229465,840,16557,96239,4,2,9,72,3780,40,3,1,0,2,365001,70,25,16298496965104622887,4.250000,56.000000,81.250000,0.383805,75.785972,94.540939,0,0
260,2958532580,1000,0,0,44,0,79,54,0,100,7,8,8,5,72,100,51,3,256,307,0,0,28,67,95,2,10,28,25,3,3427,474,234,104,0,0,1863,9,0,3,0,0,5620,5,4,539,0,8,28,0,0,0,1,0,1,1,1,0,6,500,0,0,0,0,0,0,37,1,3,279846,4,2,13282,100,0,4,8,791,936,16,2,62,24,107,2,0,64,25,995,48,100,100,0,4,100,72,803,0,39988,731,14,22266,8510,363000,0,0,0,85044,109,0,279847,4,0,7,72,2849,40,7,1,0,2,365001,70,25,9647400656681762824,0.000000,66.500000,81.250000,0.000000,77.121367,94.544120,6,0
261,1318001053,1000,22,70,28,0,78,54,0,100,7,8,8,5,72,100,33,3,256,256,0,0,8,66,95,2,10,8,8,0,3323,480,117,96,0,0,2014,14,0,3,0,0,5219,5,11,550,0,7,8,1,0,0,2,0,1,2,1,1,6,501,0,0,0,0,0,0,33,1,2,290010,4,2,13180,132,12,4,8,908,938,14,2,26,0,234,3,0,61,14,981,48,100,100,0,4,100,72,705,0,86792,1119,21,19934,7994,357743,0,0,0,74459,530,0,290011,4,0,11,72,3381,40,3,1,3,2,365001,70,25,17261360947262261429,22.000000,43.000000,81.250000,3.449014,74.022307,94.930197,0,0
262,3972436822,1000,0,0,44,0,100,46,0,100,6,8,8,5,72,100,37,3,256,309,0,0,9,62,95,2,10,8,7,1,3467,329,0,133,0,0,2496,7,40,3,0,0,11912,5,9,480,0,5,8,0,0,0,0,1,1,1,1,0,6,500,0,0,0,0,0,0,43,1,1,289198,4,2,17551,100,0,4,8,923,906,22,2,67,14,116,2,0,66,174,997,49,100,100,0,4,100,72,6551,0,43468,1035,14,23740,65054,363749,0,0,0,65748,0,10053,289199,4,0,5,72,1582,40,5,1,0,2,365001,70,25,7266626774445198171,0.000000,66.000000,70.250000,0.000000,81.545553,88.960059,32,0
263,2331905295,1000,6,24,33,0,78,50,0,100,7,8,8,5,72,100,41,3,256,283,0,0,48,62,95,2,10,46,45,1,3427,373,0,96,0,0,2532,9,11,0,0,0,10423,5,1,480,0,3,46,0,0,0,0,1,1,2,2,0,6,500,0,0,0,0,0,0,308,2,4,23843,4,2,13154,116,0,4,8,968,921,11,2,65,11,96,2,0,158,111,998,23,100,50,0,4,100,72,3775,0,37526,755,24,58432,43816,364001,0,5474,27883,223346,158,20330,87809,4,0,5,72,1652,40,5,1,0,2,365001,70,25,978444725531027498,6.000000,50.500000,75.250000,0.540064,74.923825,93.514368,3,0
264,691373768,1000,4,19,36,0,78,54,0,100,7,8,8,4,72,100,26,3,256,308,3202,0,84,59,83,2,10,53,53,0,3424,168,3,95,0,0,9,17,0,0,1,0,5208,12,19,0,0,5,53,0,3,0,2,0,0,0,0,0,4,1270,80,59,100,100,96,0,95,4,8,0,4,2,12527,78,0,4,8,861,925,12,2,40,0,33,770,0,186,12,979,36,100,97,0,4,100,72,426,0,12556,280991,0,67656,5112,357122,0,0,0,83949,281051,0,0,0,0,16,12,5852,40,2,1,0,2,365001,70,25,9935363237907238153,4.750000,55.000000,81.250000,0.201724,76.605253,94.816397,0,0
265,3345809537,1000,20,64,26,0,78,50,0,100,7,8,8,4,72,100,19,3,256,489,2891,0,46,59,85,2,10,39,39,0,3375,157,90,88,0,0,195,21,0,0,0,2,5207,6,10,0,0,4,39,0,3,0,3,0,0,1,1,0,4,627,91,38,100,100,100,0,372,3,6,0,4,2,13015,58,0,4,8,788,901,56,2,5,0,55,129,0,188,12,972,36,100,96,0,4,100,72,370,0,19611,47026,12,66930,4440,354733,0,5474,47750,214319,46555,0,50902,0,0,17,12,5992,40,7,1,2,2,365001,70,25,4784040543131731643,20.750000,39.000000,76.250000,2.758048,73.391318,93.820976,0,0
266,1705278010,1000,5,23,39,0,78,53,0,100,7,8,8,4,100,100,26,3,256,249,3247,0,84,60,83,2,10,62,24,38,3304,6,0,24,0,0,0,20,0,0,1,1,5208,11,19,3,0,5,62,0,3,0,0,1,0,1,0,1,4,1296,89,70,100,100,99,0,138,4,8,0,4,2,4265,100,12,4,8,842,945,133,2,48,0,523,796,0,184,250,944,20,100,98,0,120,98,100,8493,0,190661,290483,7,63476,90090,344354,0,0,0,80339,242238,42423,0,0,0,17,12,5383,40,7,1,1,2,365001,70,25,4828541665613509347,5.750000,58.500000,80.250000,1.596249,72.586635,82.761079,21,0
267,64746483,1000,21,63,31,0,78,54,0,100,7,8,8,5,72,100,48,3,256,303,0,0,51,67,95,2,10,51,51,0,3367,486,235,93,0,0,2034,20,36,3,0,0,6258,5,4,480,0,5,51,0,0,0,1,0,1,4,2,2,6,500,0,0,0,0,0,0,247,2,5,37618,4,2,13206,100,24,4,8,871,930,52,2,43,0,180,7,0,169,36,737,35,100,100,0,4,100,72,1258,0,65950,2630,42,57708,14880,268950,0,5474,16425,240515,982,13869,87735,4,0,22,72,6762,40,6,1,3,2,365001,70,25,15362450388402247038,21.500000,46.750000,81.250000,3.380055,74.096244,94.507042,2,0
268,2719182252,1000,6,24,28,0,78,54,0,100,7,8,8,5,72,100,34,3,256,233,0,0,42,61,95,2,10,41,36,5,3363,512,233,96,0,0,2006,20,4,3,0,0,5969,5,4,480,0,4,41,0,0,0,2,0,1,3,2,1,6,503,0,0,0,0,0,0,291,2,6,37366,4,2,13203,116,12,4,8,871,939,45,2,47,0,241,3,0,173,53,938,33,100,100,0,4,100,72,1676,0,87617,1203,35,57160,19892,342310,0,5474,27812,245153,531,0,86030,4,0,22,72,7098,40,3,1,0,2,365001,70,25,1229076766055695408,6.750000,43.250000,81.250000,0.673483,73.497690,94.523972,0,0
269,1078650725,1000,6,24,39,0,78,54,0,100,7,8,8,4,100,100,40,3,256,267,120,0,66,69,88,2,10,66,64,2,3334,494,235,103,0,0,1843,11,0,3,2,0,8040,5,4,480,0,7,66,0,0,0,0,0,1,3,2,1,6,503,0,0,0,0,0,1,228,2,7,48287,4,2,12998,100,12,4,8,943,939,27,2,57,0,49,3,0,169,322,987,38,100,83,0,120,98,100,12873,0,17680,1151,30,65446,119478,360202,0,5474,16425,245738,447,0,96916,4,0,11,72,7833,40,2,1,0,2,365001,70,25,13009064064072080469,6.000000,58.500000,81.000000,0.184644,77.399908,94.535005,22,0
270,3733086494,1000,5,21,36,0,78,54,0,100,7,8,8,5,72,100,41,3,256,271,0,0,19,64,87,2,10,19,19,0,3462,496,116,96,0,0,1988,15,0,4,0,0,6147,5,15,480,0,7,19,0,0,0,2,0,1,1,1,0,6,500,0,0,0,0,0,0,38,1,2,279846,4,2,13288,116,0,4,8,895,930,21,2,60,0,238,2,0,45,11,991,48,100,100,0,4,100,72,594,0,87591,727,14,21262,5990,361523,0,0,0,85044,109,0,279847,4,0,14,72,4536,40,4,1,0,2,365001,70,25,5093297510708714005,5.250000,54.000000,81.250000,0.467790,75.453793,94.438591,25,0
271,2092554967,1000,5,20,38,0,78,54,0,100,7,8,8,5,72,100,41,3,256,263,559,0,66,65,95,2,10,65,64,1,3426,172,5,96,0,0,2015,14,2,2,3,4,5207,5,3,633,0,6,65,0,0,0,1,1,0,2,2,0,2,16,66,70,81,65,31,0,267,2,5,0,4,2,13256,100,0,4,8,633,934,70,2,42,0,201,2,0,158,12,987,19,100,29,0,4,100,72,544,0,73140,783,28,56559,6438,359894,0,10948,17134,235059,146,0,101713,4,0,9,72,3290,40,0,1,0,2,365001,70,25,16650739332010992451,5.000000,57.250000,81.250000,0.446590,76.074608,94.307483,0,0
272,452023440,1000,4,18,39,0,78,54,0,100,7,8,8,5,72,100,41,3,256,315,0,0,58,68,95,2,10,58,58,0,3382,377,236,95,0,0,2192,12,0,0,0,0,10348,5,1,480,0,3,58,0,0,0,0,1,1,3,2,1,6,500,0,0,0,0,0,0,230,2,3,33195,4,2,12932,78,12,4,8,942,939,11,2,69,19,126,3,0,155,58,994,24,100,97,0,4,100,72,1983,0,47609,1175,30,65890,22510,362552,0,5474,16425,254039,591,0,88471,4,0,8,72,3080,40,0,1,0,2,365001,70,25,17689362517721654785,4.500000,58.500000,81.250000,0.412001,76.214661,94.410764,4,0
273,3106459209,1000,6,25,39,0,78,54,0,100,7,8,8,5,72,100,41,3,256,186,2801,0,54,60,83,2,10,54,53,1,3295,207,0,96,0,0,0,7,5,0,2,1,5236,5,19,216,0,8,54,0,2,0,1,0,0,0,0,0,4,1241,91,67,100,100,100,0,121,4,9,0,4,2,13209,116,0,4,8,783,939,67,2,44,0,18,741,0,173,25,991,36,100,49,0,4,100,72,778,0,6844,270435,0,61604,9068,361546,0,0,0,96494,247168,21338,0,2,0,5,36,3556,40,4,1,0,2,365001,70,25,1031613539944188790,6.250000,58.500000,81.000000,0.560224,76.252101,94.504050,0,0
274,1465927682,1000,5,20,36,0,78,54,0,100,7,8,8,5,72,100,41,3,256,336,120,0,66,67,91,2,10,66,66,0,3371,526,236,95,0,0,1427,21,0,3,1,1,5207,5,4,486,0,7,66,1,0,0,2,0,1,2,2,0,6,501,0,0,0,0,0,1,234,2,5,48258,4,2,12801,78,0,4,8,830,942,110,2,8,0,143,2,0,168,18,972,51,100,100,0,4,100,72,461,0,52842,923,28,58102,5444,354574,0,5474,16425,242228,0,3256,97617,4,0,19,72,6055,40,3,1,0,2,365001,70,25,13704666431867835005,5.000000,55.250000,81.250000,0.156238,77.075853,95.194125,0,0
275,4120363451,1000,6,18,25,0,78,20,0,80,7,8,8,3,72,100,22,3,256,211,3157,0,22,65,83,34,54,21,12,9,3419,220,0,98,33,100,0,13,10,1,0,0,5208,9,17,0,0,8,21,1,2,0,1,0,0,1,0,1,5,1267,83,92,100,0,1,0,337,2,3,0,3,3,12596,78,12,3,8,881,940,11,3,65,0,699,767,0,163,29,883,36,100,50,0,4,100,72,1411,0,255329,279927,7,61144,11360,321973,0,0,0,85044,64221,215735,0,0,0,11,12,3129,40,1,1,1,2,365001,70,25,14500629443584212618,6.666667,51.333333,41.666667,1.931407,74.658622,18.840902,66,0
276,2479831924,1000,21,67,27,0,78,54,0,100,7,8,8,4,72,100,34,3,256,242,0,0,34,67,87,2,10,34,33,1,3325,577,233,96,0,0,1833,8,13,3,0,0,5208,5,4,520,0,7,34,1,0,0,1,1,1,3,2,1,6,500,0,0,0,0,0,0,223,2,4,42154,4,2,13355,116,12,4,8,835,945,19,2,13,0,199,4,0,168,17,994,66,100,100,0,4,100,72,626,0,73127,1539,35,56206,7512,362783,0,5474,16425,235059,497,0,107545,4,0,3,72,1008,40,3,1,3,2,365001,70,25,15004567202270114721,21.250000,41.500000,81.250000,3.388993,73.236541,94.586297,0,0
277,839300397,1000,6,24,35,0,78,54,0,100,7,8,8,5,100,100,41,3,256,298,0,0,32,66,87,2,10,33,31,2,3330,536,233,96,0,0,1865,17,0,3,0,0,13979,5,4,480,0,7,33,0,0,0,3,0,1,2,2,0,6,500,0,0,0,0,0,0,249,2,4,37395,4,2,13209,100,0,4,8,972,931,8,2,39,0,216,3,0,152,268,987,33,100,93,0,116,100,100,11102,0,78070,1315,24,59796,101672,360200,0,5474,16425,235136,167,18903,88895,4,0,16,72,4851,40,7,1,0,2,365001,70,25,11707285362540336149,6.000000,53.500000,81.000000,0.537815,75.349686,93.806041,11,0
278,3493736166,1000,6,24,36,0,78,54,0,100,7,8,8,5,100,100,41,3,256,177,0,0,67,61,83,2,10,67,64,3,3352,357,114,96,0,0,790,8,0,3,0,0,11240,5,4,835,0,5,67,0,0,0,1,0,1,2,2,0,6,500,0,0,0,0,0,0,249,2,5,37031,4,2,13281,116,0,4,8,902,909,14,2,66,17,193,1,0,158,303,995,29,100,78,0,120,98,100,10988,0,69900,532,24,59288,109610,363070,0,5474,16425,235532,96,19602,87871,4,0,4,72,1379,40,4,1,0,2,365001,70,25,17711826826967035218,6.000000,54.500000,81.000000,0.534899,75.542354,94.533845,6,0
279,1853204639,1000,4,18,38,0,78,53,0,100,7,8,8,4,100,100,42,3,256,321,0,0,20,68,95,2,10,19,18,1,3533,405,118,96,0,0,2368,10,0,3,0,0,11256,5,4,480,0,5,19,0,0,0,0,1,1,2,1,1,6,501,0,0,0,0,0,0,38,1,3,280490,4,2,13291,116,12,4,8,928,934,10,2,63,24,200,3,0,89,348,995,48,100,100,0,120,98,100,12809,0,74460,1147,21,26346,127378,362895,0,0,0,83949,560,0,280491,4,0,6,72,2121,40,5,1,0,2,365001,70,25,13468339626162424202,4.500000,58.250000,80.750000,0.400873,76.217290,93.116094,22,0
280,212673112,1000,5,21,34,0,78,54,0,100,7,8,8,5,72,100,30,3,256,298,3185,0,92,55,78,12,29,92,68,24,3397,125,0,96,0,0,0,19,14,0,0,1,5207,7,13,45,0,7,92,1,2,0,2,2,0,1,0,1,4,1299,87,84,100,96,99,0,123,4,9,0,4,2,12911,100,12,4,8,904,937,91,2,45,0,488,799,0,160,9,970,36,100,53,0,4,100,72,272,0,178939,291603,7,60832,3154,354040,0,0,0,78880,259938,26182,0,0,0,18,12,5733,40,1,1,0,2,365001,70,25,15900131452039704149,5.250000,51.750000,81.250000,0.162652,76.335605,95.233522,23,0
281,2867108881,1000,7,21,26,0,78,37,0,100,7,8,8,2,100,100,40,3,256,313,120,0,20,72,95,9,27,20,20,0,3335,284,16,42,6,39,2273,13,87,3,2,0,7884,5,4,480,0,3,20,1,0,0,12,0,1,2,2,0,6,503,0,0,0,0,0,2,260,0,1,48202,3,3,12756,100,0,3,8,934,936,13,3,93,21,690,2,0,154,174,997,75,100,100,0,120,98,100,5718,0,250992,895,28,55806,64774,363686,0,5474,16425,138811,0,97597,106693,4,0,11,72,4627,40,6,1,0,2,365001,70,25,10943608140399554288,7.000000,52.000000,74.333333,0.487300,76.190028,94.036375,64,0
282,1226577354,1000,4,18,32,0,78,51,0,100,7,8,8,5,72,100,41,3,256,302,0,0,60,66,92,2,10,60,60,0,3410,560,236,95,0,0,2092,9,0,0,0,0,12183,5,1,480,0,3,60,0,0,0,1,1,1,2,2,0,6,502,0,0,0,0,0,0,231,1,2,33726,4,2,13327,78,0,4,8,951,929,16,2,65,17,127,1,0,198,51,998,25,100,100,0,4,100,72,1541,0,46603,504,28,65806,17426,364029,0,5474,16425,254828,114,0,88159,4,0,6,72,3829,40,6,1,0,2,365001,70,25,7139774548353575058,4.500000,48.000000,76.500000,0.399790,74.316350,93.478502,9,0
283,3881013123,1000,5,21,38,0,78,54,0,100,7,8,8,5,72,100,41,3,256,88,0,0,54,65,91,2,10,54,33,21,3361,465,118,96,0,0,935,7,0,3,0,0,5208,5,4,521,0,8,54,0,0,0,0,4,1,4,2,2,6,500,0,0,0,0,0,0,234,2,4,37562,4,2,13278,116,24,4,8,532,869,25,2,19,0,80,4,0,169,33,995,28,100,100,0,4,100,72,1174,0,29692,1539,42,65934,12952,362918,0,5474,16425,255134,948,0,87019,4,0,3,72,1071,40,3,1,0,2,365001,70,25,15904272408923259652,5.250000,58.250000,81.250000,0.468143,76.216222,94.554903,0,0
284,2240481596,1000,8,25,26,0,78,37,0,100,7,8,8,3,72,100,25,3,256,266,3112,0,24,65,83,20,63,17,11,6,3291,137,0,96,16,100,0,8,8,0,2,0,12938,8,6,0,0,3,17,1,2,0,12,0,0,1,0,1,4,1270,87,76,100,100,99,0,107,4,8,0,3,3,12683,116,12,3,8,971,934,8,3,56,21,736,770,0,167,78,997,36,100,48,0,4,100,72,2480,0,268792,281019,7,61092,28978,363644,0,0,0,84901,270242,9857,0,0,0,7,12,1582,40,6,1,0,2,365001,70,25,13971948027864018133,8.333333,52.000000,74.666667,0.583458,76.179611,94.276118,6,0
285,599950069,1000,6,24,34,0,78,54,0,100,7,8,8,5,72,100,41,3,256,219,0,0,6,68,91,2,10,6,6,0,3290,483,232,95,0,0,1781,20,35,5,0,0,9917,5,6,622,0,7,6,0,0,0,1,1,1,3,1,2,6,502,0,0,0,0,0,0,33,1,2,290654,4,2,13202,78,24,4,8,908,939,18,2,50,0,21,4,0,55,92,983,71,100,100,0,4,100,72,3666,0,8132,1651,28,18840,35346,358674,0,0,0,73364,981,0,290655,4,0,16,72,6328,40,3,1,0,2,365001,70,25,16563026004877347165,6.000000,51.250000,81.250000,0.543554,74.919861,94.512574,0,0
286,3254385838,1000,4,19,38,0,78,54,0,100,7,8,8,5,72,100,31,3,256,491,2759,0,37,60,83,2,10,33,33,0,3347,158,102,80,0,0,286,20,12,0,16,5,5207,7,12,0,0,6,33,0,2,0,0,0,0,1,1,0,4,662,100,67,100,100,100,0,284,3,6,0,4,2,13202,100,0,4,8,691,906,52,2,35,0,58,165,0,178,12,951,36,100,52,0,4,100,72,390,0,21625,60070,14,59834,3784,346874,0,5474,18901,221634,46491,23830,48670,0,0,15,12,4844,40,7,1,0,2,365001,70,25,1378480867551215938,4.750000,58.250000,81.000000,0.431753,75.507802,93.787153,0,0
287,1613854311,1000,4,17,38,0,78,54,0,100,7,8,8,5,72,100,31,3,256,483,2984,0,47,60,83,2,10,47,45,2,3516,178,0,96,0,0,312,20,13,0,7,2,5207,7,13,0,0,7,47,0,3,0,1,0,0,1,1,0,4,606,100,76,100,100,100,0,249,3,6,0,4,2,13170,100,0,4,8,672,932,16,2,0,0,88,108,0,162,12,971,36,100,54,0,4,100,72,378,0,32267,39382,12,58247,4520,354350,0,5474,16425,244770,38918,9269,50144,0,0,20,12,6573,40,4,1,0,2,365001,70,25,1176743717298373816,4.250000,58.000000,81.250000,0.267198,76.698405,94.880410,0,0
288,4268290080,1000,6,25,38,0,78,54,0,100,7,8,8,5,72,100,41,3,256,187,0,0,61,70,92,2,10,61,59,2,3434,514,234,96,0,0,2044,20,7,3,0,0,5207,5,4,480,0,6,61,0,0,0,1,0,1,2,2,0,6,500,0,0,0,0,0,0,259,2,5,38739,4,2,13280,132,0,4,8,584,941,24,2,50,0,290,1,0,157,18,980,45,100,100,0,4,100,72,541,0,104953,647,24,57976,6476,357542,0,5474,16425,225173,164,29961,87803,4,0,19,72,6090,40,3,1,0,2,365001,70,25,10268812295691984143,6.250000,57.250000,81.250000,0.557229,76.033660,94.557229,0,0
289,2627758553,1000,8,24,21,0,78,37,0,99,7,8,8,3,100,100,25,3,256,235,3134,0,15,64,83,2,10,13,9,4,3355,150,0,96,0,0,29,6,0,0,3,1,13252,9,10,0,0,3,13,0,3,0,2,3,0,1,0,1,4,1270,93,51,100,100,100,0,109,4,8,0,3,3,12680,116,12,3,8,934,937,18,3,57,29,38,770,0,198,327,998,36,100,97,0,120,98,100,11778,0,13813,281019,7,67530,118078,364078,0,0,0,67876,281051,16073,0,0,0,4,12,1281,40,4,1,0,2,365001,70,25,16306104389712273077,8.000000,43.666667,74.666667,0.564038,57.278864,93.532334,8,0
290,987227026,1000,0,0,42,0,97,43,0,100,6,8,8,3,74,100,41,3,256,400,517,0,49,73,93,2,10,49,45,4,3380,255,118,168,0,0,1944,20,0,0,2,5,5208,5,1,504,0,7,49,0,0,0,12,0,0,3,2,1,2,23,83,68,100,100,35,0,277,3,6,0,3,3,13659,132,12,3,8,666,930,89,3,49,2,113,1,0,180,26,792,66,100,62,0,9,100,74,901,0,41009,504,30,63150,10730,288737,0,10948,19671,233964,613,0,99804,4,0,23,72,7126,40,1,1,0,2,365001,70,25,4595564690686783912,0.000000,84.000000,86.333333,0.000000,79.446153,93.957098,0,0
291,3641662795,1000,4,19,39,0,78,54,0,100,7,8,8,4,55,100,40,3,256,431,2783,0,70,60,83,2,10,70,70,0,3302,287,0,97,0,0,60,20,2,0,1,2,5209,5,7,130,0,5,70,0,0,0,1,0,0,2,1,1,5,642,93,92,100,0,1,0,252,3,5,0,4,2,12863,100,12,4,8,755,940,18,2,29,0,16,3,0,157,0,0,13,100,43,0,5,100,55,10,0,6200,1091,21,58698,120,0,0,5474,16425,222234,48312,17020,55535,1,0,23,18,7413,40,6,1,0,2,365001,70,25,5514914646401349007,4.750000,58.500000,81.250000,0.437223,76.205084,94.379227,8,0
292,2001131268,1000,6,24,34,0,78,54,0,100,7,8,8,5,72,100,41,3,256,271,0,0,48,63,77,2,10,48,46,2,3275,536,232,96,0,0,1865,20,0,3,0,0,7403,5,4,480,0,6,48,0,0,0,4,1,1,3,2,1,6,500,0,0,0,0,0,0,238,2,6,39522,4,2,13203,116,12,4,8,904,937,38,2,43,0,228,3,0,165,26,740,45,100,100,0,4,100,72,976,0,83668,1175,35,57636,11496,269844,0,5474,16425,247178,595,6861,88467,4,0,20,72,6762,40,4,1,0,2,365001,70,25,8030163657117108961,6.000000,52.000000,81.250000,0.539877,75.069757,94.518291,0,0
293,360599741,1000,5,20,28,0,78,46,0,99,7,8,8,5,72,100,29,3,256,271,258,0,36,60,95,9,32,36,35,1,3451,405,124,81,6,40,2142,19,12,2,4,1,5207,5,3,480,0,4,36,1,0,0,0,1,0,3,2,1,1,2,49,73,75,60,27,0,243,2,3,0,4,2,13182,100,12,4,8,853,926,11,2,8,0,150,3,0,156,123,977,21,100,75,0,4,100,72,3833,0,57223,1119,30,56444,45868,356553,0,6387,16425,233262,508,10446,97972,4,0,16,72,6335,40,0,1,0,2,365001,70,25,84650312394196869,5.000000,42.750000,69.000000,0.449097,73.849340,91.961766,0,0
294,3015035510,1000,6,25,37,0,78,54,0,100,7,8,8,5,72,100,41,3,256,397,120,0,47,64,88,2,10,47,47,0,3433,508,233,96,0,0,1212,20,6,3,0,2,5211,5,4,480,0,5,47,0,0,0,1,0,1,2,2,0,6,500,0,0,0,0,0,2,237,2,4,48846,4,2,13203,100,0,4,8,825,924,80,2,42,0,228,3,0,158,69,954,27,100,100,0,4,100,72,2142,0,83448,1203,28,57056,25496,347910,0,5474,16425,244549,159,0,98393,4,0,22,72,7070,40,3,1,0,2,365001,70,25,17276991549982478779,6.250000,55.750000,81.250000,0.560479,75.756419,94.523972,0,0
295,1374503983,1000,5,20,35,0,78,51,0,100,7,8,8,5,72,100,41,3,256,229,345,0,85,67,91,2,10,85,84,1,3291,491,234,96,0,0,1699,13,12,0,4,2,5208,5,1,480,0,8,85,0,0,0,0,3,0,2,2,0,2,27,76,67,100,98,34,0,322,2,7,0,4,2,13215,100,0,4,8,338,900,31,2,34,0,253,1,0,163,31,989,36,100,53,0,4,100,72,1014,0,90952,420,24,57652,11376,360697,0,10948,24514,216194,143,14197,99004,4,0,9,72,2744,40,7,1,0,2,365001,70,25,4074700087430896965,5.000000,52.500000,77.250000,0.447976,75.442906,93.985925,0,0
296,4028939752,1000,6,24,39,0,78,54,0,100,7,8,8,5,72,100,30,3,256,474,2656,0,66,60,87,2,10,66,66,0,3356,112,226,96,0,0,320,21,3,0,0,4,5207,7,13,0,0,7,66,0,0,0,2,1,0,1,1,0,4,660,94,48,100,100,100,0,267,3,9,0,4,2,13202,116,0,4,8,585,926,18,2,40,0,51,2,0,138,16,980,36,100,50,0,4,100,72,658,0,18597,783,12,59688,6876,357386,0,5474,16425,198461,58684,36598,49358,0,0,18,12,6608,40,7,1,0,2,365001,70,25,10924294963033294211,6.000000,58.500000,81.250000,0.363581,76.818361,94.921982,0,0
297,2388408225,1000,6,24,37,0,78,54,0,100,7,8,8,5,72,100,41,3,256,274,0,0,63,67,95,2,10,62,62,0,3241,435,116,93,0,0,2168,10,0,0,0,0,8985,5,1,480,0,3,62,0,0,0,2,3,1,4,2,2,6,500,0,0,0,0,0,0,232,2,3,33894,4,2,13203,58,24,4,8,919,912,17,2,65,7,118,4,0,185,47,996,26,100,100,0,4,100,72,1593,0,42118,1623,42,66142,18394,363483,0,5474,16425,254039,1022,0,88040,4,0,5,72,1610,40,5,1,0,2,365001,70,25,10712388164710223266,6.000000,56.750000,81.250000,0.538060,75.934788,94.522457,2,0
298,747876698,1000,6,25,35,0,78,54,0,100,7,8,8,4,53,100,41,3,256,449,0,0,44,67,89,2,10,44,43,1,3314,536,0,96,0,0,2256,21,12,0,0,0,5208,5,1,480,0,6,44,0,0,0,1,0,1,2,2,0,6,500,0,0,0,0,0,0,245,3,8,36190,4,2,13353,100,0,4,8,881,914,22,2,0,0,267,4,0,152,0,0,24,100,60,0,4,100,53,3,0,98011,1287,28,58048,36,0,0,5474,16425,243454,172,0,99475,4,0,20,72,8421,40,1,1,0,2,365001,70,25,9868228431741210919,6.250000,53.500000,81.250000,0.554183,75.381263,94.585486,0,0
299,3402312467,1000,6,24,28,0,78,54,0,100,7,8,8,5,72,100,49,3,256,174,0,0,13,65,95,10,29,13,13,0,3282,522,235,92,6,39,1811,14,0,6,0,0,9453,5,9,552,0,5,13,1,0,0,5,0,1,1,1,0,6,500,0,0,0,0,0,0,37,1,3,280938,4,2,13306,100,0,4,8,863,943,8,2,92,0,138,2,0,87,50,989,48,100,100,0,4,100,72,1890,0,50280,699,14,25144,20280,360790,0,0,0,83949,112,0,280939,4,0,11,72,4473,40,2,1,0,2,365001,70,25,5458649854453167921,6.000000,42.000000,81.250000,0.533894,73.209379,94.447618,34,0
300,1761780940,1000,4,18,36,0,78,54,0,100,7,8,8,5,72,100,41,3,256,377,0,0,43,66,88,2,10,43,43,0,3385,536,233,90,0,0,1532,12,55,3,0,0,5229,5,4,480,0,7,43,0,0,0,1,0,1,2,2,0,6,500,0,0,0,0,0,0,252,2,4,43862,4,2,13302,78,0,4,8,766,919,65,2,49,0,243,3,0,141,37,992,73,100,91,0,4,100,72,1271,0,89499,1315,28,55262,13326,361854,0,5474,16425,205851,45,28338,108867,4,0,9,72,2786,40,1,1,0,2,365001,70,25,2128398921009194876,4.500000,54.750000,81.250000,0.403248,75.629003,94.556458,0,0
301,121249413,1000,20,60,35,0,78,54,0,100,7,8,8,5,72,100,39,3,256,389,0,0,66,70,85,2,10,66,66,0,3473,535,232,96,0,0,2184,20,15,0,0,0,5900,5,1,480,0,6,66,1,0,0,1,0,0,2,2,0,2,63,7,75,45,88,16,0,355,3,5,0,4,2,13215,100,0,4,8,890,939,45,2,48,0,244,2,0,144,48,989,36,98,51,0,4,100,72,1475,0,89480,840,28,57238,17156,360893,0,10948,34112,252944,156,0,66840,4,0,23,72,16394,40,0,1,3,2,365001,70,25,9822016237662381597,20.500000,53.500000,81.250000,3.226031,75.341809,94.528944,6,0
302,2775685182,1000,6,25,38,0,78,54,0,100,7,8,8,5,72,100,41,3,256,322,0,0,43,70,95,2,10,41,40,1,3313,536,165,96,0,0,1970,22,0,3,0,0,9582,5,4,480,0,5,41,0,0,0,1,0,1,3,2,1,6,500,0,0,0,0,0,0,233,3,9,39046,4,2,13151,116,12,4,8,912,930,13,2,44,0,204,3,0,177,52,977,44,100,100,0,4,100,72,1876,0,74601,1287,35,58606,20632,356364,0,5474,16425,254039,622,0,88440,4,0,17,72,6454,40,4,1,0,2,365001,70,25,5969580384452776416,6.250000,57.750000,81.250000,0.511368,76.275873,94.615238,0,0
303,1135153655,1000,4,18,34,0,78,53,0,100,7,8,8,5,100,100,40,3,256,180,120,0,51,64,95,2,10,51,51,0,3365,419,116,96,0,0,2158,19,0,3,2,0,5209,5,4,480,0,5,51,1,0,0,0,0,1,2,2,0,6,501,0,0,0,0,0,1,247,1,3,48287,4,2,13280,100,0,4,8,835,938,12,2,51,0,326,2,0,141,292,990,51,100,99,0,120,98,100,10472,0,119386,783,24,59438,110392,361070,0,5474,16425,222616,0,21674,98811,4,0,17,72,5439,40,7,1,0,2,365001,70,25,7902112240477405198,4.500000,51.000000,80.500000,0.401205,54.789307,92.291039,5,0
304,3789589424,1000,4,19,34,0,78,54,0,100,7,8,8,4,72,100,41,3,256,311,120,0,59,62,80,2,10,59,59,0,3337,536,232,94,0,0,1807,20,1,3,0,2,5208,5,4,480,0,7,59,0,0,0,1,1,1,2,2,0,6,500,0,0,0,0,0,2,264,2,4,49098,4,2,13190,78,0,4,8,893,938,33,2,62,0,228,2,0,178,17,985,46,100,29,0,4,100,72,524,0,82886,811,28,57256,6288,359248,0,5474,16425,224296,40,20477,98288,4,0,21,72,16723,40,2,1,0,2,365001,70,25,13266162627481324316,4.750000,51.250000,81.250000,0.426384,74.956785,94.517058,0,0
305,2149057897,1000,6,24,28,0,78,54,0,100,7,8,8,5,72,100,34,3,256,238,0,0,8,55,66,2,10,8,8,0,3320,549,234,96,0,0,1895,21,0,3,0,0,8969,5,6,480,0,7,8,0,0,0,1,0,1,2,1,1,6,501,0,0,0,0,0,0,33,1,3,291103,4,2,13197,116,12,4,8,946,937,31,2,55,11,149,3,0,65,27,957,48,100,100,0,4,100,72,998,0,56010,1287,18,21700,11492,349114,0,0,0,73364,532,0,291104,4,0,18,72,6055,40,1,1,0,2,365001,70,25,8762998553049255163,6.000000,43.000000,81.250000,0.543760,73.442146,94.507464,2,0
306,508526370,1000,5,21,36,0,78,53,0,100,7,8,8,5,67,100,40,3,256,321,0,0,57,70,95,2,10,57,56,1,3452,536,235,94,0,0,2033,20,0,3,0,0,5432,5,4,486,0,7,57,0,0,0,2,4,1,4,2,2,6,501,0,0,0,0,0,0,262,2,5,38291,4,2,8271,78,24,4,8,911,936,72,2,65,0,154,7,0,180,0,3,21,88,82,0,4,100,67,45,0,56559,2410,36,59855,448,891,0,5474,16425,217521,1054,35423,89103,4,0,21,72,8085,40,1,1,0,2,365001,70,25,7509355318022374930,5.250000,54.250000,79.500000,0.751542,74.672107,91.037722,31,0
307,3162962139,1000,8,18,31,0,78,54,0,100,7,8,8,5,72,100,47,3,256,359,0,0,60,64,89,2,10,60,60,0,3288,544,232,96,0,0,1525,20,0,3,0,0,5207,5,4,825,0,7,60,0,0,0,2,2,1,2,2,0,6,500,0,0,0,0,0,0,230,2,3,39887,4,2,13368,116,0,4,8,826,930,18,2,42,0,27,1,0,154,12,981,51,100,100,0,4,100,72,460,0,10315,619,24,57964,5500,357878,0,5474,16425,254039,174,0,88888,4,0,19,72,6426,40,1,1,1,2,365001,70,25,13733998972384747860,8.250000,47.250000,81.250000,1.081688,73.488630,94.573609,0,0
308,1522430612,1000,5,22,28,0,78,42,0,100,7,8,8,5,72,100,31,3,256,291,120,0,44,61,87,2,10,40,40,0,3378,374,118,96,0,0,2124,13,0,3,0,2,11950,5,4,480,0,6,40,0,0,0,2,5,1,3,2,1,6,501,0,0,0,0,0,2,227,2,3,48958,4,2,13205,116,12,4,8,914,936,9,2,43,0,104,4,0,164,41,992,23,100,78,0,4,100,72,1456,0,37750,1651,35,64930,14874,361957,0,5474,16425,243454,600,0,99047,4,0,11,72,3381,40,0,1,0,2,365001,70,25,5446325094896299116,5.500000,42.000000,63.000000,0.493147,73.492616,91.414161,0,0
309,4176866381,1000,4,17,34,0,78,54,0,100,7,8,8,5,72,100,40,3,256,227,2864,0,80,58,83,2,10,80,77,3,3203,0,0,93,0,0,0,10,0,0,2,0,6145,5,11,297,0,8,80,0,2,0,3,0,0,0,0,0,4,1270,82,44,100,100,97,0,95,5,12,0,4,2,13165,58,0,4,8,856,845,34,2,65,0,96,770,0,188,23,994,35,100,100,0,4,100,72,1015,0,35041,281021,0,67652,9618,362601,0,0,0,83949,281051,0,0,2,0,9,36,3465,40,0,1,0,2,365001,70,25,15116713574946364996,4.250000,52.000000,81.250000,0.382226,75.132397,94.508166,30,0
310,2536334854,1000,25,100,37,0,78,46,0,100,7,8,8,5,100,100,27,3,256,324,627,0,94,59,65,2,10,94,94,0,3378,411,236,96,0,0,1506,20,8,0,3,4,5207,5,1,556,0,7,94,0,0,0,0,0,0,3,2,1,2,28,83,77,100,100,35,0,287,3,8,0,4,2,13129,100,12,4,8,33,930,59,2,35,0,74,3,0,124,3,796,36,100,51,0,104,100,100,291,0,26271,1257,35,56552,3232,290454,0,10948,21500,233964,574,0,98014,4,0,24,72,7399,40,4,1,2,2,365001,70,25,5685089422664068390,25.000000,55.500000,69.250000,2.345952,75.705842,92.747125,0,0
311,895803327,1000,25,76,31,0,78,52,0,100,7,8,8,4,100,100,37,3,256,263,0,0,19,65,83,2,10,19,19,0,3497,252,118,96,0,0,2457,8,0,3,0,0,12828,5,4,480,0,6,19,0,0,0,2,0,1,3,2,1,6,500,0,0,0,0,0,0,231,2,5,38290,4,2,13365,100,12,4,8,940,941,9,2,59,0,219,3,0,186,340,995,39,100,100,0,120,98,100,12970,0,80310,1147,35,64327,126002,362923,0,5474,16425,252944,613,0,89544,4,0,5,72,1764,40,5,1,3,2,365001,70,25,2452129283334690557,25.000000,46.750000,78.750000,3.943434,74.162514,94.139918,0,0
312,3550239096,1000,5,20,38,0,78,54,0,100,7,8,8,4,62,100,41,3,256,306,0,0,57,69,95,2,10,57,57,0,3322,536,233,96,0,0,1911,20,34,3,0,0,5208,5,4,480,0,3,57,1,0,0,2,0,1,2,2,0,6,500,0,0,0,0,0,0,232,2,4,40279,4,2,13284,116,0,4,8,853,937,15,2,45,0,327,4,0,158,2,1,56,100,100,0,4,100,62,31,0,119046,1430,24,57164,372,305,0,5474,16425,254039,182,0,88880,4,0,23,72,7427,40,4,1,0,2,365001,70,25,11836327202873280614,5.000000,58.000000,81.250000,0.445649,76.170431,94.438422,0,0
313,1909707569,1000,6,25,38,0,78,53,0,100,7,8,8,4,99,100,41,3,256,272,120,0,53,67,88,2,10,49,48,1,3378,536,232,81,0,0,1818,21,14,3,1,1,6890,5,4,510,0,3,49,0,0,0,0,1,1,3,2,1,6,500,0,0,0,0,0,2,237,2,3,48903,4,2,13197,100,12,4,8,915,936,31,2,53,0,270,3,0,179,188,769,32,100,100,0,58,100,99,5720,0,99349,1203,30,56010,67542,280421,0,5474,16425,230460,634,12994,99013,4,0,22,72,7077,40,5,1,0,2,365001,70,25,687713394484489434,6.250000,58.250000,80.500000,0.560734,75.529590,93.754187,14,0
314,269176042,1000,4,18,39,0,78,54,0,100,7,8,8,4,55,100,26,3,256,237,3045,0,48,60,83,9,22,48,17,31,3310,149,0,96,0,0,0,20,6,0,2,2,5207,9,20,0,0,5,48,1,2,0,3,1,0,1,0,1,4,1221,95,58,100,100,100,0,134,4,6,0,4,2,13149,100,12,4,8,822,929,69,2,42,0,456,721,0,157,0,0,28,100,51,0,4,100,55,9,0,166290,263155,7,59768,108,0,0,0,0,103934,230236,30830,0,0,0,19,12,6125,40,2,1,0,2,365001,70,25,7480378765120320015,4.500000,58.500000,81.250000,0.405202,76.244125,94.501483,47,0
315,2923611811,1000,4,18,39,0,78,54,0,100,7,8,8,5,72,100,41,3,256,345,480,0,52,66,89,2,10,52,52,0,3402,376,234,95,0,0,1790,20,0,0,4,0,8404,5,1,480,0,6,52,0,0,0,0,0,0,3,2,1,2,31,68,68,100,95,32,0,292,2,4,0,4,2,13062,78,12,4,8,964,941,12,2,56,0,248,5,0,171,30,983,65,100,96,0,4,100,72,949,0,92852,1763,35,63376,10160,358597,0,10948,22613,233964,591,0,96884,4,0,20,72,6748,40,3,1,0,2,365001,70,25,4232379450062792666,4.500000,58.500000,81.250000,0.281121,76.781810,94.850712,0,0
316,1283080284,1000,16,64,25,0,76,54,0,100,7,8,8,5,72,100,50,3,256,271,0,0,51,63,87,2,10,51,51,0,3281,617,236,59,0,0,1457,12,18,3,0,0,13467,5,4,809,0,8,51,0,0,0,2,0,1,3,2,1,6,500,0,0,0,0,0,0,231,2,5,40838,4,2,13197,58,12,4,8,976,924,10,2,51,7,209,3,0,169,27,994,45,100,81,0,4,100,72,1034,0,77515,1371,35,63828,10544,362580,0,5474,16425,252944,508,0,89649,4,8,0,72,2366,75,0,1,2,2,365001,70,25,9960227033805218201,16.000000,38.500000,81.250000,2.657574,57.911722,94.458210,4,0
317,3937516053,1000,5,21,30,0,78,54,0,100,7,8,8,5,72,100,40,3,256,238,0,0,52,60,85,2,10,52,52,0,3313,427,231,96,0,0,2013,8,0,3,0,0,11478,5,4,480,0,7,52,0,0,0,1,0,1,3,2,1,6,500,0,0,0,0,0,0,232,3,4,38346,4,2,13200,100,12,4,8,980,941,10,2,48,0,266,5,0,176,90,992,42,100,100,0,4,100,72,3531,0,97334,1819,35,66296,34898,362027,0,5474,16425,254039,571,0,88491,4,0,8,72,2793,40,6,1,0,2,365001,70,25,11185406090913519576,5.250000,45.000000,81.250000,0.470909,73.816818,94.522727,3,0
318,2296984526,1000,4,17,39,0,78,54,0,100,7,8,8,4,52,100,42,3,256,241,3201,0,60,59,83,2,10,60,59,1,3279,29,0,96,0,0,7,5,3,0,2,0,5207,6,19,0,0,6,60,0,3,0,4,0,0,1,0,1,5,1273,87,94,100,0,1,0,131,4,9,0,4,2,13020,100,12,4,8,779,921,11,2,6,0,51,773,0,192,0,0,13,100,43,0,4,100,52,2,0,18404,281997,7,60218,24,0,0,0,0,85654,247988,31358,0,0,0,3,12,1008,40,3,1,0,2,365001,70,25,12073931593355901134,4.250000,58.500000,81.250000,0.386482,76.226728,94.448541,0,0
319,656452999,1000,4,17,29,0,78,54,0,100,7,8,8,5,72,100,29,3,256,326,3220,0,50,44,63,2,10,50,48,2,3395,125,0,96,0,0,0,20,0,0,3,1,5224,5,18,8,0,6,50,0,3,0,2,0,0,0,0,0,4,1221,88,79,100,100,99,0,100,4,8,0,4,2,13187,116,0,4,8,870,912,112,2,39,0,51,721,0,178,70,799,36,100,100,0,4,100,72,2499,0,17987,263155,0,67963,26456,291565,0,0,0,101834,263166,0,0,0,0,29,12,15561,40,0,1,0,2,365001,70,25,1665626759251496025,4.250000,44.250000,81.250000,0.381588,73.707591,94.515811,0,0
320,3310888768,1000,4,18,39,0,78,54,0,100,7,8,8,5,72,100,41,3,256,198,0,0,63,67,93,2,10,62,42,20,3480,560,232,108,0,0,1931,14,0,3,0,0,5221,5,4,516,0,7,62,0,0,0,2,1,1,2,2,0,6,504,0,0,0,0,0,0,221,1,2,106526,4,2,4999,132,0,4,8,729,942,26,2,88,0,128,2,0,150,19,989,48,100,100,0,4,100,72,760,0,46265,755,28,56278,7540,360953,0,5474,16425,235642,0,0,107459,4,0,14,72,4942,40,5,1,1,2,365001,70,25,12679534911298932805,4.500000,58.500000,81.250000,1.065813,73.381476,85.537107,48,0
321,1670357241,1000,8,25,26,0,78,37,0,100,7,8,8,3,100,100,40,3,256,241,0,0,4,75,95,36,100,4,4,0,3454,288,115,96,13,82,2409,20,0,3,0,0,8897,5,14,480,0,5,4,2,0,0,12,0,1,1,1,0,6,500,0,0,0,0,0,0,41,1,3,272539,3,3,12838,132,0,3,8,974,942,10,3,50,0,596,1,0,72,352,983,48,100,100,0,120,98,100,12821,0,216276,593,12,23246,129334,358578,0,0,0,92344,116,0,272540,4,0,22,72,6790,40,4,1,0,2,365001,70,25,12155171808695759245,8.333333,52.000000,74.666667,0.576414,76.201589,93.976009,6,0
322,29825714,1000,6,19,26,0,78,37,0,100,7,8,8,2,100,100,40,3,256,221,120,0,20,69,88,2,10,20,19,1,3193,276,0,96,0,0,2123,20,6,3,1,1,8377,5,4,480,0,4,20,0,0,0,0,0,1,3,2,1,6,500,0,0,0,0,0,2,251,2,3,51087,3,3,12609,100,12,3,8,922,929,13,3,66,6,102,3,0,168,223,973,12,100,36,0,120,98,100,6889,0,36966,1203,30,56638,79370,355050,0,5474,16425,214524,619,27835,100123,4,0,19,72,6573,40,0,1,0,2,365001,70,25,15691573434691326198,6.333333,52.000000,74.333333,0.446031,76.168927,94.219050,37,0
323,2684261483,1000,0,0,36,0,78,41,0,100,7,8,8,5,100,100,41,3,256,216,0,0,11,58,83,2,10,11,11,0,3359,552,116,112,0,0,2049,21,0,4,0,0,9462,5,8,480,0,6,11,0,0,0,0,1,1,1,1,0,6,500,0,0,0,0,0,0,37,1,3,282030,4,2,13333,100,0,4,8,971,933,11,2,84,15,296,2,0,57,317,978,68,100,100,0,116,100,100,12646,0,108413,1007,14,22234,122564,356881,0,0,0,82854,115,0,282031,4,0,22,72,7126,40,5,1,0,2,365001,70,25,5075628911598063485,0.000000,55.000000,62.000000,0.000000,75.170929,60.999025,0,0
324,1043729956,1000,30,100,26,0,78,34,0,80,7,8,8,5,72,100,13,3,256,446,0,0,77,67,90,40,76,76,75,1,3408,645,232,105,29,100,1981,15,0,2,0,0,5210,5,3,480,0,8,76,1,0,0,0,0,1,2,2,0,6,500,0,0,0,0,0,0,242,2,5,32663,4,2,8820,78,0,4,8,720,943,22,2,22,0,186,2,0,179,19,992,23,99,49,0,4,100,72,675,0,67978,1095,24,59209,8088,361938,0,5474,16425,254033,133,8401,80534,4,0,10,72,3136,40,1,1,8,2,365001,70,25,14463120820565078526,30.000000,39.000000,51.500000,8.208163,70.880952,72.340590,26,0
325,3698165725,1000,9,25,17,0,78,20,0,80,7,8,8,2,55,100,17,3,256,268,3263,0,32,63,83,34,54,32,23,9,3305,0,0,63,33,100,0,20,6,0,6,0,5207,11,19,0,0,5,32,1,2,0,0,3,0,1,0,1,4,1299,95,85,100,100,100,0,126,4,5,0,3,3,3786,100,12,3,8,789,941,23,3,74,0,765,799,0,156,0,0,25,100,54,0,4,100,55,10,0,278932,291575,7,61482,120,0,0,0,0,74960,261058,28982,0,0,0,21,12,7063,40,4,1,2,2,365001,70,25,145205202635308276,9.000000,35.000000,41.666667,2.275225,63.725040,64.437401,29,0
326,2057634198,1000,7,21,14,0,78,20,0,80,7,8,8,3,100,100,17,3,256,222,3122,0,12,62,83,12,39,10,6,4,3309,143,0,108,27,100,0,8,0,0,2,0,12803,6,7,2,0,3,10,1,2,0,1,2,0,1,0,1,5,1247,87,81,100,0,1,0,331,1,2,0,3,3,12597,132,12,3,8,971,943,12,3,73,34,721,747,0,173,148,998,36,100,99,0,120,98,100,5434,0,263529,272619,7,67630,54066,364094,0,0,0,92344,67281,205375,0,0,0,5,12,2744,40,5,1,2,2,365001,70,25,9544784653331271443,7.666667,29.666667,41.666667,2.001746,25.639279,18.845757,39,0
327,417102671,1000,5,17,25,0,78,37,0,99,7,8,8,2,72,100,25,3,256,260,3252,0,21,64,83,2,10,15,8,7,3317,23,0,90,0,0,0,6,11,0,4,1,12497,9,8,0,0,3,15,0,3,0,3,2,0,1,0,1,4,1276,91,70,96,100,100,0,112,5,12,0,3,3,12678,116,12,3,8,976,936,13,3,53,26,83,776,0,155,68,998,36,100,50,0,4,100,72,2049,0,30193,283203,6,60808,24368,364176,0,0,0,69746,272992,22262,0,0,0,5,12,2016,40,5,1,0,2,365001,70,25,6754485318537233817,5.666667,51.666667,74.666667,0.396908,75.423253,93.539991,13,0
328,3071538440,1000,25,100,27,0,78,36,0,100,7,8,8,5,100,100,34,3,256,317,120,0,46,58,83,2,10,44,25,19,3295,612,44,96,0,0,1937,9,0,3,1,1,9305,5,4,480,0,4,44,0,0,0,2,2,1,2,2,0,6,500,0,0,0,0,0,2,245,2,6,47782,4,2,13971,100,0,4,8,959,925,16,2,68,19,135,2,0,188,115,998,68,100,80,0,120,98,100,3744,0,53545,895,28,64736,40656,364204,0,5474,16425,239729,177,3725,99470,4,0,4,72,2758,40,4,1,7,2,365001,70,25,17234756154423250648,25.000000,40.750000,54.000000,7.114738,62.726147,75.575406,31,0
329,1431006913,1000,6,18,19,0,78,37,0,100,7,8,8,2,100,100,25,3,256,305,3344,0,55,62,83,20,63,47,21,26,3525,138,0,24,16,100,0,5,0,0,0,2,13243,5,1,1,0,3,47,1,2,0,12,0,0,1,0,1,4,1221,86,38,100,100,98,0,142,4,6,0,3,3,3697,78,12,3,8,964,938,13,3,65,18,594,721,0,185,218,998,36,100,97,0,120,98,100,8061,0,216096,263155,7,65914,79904,363917,0,0,0,103598,222928,38474,0,0,0,4,12,1939,40,4,1,1,2,365001,70,25,3319043050689973416,6.000000,39.333333,74.666667,1.441169,65.598052,80.358128,24,0
330,4085442682,1000,6,24,37,0,78,53,0,100,7,8,8,5,100,100,41,3,256,226,249,0,70,68,95,2,10,70,70,0,3279,380,90,96,0,0,2038,21,10,0,2,0,9565,5,1,480,0,4,70,1,0,0,0,0,0,2,2,0,2,20,35,73,100,99,23,0,282,1,4,0,4,2,13206,100,0,4,8,954,936,25,2,51,21,371,2,0,162,345,959,27,100,62,0,120,98,100,12263,0,134952,867,28,59369,129260,349910,0,10948,18589,225746,0,9857,99860,4,0,25,72,8113,40,0,1,0,2,365001,70,25,14140713923751697962,6.000000,56.750000,80.000000,0.543389,71.193624,90.791307,2,0
331,2444911155,1000,4,19,38,0,78,54,0,100,7,8,8,5,72,100,43,3,256,270,0,0,5,69,92,2,10,5,5,0,3341,560,233,96,0,0,1906,20,0,6,0,0,5228,5,17,480,0,6,5,0,0,0,1,0,1,1,1,0,6,500,0,0,0,0,0,0,47,1,1,272538,4,2,13203,132,0,4,8,844,904,67,2,28,0,181,2,0,58,119,774,48,100,100,0,4,100,72,3662,0,66648,703,14,21806,43848,282388,0,0,0,86351,117,5993,272539,4,0,25,72,7763,40,1,1,0,2,365001,70,25,14699858834829527896,4.750000,57.750000,81.250000,0.425964,76.114065,94.525487,0,0
332,804379628,1000,28,92,26,0,78,34,0,80,7,8,8,5,72,100,25,3,256,175,0,0,9,66,90,21,63,9,8,1,3258,625,233,116,33,100,1758,14,0,6,0,0,11248,5,7,480,0,7,9,1,0,0,1,3,1,2,1,1,6,501,0,0,0,0,0,0,36,1,3,282786,4,2,13138,78,12,4,8,923,942,14,2,52,0,156,3,0,57,101,989,48,100,100,0,4,100,72,3997,0,55657,1091,21,24946,37910,360781,0,0,0,81759,454,0,282787,4,11,0,72,3451,75,0,1,5,2,365001,70,25,1072882999737997845,28.500000,39.000000,51.000000,5.664789,73.048561,75.212057,33,0
333,3458815397,1000,7,19,26,0,78,20,0,80,7,8,8,3,72,100,27,3,256,296,0,0,36,73,95,34,54,36,35,1,3328,419,117,108,29,100,2150,20,0,4,0,0,6334,5,5,480,0,4,36,1,0,0,3,1,1,3,2,1,6,501,0,0,0,0,0,0,232,3,8,51170,3,3,4446,116,12,3,8,870,940,44,3,6,0,397,2,0,128,52,939,27,100,99,0,4,100,72,1590,0,146937,783,35,53138,18868,342422,0,5474,16425,237153,592,6301,99055,4,0,22,72,7399,40,2,1,1,2,365001,70,25,15212015539373993008,7.000000,52.000000,41.666667,1.872245,72.807018,53.378318,32,0
334,1818283870,1000,4,19,39,0,78,54,0,100,7,8,8,4,100,100,26,3,256,270,3320,0,115,59,83,2,10,53,52,1,3374,12,0,95,0,0,0,20,5,0,2,1,5357,5,15,0,0,4,53,0,2,0,2,0,0,0,0,0,3,1221,86,62,100,51,78,0,115,4,9,0,4,2,12928,78,0,4,8,874,937,54,2,32,0,24,721,0,162,167,730,13,100,52,0,120,94,100,5077,0,9224,263155,0,59951,60924,266337,0,0,0,101211,250375,13414,0,0,0,30,12,10080,40,3,1,0,2,365001,70,25,2536420929702507879,4.750000,58.500000,81.250000,0.435025,76.214109,94.405941,0,0
335,177752343,1000,5,23,39,0,78,54,0,100,7,8,8,4,53,100,30,3,256,428,3186,0,53,60,83,2,10,53,52,1,3418,184,0,96,0,0,0,17,0,0,1,2,5222,5,4,6,0,7,53,0,3,0,4,0,0,1,1,0,4,607,93,67,100,100,100,0,240,3,6,0,4,2,13254,100,0,4,8,811,943,89,2,34,0,197,109,0,154,0,0,36,100,100,0,4,100,53,3,0,71827,39828,12,66235,36,0,0,5474,16425,251849,39241,0,52011,0,0,14,12,4515,40,2,1,0,2,365001,70,25,1501337889100149361,5.750000,58.500000,81.250000,0.513656,76.258035,94.425834,0,0
336,2832188112,1000,5,21,32,0,80,54,0,100,7,8,8,5,72,100,40,3,256,330,0,0,65,63,83,2,10,65,65,0,3322,514,236,69,0,0,1878,18,60,3,0,0,10450,5,4,532,0,5,65,1,0,0,1,0,1,3,2,1,6,500,0,0,0,0,0,0,231,2,6,40558,4,2,13200,78,12,4,8,932,934,16,2,69,9,16,3,0,174,38,988,60,100,100,0,4,100,72,1602,0,5701,1231,35,58122,16800,360403,0,5474,16425,252944,598,0,89559,4,0,16,72,5236,40,5,1,0,2,365001,70,25,3003043635649351774,5.250000,48.000000,81.250000,0.477273,75.708485,94.507576,0,0
337,1191656585,1000,6,25,27,0,78,52,0,100,7,8,8,4,72,100,25,3,256,526,2677,0,62,54,83,2,10,62,62,0,3381,232,94,96,0,0,297,16,9,0,3,4,5208,7,14,3,0,7,62,0,3,0,1,0,0,1,1,0,4,638,100,78,100,100,100,0,274,3,6,0,4,2,13252,100,0,4,8,635,928,26,2,0,0,104,141,0,154,16,994,22,100,48,0,4,100,72,479,0,37670,51166,12,58870,5748,362468,0,5474,16425,231497,25955,35449,50200,0,0,13,12,4480,40,2,1,0,2,365001,70,25,545167141546931943,6.250000,41.250000,79.000000,0.565952,73.672502,94.206459,0,0
338,3846092354,1000,5,21,39,0,78,54,0,100,7,8,8,5,72,100,41,3,256,213,0,0,1,68,95,2,10,1,1,0,3242,500,118,96,0,0,1965,9,0,6,0,0,12396,5,12,497,0,3,1,0,0,0,2,1,1,1,1,0,6,500,0,0,0,0,0,0,36,1,2,282031,4,2,13285,100,0,4,8,975,940,11,2,83,32,145,2,0,68,84,999,48,100,100,0,4,100,72,2828,0,55225,783,12,22990,30400,364344,0,0,0,82854,114,0,282032,4,0,6,72,4921,40,5,1,0,2,365001,70,25,7938130771902670324,5.250000,58.500000,81.250000,0.467896,76.262100,94.556266,10,0
339,2205560827,1000,5,23,35,0,78,54,0,100,7,8,8,4,72,100,28,3,256,266,3033,0,58,60,83,2,10,52,50,2,3323,248,0,95,0,0,0,11,0,0,3,0,5207,12,13,0,0,7,52,0,2,0,3,0,0,0,0,0,4,1221,89,47,100,100,99,0,126,4,6,0,4,2,12907,78,0,4,8,883,940,14,2,54,0,25,721,0,148,16,984,36,100,50,0,4,100,72,552,0,9195,263155,0,60624,6624,359110,0,0,0,105306,233006,26688,0,0,0,8,12,2359,40,7,1,0,2,365001,70,25,16729212198283861253,5.750000,53.500000,81.250000,0.178198,76.622453,95.232045,0,0
340,565029300,1000,4,17,27,0,78,54,0,100,7,8,8,5,72,100,34,3,256,207,0,0,60,54,83,2,10,60,60,0,3348,426,116,96,0,0,2164,20,6,3,0,0,8428,5,4,480,0,4,60,1,0,0,0,1,1,3,2,1,6,500,0,0,0,0,0,0,304,2,7,38066,4,2,13279,100,12,4,8,923,928,8,2,52,0,255,3,0,155,79,975,40,100,100,0,4,100,72,2341,0,93734,1147,35,57448,26942,355664,0,5474,27934,222810,584,17530,90668,4,0,19,72,6300,40,3,1,0,2,365001,70,25,1227622246133670009,4.250000,41.000000,81.250000,0.378944,73.156412,94.555313,0,0
341,3219465069,1000,18,56,32,0,78,50,0,100,7,8,8,6,72,100,29,3,256,374,0,0,36,69,95,9,32,33,33,0,3300,474,0,96,10,64,2164,17,0,3,0,0,9957,5,4,341,151,4,33,1,0,0,2,2,1,2,2,0,6,500,0,0,0,0,0,0,237,3,5,39606,4,2,13276,100,0,4,8,931,936,9,2,41,0,93,4,0,171,42,990,45,100,100,0,4,100,72,1542,0,34712,1874,28,58702,16354,361159,0,5474,16425,246592,100,6693,89716,4,0,13,72,3759,40,5,1,2,2,365001,70,25,1158720389737172588,18.500000,49.000000,75.250000,2.932208,74.543537,93.350407,0,0
342,1578933542,1000,5,21,37,0,78,54,0,100,7,8,8,5,72,100,41,3,256,348,120,0,78,68,95,2,10,77,77,0,3389,548,235,38,0,0,1790,12,70,3,2,0,5784,5,4,480,0,3,77,0,0,0,0,0,1,2,2,0,6,503,0,0,0,0,0,2,234,1,4,48202,4,2,13271,78,0,4,8,917,933,13,2,71,25,272,2,0,168,37,995,71,100,95,0,4,100,72,1298,0,99522,979,28,57938,14372,362888,0,5474,16425,238157,0,5916,99028,4,0,10,72,3542,40,1,1,0,2,365001,70,25,16920847395152889940,5.250000,56.000000,81.250000,0.468390,75.811167,94.434481,44,0
343,4233369311,1000,28,95,26,0,78,37,0,100,7,8,8,4,72,100,27,3,256,239,582,0,46,67,89,17,54,46,45,1,3371,545,234,120,23,100,1431,13,0,3,2,3,5207,5,4,518,0,8,46,1,0,0,0,8,0,3,2,1,1,1,35,81,45,53,23,0,283,2,4,0,4,2,13193,132,12,4,8,587,941,81,2,10,0,80,3,0,161,17,991,70,100,100,0,4,100,72,651,0,28443,1231,35,58090,7812,361635,0,6196,16425,206351,498,37103,98427,4,0,9,72,3136,40,0,1,4,2,365001,70,25,9744653661761468955,28.000000,39.000000,56.250000,4.075419,73.217009,90.632911,0,0
344,2592837784,1000,6,25,36,0,78,54,0,100,7,8,8,5,72,100,75,3,256,182,0,0,65,70,91,2,10,65,61,4,3413,533,233,94,0,0,2125,12,0,0,0,0,12149,5,1,480,0,6,65,0,0,0,0,1,1,3,2,1,6,501,0,0,0,0,0,0,236,2,4,29134,4,2,13206,78,12,4,8,898,931,21,2,83,0,207,1,0,190,47,956,22,100,93,0,4,100,72,1672,0,76505,532,35,65985,18668,348797,0,5474,16425,262434,567,0,80100,4,8,0,72,2723,75,0,1,0,2,365001,70,25,17249428866890930291,6.250000,54.000000,81.250000,0.560351,75.440709,94.525216,50,0
345,952306257,1000,5,21,30,0,78,53,0,100,7,8,8,5,100,100,25,3,256,359,3286,0,80,55,83,2,10,80,72,8,3439,94,0,92,0,0,0,12,11,0,2,1,8558,12,13,17,0,6,80,0,2,0,4,0,0,0,0,0,4,1250,91,70,100,100,100,0,109,4,6,0,4,2,13242,100,0,4,8,879,919,17,2,70,30,53,750,0,164,355,995,29,100,53,0,120,98,100,12982,0,18771,273713,0,64906,130264,363140,0,0,0,91949,262298,10753,0,0,0,10,12,3402,40,1,1,0,2,365001,70,25,16193321918638979821,5.250000,46.250000,80.000000,0.315587,52.739012,91.296254,10,0
346,3606742026,1000,4,19,39,0,78,53,0,100,7,8,8,5,100,100,41,3,256,402,0,0,48,69,92,2,10,48,29,19,3367,536,117,101,0,0,1920,10,0,3,0,0,13369,5,4,480,0,7,48,0,0,0,2,1,1,3,2,1,6,500,0,0,0,0,0,0,231,3,9,41651,4,2,13291,100,12,4,8,949,929,19,2,57,13,133,5,0,166,348,996,65,100,100,0,120,98,100,12997,0,47605,1735,30,59107,127470,363350,0,5474,16425,252944,621,0,89536,4,0,5,72,1505,40,5,1,0,2,365001,70,25,11995079627643117045,4.750000,58.500000,80.500000,0.423143,76.262885,92.393876,4,0
347,1966210499,1000,6,18,24,0,78,20,0,80,7,8,8,2,72,100,17,3,256,354,3427,0,26,64,83,17,54,26,20,6,3492,23,0,104,27,100,0,16,12,0,4,2,5208,6,19,0,0,6,26,1,2,0,0,2,0,1,0,1,5,1276,94,91,100,0,1,0,357,1,2,0,3,3,12635,78,12,3,8,809,928,13,3,55,0,739,776,0,185,12,981,36,100,50,0,4,100,72,385,0,269968,283203,7,60918,4620,357743,0,0,0,81759,52610,230631,0,0,0,15,12,5187,40,4,1,1,2,365001,70,25,9139923555140950605,6.666667,49.333333,41.666667,1.736763,70.976019,19.312228,58,0
348,325678972,1000,28,92,19,0,78,23,0,80,7,8,8,5,100,100,8,3,256,255,3268,0,68,57,83,36,58,68,35,33,3452,142,0,103,33,100,0,12,0,0,0,1,5207,9,15,0,0,5,68,1,2,0,1,6,0,1,0,1,4,1224,87,58,100,100,99,0,99,4,6,0,4,2,7722,100,12,4,8,803,941,26,2,94,0,458,724,0,174,183,989,36,100,100,0,120,98,100,6321,0,167970,264247,6,67499,68112,360762,0,0,0,100739,264261,0,0,0,0,10,12,3178,40,1,1,4,2,365001,70,25,4787497092520227350,28.500000,29.500000,34.750000,4.598550,51.079772,38.718726,50,0
349,2980114741,1000,6,25,41,0,88,50,0,100,7,8,8,4,72,100,22,3,256,243,3233,0,85,61,83,9,27,85,85,0,3463,170,0,112,10,63,6,11,0,0,2,0,5208,6,1,12,0,7,85,1,2,0,1,1,0,1,0,1,4,1221,87,66,100,99,99,0,99,4,7,0,4,2,4893,100,12,4,8,861,938,41,2,107,42,550,721,0,191,23,993,36,100,98,0,4,100,72,743,0,201339,263157,7,67756,7712,362307,0,0,0,101834,263166,0,0,0,0,9,12,3143,40,0,1,2,2,365001,70,25,18196397961527437640,6.750000,61.750000,76.000000,2.036378,76.217249,79.725731,69,0
350,1339583214,1000,31,99,26,0,78,54,0,100,7,8,8,5,72,100,33,3,256,408,0,0,27,65,74,2,10,27,27,0,3542,577,115,96,0,0,2208,18,49,3,0,0,5207,5,4,480,0,6,27,0,0,0,2,0,1,3,2,1,6,501,0,0,0,0,0,0,237,3,7,40978,4,2,13219,116,12,4,8,851,938,77,2,7,0,202,3,0,159,33,974,63,100,100,0,4,100,72,1083,0,73934,1119,35,57616,12152,355274,0,5474,16425,238660,564,13189,90688,4,0,12,72,4053,40,1,1,5,2,365001,70,25,160027190951568269,31.000000,39.000000,81.250000,5.105757,72.671760,94.529087,0,0
351,3994018983,1000,6,27,35,0,78,53,0,100,6,8,8,5,72,100,41,3,256,235,0,0,78,64,88,2,10,77,59,18,3415,567,118,119,0,0,1955,9,11,3,0,0,12614,5,4,480,0,6,77,0,0,0,1,2,1,2,2,0,6,503,0,0,0,0,0,0,241,2,5,37366,4,2,13202,78,0,4,8,968,934,12,2,65,19,102,2,0,190,91,995,33,100,100,0,4,100,72,3364,0,37188,699,28,65834,34208,362944,0,5474,16425,245666,117,8382,88936,4,0,6,72,1736,40,6,1,0,2,365001,70,25,13410137184735696646,6.750000,52.500000,79.500000,0.646266,74.682018,94.271171,14,0
352,2353487456,1000,25,100,31,0,78,39,0,100,6,8,8,5,100,100,28,3,256,361,0,0,17,71,95,12,39,17,17,0,3352,481,118,128,23,100,2003,13,19,4,0,0,10921,5,5,480,0,4,17,1,0,0,2,4,1,2,1,1,6,501,0,0,0,0,0,0,37,1,1,282675,4,2,13501,78,12,4,8,907,935,11,2,87,22,230,3,0,77,302,990,48,100,100,0,120,98,100,9507,0,84333,1203,18,24718,107808,361322,0,0,0,81759,565,0,282676,4,0,12,72,3367,40,2,1,4,2,365001,70,25,12042631386989694209,25.000000,46.750000,59.250000,4.362640,72.529294,89.588771,20,0
353,712955929,1000,6,24,26,0,78,60,0,100,7,8,8,5,72,100,42,3,256,254,0,0,82,65,90,2,10,81,81,0,3324,539,236,96,0,0,2021,20,10,0,0,0,5278,5,1,486,0,4,81,0,0,0,1,0,1,3,2,1,6,500,0,0,0,0,0,0,276,3,4,29610,4,2,13272,116,12,4,8,898,921,24,2,43,12,37,3,0,181,33,973,24,100,54,0,4,100,72,850,0,14233,1175,35,63108,10076,355078,0,5474,19817,246354,589,11593,81173,4,0,22,72,8666,40,5,1,0,2,365001,70,25,11224120004759331126,6.000000,39.500000,90.000000,0.491863,72.948463,95.367691,0,0
354,3367391698,1000,6,25,28,0,78,42,0,100,7,8,8,4,72,100,32,3,256,400,0,0,48,57,85,2,10,48,47,1,3285,543,233,96,0,0,1967,16,6,0,0,0,6082,5,1,480,0,6,48,0,0,0,1,0,1,3,2,1,6,501,0,0,0,0,0,0,274,2,3,31907,4,2,12967,100,12,4,8,867,918,31,2,40,0,254,5,0,184,14,992,23,100,51,0,4,100,72,596,0,93641,1846,30,59990,7152,361901,0,5474,16425,219898,531,42536,80136,4,0,11,72,13146,40,3,1,0,2,365001,70,25,8629050315176672954,6.250000,42.000000,63.000000,0.192797,74.527801,92.080512,0,0
355,1726860171,1000,8,24,13,0,77,20,0,79,7,8,8,3,100,100,17,3,256,197,2950,0,47,63,84,36,58,47,27,20,3271,147,0,91,33,100,132,22,0,0,1,2,5207,11,17,0,0,5,47,1,2,0,1,1,0,1,0,1,4,1250,93,49,100,100,100,0,97,4,9,0,3,3,12600,100,12,3,8,751,941,15,3,42,0,618,750,0,202,152,392,36,100,98,0,120,98,100,5107,0,225676,273739,7,67132,55040,143115,0,0,0,91249,273751,0,0,0,0,23,12,7399,40,6,1,2,2,365001,70,25,10081920791900942681,8.666667,27.000000,41.333333,2.071746,20.151429,18.637778,18,0
356,86328644,1000,6,25,39,0,78,54,0,100,7,8,8,5,72,100,41,3,256,331,563,0,38,69,90,2,10,37,37,0,3446,524,118,96,0,0,1719,23,6,2,1,1,10586,5,3,480,0,7,37,1,0,0,1,0,0,3,2,1,1,9,54,66,80,100,28,0,333,2,5,0,4,2,13272,100,12,4,8,931,902,20,2,43,0,239,3,0,158,17,985,66,100,70,0,4,100,72,607,0,86456,1203,35,57259,6168,359166,0,8821,27846,208533,553,21310,97937,4,0,18,72,6293,40,1,1,0,2,365001,70,25,14066308633564749264,6.250000,58.500000,81.250000,0.433243,76.648282,94.827456,0,0
358,1100232886,1000,6,20,26,0,78,37,0,100,7,8,8,2,100,100,25,3,256,259,3203,0,30,65,83,2,10,30,14,16,3413,147,0,96,0,0,0,20,12,0,2,1,5208,5,11,1,0,4,30,0,3,0,2,2,0,1,0,1,4,1224,86,92,100,100,98,0,126,4,7,0,3,3,12611,100,12,3,8,786,929,17,3,55,6,208,724,0,163,154,975,36,100,50,0,120,94,100,4692,0,76757,264247,7,61958,54392,355561,0,0,0,92114,247404,25482,0,0,0,21,12,7126,40,4,1,0,2,365001,70,25,10666335127001852975,6.666667,52.000000,75.000000,0.469431,76.169217,94.266910,29,0
359,3754668655,1000,5,21,39,0,78,41,0,100,7,8,8,5,72,100,27,3,256,243,0,0,3,65,95,10,33,3,3,0,3356,291,74,96,10,65,2349,8,0,4,0,0,12329,5,14,480,0,4,3,1,0,0,1,6,1,1,1,0,6,500,0,0,0,0,0,0,45,1,2,263074,4,2,13227,116,0,4,8,955,928,14,2,64,15,173,2,0,59,133,997,48,100,100,0,4,100,72,4800,0,62375,867,14,26766,48078,363749,0,0,0,101834,91,0,263075,4,0,6,72,1470,40,5,1,0,2,365001,70,25,5917472538926647821,5.750000,58.500000,61.750000,0.479852,76.555228,91.200348,5,0
360,2114137128,1000,5,21,27,0,78,54,0,100,7,8,8,5,72,100,32,3,256,201,0,0,14,55,67,2,10,14,5,9,3299,547,233,96,0,0,1861,20,0,5,0,0,11811,5,6,496,0,7,14,0,0,0,2,0,1,1,1,0,6,500,0,0,0,0,0,0,41,1,1,273714,4,2,13192,100,0,4,8,977,945,11,2,74,13,275,1,0,59,187,989,48,100,100,0,4,100,72,7884,0,101272,476,14,21532,73288,360676,0,0,0,88687,36,2562,273715,4,17,1,72,5698,40,1,1,0,2,365001,70,25,8607073437492104743,5.250000,41.250000,81.250000,0.471195,73.142965,94.517890,1,0
361,473605601,1000,0,0,48,0,78,54,0,100,7,8,8,5,100,100,41,3,256,222,120,0,48,70,91,2,10,48,48,0,3478,615,236,96,0,0,1865,15,0,3,1,1,8073,5,4,480,0,6,48,0,0,0,3,3,1,2,2,0,6,500,0,0,0,0,0,1,234,2,5,50834,4,2,13294,116,0,4,8,921,887,19,2,0,0,186,2,0,179,314,992,68,100,88,0,113,100,100,12402,0,67656,979,28,61674,118598,361845,0,5474,16425,229951,149,11313,101688,4,0,10,72,3024,40,2,1,0,2,365001,70,25,16533296257868363024,0.000000,72.250000,81.000000,0.000000,77.551903,94.379043,0,0
362,3128041370,1000,6,24,27,0,78,40,0,100,7,8,8,5,72,100,30,3,256,288,120,0,59,59,95,2,10,58,58,0,3393,312,236,96,0,0,2083,9,0,3,2,0,12912,5,4,480,0,3,58,0,0,0,0,0,1,2,2,0,6,500,0,0,0,0,0,1,226,2,3,49042,4,2,13263,132,0,4,8,962,931,10,2,52,14,89,1,0,189,43,998,49,100,100,0,4,100,72,1405,0,33049,647,28,66296,16480,364050,0,5474,16425,242359,158,0,100584,4,0,4,72,1666,40,4,1,0,2,365001,70,25,15687789846949908771,6.000000,40.500000,60.000000,0.535625,73.137752,90.744553,7,0
363,1487509843,1000,10,25,28,0,78,54,0,100,7,8,8,5,72,100,35,3,256,510,0,0,49,65,90,2,10,48,48,0,3503,578,233,94,0,0,2170,21,20,0,0,0,5208,5,1,480,0,7,48,0,0,0,1,0,1,2,2,0,6,500,0,0,0,0,0,0,247,3,5,30619,4,2,13265,100,0,4,8,669,930,19,2,5,0,219,3,0,175,13,981,24,100,51,0,4,100,72,449,0,80763,1259,24,59706,5388,357981,0,5474,16425,261339,152,0,81610,4,0,18,72,5460,40,7,1,1,2,365001,70,25,7037915350883328890,10.250000,42.000000,81.250000,1.093404,73.868526,94.947606,0,0
364,4141945612,1000,15,37,26,0,78,54,0,100,7,8,8,5,72,100,32,3,256,228,0,0,61,61,90,2,10,61,61,0,3303,579,232,96,0,0,1970,23,5,0,0,0,5208,5,1,480,0,7,61,1,0,0,1,0,0,3,2,1,2,80,8,71,45,93,17,0,403,3,4,0,4,2,13177,132,12,4,8,884,935,29,2,5,0,251,2,0,173,21,886,35,100,49,0,4,100,72,749,0,91835,867,35,57706,7522,323044,0,10948,40231,246612,598,15822,50789,4,0,19,72,6419,40,2,1,2,2,365001,70,25,9412325864547446054,15.000000,39.000000,81.250000,2.015633,73.311831,94.929043,0,0
365,2501414085,1000,25,100,42,0,100,43,0,100,6,8,8,5,72,100,28,3,256,244,0,0,60,74,95,18,57,60,57,3,3392,588,234,152,16,100,1890,9,0,0,0,0,12346,5,1,480,0,4,60,1,0,0,0,3,1,2,2,0,6,500,0,0,0,0,0,0,263,2,4,36190,4,2,17449,100,0,4,8,967,928,11,2,154,31,105,1,0,186,131,996,24,100,97,0,4,100,72,4422,0,37288,699,28,65006,46174,363310,0,5474,16425,214997,179,36852,91073,4,0,6,72,1386,40,6,1,3,2,365001,70,25,11727382716535234874,25.000000,64.000000,65.000000,3.089002,81.396642,88.422259,68,0
366,860882558,1000,6,25,31,0,78,54,0,100,7,8,8,4,57,100,39,3,256,261,0,0,6,61,95,2,10,6,6,0,3420,460,191,96,0,0,1578,21,0,5,0,0,5219,5,36,541,0,4,6,0,0,0,0,0,1,1,1,0,6,500,0,0,0,0,0,0,41,1,3,284158,4,2,13278,100,0,4,8,769,909,21,2,31,0,274,2,0,53,1,0,48,100,100,0,4,100,57,16,0,99912,867,14,20648,192,0,0,0,0,76297,0,4544,284159,4,0,22,72,8722,40,3,1,0,2,365001,70,25,18388412389506780089,6.250000,47.000000,81.250000,0.557313,74.196415,94.553397,0,0
367,3515318327,1000,7,21,26,0,78,37,0,100,7,8,8,3,72,100,40,3,256,395,0,0,29,74,95,2,10,29,26,3,3261,396,118,96,0,0,2225,10,0,0,0,0,11311,5,1,480,0,6,29,0,0,0,1,0,0,2,2,0,2,129,9,72,45,100,17,0,465,3,6,0,3,3,12837,116,0,3,8,925,942,17,3,51,27,42,2,0,192,26,997,36,99,100,0,4,100,72,779,0,15238,759,28,68132,8580,363861,0,10948,58286,242676,118,0,52972,4,0,6,72,2002,40,6,1,0,2,365001,70,25,14005513220624671848,7.000000,52.000000,75.000000,0.484225,76.201449,94.244761,11,0
368,1874786800,1000,8,23,25,0,78,20,0,80,7,8,8,3,72,100,17,3,256,258,2978,0,24,66,86,17,55,22,12,10,3427,140,0,107,27,100,267,8,0,0,1,1,12361,8,7,0,0,4,22,1,2,0,0,4,0,1,0,1,5,1224,89,83,100,0,1,0,231,2,4,0,3,3,12677,116,12,3,8,965,926,11,3,71,13,662,724,0,150,34,998,36,100,97,0,4,100,72,1040,0,240569,264247,7,67716,12354,363954,0,0,0,100739,148710,115551,0,0,0,7,12,1792,40,5,1,2,2,365001,70,25,14902363227738704868,8.333333,51.666667,41.666667,2.035813,75.429360,19.231679,36,0
369,234255273,1000,7,21,26,0,78,20,0,80,7,8,8,2,72,100,22,3,256,305,3334,0,43,65,83,34,54,43,16,27,3518,130,0,108,33,100,12,20,6,0,2,0,5207,9,19,0,0,6,43,1,2,0,1,0,0,1,0,1,5,1253,87,70,100,0,1,0,213,3,7,0,3,3,12689,132,12,3,8,805,929,14,3,27,0,599,753,0,185,12,983,36,100,50,0,4,100,72,469,0,218003,274831,7,60796,5628,358485,0,0,0,99786,162429,102785,0,0,0,19,12,5397,40,2,1,1,2,365001,70,25,2228861011949490009,7.666667,52.000000,41.666667,1.994089,76.211207,18.697691,48,0
370,2888691042,1000,24,77,27,0,78,45,0,99,7,8,8,5,72,100,27,3,256,273,0,0,51,68,95,9,32,51,51,0,3304,595,236,90,6,40,1951,14,8,0,0,0,10454,5,1,480,0,7,51,1,0,0,0,5,0,3,2,1,2,104,8,70,45,0,1,0,437,3,7,0,4,2,13281,116,12,4,8,907,905,16,2,44,0,116,5,0,161,29,986,13,100,43,0,4,100,72,1230,0,42215,1791,30,58442,11748,359698,0,10948,49041,251849,561,0,52601,4,0,10,72,5222,40,7,1,3,2,365001,70,25,13493236776294838351,24.000000,40.500000,68.500000,3.867329,73.041337,91.599202,0,0
371,1248159515,1000,6,25,39,0,78,54,0,100,7,8,8,5,72,100,41,3,256,276,120,0,55,70,91,2,10,54,54,0,3447,508,236,96,0,0,1941,6,37,3,0,2,12831,5,4,480,0,3,54,0,0,0,1,2,1,2,2,0,6,504,0,0,0,0,0,2,327,2,2,48259,4,2,13269,132,0,4,8,950,933,17,2,59,15,97,2,0,167,42,998,74,100,100,0,4,100,72,1284,0,35513,979,24,57112,15244,364066,0,5474,25033,204512,92,29738,100151,4,0,3,72,1386,40,3,1,0,2,365001,70,25,2605781560879107405,6.250000,58.500000,81.250000,0.557691,76.260005,94.549702,10,0
372,3902595284,1000,5,20,39,0,78,54,0,100,7,8,8,5,72,100,40,3,256,317,283,0,69,65,83,2,10,69,68,1,3447,235,235,96,0,0,2138,16,7,2,1,1,8480,5,3,491,0,4,69,0,0,0,6,1,0,2,2,0,1,7,50,75,77,100,27,0,245,2,6,0,4,2,13182,116,0,4,8,936,936,12,2,61,0,162,3,0,147,60,989,67,100,48,0,4,100,72,1881,0,59149,1123,28,56638,21896,360830,0,8052,16425,242359,164,0,98000,4,0,12,72,4508,40,2,1,0,2,365001,70,25,3856239239550127887,5.000000,58.500000,81.250000,0.449097,76.248521,94.513731,0,0
373,2262063757,1000,4,19,52,0,80,60,0,100,6,8,8,6,72,100,42,3,256,364,0,0,55,72,92,2,10,55,37,18,3325,564,234,150,0,0,1952,12,0,0,0,0,10218,5,1,480,0,6,55,0,0,0,2,2,1,3,2,1,6,501,0,0,0,0,0,0,267,2,5,31459,4,2,14243,100,12,4,8,971,937,15,2,76,26,122,5,0,163,25,995,25,100,97,0,4,100,72,798,0,43017,1818,30,66134,8366,362867,0,5474,20908,256856,530,0,81232,4,0,8,72,5551,40,7,1,1,2,365001,70,25,10422878212817640208,4.750000,78.250000,90.000000,1.568771,78.122727,94.415502,2,0
374,621532230,1000,8,24,20,0,78,32,0,80,7,8,8,3,100,100,40,3,256,252,0,0,20,73,95,12,34,20,20,0,3390,291,118,18,6,41,2399,20,0,3,0,0,5210,5,4,480,0,5,20,1,0,0,12,0,1,3,2,1,6,500,0,0,0,0,0,0,230,2,5,36890,3,3,3767,58,12,3,8,845,939,131,3,36,0,607,3,0,192,283,749,30,100,100,0,120,98,100,9729,0,221972,1119,35,65222,101686,273239,0,5474,16425,250754,588,0,91759,4,0,24,72,8099,40,7,1,1,2,365001,70,25,194760892087190970,8.000000,41.000000,64.666667,1.885851,66.684895,75.521104,49,0
375,3275967999,1000,7,21,39,0,78,54,0,100,7,8,8,5,72,100,41,3,256,205,0,0,76,70,91,2,10,76,71,5,3333,508,236,95,0,0,1947,9,0,3,0,0,6645,5,4,480,0,7,76,0,0,0,1,0,1,3,2,1,6,500,0,0,0,0,0,0,229,2,2,38067,4,2,13362,78,12,4,8,829,928,20,2,55,26,322,2,0,194,25,996,36,100,100,0,4,100,72,799,0,115374,1035,30,65704,8138,363511,0,5474,16425,251849,464,0,90788,4,4,3,72,1939,40,6,1,0,2,365001,70,25,2201745947170776307,7.750000,58.500000,81.250000,0.916480,76.272115,94.587637,12,0
376,1635436472,1000,6,24,39,0,78,54,0,100,7,8,8,5,72,100,41,3,256,234,289,0,54,64,86,2,10,54,54,0,3375,408,116,95,0,0,2040,20,2,2,2,0,8471,5,3,480,0,4,54,0,0,0,2,0,0,4,2,2,1,7,48,69,77,100,27,0,257,2,7,0,4,2,13259,78,24,4,8,926,931,12,2,54,2,356,4,0,172,76,971,37,100,49,0,4,100,72,2262,0,128915,1651,42,56344,25334,354322,0,8380,16425,230903,973,10361,97958,4,0,19,72,6433,40,7,1,0,2,365001,70,25,12876932964053388507,6.000000,58.500000,81.250000,0.535787,76.258692,94.547100,0,0
377,4289872241,1000,5,22,39,0,78,54,0,100,7,8,8,5,72,100,41,3,256,272,0,0,18,71,95,2,10,16,15,1,3277,544,211,96,0,0,1880,12,0,3,0,0,10590,5,6,480,0,7,16,0,0,0,3,0,1,1,1,0,6,500,0,0,0,0,0,0,43,1,3,283122,4,2,12937,100,0,4,8,920,894,13,2,53,0,204,2,0,71,44,994,31,100,100,0,4,100,72,1837,0,76720,755,14,24314,17350,362580,0,0,0,74338,118,7421,283123,4,0,9,72,3227,40,1,1,0,2,365001,70,25,6391628915073995227,5.500000,58.500000,81.250000,0.503362,76.215351,94.411378,0,0
378,2649340714,1000,0,0,40,0,84,42,0,100,6,8,8,3,72,100,42,3,256,294,0,0,28,72,95,20,63,28,15,13,3406,482,118,115,16,100,2284,8,4,0,0,0,11040,5,1,480,0,3,28,1,0,0,1,5,1,2,2,0,6,500,0,0,0,0,0,0,235,2,6,29694,3,3,12964,78,0,3,8,975,914,13,3,59,17,445,1,0,178,109,999,14,76,48,0,4,100,72,3171,0,163064,619,28,65346,36996,364316,0,5474,16425,261339,133,0,81629,4,0,3,72,1652,40,3,1,0,2,365001,70,25,9961659975438078844,0.000000,80.000000,84.666667,0.000000,78.229096,94.684511,8,0
379,1008809187,1000,6,24,38,0,78,54,0,100,7,8,8,5,72,100,41,3,256,373,0,0,32,70,95,2,10,32,27,5,3326,538,232,96,0,0,1974,21,4,0,0,0,10149,5,1,540,0,6,32,0,0,0,2,1,0,3,2,1,2,108,9,78,45,100,17,0,447,3,6,0,4,2,13208,116,12,4,8,944,912,28,2,54,0,228,7,0,155,79,966,36,100,48,0,4,100,72,3152,0,82556,2406,30,58815,32592,352390,0,10948,50684,236472,541,14282,52073,4,0,42,72,14077,40,2,1,0,2,365001,70,25,1226644819940392452,6.000000,58.250000,81.250000,0.539673,76.200182,94.521881,0,0
380,3663244956,1000,6,25,37,0,78,54,0,100,7,8,8,4,72,100,52,3,256,233,0,0,11,69,95,2,10,11,11,0,3264,498,205,96,0,0,1081,17,0,4,0,0,7395,5,15,494,0,5,11,0,0,0,2,0,1,1,1,0,6,500,0,0,0,0,0,0,41,1,3,273574,4,2,13284,100,0,4,8,900,934,15,2,57,0,227,2,0,62,18,982,48,100,100,0,4,100,72,580,0,85236,811,14,22944,6236,358242,0,0,0,91425,0,0,273575,4,0,15,72,6111,40,1,1,0,2,365001,70,25,17910424763559968497,6.250000,55.750000,81.250000,0.557061,75.768443,94.557362,0,0
381,2022713429,1000,5,22,26,0,78,39,0,100,7,8,8,4,72,100,30,3,256,505,411,0,49,62,93,2,10,49,48,1,3360,468,210,96,0,0,1749,23,30,3,4,4,5207,5,4,480,0,7,49,0,0,0,1,1,0,3,2,1,1,0,35,73,45,40,23,0,252,2,4,0,4,2,13250,100,12,4,8,664,913,70,2,35,0,223,5,0,173,16,975,69,100,100,0,4,100,72,451,0,82773,1818,35,57592,5412,355713,0,5832,16425,214831,552,26433,100927,4,0,19,72,6559,40,1,1,0,2,365001,70,25,15732290049899398288,5.500000,40.000000,59.500000,0.496453,73.073208,90.808000,0,0
382,382181902,1000,0,0,35,0,88,42,0,97,6,8,8,3,100,100,40,3,256,269,0,0,39,77,95,2,10,39,39,0,3427,499,0,118,0,0,2406,20,0,0,0,0,11234,5,1,480,0,4,39,0,0,0,5,1,1,3,2,1,6,500,0,0,0,0,0,0,267,3,7,27314,3,3,7615,100,12,3,8,945,939,26,3,77,2,109,3,0,189,347,950,12,99,42,0,120,98,100,12142,0,40104,1147,35,65182,128172,346622,0,5474,16425,224205,597,36039,82260,4,0,21,72,7091,40,5,1,0,2,365001,70,25,8334268455450038812,0.000000,71.333333,85.666667,0.000000,61.478661,89.706632,30,0
383,3036617671,1000,6,25,33,0,78,54,0,100,7,8,8,5,67,100,41,3,256,266,0,0,11,64,95,2,10,11,11,0,3320,472,94,96,0,0,2088,20,0,4,0,0,7405,5,17,480,0,6,11,1,0,0,2,0,1,1,1,0,6,500,0,0,0,0,0,0,52,1,1,264082,4,2,13279,116,0,4,8,911,941,62,2,47,0,257,2,0,63,3,2,48,100,100,0,4,100,67,46,0,92391,1067,14,23028,464,693,0,0,0,95308,0,5609,264083,4,0,21,72,8666,40,3,1,0,2,365001,70,25,3480452896253817984,6.250000,50.500000,81.250000,0.557271,74.825062,94.434822,0,0
384,1396086144,1000,6,24,33,0,78,54,0,100,7,8,8,5,72,100,42,3,256,205,0,0,21,66,92,29,58,21,20,1,3209,519,236,108,6,39,1602,14,0,3,0,0,10555,5,4,636,0,7,21,1,0,0,2,0,1,2,1,1,6,501,0,0,0,0,0,0,41,1,3,274274,4,2,13322,132,12,4,8,918,941,14,2,50,24,213,0,0,77,34,996,48,100,100,0,4,100,72,1258,0,78836,0,21,25658,12466,363364,0,0,0,87340,571,2814,274275,4,0,11,72,27125,40,1,1,0,2,365001,70,25,13463600226441305131,6.000000,50.000000,81.250000,0.612521,73.857379,94.392734,8,0
385,4050521913,1000,5,22,38,0,78,54,0,100,7,8,8,5,72,100,52,3,256,226,0,0,13,61,83,2,10,13,13,0,3445,272,0,95,0,0,237,8,0,3,0,0,11936,5,6,480,0,5,13,0,0,0,0,0,1,1,1,0,6,500,0,0,0,0,0,0,40,1,3,273574,4,2,13354,78,0,4,8,971,936,13,2,46,31,193,2,0,65,107,997,48,100,100,0,4,100,72,3896,0,71016,811,14,22520,39710,363665,0,0,0,91425,0,0,273575,4,0,7,72,3689,40,6,1,0,2,365001,70,25,17408712024891004705,5.500000,57.000000,81.250000,0.487644,76.003744,94.587390,4,0
386,2409990386,1000,5,21,39,0,78,54,0,100,7,8,8,5,72,100,41,3,256,263,274,0,76,70,94,2,10,76,76,0,3572,536,233,96,0,0,2007,20,3,2,1,1,5453,5,3,480,0,6,76,1,0,0,1,0,0,2,2,0,1,6,30,71,77,28,22,0,242,2,7,0,4,2,13177,100,0,4,8,832,934,37,2,61,0,256,4,0,155,23,987,55,100,52,0,4,100,72,698,0,94405,1594,28,56276,7842,359997,0,7664,16425,241372,93,0,99446,4,0,22,72,6755,40,6,1,0,2,365001,70,25,13320841878676103591,5.250000,58.500000,81.000000,0.471731,76.247856,94.490703,0,0
387,769458859,1000,4,17,35,0,78,54,0,100,7,8,8,5,72,100,41,3,256,306,0,0,28,68,90,2,10,28,28,0,3283,521,233,94,0,0,2007,7,0,0,0,0,12620,5,1,480,0,7,28,0,0,0,5,0,1,3,2,1,6,500,0,0,0,0,0,0,233,2,4,32102,4,2,13281,78,12,4,8,983,945,12,2,42,0,248,3,0,195,42,991,24,100,95,0,4,100,72,1477,0,89612,1203,35,67028,15054,361546,0,5474,16425,260244,568,0,82289,4,0,7,72,2359,40,6,1,0,2,365001,70,25,5266649878188784503,4.250000,53.500000,81.250000,0.378887,75.359536,94.554627,0,0
388,3423894628,1000,5,17,26,0,78,37,0,100,7,8,8,3,72,100,40,3,256,274,0,0,30,73,95,2,10,30,30,0,3450,370,118,96,0,0,2440,8,0,0,0,0,12722,5,1,480,0,3,30,0,0,0,1,2,1,4,2,2,6,500,0,0,0,0,0,0,235,2,5,25355,3,3,12755,116,24,3,8,971,937,12,3,53,32,67,4,0,176,164,998,24,100,97,0,4,100,72,4961,0,24873,1623,36,65104,56048,364078,0,5474,16425,261339,1047,0,80715,4,0,4,72,2023,40,4,1,0,2,365001,70,25,10150501834588443426,5.666667,52.000000,75.000000,0.394512,76.189886,94.331635,8,0
389,1783363101,1000,5,21,37,0,78,54,0,100,7,8,8,5,72,100,41,3,256,292,0,0,80,69,94,2,10,80,80,0,3380,560,233,94,0,0,1814,8,13,0,0,0,5207,5,1,731,0,7,80,1,0,0,1,0,1,2,2,0,6,500,0,0,0,0,0,0,231,3,7,27538,4,2,13277,78,0,4,8,601,939,37,2,61,0,239,3,0,139,21,971,24,100,51,0,4,100,72,480,0,85897,1259,28,59394,5754,354348,0,5474,16425,250754,141,0,92206,4,0,4,72,1400,40,4,1,0,2,365001,70,25,4767442438718960976,5.250000,55.750000,81.250000,0.468178,75.768924,94.432477,0,0
390,142831574,1000,6,18,26,0,78,37,0,99,7,8,8,3,100,100,25,3,256,252,2921,0,12,65,83,2,10,12,10,2,3281,140,117,96,0,0,57,20,3,3,2,1,5207,11,23,0,0,6,12,0,3,0,2,3,0,1,0,1,4,1282,90,52,99,100,100,0,110,4,10,0,3,3,12609,100,12,3,8,790,927,72,3,60,6,201,782,0,177,188,530,48,100,47,0,120,98,100,6909,0,73708,285387,7,60678,67322,193110,0,0,0,80325,270254,14421,0,0,0,20,12,6748,40,6,1,0,2,365001,70,25,10598315586756751345,6.000000,52.000000,74.666667,0.422555,76.168927,93.511619,27,0
391,2797267343,1000,4,19,36,0,78,54,0,100,7,8,8,5,72,100,31,3,256,220,3080,0,69,56,83,2,10,69,65,4,3454,293,39,95,0,0,0,9,16,0,3,1,5208,12,21,0,0,7,69,0,2,0,2,0,0,0,0,0,4,1279,88,38,100,100,99,0,93,4,7,0,4,2,13266,100,0,4,8,789,932,21,2,27,0,18,779,0,166,8,992,36,100,67,0,4,100,72,306,0,6508,284323,0,60066,3520,361992,0,0,0,80664,284336,0,0,0,0,9,12,3185,40,1,1,0,2,365001,70,25,9235248055793778045,4.750000,54.250000,81.250000,0.423941,75.511232,94.548470,0,0
392,1156735816,1000,5,22,35,0,78,51,0,100,7,8,8,5,72,100,41,3,256,121,0,0,14,67,95,2,10,14,13,1,3361,536,236,96,0,0,1947,13,0,5,0,0,13207,5,6,480,0,5,14,0,0,0,0,0,1,2,1,1,6,501,0,0,0,0,0,0,44,1,1,264923,4,2,13218,100,12,4,8,930,941,10,2,51,29,163,3,0,94,33,993,48,100,100,0,4,100,72,1086,0,60706,1147,18,26154,10890,362370,0,0,0,99644,432,0,264924,4,7,3,72,3108,40,1,1,0,2,365001,70,25,15051334188379095328,5.500000,53.750000,77.750000,0.492662,75.425329,93.861099,7,0
393,3811171585,1000,15,39,26,0,78,54,0,100,7,8,8,5,72,100,45,3,256,272,0,0,66,62,90,2,10,65,65,0,3376,577,233,96,0,0,1848,23,19,0,0,0,10026,5,1,480,0,5,65,0,0,0,1,0,1,4,2,2,6,500,0,0,0,0,0,0,270,2,6,31402,4,2,13198,116,24,4,8,908,933,15,2,41,0,296,5,0,159,58,971,22,100,51,0,4,100,72,1884,0,107474,1819,42,57924,20620,354369,0,5474,21055,256709,1015,0,80747,4,0,19,72,6223,40,0,1,2,2,365001,70,25,944859729462109323,15.250000,39.000000,81.250000,2.254584,72.728292,94.520382,0,0
394,2170640058,1000,6,18,26,0,78,37,0,100,7,8,8,3,72,100,40,3,256,247,0,0,13,69,95,2,10,13,11,2,3465,247,0,96,0,0,2560,22,37,3,0,0,10477,5,4,480,0,4,13,0,0,0,6,0,1,2,2,0,6,500,0,0,0,0,0,0,273,3,4,42462,3,3,12680,100,0,3,8,966,945,10,3,43,0,204,1,0,160,73,991,57,100,100,0,4,100,72,2405,0,74181,532,28,57866,27168,361394,0,5474,18821,223016,154,25342,92193,4,0,17,72,6041,40,7,1,0,2,365001,70,25,14000199875659247989,6.000000,52.000000,75.000000,0.420189,76.179180,94.170347,0,0
395,530108531,1000,5,21,39,0,78,54,0,100,7,8,8,5,72,100,41,3,256,307,762,0,46,66,95,2,10,46,46,0,3353,396,208,96,0,0,1383,13,5,2,1,3,5208,5,3,480,0,6,46,0,0,0,0,5,0,2,2,0,1,13,41,75,81,100,25,0,294,2,4,0,4,2,13273,100,0,4,8,661,914,22,2,19,1,124,2,0,154,29,991,47,100,67,0,4,100,72,963,0,46936,1176,24,57612,10940,361411,0,10296,16425,201610,96,38559,98014,4,0,8,72,2562,40,7,1,0,2,365001,70,25,16878138766769450833,5.250000,58.500000,81.250000,0.468319,76.260529,94.435320,0,0
396,3184544300,1000,7,21,26,0,78,37,0,100,7,8,8,3,72,100,40,3,256,310,0,0,16,68,88,2,10,16,16,0,3449,287,118,94,0,0,716,10,0,0,0,0,12740,5,1,525,0,3,16,0,0,0,1,0,1,4,2,2,6,501,0,0,0,0,0,0,226,2,4,35435,3,3,12766,78,24,3,8,965,936,10,3,49,22,46,3,0,178,75,998,23,100,93,0,4,100,72,2140,0,15241,1315,36,65145,25508,364015,0,5474,16425,241264,976,0,100861,4,0,5,72,1757,40,5,1,0,2,365001,70,25,14629186128018578754,7.000000,52.000000,75.000000,0.486918,76.191446,94.338086,10,0
397,1544012773,1000,5,21,38,0,78,52,0,100,7,8,8,5,100,100,41,3,256,227,0,0,50,64,95,2,10,49,48,1,3380,260,0,96,0,0,2598,9,10,0,0,0,13001,5,1,480,0,5,49,0,0,0,1,4,1,3,2,1,6,500,0,0,0,0,0,0,245,2,4,31487,4,2,13209,116,12,4,8,967,942,14,2,52,33,88,3,0,179,360,998,25,100,53,0,120,98,100,13013,0,32601,1147,30,61876,130820,364178,0,5474,16425,248147,565,12097,82292,4,0,4,72,2058,40,4,1,0,2,365001,70,25,166538308016227024,5.250000,58.250000,79.000000,0.470588,76.206374,94.324779,12,0
398,4198448542,1000,5,18,32,0,78,54,0,100,7,8,8,5,72,100,41,3,256,228,0,0,13,66,94,9,27,12,12,0,3345,406,235,107,6,39,1944,20,0,3,0,0,10695,5,4,598,0,3,12,1,0,0,2,1,1,1,1,0,6,500,0,0,0,0,0,0,45,1,2,264167,4,2,10824,100,0,4,8,951,941,19,2,71,11,323,1,0,76,113,957,48,100,100,0,4,100,72,3809,0,118597,504,12,26434,43504,349196,0,0,0,100739,93,0,264168,4,0,20,72,6405,40,7,1,0,2,365001,70,25,13012896892940646784,5.750000,49.250000,81.250000,0.769863,73.812546,93.174427,34,0
399,2557917015,1000,6,24,28,0,80,54,0,100,7,8,8,5,72,100,52,3,256,323,0,0,3,66,86,2,10,3,3,0,3451,517,236,96,0,0,2046,17,0,4,0,0,8506,5,9,490,0,6,3,0,0,0,2,0,1,2,1,1,6,501,0,0,0,0,0,0,40,1,2,274330,4,2,13216,132,12,4,8,925,940,39,2,54,0,208,3,0,89,40,969,48,100,100,0,4,100,72,1223,0,75952,1091,21,26338,13928,353622,0,0,0,90154,515,0,274331,4,0,15,72,5180,40,4,1,0,2,365001,70,25,14986235014828304389,6.000000,42.250000,81.250000,0.542978,74.633777,94.518387,0,0
400,917385488,1000,33,100,26,0,78,30,0,100,7,8,8,2,100,100,33,3,256,356,1133,0,61,55,85,2,10,61,61,0,3433,129,117,96,0,0,220,11,0,2,1,1,5875,5,3,480,0,6,61,0,0,0,1,2,0,2,2,0,1,9,37,71,81,100,24,0,265,2,3,0,3,3,15903,100,0,3,8,565,923,20,3,85,39,94,2,0,193,90,998,64,100,25,0,120,86,100,2941,0,35177,727,24,65851,31064,364197,0,9066,16425,223591,168,16578,99172,4,0,5,72,1988,40,5,1,21,2,365001,70,25,10489006873266607957,33.333333,52.000000,60.000000,21.084072,61.554424,75.095265,46,0
401,3571821257,1000,4,17,31,0,78,54,0,100,7,8,8,5,72,100,41,3,256,266,297,0,57,61,95,2,10,55,55,0,3354,408,57,96,0,0,2055,6,0,2,4,1,12755,5,3,495,0,3,55,0,0,0,2,0,0,2,2,0,1,1,53,82,76,53,28,0,249,2,7,0,4,2,13109,116,0,4,8,970,934,9,2,64,12,167,2,0,134,71,997,72,100,74,0,4,100,72,2134,0,62729,755,28,57240,24932,363791,0,6187,16425,241264,176,0,100948,4,0,4,72,1701,40,4,1,0,2,365001,70,25,17472263241967007108,4.250000,46.500000,81.250000,0.383858,74.382333,94.483179,3,0
402,1931289730,1000,19,59,28,0,78,46,0,100,7,8,8,5,72,100,27,3,256,303,0,0,69,68,91,10,34,69,69,0,3337,593,236,96,6,41,1977,6,15,0,0,0,10919,5,1,480,0,3,69,1,0,0,2,0,1,2,2,0,6,504,0,0,0,0,0,0,248,1,4,31906,4,2,13280,116,0,4,8,942,911,19,2,48,14,132,2,0,157,62,997,23,99,54,0,4,100,72,2056,0,47928,811,28,59163,23822,363679,0,5474,16425,250278,0,11909,80914,4,0,4,72,1687,40,4,1,3,2,365001,70,25,13583979698337858678,19.000000,42.000000,70.250000,3.013479,73.314307,92.590964,4,0
403,290758203,1000,0,0,44,0,79,54,0,100,7,8,8,5,70,100,56,3,256,350,0,0,61,66,95,2,10,61,60,1,3346,506,117,85,0,0,2014,11,0,3,0,0,6953,5,4,547,0,4,61,0,0,0,1,5,1,2,2,0,6,500,0,0,0,0,0,0,240,2,4,42855,4,2,13296,58,0,4,8,912,932,11,2,42,0,33,0,0,155,0,756,12,100,8,0,4,100,70,56,0,12216,0,24,57778,652,275752,0,5474,16425,238374,133,11285,93309,4,0,6,72,1491,40,6,1,0,2,365001,70,25,4996545817306821721,0.000000,66.250000,81.250000,0.000000,77.082356,94.545728,0,0
404,2945193972,1000,20,64,26,0,78,54,0,100,7,8,8,5,72,100,27,3,256,273,0,0,58,64,85,2,10,58,58,0,3442,589,233,76,0,0,1928,14,0,0,0,0,12710,5,1,618,0,6,58,0,0,0,2,0,1,2,2,0,6,500,0,0,0,0,0,0,249,3,7,35938,4,2,13324,58,0,4,8,973,939,12,2,44,30,260,3,0,181,54,995,23,100,63,0,4,100,72,2174,0,95995,1263,28,58620,20278,363021,0,5474,16425,227233,136,23521,92211,4,0,8,72,3136,40,6,1,3,2,365001,70,25,754305709044740412,20.250000,39.000000,81.250000,3.038727,73.024017,94.572201,5,0
405,1304662445,1000,5,20,26,0,78,52,0,100,7,8,8,5,72,100,34,3,256,260,460,0,46,60,89,2,10,46,44,2,3230,548,233,95,0,0,1345,14,0,2,0,2,5232,5,3,602,0,5,46,1,0,0,2,1,0,2,2,0,1,2,32,77,78,54,23,0,291,1,5,0,4,2,13175,78,0,4,8,844,929,33,2,3,0,172,1,0,142,36,978,71,100,86,0,4,100,72,1072,0,61479,616,28,56700,12756,356774,0,6218,26553,213879,96,17334,100920,4,0,10,72,3115,40,2,1,0,2,365001,70,25,17982522501299822737,5.000000,40.000000,79.000000,0.449336,73.467324,94.172676,0,0
406,3959098214,1000,5,22,37,0,78,54,0,100,7,8,8,5,72,100,41,3,256,371,500,0,37,66,95,2,10,37,36,1,3350,536,118,95,0,0,1534,10,5,2,3,0,11591,5,3,620,0,3,37,0,0,0,0,6,0,3,2,1,1,8,33,79,79,100,23,0,292,2,7,0,4,2,13137,78,12,4,8,941,910,14,2,62,15,110,5,0,169,67,997,72,100,58,0,4,100,72,2083,0,41449,1875,30,56673,24836,363882,0,8444,16425,190270,512,51054,98295,4,0,6,72,1743,40,5,1,0,2,365001,70,25,5767556907013802558,5.500000,55.500000,81.250000,0.495699,75.825074,94.496460,5,0
407,2318566687,1000,5,21,39,0,78,54,0,100,7,8,8,5,72,100,31,3,256,449,2614,0,71,61,83,2,10,71,71,0,3294,239,115,96,0,0,284,22,9,0,11,1,5207,8,10,0,0,7,71,0,2,0,3,1,0,1,1,0,4,589,100,92,100,100,100,0,243,3,8,0,4,2,13113,116,0,4,8,675,932,91,2,1,0,68,91,0,171,6,996,36,100,52,0,4,100,72,83,0,24654,33386,14,58395,984,363245,0,5474,16425,260244,32818,0,50039,0,0,18,12,5712,40,0,1,0,2,365001,70,25,10424359687835312622,5.250000,58.500000,81.250000,0.323496,76.798444,94.880653,0,0
408,678035160,1000,8,25,25,0,76,37,0,100,7,8,8,3,72,100,25,3,256,298,3319,0,29,65,83,2,10,29,26,3,3484,120,0,74,0,0,0,16,0,0,2,0,8191,5,11,3,0,8,29,0,3,0,8,0,0,0,0,0,5,1256,87,69,100,0,1,0,158,4,8,0,3,3,12690,58,0,3,8,941,942,48,3,81,10,71,756,0,170,29,963,12,100,8,0,4,100,72,1006,0,26722,275925,0,61892,11614,351492,0,0,0,65264,239929,59807,0,0,0,15,12,4725,40,6,1,0,2,365001,70,25,14235224943424155704,8.333333,50.666667,75.000000,0.583136,74.227266,94.178093,33,0
409,3332470929,1000,6,25,38,0,78,54,0,100,7,8,8,5,72,100,41,3,256,141,0,0,58,71,95,2,10,58,50,8,3444,508,233,96,0,0,2061,13,13,3,0,0,11174,5,4,480,0,8,58,0,0,0,2,1,1,2,2,0,6,500,0,0,0,0,0,0,230,2,4,42518,4,2,13362,132,0,4,8,878,931,22,2,44,34,275,1,0,163,31,998,69,100,100,0,4,100,72,938,0,103037,448,28,58388,9854,364022,0,5474,16425,250754,77,0,92270,4,0,9,72,4270,40,5,1,0,2,365001,70,25,18334739440934685481,6.250000,58.000000,81.250000,0.553809,76.181111,94.590630,12,0
410,1691939402,1000,6,25,39,0,78,54,0,100,7,8,8,5,72,100,41,3,256,269,553,0,54,68,95,2,10,54,54,0,3345,337,232,94,0,0,1687,9,0,2,2,1,13012,5,3,494,0,6,54,0,0,0,2,1,0,2,2,0,1,6,56,69,80,99,29,0,243,3,8,0,4,2,13210,78,0,4,8,959,940,15,2,57,35,263,3,0,157,69,995,46,100,98,0,4,100,72,2862,0,97255,1123,28,64688,26252,363091,0,7676,16425,240169,133,0,100597,4,0,7,72,1750,40,6,1,0,2,365001,70,25,8820003315636992249,6.250000,58.500000,81.250000,0.560182,76.252233,94.408781,6,0
411,51407875,1000,6,24,39,0,78,54,0,100,7,8,8,5,72,100,41,3,256,362,0,0,43,69,90,2,10,43,43,0,3181,526,158,96,0,0,1963,17,6,0,0,0,9046,5,1,492,0,5,43,0,0,0,3,0,1,2,2,0,6,500,0,0,0,0,0,0,291,2,4,33670,4,2,12916,116,0,4,8,947,940,18,2,56,0,193,3,0,171,22,987,13,34,42,0,4,100,72,819,0,71918,1235,28,59094,8924,360102,0,5474,23671,237566,137,14337,83815,4,0,13,72,4578,40,7,1,0,2,365001,70,25,11181846934918276111,6.000000,58.500000,81.250000,0.548157,76.218489,94.406550,0,0
412,2705843644,1000,17,45,26,0,78,54,0,100,7,8,8,5,72,100,32,3,256,289,0,0,51,55,68,2,10,51,48,3,3444,578,89,80,0,0,2169,24,2,0,0,0,10455,5,1,556,0,4,51,0,0,0,0,0,1,4,2,2,6,500,0,0,0,0,0,0,235,2,6,32494,4,2,13187,58,24,4,8,939,931,23,2,48,8,216,6,0,178,249,947,12,100,22,0,4,100,72,7628,0,78631,2071,42,58520,88924,345236,0,5474,16425,260244,1011,0,81846,4,0,20,72,6839,40,4,1,2,2,365001,70,25,4092989171067278418,17.500000,39.000000,81.250000,2.571093,72.765299,94.515811,0,0
413,1065312117,1000,5,20,39,0,78,54,0,100,7,8,8,4,72,100,41,3,256,166,0,0,54,68,95,2,10,54,54,0,3299,476,235,96,0,0,1946,10,0,3,0,0,7343,5,4,480,0,7,54,0,0,0,1,3,1,3,2,1,6,500,0,0,0,0,0,0,230,2,5,37814,4,2,13223,100,12,4,8,840,937,50,2,60,0,258,4,0,196,20,992,36,100,100,0,4,100,72,690,0,94090,1651,35,65532,8280,362069,0,5474,16425,249659,471,0,92971,4,5,5,72,3031,40,2,1,0,2,365001,70,25,14082455478541179736,5.000000,58.500000,81.250000,0.447705,76.253951,94.533767,0,0
414,3719747886,1000,37,86,13,0,78,30,0,100,7,8,8,5,100,100,9,3,256,258,0,0,65,48,70,2,10,65,43,22,3293,619,125,42,0,0,1907,6,0,3,0,0,12495,5,4,480,0,3,65,0,0,0,1,4,1,2,2,0,6,500,0,0,0,0,0,0,240,3,8,41680,4,2,8591,58,0,4,8,969,929,11,2,107,17,94,2,0,207,93,998,15,100,32,0,119,99,100,3048,0,34841,783,24,65826,34074,363952,0,5474,16425,240169,129,10585,92218,4,0,6,72,1932,40,6,1,42,2,365001,70,25,13670570804467123984,37.000000,20.500000,45.250000,42.093354,26.283785,30.712839,37,0
415,2079216359,1000,6,24,39,0,78,53,0,100,7,8,8,4,100,100,40,3,256,308,246,0,66,63,87,2,10,63,63,0,3350,149,118,95,0,0,2281,23,9,2,1,3,5207,5,3,480,0,6,63,0,0,0,2,0,0,3,2,1,1,6,34,85,76,100,23,0,258,3,6,0,4,2,12990,78,12,4,8,651,925,19,2,40,0,114,3,0,157,59,974,58,100,49,0,120,98,100,2007,0,41680,1175,30,58050,21832,355302,0,7986,16425,225271,602,14898,99818,4,0,18,72,6944,40,6,1,0,2,365001,70,25,14091811206903151438,6.000000,58.500000,80.250000,0.184758,77.399538,95.233256,0,0
416,438684832,1000,4,19,29,0,78,54,0,100,7,8,8,4,72,100,40,3,256,235,0,0,12,63,89,2,10,12,12,0,3320,519,233,94,0,0,1144,11,0,3,0,0,5214,5,4,480,0,7,12,0,0,0,1,0,1,2,1,1,6,501,0,0,0,0,0,0,55,1,2,265931,4,2,13269,78,12,4,8,898,938,22,2,44,0,179,3,0,67,17,991,48,100,100,0,4,100,72,651,0,65079,1119,18,26068,7812,361518,0,0,0,87124,519,11425,265932,4,0,11,72,3493,40,1,1,0,2,365001,70,25,1150635807875986725,4.750000,44.750000,81.250000,0.423845,73.822745,94.549702,1,0
417,3093120601,1000,4,19,31,0,78,51,0,100,7,8,8,4,100,100,37,3,256,309,0,0,47,63,95,2,10,47,31,16,3244,528,234,96,0,0,1960,22,0,0,0,0,11505,5,1,480,0,4,47,0,0,0,1,1,1,4,2,2,6,501,0,0,0,0,0,0,233,2,5,32718,4,2,13205,100,24,4,8,950,939,27,2,64,9,70,6,0,193,208,959,24,99,96,0,120,98,100,6615,0,24424,2434,42,66430,77212,349756,0,5474,16425,260244,1026,0,81831,4,0,24,72,7770,40,3,1,0,2,365001,70,25,6795652180232123249,4.750000,47.000000,77.500000,0.425899,74.015222,93.728058,34,0
418,1452589074,1000,5,20,28,0,78,53,0,100,7,8,8,5,100,100,25,3,256,237,3242,0,78,57,83,2,10,46,44,2,3436,140,0,96,0,0,8,11,0,0,1,0,11078,5,21,0,0,5,46,0,3,0,2,1,0,0,0,0,5,1256,85,80,100,0,1,0,116,3,6,0,4,2,12828,100,0,4,8,965,939,11,2,47,0,23,756,0,141,358,992,13,100,42,0,120,98,100,12555,0,8437,275923,0,64069,131398,361887,0,0,0,76094,269954,18952,0,0,0,9,12,3955,40,0,1,0,2,365001,70,25,5432923598078141034,5.000000,43.000000,80.000000,0.461490,30.275335,90.658715,3,0
419,4107024843,1000,6,24,26,0,78,40,0,100,7,8,8,5,72,100,30,3,256,205,0,0,10,63,92,2,10,10,9,1,3461,535,234,95,0,0,2050,13,0,5,0,0,10242,5,16,480,0,7,10,0,0,0,2,3,1,1,1,0,6,500,0,0,0,0,0,0,41,1,3,274750,4,2,13326,78,0,4,8,979,940,10,2,62,13,106,1,0,65,71,992,48,100,100,0,4,100,72,2624,0,38204,675,14,24944,26802,361742,0,0,0,90154,95,0,274751,4,0,9,72,3157,40,0,1,0,2,365001,70,25,2715989631912151321,6.000000,40.000000,61.000000,0.533093,73.124418,91.014108,0,0
420,2466493316,1000,6,24,38,0,78,54,0,100,7,8,8,5,72,100,41,3,256,289,298,0,60,67,95,2,10,60,60,0,3449,313,124,96,0,0,2186,8,0,2,2,2,13010,5,3,480,0,3,60,0,0,0,0,2,0,3,2,1,1,7,54,81,77,100,28,0,247,2,6,0,4,2,13235,100,12,4,8,966,934,15,2,51,28,216,3,0,183,187,999,44,100,98,0,4,100,72,5925,0,78297,1147,35,64636,70406,364330,0,8291,16425,240169,557,0,99558,4,0,3,72,1666,40,3,1,0,2,365001,70,25,5713343240729781453,6.000000,58.250000,81.000000,0.536759,76.043823,94.323989,7,0
421,825961789,1000,5,21,39,0,78,54,0,100,7,8,8,5,100,100,41,3,256,219,0,0,37,65,95,2,10,35,9,26,3394,359,0,96,0,0,2513,8,10,0,0,0,12947,5,1,480,0,6,35,0,0,0,0,2,1,2,2,0,6,500,0,0,0,0,0,0,255,2,6,35126,4,2,13015,132,0,4,8,926,941,10,2,51,31,178,2,0,154,352,997,13,72,43,0,120,98,100,13002,0,65417,783,28,59118,127336,363702,0,5474,16425,234479,155,24670,83797,4,0,4,72,1414,40,4,1,0,2,365001,70,25,4359298333318866594,5.250000,58.500000,81.000000,0.477603,76.226047,94.300730,6,0
422,3480397558,1000,5,23,38,0,78,54,0,100,7,8,8,4,74,100,41,3,256,133,0,0,50,65,86,2,10,49,48,1,3546,536,232,99,0,0,1647,5,13,0,0,0,5207,5,1,807,0,6,49,0,0,0,0,0,1,2,2,0,6,500,0,0,0,0,0,0,255,1,4,33726,4,2,13205,100,0,4,8,880,944,49,2,42,0,285,1,0,144,17,993,25,100,55,0,8,100,74,640,0,104250,476,28,58212,7680,362384,0,5474,16425,236391,41,23970,82699,4,1,3,72,1183,40,4,1,0,2,365001,70,25,82219145760414321,5.750000,57.750000,81.250000,0.515562,76.115714,94.523287,6,0
424,199334504,1000,5,21,34,0,78,54,0,100,7,8,8,5,72,100,41,3,256,369,252,0,64,64,90,9,32,64,32,32,3262,509,236,96,6,40,1743,20,0,2,2,4,5218,5,3,480,0,8,64,1,0,0,1,3,0,4,2,2,1,1,55,73,75,28,28,0,229,3,7,0,4,2,13095,132,24,4,8,703,934,24,2,47,6,159,6,0,181,3,761,30,100,84,0,4,100,72,69,0,58676,2155,42,63420,784,277468,0,5969,16425,239074,935,0,102597,4,0,19,72,6587,40,0,1,0,2,365001,70,25,6496652917821055760,5.250000,51.000000,81.250000,0.474685,75.098282,94.480336,29,0
425,2853770273,1000,6,25,39,0,78,53,0,100,7,8,8,5,100,100,42,3,256,276,3433,0,64,59,83,2,10,64,31,33,3475,0,0,96,0,0,0,20,6,0,0,2,5207,11,17,0,0,6,64,1,2,0,0,0,0,1,0,1,4,1282,91,86,100,95,100,0,126,4,5,0,4,2,9714,116,12,4,8,820,927,52,2,39,0,514,782,0,170,262,745,17,100,50,0,116,100,100,9715,0,188512,285415,6,60948,93654,271881,0,0,0,82873,254937,27190,0,0,0,22,12,7091,40,3,1,0,2,365001,70,25,4307427257671849605,6.250000,58.500000,80.750000,0.761787,75.623224,92.240478,44,0
426,1213238746,1000,5,20,39,0,78,54,0,100,7,8,8,5,72,100,41,3,256,268,0,0,86,65,95,2,10,84,73,11,3454,427,196,96,0,0,2276,7,6,0,0,0,12866,5,1,480,0,3,84,0,0,0,1,2,1,2,2,0,6,500,0,0,0,0,0,0,237,2,5,35883,4,2,13203,116,0,4,8,968,936,13,2,51,21,84,2,0,157,76,999,13,68,39,0,4,100,72,2372,0,32489,783,24,59895,28138,364318,0,5474,16425,254863,184,4286,83768,4,0,3,72,1652,40,3,1,0,2,365001,70,25,12608820510916918328,5.000000,58.500000,81.250000,0.448383,76.251307,94.525487,12,0
427,3867674515,1000,6,24,37,0,78,54,0,100,7,8,8,5,72,100,41,3,256,325,0,0,42,62,78,2,10,42,42,0,3269,538,234,96,0,0,1932,20,7,0,0,0,8153,5,1,523,0,5,42,0,0,0,0,0,1,2,2,0,6,500,0,0,0,0,0,0,246,3,10,20231,4,2,13201,100,0,4,8,893,935,48,2,61,0,87,2,0,178,60,725,25,100,60,0,4,100,72,1802,0,34615,1147,24,57450,21404,264484,0,5474,16425,247867,155,12377,82702,4,0,25,72,9443,40,0,1,0,2,365001,70,25,5931904199515429545,6.000000,55.750000,81.250000,0.538141,75.756079,94.521627,30,0
428,2227142988,1000,4,19,39,0,78,54,0,100,7,8,8,4,57,100,26,3,256,248,3221,0,56,59,83,2,10,56,25,31,3263,0,0,96,0,0,0,20,0,0,2,2,5208,11,15,0,0,4,56,0,3,0,1,4,0,1,0,1,4,1256,95,61,100,100,100,0,96,4,7,0,4,2,13110,100,12,4,8,713,942,25,2,38,1,473,756,0,162,0,0,36,100,97,0,4,100,57,15,0,172828,275923,7,67200,180,0,0,0,0,89059,275941,0,0,0,0,22,12,7385,40,6,1,0,2,365001,70,25,12818411108870128520,4.750000,58.500000,81.000000,0.428986,76.238902,94.462548,29,0
429,586611461,1000,4,17,38,0,84,52,0,100,6,8,8,4,72,100,28,3,256,379,2701,0,79,59,86,29,58,60,60,0,3357,318,19,127,6,39,277,6,4,0,4,0,5857,5,3,0,0,5,60,1,2,0,1,1,0,2,1,1,4,647,91,42,100,90,100,0,252,3,5,0,4,2,13185,100,12,4,8,805,936,19,2,52,26,21,150,0,157,19,995,34,100,50,0,4,100,72,698,0,7355,54778,21,63820,7188,363161,0,5474,16425,221348,54241,17726,49786,0,0,6,12,2261,40,6,1,0,2,365001,70,25,6840064054019361231,4.250000,57.750000,79.000000,0.381646,80.171331,88.030338,12,0
430,3241047230,1000,6,17,26,0,78,20,0,80,7,8,8,2,72,100,17,3,256,309,3263,0,23,64,83,34,54,23,16,7,3355,50,0,108,33,100,0,20,11,0,1,2,5208,5,15,0,0,4,23,1,2,0,1,3,0,1,0,1,4,1282,93,66,100,100,100,0,156,4,5,0,3,3,12689,116,12,3,8,824,939,24,3,114,2,775,782,0,187,14,966,36,100,51,0,4,100,72,387,0,283020,285415,7,61508,4644,352418,0,0,0,83125,225255,56620,0,0,0,18,12,6349,40,0,1,1,2,365001,70,25,11730626716745599269,6.333333,52.000000,41.666667,1.896131,76.180471,19.200883,114,0
431,1600515703,1000,4,17,32,0,78,54,0,100,7,8,8,5,72,100,42,3,256,280,2785,0,79,56,83,2,10,78,72,6,3432,140,96,98,0,0,192,13,2,0,2,0,5226,12,16,177,0,8,78,0,3,0,2,0,0,0,0,0,4,1230,82,36,100,100,97,0,99,4,8,0,4,2,13114,78,0,4,8,602,923,41,2,63,3,40,730,0,181,26,989,36,100,51,0,4,100,72,991,0,15356,266403,0,60827,10752,360874,0,0,0,98549,266451,0,0,2,0,13,36,4235,40,3,1,0,2,365001,70,25,15444503294147509795,4.250000,48.250000,81.250000,0.190560,75.581211,94.989706,0,0
432,4254951472,1000,6,17,16,0,78,20,0,80,7,8,8,3,100,100,17,3,256,267,3220,0,45,63,83,12,39,42,13,29,3404,140,0,25,27,100,0,5,1,0,5,0,12492,7,8,2,0,3,42,1,2,0,2,2,0,1,0,1,5,1227,88,79,100,0,1,0,266,2,4,0,3,3,3684,78,12,3,8,965,933,10,3,115,22,615,727,0,179,212,998,12,100,46,0,120,98,100,7764,0,224525,265339,7,62883,78218,364141,0,0,0,97515,121721,145764,0,0,0,5,12,1393,40,5,1,1,2,365001,70,25,6227116086929860165,6.333333,33.666667,41.666667,1.684039,62.984256,64.462541,68,0
433,2614419945,1000,8,24,26,0,78,37,0,100,7,8,8,3,66,100,42,3,256,213,3127,0,24,66,84,2,10,24,10,14,3498,197,0,96,0,0,118,10,12,0,1,0,5208,5,19,14,0,7,24,0,3,0,3,0,0,1,0,1,4,1256,76,44,96,100,95,0,109,4,6,0,3,3,12682,100,12,3,8,855,938,113,3,36,0,191,756,0,174,0,2,36,100,52,0,4,100,66,43,0,70710,275923,7,60295,426,802,0,0,0,91747,262332,10921,0,0,0,10,12,3192,40,0,1,0,2,365001,70,25,7691513520788167016,8.000000,52.000000,75.000000,0.560164,76.179467,94.297429,20,0
434,973888418,1000,6,24,38,0,78,54,0,100,7,8,8,4,100,100,41,3,256,276,0,0,15,67,95,2,10,15,15,0,3289,420,118,96,0,0,2109,10,0,4,0,0,8842,5,5,480,0,3,15,0,0,0,0,5,1,2,1,1,6,501,0,0,0,0,0,0,36,1,1,286007,4,2,13198,100,12,4,8,962,938,12,2,60,29,224,3,0,55,256,998,48,100,100,0,120,94,100,8322,0,80649,1147,18,21486,93124,364029,0,0,0,78474,518,0,286008,4,0,7,72,1925,40,6,1,0,2,365001,70,25,8031644562827639660,6.000000,57.500000,81.250000,0.538263,76.069708,94.523413,3,0
435,3628324187,1000,6,25,39,0,78,54,0,100,7,8,8,4,55,100,75,3,256,97,0,0,4,69,95,2,10,4,4,0,3345,536,206,96,0,0,1961,17,0,3,0,0,5222,5,19,480,0,6,4,0,0,0,0,1,1,1,1,0,6,500,0,0,0,0,0,0,36,1,1,285391,4,2,13347,100,0,4,8,817,936,13,2,42,0,149,1,0,62,0,0,48,100,100,0,4,100,55,11,0,53101,504,12,19616,132,0,0,0,0,79569,39,0,285392,4,13,0,72,3850,75,3,1,0,2,365001,70,25,15619469902167208594,6.250000,58.500000,81.250000,0.554432,76.270173,94.583052,0,0
436,1987792660,1000,7,20,26,0,78,20,0,80,7,8,8,2,55,100,50,3,256,251,0,0,44,74,95,31,54,44,43,1,3251,311,117,108,29,100,2185,18,0,0,0,0,5208,5,1,596,0,8,44,1,0,0,0,1,1,3,2,1,6,502,0,0,0,0,0,0,235,2,5,33698,3,3,12614,132,12,3,8,852,937,61,3,47,0,302,3,0,175,0,0,23,100,95,0,4,100,55,10,0,109974,1119,35,66984,120,0,0,5474,16425,260240,464,0,82397,4,15,0,72,4872,75,3,1,1,2,365001,70,25,13589534317621057447,7.333333,52.000000,41.666667,1.977802,76.169653,18.839385,8,0
437,347261133,1000,5,21,39,0,78,54,0,100,7,8,8,4,55,100,42,3,256,280,3202,0,56,59,83,2,10,55,54,1,3389,27,114,96,0,0,4,5,15,0,0,1,5208,12,19,0,0,5,55,0,3,0,0,5,0,0,0,0,4,1259,82,60,100,100,97,0,104,4,9,0,4,2,13197,116,0,4,8,799,927,12,2,0,0,19,759,0,186,0,0,36,100,51,0,5,100,55,9,0,7064,277013,0,60392,108,0,0,0,0,88776,268663,7561,0,0,0,4,12,1421,40,3,1,0,2,365001,70,25,8051784682034486718,5.250000,58.500000,81.250000,0.471016,76.250511,94.521482,0,0
438,3001696902,1000,51,84,13,0,78,30,0,100,7,8,8,5,100,100,6,3,256,280,0,0,72,56,70,2,10,72,55,17,3374,610,177,59,0,0,1922,11,7,3,0,0,6731,5,4,503,0,4,72,0,0,0,2,1,1,3,2,1,6,500,0,0,0,0,0,0,240,3,5,42576,4,2,16003,58,12,4,8,963,905,15,2,82,24,90,3,0,180,74,994,12,100,6,0,120,98,100,2641,0,34057,1203,31,66724,28242,362797,0,5474,16425,238766,595,10893,92847,4,0,6,72,1715,40,6,1,54,2,365001,70,25,5717219012046445740,51.500000,19.500000,45.250000,54.292570,13.647441,17.966506,37,0
439,1361165375,1000,6,24,36,0,78,54,0,100,7,8,8,5,72,100,41,3,256,253,0,0,11,63,95,2,10,9,9,0,3419,292,118,96,0,0,2367,6,0,3,0,0,12589,5,5,480,0,3,9,0,0,0,0,3,1,1,1,0,6,500,0,0,0,0,0,0,36,1,2,286342,4,2,13356,100,0,4,8,977,938,10,2,68,27,166,2,0,68,71,998,48,100,100,0,4,100,72,2150,0,60490,811,14,20684,25570,364064,0,0,0,78657,0,0,286343,4,0,5,72,2359,40,5,1,0,2,365001,70,25,9690302657233256239,6.000000,55.000000,81.250000,0.531896,75.647649,94.469901,7,0
440,4015601144,1000,5,21,38,0,78,54,0,100,7,8,8,5,72,100,41,3,256,320,120,0,71,66,94,2,10,71,71,0,3412,275,102,96,0,0,2273,13,0,3,1,1,10463,5,4,480,0,6,71,0,0,0,1,0,1,2,2,0,6,500,0,0,0,0,0,1,235,2,4,49462,4,2,13293,116,0,4,8,955,935,10,2,42,24,190,1,0,154,27,996,24,100,100,0,4,100,72,812,0,71464,619,28,57268,8692,363259,0,5474,16425,228968,138,11201,102794,4,0,8,72,14875,40,7,1,0,2,365001,70,25,15273755325481875585,5.250000,58.250000,81.250000,0.470774,76.205747,94.554277,9,0
441,2375069617,1000,5,17,26,0,78,37,0,100,7,8,8,3,72,100,40,3,256,239,0,0,20,75,95,2,10,20,20,0,3435,409,118,95,0,0,2362,22,17,0,0,0,10450,5,1,504,0,5,20,0,0,0,1,0,1,3,2,1,6,501,0,0,0,0,0,0,260,2,5,33110,3,3,12608,78,12,3,8,945,901,14,3,83,0,53,2,0,149,23,984,24,100,50,0,4,100,72,661,0,19052,895,35,58144,7356,358933,0,5474,16425,246883,565,12266,83387,4,0,21,72,7021,40,4,1,0,2,365001,70,25,3928679506084055545,5.666667,52.000000,74.666667,0.399112,76.168782,94.243655,14,0
442,734538090,1000,0,1,34,0,78,37,0,100,6,8,8,2,100,100,40,3,256,291,0,0,25,70,95,2,10,24,17,7,3445,346,118,120,0,0,2300,10,0,3,0,0,12366,5,4,519,0,3,24,0,0,0,8,1,1,3,2,1,6,500,0,0,0,0,0,0,229,2,3,41651,3,3,12916,100,12,3,8,963,913,10,3,68,12,47,3,0,143,235,995,69,100,100,0,120,98,100,7076,0,17033,1287,30,64428,82016,363035,0,5474,16425,248564,565,0,93972,4,0,5,72,1505,40,5,1,0,2,365001,70,25,14718469086139453618,0.333333,69.000000,74.333333,0.034144,77.078120,93.711908,3,0
443,3388973859,1000,49,100,17,0,78,22,0,80,7,8,8,5,100,100,15,3,256,453,0,0,29,67,90,19,51,29,22,7,3382,726,236,11,14,88,1778,20,0,3,0,0,5221,5,4,480,0,5,29,1,0,0,0,1,1,2,2,0,6,500,0,0,0,0,0,0,258,3,7,41930,4,2,4524,58,0,4,8,863,937,117,2,69,0,232,5,0,139,269,754,12,100,0,0,120,98,100,9030,0,84443,1846,28,57044,96854,275010,0,5474,16425,220564,0,29437,93100,4,0,24,72,8897,40,5,1,29,2,365001,70,25,5541662100029664903,49.750000,26.000000,33.500000,29.624668,51.356322,55.052608,30,0
444,1748442332,1000,5,22,30,0,78,51,0,100,7,8,8,5,100,100,52,3,256,215,249,0,56,58,83,2,10,56,56,0,3392,149,37,96,0,0,2435,13,0,2,2,1,12526,5,3,480,0,5,56,1,0,0,0,0,0,3,2,1,1,3,48,74,76,74,27,0,235,2,3,0,4,2,13268,100,12,4,8,976,937,9,2,49,45,270,3,0,175,356,995,46,100,89,0,120,98,100,12968,0,97769,1119,35,64654,130520,362909,0,6801,16425,239074,594,0,102106,4,0,10,72,3192,40,2,1,0,2,365001,70,25,13804492713412150643,5.500000,45.000000,77.500000,0.490805,74.220832,94.137398,6,0
445,107910805,1000,6,24,39,0,78,54,0,100,7,8,8,5,72,100,26,3,256,247,3240,0,57,60,83,2,10,55,32,23,3352,59,0,96,0,0,0,20,5,0,1,1,5207,9,15,3,0,6,55,0,3,0,2,3,0,1,0,1,4,1233,89,49,100,100,99,0,123,4,10,0,4,2,7622,100,12,4,8,820,945,44,2,37,0,455,733,0,158,10,944,29,100,49,0,4,100,72,261,0,165970,267523,7,60828,2644,344214,0,0,0,98154,236829,30017,0,0,0,21,12,6391,40,4,1,0,2,365001,70,25,9180475654480554282,6.000000,58.500000,81.250000,0.932039,74.970874,90.514301,25,0
446,2762346574,1000,5,23,39,0,78,54,0,100,7,8,8,4,72,100,31,3,256,543,2826,0,60,61,86,2,10,58,58,0,3428,142,108,96,0,0,310,22,9,0,2,0,5208,5,12,0,0,4,58,0,2,0,0,2,0,1,1,0,4,583,87,43,100,100,99,0,251,2,5,0,4,2,13145,100,0,4,8,802,933,16,2,1,0,77,86,0,164,12,982,36,100,51,0,4,100,72,401,0,27563,31370,14,58956,4812,358186,0,5474,16425,259149,30589,0,53363,0,0,18,12,6244,40,7,1,0,2,365001,70,25,11312842652909208458,5.750000,58.500000,81.250000,0.430430,76.540281,94.590339,0,0
447,1121815047,1000,7,21,26,0,78,37,0,100,7,8,8,3,72,100,25,3,256,324,3111,0,34,65,83,2,10,34,12,22,3319,154,0,96,0,0,0,22,9,0,1,1,5208,5,20,12,0,6,34,0,3,0,0,2,0,1,0,1,4,1259,89,43,100,100,99,0,110,4,6,0,3,3,12598,100,12,3,8,874,882,97,3,41,1,331,759,0,166,18,978,36,100,50,0,4,100,72,636,0,121305,277015,6,61084,7136,356954,0,0,0,88860,261971,14169,0,0,0,21,12,12677,40,0,1,0,2,365001,70,25,7857551423537422608,7.000000,52.000000,75.000000,0.493412,76.167328,94.259406,28,0
448,3776250816,1000,5,21,36,0,78,54,0,100,7,8,8,5,61,100,41,3,256,234,0,0,65,66,87,2,10,65,65,0,3418,537,232,96,0,0,2127,12,10,0,0,0,8403,5,1,480,0,7,65,0,0,0,1,0,1,2,2,0,6,500,0,0,0,0,0,0,244,2,3,29302,4,2,13205,100,0,4,8,914,940,56,2,41,0,163,2,0,169,1,1,23,100,53,0,4,100,61,28,0,61162,979,28,55772,298,494,0,5474,16425,233564,48,16277,93212,4,0,10,72,3115,40,0,1,0,2,365001,70,25,766604262229201532,5.250000,54.250000,81.250000,0.470731,75.486861,94.523287,0,0
449,2135719289,1000,29,100,26,0,78,40,0,100,7,8,8,4,100,100,27,3,256,202,0,0,7,70,87,12,39,5,4,1,3409,430,118,93,16,100,2059,10,0,3,0,0,12268,5,4,556,0,6,5,1,0,0,3,3,1,2,1,1,6,501,0,0,0,0,0,0,35,1,1,286006,4,2,13224,58,12,4,8,921,942,12,2,51,28,252,3,0,71,346,997,70,100,100,0,120,98,100,12993,0,90736,1147,21,22574,127238,363646,0,0,0,78474,519,0,286007,4,0,6,72,1995,40,5,1,4,2,365001,70,25,17615346426572985007,29.500000,39.000000,60.500000,4.849365,72.785844,90.784634,9,0
450,495187762,1000,8,23,26,0,78,20,0,80,7,8,8,2,72,100,17,3,256,339,3309,0,43,65,83,17,54,41,29,12,3360,9,0,105,27,100,0,20,4,0,0,1,5208,5,17,0,0,6,41,1,2,0,2,0,0,1,0,1,5,1233,87,87,100,0,1,0,251,2,4,0,3,3,12625,78,12,3,8,810,928,13,3,9,0,623,733,0,181,12,980,36,100,50,0,4,100,72,409,0,227495,267523,7,60350,4908,357514,0,0,0,97454,134663,132883,0,0,0,18,12,6251,40,7,1,1,2,365001,70,25,4598219061135826613,8.333333,52.000000,41.666667,1.803248,77.036198,18.805545,0,0
451,3149623531,1000,5,23,38,0,78,53,0,100,7,8,8,4,72,100,42,3,256,273,0,0,53,69,94,2,10,53,53,0,3495,537,233,96,0,0,2203,12,0,0,0,0,5207,5,1,480,0,6,53,0,0,0,0,1,1,2,2,0,6,500,0,0,0,0,0,0,233,2,4,35182,4,2,13286,116,0,4,8,792,940,18,2,31,0,297,1,0,189,17,992,24,99,95,0,4,100,72,647,0,107415,560,28,66584,7764,361943,0,5474,16425,259149,162,0,83790,4,0,9,72,2779,40,1,1,0,2,365001,70,25,15221358835527201866,5.750000,58.000000,80.750000,0.512419,76.171308,94.465753,0,0
452,1509092004,1000,6,24,38,0,78,53,0,100,7,8,8,4,100,100,26,3,256,351,3201,0,124,60,83,2,10,66,66,0,3386,140,0,74,0,0,3,11,0,0,6,1,12011,5,16,0,0,3,66,0,3,0,3,1,0,0,0,0,5,1259,99,71,100,0,1,0,162,4,9,0,4,2,12856,58,0,4,8,894,929,17,2,60,31,13,759,0,180,217,996,12,100,4,0,120,98,100,6823,0,4432,276987,0,61660,80206,363315,0,0,0,90848,218266,55886,0,0,0,9,12,3514,40,7,1,0,2,365001,70,25,6845507937868566720,6.000000,58.250000,80.750000,0.552582,75.464608,94.328563,6,0
453,4163527773,1000,4,17,39,0,78,54,0,100,7,8,8,5,72,100,42,3,256,257,3212,0,80,59,83,2,10,80,80,0,3286,0,11,96,0,0,8,18,0,0,0,3,5222,5,15,13,0,6,80,0,0,0,0,0,0,0,0,0,4,1256,95,89,100,100,100,0,95,4,6,0,4,2,13356,132,0,4,8,846,910,13,2,47,0,32,0,0,178,22,951,36,100,97,0,4,100,72,723,0,11320,0,0,67734,8664,347070,0,0,0,89059,275941,0,0,0,0,17,12,5509,40,6,1,0,2,365001,70,25,17127197445628755979,4.250000,58.500000,81.250000,0.379305,76.259659,94.576969,0,0
454,2522996246,1000,5,21,39,0,78,54,0,100,7,8,8,5,72,100,41,3,256,367,120,0,42,68,91,2,10,42,42,0,3236,510,233,96,0,0,1711,21,15,3,2,0,7314,5,4,552,0,5,42,0,0,0,1,1,1,2,2,0,6,500,0,0,0,0,0,1,259,2,5,54895,4,2,13177,132,0,4,8,888,925,55,2,44,0,137,1,0,155,29,779,48,100,100,0,4,100,72,739,0,49180,699,24,56584,8648,284266,0,5474,16425,216139,152,22935,103875,4,0,24,72,8246,40,4,1,0,2,365001,70,25,16733023199567562592,5.250000,58.500000,81.250000,0.471731,76.247856,94.511649,19,0
455,882464719,1000,6,18,26,0,78,20,0,80,7,8,8,3,72,100,22,3,256,319,3348,0,27,65,83,34,54,26,14,12,3510,111,0,108,33,100,9,18,7,0,1,0,5208,9,16,0,0,5,26,1,2,0,3,1,0,1,0,1,5,1233,80,72,100,0,1,0,328,2,3,0,3,3,12598,116,12,3,8,878,928,15,3,94,0,691,733,0,152,13,976,36,100,50,0,4,100,72,396,0,252807,267495,6,60830,4732,356238,0,0,0,97454,66539,201007,0,0,0,17,12,6426,40,5,1,1,2,365001,70,25,14412932265199615386,6.666667,52.000000,41.666667,1.933958,76.154945,18.845055,55,0
456,3536900488,1000,4,17,39,0,78,54,0,100,7,8,8,5,72,100,41,3,256,376,0,0,40,69,95,2,10,40,40,0,3396,525,235,90,0,0,2114,22,9,0,0,0,8571,5,1,480,0,6,40,0,0,0,0,4,1,2,2,0,6,500,0,0,0,0,0,0,249,2,4,35546,4,2,13087,116,0,4,8,955,915,24,2,50,12,107,2,0,162,78,975,14,69,48,0,4,100,72,2828,0,38786,924,28,58292,27624,355741,0,5474,16425,243747,156,15402,83796,4,0,22,72,7392,40,7,1,0,2,365001,70,25,4250879770739189995,4.250000,58.500000,81.000000,0.384504,76.235807,93.620539,1,0
457,1896368961,1000,3,12,44,0,78,54,0,100,6,8,8,4,72,100,44,3,256,272,0,0,15,69,92,29,58,15,14,1,3300,609,236,114,6,39,1736,13,0,4,0,0,11988,5,5,553,0,6,15,1,0,0,3,0,1,2,1,1,6,501,0,0,0,0,0,0,40,1,3,276458,4,2,13216,132,12,4,8,950,941,16,2,57,22,378,0,0,57,19,994,48,100,100,0,4,100,72,685,0,139199,0,21,23136,7024,362524,0,0,0,87964,577,0,276459,4,0,12,72,3381,40,1,1,0,2,365001,70,25,12983541014642164128,3.000000,67.000000,81.250000,0.274213,76.698472,94.502875,6,0
458,255837434,1000,6,24,39,0,78,54,0,100,7,8,8,5,72,100,41,3,256,276,0,0,20,64,95,2,10,16,16,0,3426,220,0,96,0,0,2684,9,3,0,0,0,10096,5,3,480,0,5,16,0,0,0,1,3,0,1,1,0,2,783,13,86,45,100,18,0,1412,1,2,0,4,2,13249,100,0,4,8,900,930,21,2,41,18,135,2,0,165,30,998,36,100,48,0,4,100,72,833,0,51865,895,12,61014,9442,364094,0,5474,280530,74354,101,3025,1516,4,0,6,72,2016,40,6,1,0,2,365001,70,25,1846422989796524531,6.000000,58.500000,81.250000,0.541626,76.239716,94.412786,13,0
459,2910273203,1000,12,25,13,0,78,20,0,80,8,8,8,2,100,100,25,3,256,332,3226,0,23,71,83,36,58,23,12,11,3268,0,0,0,33,100,0,15,0,0,0,2,5207,12,19,0,0,4,23,1,2,0,2,1,0,1,0,1,4,1285,84,0,93,100,98,2,149,4,5,0,2,4,3100,116,12,2,8,853,931,17,4,68,5,719,785,0,171,49,570,36,100,97,0,120,46,100,1832,0,262549,286507,7,65430,19270,207943,0,0,0,80322,230552,54126,0,0,0,13,12,5901,40,3,1,2,2,365001,70,25,9572918769282223329,12.500000,39.000000,62.500000,2.387097,70.552258,76.658065,34,0
460,1269741676,1000,11,25,30,0,78,54,0,100,7,8,8,6,72,100,38,3,256,294,0,0,57,63,95,2,10,56,51,5,3274,537,233,96,0,0,1982,15,0,0,0,0,9391,5,1,480,0,5,56,0,0,0,3,0,1,3,2,1,6,500,0,0,0,0,0,0,234,2,5,32887,4,2,13193,100,12,4,8,944,908,27,2,49,0,274,5,0,178,51,968,24,100,100,0,4,100,72,1816,0,98336,1987,30,65965,19748,353006,0,5474,16425,258054,590,0,84457,4,0,14,72,4564,40,4,1,1,2,365001,70,25,14661371843822228326,11.750000,46.250000,81.250000,1.554764,74.036383,94.519821,0,0
461,3924177445,1000,4,18,39,0,78,54,0,100,7,8,8,5,72,100,41,3,256,191,0,0,18,68,87,2,10,18,18,0,3262,560,234,96,0,0,1813,11,0,5,0,0,11245,5,6,493,0,8,18,0,0,0,1,3,1,1,1,0,6,500,0,0,0,0,0,0,51,1,2,266238,4,2,13311,100,0,4,8,931,934,10,2,90,27,226,2,0,59,32,995,48,100,100,0,4,100,72,1371,0,85237,895,14,24886,12934,363002,0,0,0,92985,0,5776,266239,4,0,10,72,3815,40,2,1,0,2,365001,70,25,7913325131881467281,4.500000,58.500000,81.250000,0.400270,76.265495,94.331004,37,0
462,2283645918,1000,6,24,38,0,78,54,0,100,7,8,8,5,72,100,41,3,256,299,0,0,62,66,95,2,10,62,62,0,3408,396,115,96,0,0,1942,7,49,3,0,0,12319,5,4,480,0,6,62,1,0,0,1,0,1,2,2,0,6,500,0,0,0,0,0,0,231,3,6,40923,4,2,13283,116,0,4,8,928,938,14,2,36,21,251,2,0,152,26,996,64,100,100,0,4,100,72,878,0,91603,839,24,57696,8744,363534,0,5474,16425,246478,134,2101,94388,4,0,3,72,1260,40,3,1,0,2,365001,70,25,685781493977423593,6.000000,58.250000,81.250000,0.534819,76.216367,94.556952,4,0
463,643114391,1000,4,19,39,0,78,54,0,100,7,8,8,5,72,100,41,3,256,559,1846,0,40,64,87,2,10,39,39,0,3379,415,104,95,0,0,640,8,0,0,1,1,5316,5,1,332,0,6,39,0,0,0,1,0,0,2,2,0,3,114,51,81,100,100,60,0,351,2,3,0,4,2,13155,78,0,4,8,943,935,18,2,42,0,112,3,0,186,20,989,36,100,100,0,4,100,72,872,0,41953,1095,28,67143,8864,360816,0,10948,32850,257837,210,0,63155,4,0,4,72,1022,40,4,1,0,2,365001,70,25,11977240855543592673,4.750000,58.500000,81.250000,0.431851,76.227138,94.491448,2,0
464,3297550160,1000,8,24,26,0,78,20,0,80,7,8,8,2,52,100,22,3,256,324,3273,0,24,65,83,34,54,24,21,3,3322,7,0,108,33,100,0,20,9417,0,2,2,5208,9,20,0,0,6,24,1,2,0,2,3,0,1,0,1,5,1285,95,75,100,0,1,0,403,1,3,0,3,3,5948,116,12,3,8,828,914,22,3,109,2,784,785,0,124,0,0,12,100,24,0,4,100,52,2,0,286739,286507,7,48080,24,0,0,0,0,78474,15183,271343,0,0,0,18,12,12754,40,2,1,2,2,365001,70,25,7519419833311953416,8.666667,52.000000,41.666667,2.152993,74.118359,39.912576,69,0
465,1657018633,1000,5,19,34,0,78,53,0,100,7,8,8,4,100,100,41,3,256,288,2458,0,50,59,83,2,10,49,48,1,3352,155,118,81,0,0,284,5,14,0,1,1,12841,5,13,295,0,6,49,0,3,0,1,0,0,0,0,0,4,1233,84,92,100,100,98,0,137,4,9,0,4,2,13218,100,0,4,8,964,924,13,2,70,27,25,733,0,185,355,995,36,100,58,0,120,98,100,12303,0,9337,267523,0,63734,128726,363154,0,0,0,86673,242373,35954,0,2,0,4,36,1491,40,4,1,0,2,365001,70,25,13557851160727408036,5.500000,51.000000,80.000000,0.563247,55.333863,90.931306,28,0
466,16487106,1000,8,23,25,0,78,20,0,80,7,8,8,2,73,100,22,3,256,296,3168,0,45,65,83,34,54,45,26,19,3322,88,0,107,33,100,24,20,15,0,2,0,5208,7,18,0,0,6,45,1,2,0,1,1,0,1,0,1,5,1262,87,84,100,0,1,0,256,3,6,0,3,3,12494,100,12,3,8,710,929,13,3,34,0,651,762,0,189,12,976,36,100,51,0,7,100,73,292,0,237211,278079,6,60814,3504,356170,0,0,0,86869,137548,140583,0,0,0,19,12,6867,40,0,1,1,2,365001,70,25,16118600029150749508,8.333333,51.666667,41.666667,1.852489,76.121018,18.579718,29,0
467,2670922875,1000,24,78,33,0,78,54,0,100,7,8,8,5,72,100,33,3,256,309,0,0,31,53,94,2,10,31,31,0,3321,538,226,52,0,0,1547,22,0,3,0,0,5207,5,4,848,7,7,31,0,0,0,2,1,1,3,2,1,6,501,0,0,0,0,0,0,229,2,3,43498,4,2,16592,58,12,4,8,467,927,25,2,0,0,101,1,0,150,11,972,12,100,7,0,4,100,72,339,0,37754,476,35,56892,4044,354684,0,5474,16425,248564,585,0,93952,4,0,18,72,6111,40,5,1,18,2,365001,70,25,15173627114097889059,24.250000,49.750000,81.250000,18.292189,59.418515,95.628014,0,0
468,1030391348,1000,4,17,34,0,78,54,0,100,7,8,8,5,100,100,41,3,256,222,0,0,40,62,95,2,10,40,40,0,3328,448,186,96,0,0,1385,15,0,3,0,0,10910,5,4,553,0,5,40,0,0,0,1,0,1,2,2,0,6,502,0,0,0,0,0,0,224,1,2,102886,4,2,13278,116,0,4,8,922,940,9,2,70,12,313,1,0,153,352,991,48,100,100,0,120,98,100,12921,0,111673,448,28,56516,130288,361635,0,5474,16425,238956,46,0,104099,4,6,5,72,3038,40,2,1,0,2,365001,70,25,1645183417083149159,4.250000,51.250000,81.000000,0.378973,74.957298,94.412110,2,0
469,3684827117,1000,5,23,36,0,78,48,0,100,7,8,8,4,72,100,40,3,256,233,120,0,56,65,91,17,44,56,56,0,3445,510,236,96,6,40,1095,23,0,3,1,1,5475,5,4,486,0,7,56,1,0,0,0,2,1,3,2,1,6,500,0,0,0,0,0,1,226,3,5,51086,4,2,13340,116,12,4,8,793,933,37,2,51,12,44,3,0,187,17,959,45,100,91,0,4,100,72,613,0,15559,1147,35,64018,7356,349861,0,5474,16425,239074,571,0,103456,4,0,19,72,6412,40,0,1,0,2,365001,70,25,11696205977365216948,5.750000,55.000000,73.250000,0.510345,75.640630,93.143328,1,0
470,2044295590,1000,6,24,39,0,78,54,0,100,7,8,8,5,72,100,31,3,256,244,3167,0,59,60,83,2,10,56,55,1,3380,171,0,96,0,0,0,9,10,0,1,0,5208,11,18,0,0,5,56,0,3,0,1,1,0,0,0,0,4,1233,85,76,100,100,98,0,111,4,9,0,4,2,13082,100,0,4,8,880,932,17,2,2,0,34,733,0,142,38,995,36,100,50,0,4,100,72,1433,0,12440,267495,0,60826,14372,363000,0,0,0,98154,256849,9997,0,0,0,7,12,2401,40,5,1,0,2,365001,70,25,16054481648448088921,6.000000,58.500000,81.250000,0.359578,76.831371,94.895276,0,0
471,403764063,1000,20,64,25,0,78,54,0,100,7,8,8,5,72,100,32,3,256,369,0,0,66,60,65,2,10,64,64,0,3444,577,232,68,0,0,1993,22,0,3,0,0,6541,5,4,480,0,5,64,0,0,0,2,0,1,3,2,1,6,504,0,0,0,0,0,0,240,2,3,44646,4,2,13170,58,12,4,8,905,902,28,2,46,0,309,3,0,149,62,980,12,100,7,0,4,100,72,2207,0,113353,1147,35,57579,23968,357458,0,5474,16425,235733,524,13197,93647,4,0,19,72,6160,40,0,1,3,2,365001,70,25,16259299714322210584,20.750000,38.500000,81.250000,3.148368,71.485801,94.508732,0,0
472,3058199832,1000,5,20,28,0,81,54,0,100,7,8,8,5,72,100,40,3,256,184,0,0,88,61,92,2,10,88,88,0,3321,493,234,98,0,0,2048,19,0,0,0,0,5211,5,1,504,0,7,88,0,0,0,2,0,1,2,2,0,6,500,0,0,0,0,0,0,229,2,6,35910,4,2,13159,100,0,4,8,659,737,19,2,42,9,90,1,0,153,16,989,25,100,68,0,4,100,72,685,0,32948,504,28,58554,6522,360963,0,5474,16425,248564,129,0,94408,4,0,14,72,4508,40,6,1,0,2,365001,70,25,7960839705701092498,5.000000,42.500000,81.250000,0.151987,76.523216,95.083213,15,0
473,1417668305,1000,6,18,26,0,78,37,0,100,7,8,8,3,72,100,42,3,256,275,2776,0,73,66,85,17,54,73,56,17,3318,220,118,104,21,100,162,21,0,0,1,0,5207,10,19,0,0,7,73,1,2,0,3,3,0,1,0,1,5,1288,85,89,100,0,1,0,233,2,4,0,3,3,4221,78,12,3,8,490,790,124,3,56,0,700,788,0,194,11,973,25,100,50,0,4,100,72,300,0,255212,287599,7,61432,3490,354882,0,0,0,77379,166134,121487,0,0,0,20,12,7084,40,6,1,0,2,365001,70,25,2164236769320362837,6.000000,52.000000,75.000000,0.835821,74.378109,84.174366,37,0
474,4072104074,1000,6,25,35,0,78,54,0,100,7,8,8,4,72,100,26,3,256,443,3102,0,44,58,83,2,10,41,41,0,3292,113,9,94,0,0,0,20,5,0,0,4,5207,7,11,0,0,5,41,0,2,0,2,0,0,1,1,0,4,649,99,77,100,100,100,0,284,3,6,0,4,2,4840,78,0,4,8,656,909,83,2,37,0,51,151,0,161,10,972,20,100,53,0,4,100,72,265,0,19107,55146,14,60156,3180,354579,0,5474,16425,219080,28775,45895,49351,0,0,27,12,11564,40,4,1,1,2,365001,70,25,7822919968139656335,6.250000,53.000000,81.250000,1.528926,70.966116,85.057851,28,0
475,2431572547,1000,6,25,39,0,78,54,0,100,7,8,8,5,72,100,31,3,256,292,3384,0,39,59,83,2,10,38,36,2,3438,5,0,96,0,0,0,7,16,0,1,1,5207,12,20,0,0,5,38,0,3,0,1,1,0,0,0,0,4,1233,89,37,100,100,99,0,102,4,7,0,4,2,13106,100,0,4,8,856,933,9,2,2,0,41,733,0,183,36,993,28,100,52,0,4,100,72,1283,0,14991,267523,0,60402,13876,362246,0,0,0,98294,262841,3865,0,0,0,5,12,3878,40,4,1,0,2,365001,70,25,4467081795666251878,6.250000,58.500000,81.250000,0.373875,76.833511,94.903098,0,0
476,791041020,1000,0,3,40,0,78,42,0,100,6,8,8,4,100,100,36,3,256,311,0,0,98,65,95,2,10,96,65,31,3432,645,118,120,0,0,2135,8,0,0,0,0,13428,5,1,480,0,3,96,0,0,0,2,3,1,2,2,0,6,686,0,0,0,0,0,0,268,1,2,26446,4,2,13227,100,0,4,8,965,927,13,2,44,16,93,2,0,193,358,997,25,100,82,0,120,98,100,11142,0,32657,811,28,66506,131308,363646,0,5474,16425,303345,0,12461,27295,4,0,5,72,1932,40,4,1,0,2,365001,70,25,6511910163088524216,0.750000,60.500000,63.000000,0.082332,74.877372,90.932411,7,0
477,3445476789,1000,4,18,36,0,78,54,0,100,7,8,8,5,72,100,41,3,256,259,0,0,51,62,95,2,10,50,50,0,3485,149,0,96,0,0,2694,8,0,3,0,0,12740,5,4,480,0,4,50,0,0,0,0,2,1,2,2,0,6,501,0,0,0,0,0,0,229,1,2,40922,4,2,13231,100,0,4,8,969,929,11,2,49,22,175,2,0,169,111,997,50,100,100,0,4,100,72,3706,0,65529,727,28,66051,38858,363814,0,5474,16425,249196,101,0,93804,4,0,6,72,1729,40,5,1,0,2,365001,70,25,5483461301061925235,4.500000,54.250000,81.250000,0.331948,75.798352,94.751719,3,0
478,1804945262,1000,5,21,39,0,78,53,0,100,7,8,8,4,100,100,41,3,256,397,240,0,46,69,88,2,10,45,45,0,3414,548,232,96,0,0,1872,20,0,0,0,2,7675,5,1,480,0,3,45,0,0,0,0,2,0,3,2,1,3,130,45,56,100,100,57,0,353,3,4,0,4,2,8262,100,12,4,8,915,940,35,2,4,0,154,4,0,197,201,938,34,100,100,0,120,98,100,5873,0,55782,1567,35,65867,70034,342338,0,10948,32850,263776,582,0,56844,4,0,22,72,7399,40,3,1,0,2,365001,70,25,18243958010378567937,5.250000,58.500000,80.750000,0.752360,75.205519,91.177439,6,0
479,164413735,1000,16,64,31,0,78,54,0,100,7,8,8,5,72,100,28,3,256,204,0,0,2,64,95,2,10,2,1,1,3437,308,0,76,0,0,2397,8,8,5,0,0,13467,5,10,480,0,7,2,0,0,0,1,2,1,1,1,0,6,500,0,0,0,0,0,0,43,1,2,268534,4,2,13306,58,0,4,8,984,945,12,2,78,27,347,2,0,82,93,997,48,100,100,0,4,100,72,3585,0,125555,731,14,25072,35180,363686,0,0,0,96359,106,0,268535,4,0,4,72,1778,40,4,1,2,2,365001,70,25,1322367196162597120,16.000000,46.500000,81.250000,2.606944,73.740568,94.429581,8,0
480,2818849504,1000,7,19,26,0,78,20,0,80,7,8,8,2,72,100,27,3,256,237,2672,0,47,67,87,17,54,47,11,36,3360,80,0,106,27,100,320,15,0,0,3,0,5207,12,19,246,0,6,47,1,2,0,1,0,0,1,0,1,4,1233,84,79,100,100,98,0,98,4,4,0,3,3,12636,100,12,3,8,776,937,25,3,25,0,641,733,0,182,12,974,36,100,97,0,4,100,72,369,0,234352,267523,7,67546,4428,355498,0,0,0,97454,267546,0,0,2,0,14,36,4837,40,6,1,1,2,365001,70,25,15363518535173807531,7.000000,52.000000,41.666667,1.948718,76.172840,19.034505,30,0
481,1178317977,1000,7,23,26,0,78,37,0,100,7,8,8,3,72,100,41,3,256,276,0,0,42,74,95,2,10,42,42,0,3309,276,117,96,0,0,2274,22,0,3,0,0,6112,5,4,480,0,6,42,0,0,0,0,2,1,3,2,1,6,501,0,0,0,0,0,0,229,2,5,45626,3,3,12761,100,12,3,8,872,922,52,3,43,0,160,1,1,197,47,997,15,100,37,0,4,100,72,1450,0,59484,699,35,65636,17184,363644,0,5474,16425,247469,563,0,95069,4,0,38,72,12593,40,0,1,0,2,365001,70,25,15841999272805232188,7.666667,52.000000,75.000000,0.533501,76.190737,94.335867,0,0
482,3832753746,1000,24,77,31,0,78,47,0,100,7,8,8,4,100,100,29,3,256,374,0,0,24,74,95,12,39,24,22,2,3289,593,235,95,16,100,1939,16,13,0,0,0,11362,5,1,480,0,7,24,1,0,0,2,4,0,2,2,0,2,112,8,94,45,100,17,0,439,3,4,0,4,2,13362,78,0,4,8,919,931,10,2,66,7,80,4,0,143,311,992,36,94,52,0,120,98,100,12952,0,30568,1318,24,59052,115882,361882,0,10948,52038,243719,209,4845,53241,4,0,11,72,3395,40,2,1,3,2,365001,70,25,2949232334490932910,24.500000,47.250000,71.750000,3.907050,74.255725,92.768972,0,0
483,2192222219,1000,14,38,26,0,78,54,0,100,7,8,8,5,72,100,45,3,256,204,0,0,3,68,95,2,10,3,3,0,3440,565,205,95,0,0,2028,20,0,4,0,0,11502,5,20,480,0,6,3,1,0,0,2,0,1,1,1,0,6,500,0,0,0,0,0,0,34,1,1,287519,4,2,13359,78,0,4,8,974,937,11,2,69,11,197,2,0,67,64,987,48,100,100,0,4,100,72,2582,0,73015,783,12,24174,24388,360053,0,0,0,77379,101,0,287520,4,0,17,72,4837,40,0,1,2,2,365001,70,25,7204190400357764888,14.500000,39.000000,81.250000,2.135639,72.797664,94.587918,0,0
484,551690692,1000,7,17,26,0,78,39,0,100,7,8,8,5,72,100,29,3,256,280,0,0,60,63,95,2,10,60,60,0,3336,489,236,95,0,0,1928,10,0,3,0,0,5210,5,4,521,0,7,60,0,0,0,0,4,1,3,2,1,6,501,0,0,0,0,0,0,234,2,6,38010,4,2,12934,78,12,4,8,892,931,20,2,48,23,92,5,0,218,16,998,38,100,100,0,4,100,72,587,0,33944,1790,35,66196,6056,363982,0,5474,16425,256959,584,0,85558,4,0,5,72,1694,40,5,1,0,2,365001,70,25,13240487274967228196,7.750000,39.750000,58.500000,0.700789,74.544920,92.325035,8,0
485,3206126461,1000,4,17,32,0,78,54,0,100,7,8,8,4,72,100,41,3,256,194,0,0,81,67,95,2,10,81,81,0,3480,504,142,96,0,0,1834,9,0,0,0,0,5414,5,1,480,0,7,81,0,0,0,1,2,1,3,2,1,6,500,0,0,0,0,0,0,233,3,4,33279,4,2,13230,116,12,4,8,746,945,8,2,50,29,154,3,0,191,26,995,26,100,100,0,4,100,72,772,0,56910,1315,30,66250,7874,362965,0,5474,16425,258054,605,0,84442,4,0,5,72,1701,40,5,1,0,2,365001,70,25,67967808695051217,4.250000,49.250000,81.250000,0.380348,74.716704,94.536659,10,0
486,1565594934,1000,20,57,29,0,78,46,0,100,7,8,8,5,72,100,27,3,256,152,120,0,76,68,90,9,32,74,72,2,3483,605,236,96,7,44,1362,15,0,3,0,2,5214,5,4,480,0,6,74,1,0,0,2,4,1,2,2,0,6,500,0,0,0,0,0,2,263,2,5,46438,4,2,13351,100,0,4,8,506,929,28,2,77,4,259,0,0,161,35,986,18,100,58,0,4,100,72,1185,0,93506,0,28,58208,13776,359836,0,5474,16425,211232,48,36410,95411,4,0,11,72,3381,40,1,1,3,2,365001,70,25,4333672227439984219,20.250000,44.000000,69.500000,3.062467,73.679874,92.249494,32,0
487,4220030703,1000,7,23,26,0,78,37,0,100,7,8,8,2,72,100,25,3,256,289,2990,0,32,66,83,9,32,31,13,18,3281,239,0,96,16,100,10,11,16,0,0,0,5207,6,13,0,0,4,31,1,2,0,12,0,0,1,0,1,5,1259,83,74,100,0,1,0,326,1,3,0,3,3,12643,100,12,3,8,865,929,29,3,62,0,690,759,0,174,15,981,36,100,53,0,4,100,72,508,0,251575,277015,7,61044,6096,358009,0,0,0,90680,70764,203556,0,0,0,9,12,2051,40,7,1,0,2,365001,70,25,1565679718817346837,7.666667,52.000000,75.000000,0.538480,76.173851,94.219726,24,0
488,2579499176,1000,22,64,26,0,78,54,0,100,7,8,8,4,54,100,22,3,256,204,2782,0,98,55,85,2,10,80,77,3,3365,249,117,92,0,0,175,17,0,0,3,0,5224,5,19,0,0,7,80,0,2,0,2,0,0,0,0,0,4,1288,84,83,100,100,98,0,95,4,5,0,4,2,13096,58,0,4,8,409,932,51,2,48,0,40,788,0,187,0,0,36,100,100,0,4,100,54,7,0,14540,287599,0,67169,84,0,0,0,0,77379,287621,0,0,0,0,16,12,5887,40,7,1,2,2,365001,70,25,10738249735130020994,22.000000,39.000000,81.250000,2.912645,73.348351,94.477703,0,0
489,938967649,1000,5,20,26,0,78,54,0,100,7,8,8,5,72,100,52,3,256,326,0,0,7,64,83,2,10,6,6,0,3285,552,236,96,0,0,1783,16,0,5,0,0,7016,5,6,552,0,6,6,0,0,0,3,0,1,3,1,2,6,502,0,0,0,0,0,0,44,1,3,267666,4,2,13228,100,24,4,8,910,938,48,2,61,0,212,4,0,62,17,991,48,100,100,0,4,100,72,663,0,78525,1735,28,27110,7924,361565,0,0,0,96359,974,0,267667,4,0,13,72,4977,40,2,1,0,2,365001,70,25,16867096335981390835,5.000000,39.250000,81.250000,0.453583,72.656940,94.516178,0,0
490,3593403418,1000,5,20,38,0,78,54,0,100,7,8,8,4,55,100,40,3,256,245,0,0,60,69,92,2,10,60,60,0,3256,536,235,96,0,0,1882,20,0,0,0,0,7865,5,1,561,0,5,60,0,0,0,0,0,1,2,2,0,6,500,0,0,0,0,0,0,233,2,5,35462,4,2,13287,116,0,4,8,904,925,44,2,45,0,221,2,0,194,0,0,24,100,97,0,4,100,55,11,0,81095,757,28,66698,132,0,0,5474,16425,258054,163,0,84884,4,0,22,72,7203,40,1,1,0,2,365001,70,25,7055042675634140754,5.000000,58.250000,81.000000,0.445548,76.216828,94.534808,0,0
491,1952871891,1000,5,19,34,0,78,44,0,100,7,8,8,5,72,100,27,3,256,263,0,0,20,65,95,9,32,19,19,0,3423,417,90,96,10,64,2414,15,0,3,0,0,5377,5,4,340,296,5,19,1,0,0,4,2,1,3,1,2,6,502,0,0,0,0,0,0,39,1,2,277130,4,2,13209,132,24,4,8,936,940,9,2,50,3,254,4,0,67,34,991,48,100,100,0,4,100,72,1315,0,92167,1707,28,25406,14440,361502,0,0,0,86869,1000,0,277131,4,0,13,51,4151,40,0,1,0,2,365001,70,25,18028866528909909051,5.250000,51.500000,67.250000,0.516012,74.988720,92.001211,0,0
492,312340364,1000,4,18,39,0,78,54,0,100,7,8,8,4,72,100,52,3,256,253,0,0,16,71,95,2,10,15,15,0,3330,544,186,96,0,0,1912,14,0,4,0,0,5236,5,13,522,0,5,15,0,0,0,1,1,1,1,1,0,6,500,0,0,0,0,0,0,34,0,0,288498,4,2,12954,100,0,4,8,857,903,30,2,43,6,247,2,0,55,17,960,48,100,100,0,4,100,72,627,0,88401,867,14,24768,7140,350050,0,0,0,76501,0,0,288499,4,0,13,72,5152,40,2,1,0,2,365001,70,25,5868931493390755495,4.500000,58.500000,81.250000,0.411302,76.217693,94.418712,1,0
493,2966776133,1000,6,21,38,0,78,54,0,100,7,8,8,5,72,100,41,3,256,292,0,0,13,69,95,2,10,13,12,1,3487,401,118,96,0,0,2269,7,0,3,0,0,12453,5,4,519,0,4,13,0,0,0,0,1,1,2,1,1,6,501,0,0,0,0,0,0,35,1,1,287098,4,2,13295,100,12,4,8,940,930,18,2,42,16,137,3,0,57,157,998,48,100,100,0,4,100,72,5530,0,50745,1231,21,21696,55024,363926,0,0,0,77379,522,0,287099,4,0,6,72,1988,40,5,1,0,2,365001,70,25,13219709363534683904,6.000000,58.250000,81.250000,0.604513,76.217751,94.557352,7,0
494,1326244606,1000,4,21,52,0,78,54,0,100,7,8,2,3,67,74,45,3,256,219,0,0,110,65,95,2,10,110,106,4,3257,590,235,96,0,0,1657,20,10,3,0,0,5208,5,4,703,0,7,110,0,0,0,1,0,1,3,2,1,6,501,0,0,0,0,0,0,233,2,5,36862,5,1,13559,100,12,5,8,17,929,74,1,52,0,275,1,1,195,2,1,27,100,67,0,4,100,67,45,0,100502,591,35,62340,468,611,0,5474,16425,256959,644,0,85498,4,0,21,72,7063,40,3,1,0,2,365001,70,25,16440804716055590335,4.200000,62.400000,65.000000,0.464636,76.272439,92.396194,0,0
495,3980680375,1000,4,18,39,0,78,53,0,100,7,8,8,4,72,100,26,3,256,312,3120,0,63,60,83,2,10,61,25,36,3303,128,0,96,0,0,13,20,19,0,1,2,5207,9,19,0,0,7,61,0,3,0,2,1,0,1,0,1,4,1233,93,40,100,94,100,0,97,3,5,0,4,2,13046,100,12,4,8,850,931,18,2,7,0,491,733,0,163,15,978,36,100,51,0,4,100,72,449,0,180020,267523,7,60522,5388,356779,0,0,0,97454,267546,0,0,0,0,19,12,6139,40,1,1,0,2,365001,70,25,8802515633879687606,4.500000,58.500000,79.750000,0.270428,76.828147,90.468189,0,0
496,2340148848,1000,6,19,26,0,78,37,0,100,7,8,8,3,72,100,25,3,256,227,3143,0,69,65,83,19,51,69,49,20,3448,255,0,95,16,100,8,20,0,0,5,0,5215,10,9,0,0,6,69,1,2,0,12,0,0,1,0,1,4,1262,93,45,100,100,100,0,96,4,6,0,3,3,12602,78,12,3,8,718,932,32,3,65,9,545,762,0,178,25,958,36,100,96,0,4,100,72,909,0,198065,278079,6,67302,10724,349462,0,0,0,86869,278131,0,0,0,0,19,12,6419,40,2,1,0,2,365001,70,25,6049411342951374710,6.333333,52.000000,75.000000,0.446278,76.167910,94.261228,24,0
497,699617321,1000,7,23,25,0,78,37,0,99,7,8,8,2,55,100,75,3,256,191,2837,0,37,66,83,24,76,37,15,22,3404,295,32,92,23,100,50,15,18,0,2,0,5207,7,9,148,0,8,37,1,2,0,1,0,0,1,0,1,5,1291,82,76,100,0,1,0,242,3,7,0,3,3,12597,100,12,3,8,884,941,14,3,59,0,699,791,0,189,0,0,36,100,52,0,4,100,55,10,0,254428,288691,7,60490,120,0,0,0,0,76284,159081,129635,0,1,14,0,18,4557,75,2,1,0,2,365001,70,25,7718583203726507621,7.666667,51.666667,74.666667,0.540446,75.413035,93.506390,29,0
498,3354053090,1000,5,23,39,0,78,54,0,100,7,8,8,5,72,100,41,3,256,277,294,0,56,68,90,2,10,55,55,0,3376,500,232,96,0,0,1816,5,0,2,2,0,12906,5,3,492,0,6,55,0,0,0,3,0,0,3,2,1,1,8,48,85,77,100,27,0,247,2,4,0,4,2,13205,132,12,4,8,974,930,12,2,61,20,256,3,0,154,13,996,62,100,62,0,4,100,72,659,0,92774,1231,35,64184,6602,363322,0,8406,16425,237979,568,0,101622,4,0,5,72,2373,40,5,1,0,2,365001,70,25,12373746383420060053,5.750000,58.500000,81.250000,0.515562,76.251571,94.523287,4,0
499,1713521563,1000,4,17,39,0,78,54,0,100,7,8,8,5,72,100,75,3,256,110,0,0,12,66,95,2,10,12,12,0,3344,537,236,96,0,0,1986,7,0,2,0,0,10823,5,3,543,0,6,12,0,0,0,0,1,1,3,2,1,6,500,0,0,0,0,0,0,367,2,3,34987,4,2,13273,116,12,4,8,873,944,11,2,48,35,31,6,0,193,25,998,23,99,94,0,4,100,72,772,0,12080,2154,30,66234,7992,363982,0,5474,47373,226173,441,0,85539,4,4,0,72,1022,75,4,1,0,2,365001,70,25,12575515597838902442,4.250000,58.500000,81.250000,0.379115,76.260529,94.552852,10,0
500,72990036,1000,8,18,14,0,78,24,0,80,7,8,8,5,100,100,24,3,256,355,0,0,11,50,75,2,10,11,9,2,3518,467,233,24,0,0,1908,10,2,4,0,0,11253,5,11,480,0,7,11,0,0,0,3,4,1,1,1,0,6,500,0,0,0,0,0,0,38,1,1,279118,4,2,4361,100,0,4,8,928,916,20,2,99,28,87,1,0,78,350,994,48,100,100,0,120,98,100,12908,0,30919,675,14,30575,129888,362671,0,0,0,85774,107,0,279119,4,0,7,72,2380,40,7,1,2,2,365001,70,25,11332790174408382109,8.000000,21.000000,36.000000,2.821371,53.732172,59.173584,44,0
501,2727425805,1000,15,38,26,0,78,54,0,100,7,8,8,6,72,100,68,3,256,221,0,0,9,63,91,2,10,9,9,0,3370,589,234,96,0,0,1905,13,0,6,0,0,12921,5,11,480,0,6,9,0,0,0,1,4,1,1,1,0,6,500,0,0,0,0,0,0,38,1,3,278082,4,2,13277,116,0,4,8,942,936,20,2,71,11,202,1,0,60,143,994,48,100,100,0,4,100,72,5713,0,76729,476,14,23130,55030,362797,0,0,0,86869,48,0,278083,4,10,0,72,3346,75,1,1,2,2,365001,70,25,14106943017213059409,15.500000,40.000000,81.250000,2.243730,72.933645,94.436996,2,0
502,1086894278,1000,5,20,38,0,78,54,0,100,7,8,8,5,72,100,41,3,256,361,295,0,16,63,85,2,10,16,16,0,3344,421,226,93,0,0,1110,20,0,9,1,1,5234,5,12,613,0,5,16,0,0,0,1,0,0,3,2,1,2,18,30,83,47,11,12,0,409,2,6,0,4,2,16953,58,12,4,8,843,889,24,2,10,0,22,5,0,156,23,993,13,100,73,0,4,100,72,735,0,8641,1763,35,55952,7816,362104,0,10948,48404,206248,572,0,98828,4,0,16,72,5593,40,4,1,0,2,365001,70,25,5542880189098839494,5.000000,57.750000,81.250000,0.349201,75.894178,95.643249,0,0
503,3741330047,1000,20,64,26,0,78,54,0,100,7,8,8,5,72,100,27,3,256,290,0,0,18,60,83,2,10,16,16,0,3478,261,0,93,0,0,2239,7,0,3,0,0,12179,5,6,518,0,5,16,0,0,0,2,0,1,1,1,0,6,500,0,0,0,0,0,0,34,1,3,287518,4,2,13231,58,0,4,8,949,923,19,2,54,4,223,2,0,55,85,997,48,100,100,0,4,100,72,3225,0,81207,783,14,21837,32892,363777,0,0,0,77379,102,0,287519,4,0,5,72,1736,40,5,1,3,2,365001,70,25,9418091329017350559,20.250000,39.000000,81.250000,3.045575,73.006727,94.537072,7,0
504,2100798520,1000,7,20,26,0,78,20,0,80,7,8,8,2,72,100,17,3,256,310,3339,0,47,64,83,24,76,47,12,35,3394,13,0,105,27,100,0,20,7,0,2,0,5208,8,18,0,0,6,47,1,2,0,1,0,0,1,0,1,4,1236,87,73,100,29,99,0,142,4,7,0,3,3,12581,78,12,3,8,850,926,12,3,16,0,497,736,0,167,12,978,36,100,48,0,4,100,72,352,0,182248,268615,6,60814,4224,356842,0,0,0,103975,219918,41107,0,0,0,19,12,6860,40,1,1,1,2,365001,70,25,1819177139677675811,7.333333,52.000000,41.666667,1.835148,76.784834,18.512042,63,0
505,460266993,1000,6,24,35,0,78,54,0,100,7,8,8,4,72,100,52,3,256,217,0,0,8,68,89,2,10,8,8,0,3414,548,232,95,0,0,1992,4,18,3,0,0,12059,5,14,480,0,5,8,1,0,0,3,1,1,1,1,0,6,500,0,0,0,0,0,0,52,1,2,279034,4,2,13206,78,0,4,8,960,937,18,2,80,0,239,2,0,49,15,992,61,100,100,0,4,100,72,611,0,90491,783,14,21274,6616,361768,0,0,0,71487,0,14478,279035,4,0,4,72,1379,40,4,1,0,2,365001,70,25,1397607655959180527,6.000000,53.250000,81.250000,0.537937,75.303953,94.523701,3,0
506,3114702762,1000,6,25,39,0,78,54,0,100,7,8,8,5,72,100,41,3,256,272,0,0,61,62,83,2,10,61,60,1,3332,450,79,88,0,0,28,8,18,3,0,0,5214,5,4,677,0,6,61,0,0,0,3,0,1,3,2,1,6,502,0,0,0,0,0,0,236,1,3,44646,4,2,13072,78,12,4,8,641,789,34,2,40,18,256,3,0,165,29,998,46,100,100,0,4,100,72,809,0,94199,1147,35,57466,9122,364029,0,5474,16425,240842,552,7590,94117,4,0,4,72,1260,40,4,1,0,2,365001,70,25,13014201345412168564,6.250000,58.500000,81.250000,0.571833,76.215881,94.454942,11,0
507,1474171235,1000,4,17,26,0,78,54,0,100,7,8,8,5,72,100,44,3,256,478,0,0,64,62,83,2,10,63,61,2,3287,528,116,96,0,0,1241,15,8,0,0,0,5303,5,1,502,0,6,63,0,0,0,2,1,0,2,2,0,2,150,9,91,45,100,17,0,530,3,7,0,4,2,13294,116,0,4,8,884,935,19,2,80,25,63,2,0,160,36,995,36,99,51,0,4,100,72,1203,0,22753,896,24,59606,12928,362839,0,10948,65919,203393,147,33491,51102,4,0,10,72,3717,40,7,1,0,2,365001,70,25,4228870057586895024,4.250000,39.250000,81.250000,0.378517,72.759064,94.441101,66,0
508,4128607004,1000,6,25,39,0,78,54,0,100,7,8,8,5,100,100,41,3,256,412,636,0,41,67,87,2,10,41,41,0,3439,500,235,96,0,0,1546,21,0,2,1,1,5217,5,3,480,0,6,41,0,0,0,0,1,0,3,2,1,1,13,55,78,81,100,28,0,261,2,4,0,4,2,13134,100,12,4,8,766,928,150,2,42,1,90,4,0,196,260,760,27,100,99,0,118,100,100,9908,0,33835,1766,30,65308,97038,277082,0,10413,16425,237979,576,0,99607,4,0,21,72,7105,40,1,1,0,2,365001,70,25,13453244346917336891,6.250000,58.500000,81.000000,0.563423,76.242120,93.773413,32,0
509,2488075477,1000,5,21,39,0,78,54,0,100,7,8,8,5,72,100,40,3,256,264,3055,0,98,60,83,2,10,96,93,3,3336,105,0,96,0,0,0,13,0,0,0,1,5263,5,11,120,0,8,96,0,3,0,2,2,0,0,0,0,4,1236,87,36,100,100,99,0,97,4,9,0,4,2,13260,116,0,4,8,897,922,20,2,43,9,51,736,0,183,22,960,36,100,97,0,4,100,72,711,0,18513,268585,0,67996,8200,350225,0,0,0,96359,268641,0,0,1,0,12,18,3465,40,7,1,0,2,365001,70,25,15765825670584209011,5.250000,58.500000,81.250000,0.473529,76.241176,94.535068,0,0
510,847543950,1000,4,19,38,0,78,54,0,100,7,8,8,5,72,100,28,3,256,529,3398,0,58,59,83,2,10,56,56,0,3513,65,0,89,0,0,0,20,8,0,2,4,5208,6,10,0,0,7,56,0,3,0,1,1,0,1,1,0,5,632,100,89,100,0,1,0,257,3,7,0,4,2,12828,100,0,4,8,684,940,75,2,66,0,73,135,0,143,24,939,13,100,46,0,4,100,72,712,0,26859,49402,14,58574,8378,342562,0,5474,16425,231717,46893,16607,47884,0,0,22,12,7224,40,7,1,0,2,365001,70,25,6602642139642233213,4.750000,58.250000,81.000000,0.438416,75.458762,93.622466,0,0
511,3501979719,1000,4,18,37,0,78,54,0,100,7,8,8,5,72,100,26,3,256,237,3194,0,75,59,83,2,10,69,39,30,3242,6,0,66,0,0,0,20,3,0,0,1,5207,8,21,0,0,6,69,0,3,0,2,1,0,1,0,1,4,1262,82,43,100,98,97,0,110,4,7,0,4,2,13193,58,12,4,8,848,943,107,2,40,0,475,762,0,160,14,942,36,100,51,0,4,100,72,274,0,174480,278107,6,60500,2804,343682,0,0,0,87709,264242,13049,0,0,0,23,12,7392,40,6,1,0,2,365001,70,25,163716247399013398,4.500000,56.000000,81.250000,0.403851,73.777534,94.515273,24,0
512,1861448192,1000,4,18,39,0,78,54,0,100,7,8,8,4,72,100,41,3,256,307,620,0,42,67,95,2,10,42,42,0,3464,506,208,96,0,0,1550,12,0,1,2,1,5208,5,2,538,0,7,42,0,0,0,2,3,0,2,2,0,2,23,71,69,100,100,32,0,278,2,4,0,4,2,13256,100,0,4,8,891,940,12,2,54,0,116,3,1,177,14,991,69,100,98,0,4,100,72,591,0,41896,840,28,65036,7092,361714,0,10948,19665,236884,107,0,97396,4,0,10,72,3409,40,1,1,0,2,365001,70,25,5712955242563318895,4.500000,58.500000,81.250000,0.401931,76.258298,94.428183,0,0
513,220916665,1000,4,17,34,0,78,54,0,100,7,8,8,4,72,100,41,3,256,289,0,0,5,68,95,2,10,5,5,0,3493,514,90,94,0,0,2025,19,0,6,0,0,5220,5,27,480,0,5,5,0,0,0,2,1,1,1,1,0,6,500,0,0,0,0,0,0,42,1,1,269514,4,2,13348,78,0,4,8,819,932,14,2,0,0,142,2,0,71,12,979,48,100,100,0,4,100,72,384,0,50999,783,14,23278,4608,356980,0,0,0,95485,0,0,269515,4,0,18,72,6181,40,0,1,0,2,365001,70,25,5271736500109190401,4.250000,51.500000,81.250000,0.376985,75.049446,94.466587,0,0
514,2875352434,1000,6,25,38,0,78,54,0,100,7,8,8,5,72,100,41,3,256,280,0,0,37,64,83,2,10,37,37,0,3351,536,129,95,0,0,2164,20,16,0,0,0,5208,5,1,480,0,7,37,1,0,0,3,0,1,2,2,0,6,500,0,0,0,0,0,0,232,3,5,22051,4,2,13363,100,0,4,8,725,924,26,2,33,0,224,2,0,156,12,975,23,100,51,0,4,100,72,355,0,81191,727,24,56078,4232,355638,0,5474,16425,256959,153,0,85989,4,0,19,72,6433,40,7,1,0,2,365001,70,25,3188314277490635200,6.250000,58.250000,81.250000,0.553768,76.227045,94.589538,0,0
515,1234820907,1000,5,19,33,0,78,51,0,100,7,8,8,5,72,100,34,3,256,342,120,0,32,65,89,25,79,32,32,0,3347,576,233,106,23,100,1857,7,1,2,0,2,12462,4,3,519,0,6,32,1,0,0,3,0,1,3,2,1,6,500,0,0,0,0,0,2,274,2,5,45683,4,2,13353,100,12,4,8,974,936,11,2,39,0,169,5,0,160,45,997,67,100,77,0,4,100,72,1542,0,61841,1539,30,58289,15078,363590,0,5474,16425,196587,562,49787,96165,4,0,3,72,672,40,3,1,0,2,365001,70,25,9978158623278757436,5.250000,50.250000,77.500000,0.510597,74.795552,93.913353,0,0
516,3889256676,1000,5,18,38,0,78,54,0,100,7,8,8,5,72,100,41,3,256,236,0,0,65,70,94,2,10,65,65,0,3371,476,232,96,0,0,2141,20,0,0,0,0,6960,5,1,480,0,6,65,1,0,0,0,0,0,3,2,1,2,110,9,81,45,99,17,0,434,3,6,0,4,2,13217,100,12,4,8,903,929,12,2,68,0,216,3,0,169,42,979,36,100,96,0,4,100,72,1333,0,79402,1147,35,66550,13970,357113,0,10948,51287,248530,524,0,53711,4,0,23,72,7427,40,2,1,0,2,365001,70,25,9132016088184221967,5.250000,57.250000,81.000000,0.540213,75.858440,94.317848,0,0
517,2248725149,1000,4,19,39,0,78,54,0,100,7,8,8,5,72,100,41,3,256,420,680,0,57,66,91,2,10,57,57,0,3417,476,232,96,0,0,1507,12,4,1,0,2,10565,5,2,480,0,5,57,1,0,0,2,1,0,3,2,1,1,13,70,75,100,100,32,0,271,3,7,0,4,2,13052,132,12,4,8,912,930,13,2,45,26,260,3,0,147,22,995,71,100,61,0,4,100,72,740,0,96201,1203,30,56779,8128,363151,0,10293,16425,223918,562,12966,100836,4,0,7,72,2464,40,7,1,0,2,365001,70,25,8636567728485421223,4.750000,58.500000,81.250000,0.315890,76.703187,94.791986,7,0
518,608193622,1000,5,21,33,0,78,53,0,100,7,8,8,4,100,100,41,3,256,273,0,0,62,69,95,2,10,62,59,3,3455,427,234,96,0,0,2272,13,4,0,0,0,5227,5,1,480,0,7,62,0,0,0,2,0,1,2,2,0,6,500,0,0,0,0,0,0,277,2,5,36667,4,2,4809,116,0,4,8,878,930,10,2,64,0,98,1,0,218,334,990,25,100,97,0,120,98,100,12418,0,35280,476,24,63432,123348,361207,0,5474,16425,206860,123,49004,87114,4,0,8,72,2289,40,7,1,1,2,365001,70,25,14541034695734987151,5.250000,50.250000,80.250000,1.296943,66.236224,83.920358,36,0
519,3262629391,1000,5,23,30,0,78,43,0,100,6,8,8,5,100,100,41,3,256,210,0,0,51,66,93,2,10,51,32,19,3424,498,118,114,0,0,2238,14,1,0,0,0,5208,5,1,528,0,7,51,0,0,0,1,3,1,3,2,1,6,502,0,0,0,0,0,0,278,2,5,33698,4,2,13045,100,12,4,8,544,786,26,2,13,0,107,2,0,172,273,893,24,99,92,0,116,100,100,10807,0,37976,1007,35,60396,100160,325823,0,5474,23906,250226,442,0,84952,4,0,12,72,3052,40,1,1,0,2,365001,70,25,2045064453442327697,5.750000,45.500000,65.000000,0.521886,71.623611,85.706094,2,0
520,1622097864,1000,21,66,27,0,78,44,0,100,7,8,8,5,72,100,27,3,256,201,0,0,9,66,88,9,32,7,7,0,3324,382,108,96,11,68,1282,16,0,4,0,0,12445,5,9,480,0,5,7,1,0,0,3,5,1,1,1,0,6,500,0,0,0,0,0,0,38,1,3,279118,4,2,13344,100,0,4,8,922,937,14,2,67,9,196,2,0,89,35,992,48,100,100,0,4,100,72,1342,0,71000,787,14,25420,13890,361901,0,0,0,85774,107,0,279119,4,0,13,72,4249,40,4,1,3,2,365001,70,25,2476286134227374914,21.250000,40.750000,66.250000,3.334682,73.135866,91.696643,0,0
521,4276533633,1000,0,0,37,0,78,53,0,100,6,8,8,6,72,100,41,3,256,290,0,0,65,63,90,2,10,65,58,7,3393,603,116,118,0,0,2027,7,0,3,0,0,11503,5,4,480,0,4,65,0,0,0,1,5,1,3,2,1,6,500,0,0,0,0,0,0,262,2,5,47026,4,2,13324,78,12,4,8,963,910,14,2,106,26,121,3,0,170,80,997,43,100,94,0,4,100,72,2771,0,45142,1259,35,63860,31096,363702,0,5474,16425,211375,602,36094,95030,4,0,4,72,1463,40,4,1,0,2,365001,70,25,17588288919254605672,0.000000,56.000000,80.500000,0.000000,74.562068,93.418793,39,0
522,2636002106,1000,4,18,34,0,79,54,0,100,7,8,8,4,72,100,41,3,256,285,0,0,18,64,89,9,27,18,18,0,3508,428,224,107,1,9,813,19,0,5,0,0,5249,5,10,770,0,6,18,1,0,0,1,0,1,3,1,2,6,502,0,0,0,0,0,0,35,1,1,287742,4,2,13295,100,24,4,8,909,936,19,2,38,23,154,4,0,67,24,996,67,100,100,0,4,100,72,782,0,57112,1651,28,22482,8692,363273,0,0,0,76284,973,0,287743,4,3,13,72,77434,40,0,1,0,2,365001,70,25,10138795965290208509,4.500000,52.000000,81.250000,0.406168,75.736743,94.545318,7,0
523,995470579,1000,21,64,26,0,78,54,0,100,7,8,8,5,72,100,33,3,256,214,0,0,11,65,93,2,10,11,11,0,3426,316,115,84,0,0,2353,9,3,4,0,0,5208,5,19,480,0,5,11,0,0,0,1,0,1,2,1,1,6,501,0,0,0,0,0,0,43,1,1,269207,4,2,13279,58,12,4,8,865,940,24,2,0,0,185,3,0,70,25,989,12,100,17,0,4,100,72,1189,0,67656,1259,18,23397,12022,360958,0,0,0,95264,528,0,269208,4,0,7,72,2450,40,5,1,3,2,365001,70,25,8075202456763288812,21.750000,39.250000,81.250000,3.348746,72.834024,94.538745,0,0
524,3649906348,1000,16,45,33,0,78,54,0,100,7,8,8,5,72,100,41,3,256,356,0,0,95,65,95,2,10,95,94,1,3269,608,157,96,0,0,1909,10,11,0,0,0,5260,5,1,494,0,8,95,0,0,0,3,1,1,2,2,0,6,504,0,0,0,0,0,0,234,1,2,31878,4,2,13213,100,0,4,8,944,936,16,2,68,21,66,0,0,155,24,995,23,100,56,0,4,100,72,943,0,25325,0,28,60992,9888,362965,0,5474,16425,258965,0,0,84136,4,0,8,72,2786,40,0,1,2,2,365001,70,25,15076050825502777932,16.500000,49.500000,81.250000,2.513434,73.923106,94.511466,37,0
525,2009374821,1000,0,0,54,0,100,60,0,100,6,8,8,5,72,100,41,3,256,276,0,0,78,71,94,2,10,78,78,0,3349,476,234,144,0,0,1997,9,0,3,0,0,11020,5,4,480,0,3,78,0,0,0,3,4,1,2,2,0,6,500,0,0,0,0,0,0,242,2,4,47950,4,2,16330,116,0,4,8,946,938,17,2,63,28,74,2,0,187,32,998,57,100,100,0,4,100,72,903,0,28569,783,28,65728,10692,364122,0,5474,16425,233184,169,13190,96558,4,0,4,72,1624,40,4,1,0,2,365001,70,25,12068094848877929178,0.000000,82.000000,90.000000,0.000000,82.161911,92.486222,13,0
526,368843294,1000,6,25,28,0,78,54,0,100,7,8,8,5,72,100,31,3,256,302,0,0,13,58,95,2,10,13,13,0,3344,456,117,96,0,0,2129,20,0,4,0,0,6179,5,15,480,0,5,13,0,0,0,1,0,1,1,1,0,6,500,0,0,0,0,0,0,33,1,2,289702,4,2,13161,100,0,4,8,916,925,14,2,44,0,259,1,0,64,29,979,48,100,100,0,4,100,72,1144,0,95881,619,14,20486,12392,357043,0,0,0,75189,108,0,289703,4,0,17,72,6258,40,5,1,0,2,365001,70,25,15170240123357719523,6.250000,42.000000,81.250000,0.364714,73.938455,94.939594,0,0
527,3023279063,1000,5,22,38,0,78,54,0,100,7,8,8,5,72,100,41,3,256,192,480,0,73,68,93,2,10,73,72,1,3428,548,231,94,0,0,1543,13,0,0,1,1,5207,5,1,542,0,8,73,1,0,0,1,0,0,3,2,1,2,19,40,70,100,100,25,0,271,2,6,0,4,2,13103,78,12,4,8,792,915,28,2,61,0,322,5,0,178,23,991,66,100,97,0,4,100,72,819,0,116644,1850,30,63686,8702,361604,0,10948,18189,237044,454,0,98365,4,0,12,72,3521,40,3,1,0,2,365001,70,25,4707154881849961894,5.500000,58.000000,81.250000,0.496985,76.161337,94.482180,9,0
528,1382747536,1000,5,20,39,0,78,54,0,100,7,8,8,4,72,100,30,3,256,223,2805,0,86,60,84,2,10,64,64,0,3309,58,9,94,0,0,159,20,5,0,0,1,5227,5,15,0,0,4,64,0,2,0,1,0,0,0,0,0,4,1239,87,85,100,100,99,0,163,4,6,0,4,2,13162,78,0,4,8,669,899,20,2,26,0,31,739,0,161,22,863,19,100,53,0,4,100,72,536,0,11573,269707,0,61607,6432,314987,0,0,0,99324,207404,58272,0,0,0,22,12,7364,40,6,1,0,2,365001,70,25,8476365720443507314,5.000000,58.500000,81.250000,0.449780,76.245859,94.506914,0,0
529,4037183305,1000,5,21,29,0,78,54,0,100,7,8,8,5,64,100,38,3,256,438,0,0,48,58,71,2,10,48,45,3,3333,547,234,96,0,0,1938,20,5,3,0,0,5675,5,4,482,0,7,48,0,0,0,0,1,1,2,2,0,6,500,0,0,0,0,0,0,245,2,3,37339,4,2,13201,100,0,4,8,867,926,103,2,57,0,87,3,0,163,2,2,32,100,88,0,4,100,64,36,0,31822,1147,24,59160,372,455,0,5474,16425,246066,160,10893,85982,4,0,23,72,8729,40,7,1,0,2,365001,70,25,5378493470811781161,5.250000,44.250000,81.250000,0.474055,73.670101,94.514809,20,0
530,2396651778,1000,22,64,26,0,78,54,0,100,7,8,8,5,72,100,38,3,256,242,120,0,82,63,95,2,10,81,81,0,3388,493,117,93,0,0,1986,13,0,3,0,2,5207,5,4,510,0,8,81,0,0,0,2,0,1,2,2,0,6,501,0,0,0,0,0,1,244,2,4,48259,4,2,13152,58,0,4,8,349,941,46,2,38,0,254,2,0,166,25,905,14,100,27,0,4,100,72,833,0,92071,783,24,56620,9836,330202,0,5474,16425,232864,106,13980,96151,4,0,9,72,2373,40,0,1,3,2,365001,70,25,5371698568734051309,22.000000,39.000000,81.250000,3.145377,73.421533,94.900015,0,0
531,756120251,1000,22,67,27,0,78,54,0,100,7,8,8,4,54,100,42,3,256,344,2610,0,49,58,83,2,10,49,48,1,3456,268,0,96,0,0,300,19,7,0,4,0,5208,8,9,236,0,8,49,0,3,0,1,0,0,1,1,0,4,654,91,49,100,100,100,0,233,3,8,0,4,2,13277,116,0,4,8,871,936,14,2,1,0,226,157,0,162,0,0,36,100,49,0,4,100,54,8,0,83084,57074,14,58736,96,0,0,5474,16425,236037,56260,0,50804,2,0,16,36,5208,40,6,1,3,2,365001,70,25,11920330211684432927,22.750000,41.500000,81.250000,3.542668,73.208556,94.554493,0,0
532,3410556020,1000,7,22,26,0,78,37,0,99,7,8,8,3,100,100,25,3,256,298,3269,0,16,65,83,20,63,14,11,3,3348,37,0,96,16,100,0,6,0,1,1,1,12844,8,9,0,0,3,14,1,2,0,12,0,0,1,0,1,4,1291,89,94,100,100,99,0,94,4,9,0,3,3,12676,116,12,3,8,970,934,10,3,65,17,778,791,0,178,333,996,36,100,97,0,120,98,100,11894,0,283968,288691,7,67918,119452,363366,0,0,0,76284,288716,0,0,0,0,4,12,1428,40,4,1,0,2,365001,70,25,1757536864429882326,7.333333,52.000000,74.666667,0.513727,76.178605,93.540628,11,0
533,1770024493,1000,5,21,39,0,78,54,0,100,7,8,8,4,53,100,31,3,256,264,3347,0,56,59,83,2,10,56,22,34,3389,0,0,96,0,0,0,20,3,0,1,1,5208,12,18,0,0,5,56,1,2,0,0,4,0,1,0,1,4,1239,84,56,100,98,98,0,113,4,9,0,4,2,7879,100,12,4,8,862,926,61,2,14,0,482,739,0,180,0,0,16,100,49,0,4,100,53,3,0,175861,269707,7,59476,36,0,0,0,0,96020,254895,14085,0,0,0,29,12,9842,40,7,1,0,2,365001,70,25,13627512319690089265,5.250000,58.500000,81.250000,0.788933,75.069679,90.823709,24,0
534,129492966,1000,6,24,37,0,78,53,0,100,7,8,8,5,100,100,40,3,256,291,0,0,61,69,91,2,10,61,55,6,3371,538,236,96,0,0,1955,20,0,3,0,0,8667,5,4,480,0,7,61,0,0,0,0,0,1,2,2,0,6,500,0,0,0,0,0,0,250,2,5,48595,4,2,5463,100,0,4,8,952,933,40,2,85,12,104,2,0,160,318,958,27,100,100,0,118,100,100,12494,0,36980,759,24,56606,119928,349534,0,5474,16425,221608,81,23830,97582,4,22,2,72,13629,40,4,1,1,2,365001,70,25,12998023441001848866,6.000000,55.750000,80.750000,1.300384,69.809079,85.584843,45,0
535,2783928735,1000,7,21,26,0,78,37,0,100,7,8,8,3,72,100,40,3,256,266,2843,0,32,66,86,29,58,32,15,17,3362,63,0,96,16,100,246,20,0,0,2,1,5207,9,16,168,0,7,32,1,2,0,7,0,0,1,0,1,4,1265,91,61,100,100,100,0,97,4,5,0,3,3,12605,116,12,3,8,824,939,105,3,30,0,353,765,0,209,5,327,36,100,97,0,4,100,72,132,0,129128,279199,7,67372,1116,119085,0,0,0,85774,279226,0,0,2,0,20,36,6300,40,4,1,0,2,365001,70,25,14144153061279497281,7.000000,52.000000,75.000000,0.493138,76.168346,94.259421,30,0
536,1143397208,1000,6,25,38,0,78,53,0,100,7,8,8,5,100,100,41,3,256,432,720,0,35,67,90,2,10,35,11,24,3349,448,235,89,0,0,1404,20,8,1,1,1,5207,5,2,500,0,6,35,0,0,0,0,3,0,2,2,0,2,22,69,66,100,100,32,0,276,2,4,0,4,2,13357,100,0,4,8,765,936,71,2,34,0,229,3,0,136,253,775,39,100,50,0,116,100,100,9974,0,83874,1203,24,56420,94246,282532,0,10948,19057,235789,153,0,99053,4,0,21,72,7105,40,2,1,0,2,365001,70,25,3290721368965436797,6.250000,58.000000,80.500000,0.554017,74.847346,92.214345,0,0
537,3797832977,1000,5,21,26,0,78,54,0,100,7,8,8,4,71,100,41,3,256,234,0,0,3,65,95,2,10,3,3,0,3387,430,234,96,0,0,2044,20,0,4,0,0,6033,5,16,517,0,5,3,0,0,0,0,1,1,1,1,0,6,500,0,0,0,0,0,0,34,1,2,288610,4,2,13206,116,0,4,8,866,937,60,2,43,0,33,2,0,47,3,936,48,100,100,0,4,100,71,59,0,12333,755,14,19132,708,341498,0,0,0,76284,105,0,288611,4,0,22,72,7182,40,6,1,0,2,365001,70,25,15506187424128491953,5.250000,39.000000,81.250000,0.470695,72.678328,94.523701,0,0
538,2157301450,1000,6,19,26,0,78,37,0,100,7,8,8,3,72,100,40,3,256,213,0,0,16,74,95,9,27,15,15,0,3221,404,118,108,6,39,2177,20,0,0,0,0,7833,5,1,480,0,3,15,1,0,0,11,0,1,3,2,1,6,500,0,0,0,0,0,0,233,1,1,35546,3,3,12679,132,12,3,8,960,943,9,3,42,0,712,3,0,187,72,983,24,100,95,0,4,100,72,2467,0,259723,1147,35,65776,28448,358548,0,5474,16425,256116,529,0,86456,4,0,19,72,6076,40,1,1,0,2,365001,70,25,11381650067220857710,6.333333,52.000000,74.666667,0.443568,76.179036,94.144964,0,0
539,516769923,1000,5,21,32,0,78,51,0,100,7,8,8,5,72,100,41,3,256,272,120,0,57,63,95,2,10,55,55,0,3327,415,118,95,0,0,2092,7,53,3,2,0,12660,5,4,480,0,3,55,0,0,0,0,5,1,2,2,0,6,502,0,0,0,0,0,2,252,3,8,46438,4,2,13143,78,0,4,8,967,935,10,2,76,17,238,2,0,160,69,998,67,100,72,0,4,100,72,2134,0,86137,979,28,58376,25486,364001,0,5474,16425,224065,0,22502,96534,4,0,5,72,1694,40,5,1,0,2,365001,70,25,3951498939959624382,5.250000,48.500000,77.250000,0.472951,74.636384,93.854675,5,0
540,3171205692,1000,5,23,37,0,78,54,0,100,7,8,8,5,72,100,41,3,256,400,0,0,48,70,95,2,10,45,45,0,3421,506,195,96,0,0,2048,7,0,3,0,0,6504,5,4,510,0,7,45,0,0,0,0,0,1,3,2,1,6,500,0,0,0,0,0,0,228,2,6,43386,4,2,13269,116,12,4,8,879,932,21,2,46,21,95,5,0,198,19,995,65,100,100,0,4,100,72,719,0,35516,1934,35,65508,7480,363084,0,5474,16425,246374,662,0,96065,4,0,5,72,1477,40,5,1,0,2,365001,70,25,17780699590515454163,5.750000,56.000000,81.250000,0.513076,75.816866,94.432135,6,0
541,1530674165,1000,7,22,26,0,78,37,0,100,7,8,8,2,72,100,25,3,256,294,3281,0,38,65,83,19,62,27,11,16,3473,150,0,96,16,100,0,5,0,0,1,0,12742,7,5,0,0,3,27,1,2,0,12,0,0,1,0,1,4,1294,85,50,100,100,98,0,93,4,8,0,3,3,12680,132,12,3,8,958,933,12,3,43,16,707,794,0,187,64,996,36,100,100,0,5,100,72,1912,0,257816,289783,7,67890,22624,363427,0,0,0,75189,289811,0,0,0,0,4,12,1645,40,4,1,0,2,365001,70,25,10187320593039704878,7.333333,52.000000,75.000000,0.513565,76.179180,94.298107,5,0
542,4185109934,1000,5,22,26,0,78,40,0,100,7,8,8,5,72,100,31,3,256,365,424,0,42,62,95,2,10,42,41,1,3451,415,118,96,0,0,1694,17,0,3,1,1,10966,5,4,758,0,7,42,0,0,0,3,0,0,2,2,0,1,1,29,76,45,50,22,0,228,2,4,0,4,2,13248,100,0,4,8,969,944,8,2,38,0,146,1,0,155,105,992,48,100,100,0,4,100,72,4115,0,53204,420,28,63983,40496,361985,0,6086,16425,236884,95,0,105510,4,11,1,72,4200,40,3,1,0,2,365001,70,25,8144076626904137052,5.500000,40.000000,60.250000,0.491546,73.090127,90.945954,1,0
543,2544578407,1000,5,21,29,0,78,54,0,100,7,8,8,5,72,100,73,3,256,173,0,0,53,63,91,2,10,53,51,2,3211,547,233,96,0,0,1714,14,0,3,0,0,9141,5,4,555,0,7,53,0,0,0,0,0,1,2,2,0,6,500,0,0,0,0,0,0,242,2,7,39242,4,2,13356,100,0,4,8,901,942,13,2,31,0,286,1,0,175,265,979,47,100,100,0,4,100,72,10101,0,101144,476,28,59202,97530,357120,0,5474,16425,244299,96,11565,87141,4,10,0,72,3402,75,7,1,0,2,365001,70,25,17917768824787126798,5.250000,44.500000,81.250000,0.466981,73.770740,94.462788,0,0
544,904046880,1000,5,20,39,0,78,54,0,100,7,8,8,5,72,100,41,3,256,408,0,0,41,69,88,2,10,41,41,0,3387,536,234,96,0,0,2095,18,6,0,0,0,7039,5,1,480,0,5,41,0,0,0,1,0,0,2,2,0,2,131,9,69,45,100,17,0,472,3,7,0,4,2,13188,100,0,4,8,912,938,39,2,0,0,77,1,0,148,19,992,36,100,49,0,4,100,72,828,0,30249,647,28,58048,9716,361824,0,10948,58932,239790,151,5489,49690,4,0,13,72,11844,40,3,1,0,2,365001,70,25,14231852887902126373,5.000000,58.500000,81.250000,0.448893,76.249318,94.517743,0,0
545,3558482649,1000,1,6,36,0,78,45,0,100,6,8,8,6,100,100,34,3,256,339,120,0,86,65,95,2,10,84,67,17,3349,551,116,135,0,0,1950,9,60,3,2,0,12088,5,4,480,0,5,84,0,0,0,0,5,1,4,2,2,6,501,0,0,0,0,0,2,233,2,5,46410,4,2,13450,132,24,4,8,938,913,22,2,57,20,262,3,0,144,347,998,69,100,56,0,120,98,100,12632,0,95329,1119,42,58848,127508,364092,0,5474,16425,237385,986,8989,95741,4,0,4,72,1659,40,4,1,0,2,365001,70,25,14560867211191228931,1.500000,54.750000,67.500000,0.271227,74.170706,91.199703,12,0
546,1917951122,1000,7,21,25,0,78,37,0,100,7,8,8,2,72,100,40,3,256,330,805,0,35,70,95,2,10,35,35,0,3441,124,90,94,0,0,1716,8,0,3,3,0,5254,5,4,664,0,6,35,0,0,0,3,4,0,3,2,1,2,18,31,95,47,100,22,0,272,3,6,0,3,3,12757,78,12,3,8,955,934,15,3,48,26,56,3,0,191,20,994,36,100,96,0,4,100,72,794,0,20841,1175,35,65161,8512,362664,0,10948,17800,235789,589,0,99874,4,0,6,72,1820,40,5,1,0,2,365001,70,25,1812859895664365337,7.000000,51.333333,74.666667,0.487262,75.738653,93.982911,8,0
547,277419595,1000,6,20,26,0,78,30,0,100,7,8,8,2,100,100,25,3,256,260,3022,0,36,65,83,2,10,25,14,11,3331,260,0,96,0,0,0,5,12,0,2,1,12981,8,7,1,0,2,25,0,3,0,2,0,0,1,0,1,4,1242,86,54,100,100,98,0,151,3,7,0,3,3,12601,116,12,3,8,949,934,13,3,48,12,105,742,0,163,242,998,20,100,53,0,120,98,100,9920,0,38761,270799,7,60486,88168,364043,0,0,0,83331,231908,49761,0,0,0,4,12,1659,40,4,1,0,2,365001,70,25,2057639887413900391,6.666667,52.000000,61.000000,0.474566,76.149195,93.252678,8,0
548,2931855364,1000,30,100,26,0,78,44,0,100,7,8,8,5,72,100,32,3,256,293,0,0,38,61,69,31,87,38,24,14,3431,601,232,93,16,100,2076,14,0,0,0,0,11166,5,1,480,0,4,38,1,0,0,0,1,1,3,2,1,6,501,0,0,0,0,0,0,245,2,5,35127,4,2,13164,58,12,4,8,970,941,10,2,63,0,108,5,0,155,133,993,24,100,55,0,4,100,72,4511,0,38073,2014,30,58349,49608,362251,0,5474,16425,242199,568,13665,86669,4,0,10,72,4249,40,0,1,4,2,365001,70,25,2820370661612663627,30.500000,39.000000,66.250000,4.809480,72.880583,91.920389,29,0
549,1291323837,1000,6,25,28,0,78,54,0,100,7,8,8,5,100,100,28,3,256,295,3231,0,76,57,83,2,10,75,75,0,3295,6,0,70,0,0,0,13,0,0,15,0,12387,5,11,0,0,6,75,0,2,0,0,2,0,0,0,0,5,1268,100,84,100,0,1,0,133,4,9,0,4,2,13007,78,0,4,8,935,929,14,2,45,28,20,768,0,202,358,998,12,100,44,0,120,98,100,12595,0,7232,280293,0,63696,131064,364043,0,0,0,80301,251494,33205,0,0,0,11,12,5971,40,7,1,0,2,365001,70,25,5741049263011563880,6.250000,42.500000,81.000000,0.568924,29.033136,93.704082,9,0
550,3945759606,1000,7,23,26,0,78,37,0,100,7,8,8,3,72,100,40,3,256,297,3167,0,37,65,83,2,10,37,27,10,3389,126,0,96,0,0,0,19,0,0,2,0,5207,7,19,54,0,8,37,0,3,0,6,0,0,1,0,1,4,1265,87,75,100,100,99,0,96,4,6,0,3,3,12575,100,12,3,8,891,943,102,3,35,0,275,765,0,191,6,966,36,100,100,0,4,100,72,217,0,100443,279199,6,67856,2494,352479,0,0,0,85774,279226,0,0,1,0,17,18,5376,40,1,1,0,2,365001,70,25,2894254272855598412,7.666667,52.000000,75.000000,0.327396,76.889702,94.634990,33,0
551,2305228079,1000,4,18,39,0,78,54,0,100,7,8,8,4,56,100,41,3,256,276,513,0,54,66,95,2,10,54,32,22,3469,382,234,103,0,0,1818,23,0,1,2,4,5208,5,2,480,0,7,54,0,0,0,0,0,0,3,2,1,2,19,82,78,100,100,35,0,271,2,4,0,4,2,13223,100,12,4,8,614,933,61,2,42,0,156,3,0,175,0,0,33,100,100,0,7,100,56,9,0,58699,1175,35,64021,108,0,0,10948,18128,235789,563,0,99572,4,0,21,72,7063,40,5,1,0,2,365001,70,25,14252755677736024208,4.500000,58.500000,81.250000,0.402934,76.253951,94.530742,0,0
552,664696552,1000,4,18,32,0,78,54,0,100,7,8,8,5,100,100,41,3,256,220,0,0,62,63,95,2,10,62,62,0,3365,367,147,87,0,0,2269,9,0,3,0,0,13499,5,4,480,0,5,62,0,0,0,3,1,1,2,2,0,6,507,0,0,0,0,0,0,238,1,2,37338,4,2,13272,78,0,4,8,971,947,12,2,60,45,148,2,0,188,354,997,29,100,100,0,120,98,100,13003,0,53542,783,28,66710,129242,363898,0,5474,16425,252108,112,5293,85588,4,0,5,72,1652,40,4,1,0,2,365001,70,25,10024525331876398512,4.500000,49.250000,81.000000,0.401447,65.880651,93.717300,32,0
553,3319132321,1000,6,18,26,0,78,37,0,100,7,8,8,3,72,100,25,3,256,248,2965,0,45,64,83,20,63,37,28,9,3353,54,0,96,16,100,57,5,8,0,3,2,12952,10,6,1,0,3,37,1,2,0,12,0,0,1,0,1,4,1239,92,68,100,100,100,0,98,4,6,0,3,3,12603,100,12,3,8,971,932,10,3,45,16,696,739,0,165,119,998,36,100,50,0,4,100,72,3740,0,253476,269679,7,61426,43966,364010,0,0,0,95264,269736,0,0,0,0,4,12,1939,40,4,1,0,2,365001,70,25,3729352584979208719,6.000000,52.000000,75.000000,0.422756,76.168055,94.263271,5,0
554,1678600794,1000,4,19,36,0,78,54,0,100,7,8,8,4,55,100,52,3,256,230,120,0,53,65,94,2,10,52,51,1,3326,520,232,96,0,0,1574,15,39,3,2,0,5208,5,4,480,0,5,52,0,0,0,2,1,1,2,2,0,6,504,0,0,0,0,0,2,238,1,4,48286,4,2,13293,132,0,4,8,892,934,33,2,49,0,253,2,0,147,0,0,72,100,95,0,4,100,55,11,0,91063,755,28,56424,132,0,0,5474,16425,238629,110,8177,96185,4,0,12,72,3766,40,3,1,0,2,365001,70,25,6709031068669089873,4.750000,54.500000,81.250000,0.423080,75.537350,94.561047,0,0
555,38069267,1000,5,21,39,0,78,54,0,100,7,8,8,4,72,100,36,3,256,691,2681,0,30,60,83,2,10,30,30,0,3262,179,235,96,0,0,119,6,6,0,0,4,5207,5,7,0,0,5,30,0,2,0,1,1,0,1,1,0,4,663,99,64,100,100,100,0,234,3,8,0,4,2,16968,116,0,4,8,483,934,26,2,21,0,16,165,0,152,19,997,40,100,50,0,4,100,72,539,0,5944,60322,14,59400,6468,363786,0,5474,16425,234694,59772,0,48635,0,0,2,12,672,40,2,1,0,2,365001,70,25,1057647561796918779,5.250000,58.500000,81.250000,0.368812,76.630127,95.732555,0,0
556,2692505036,1000,5,23,39,0,78,54,0,100,7,8,8,5,72,100,52,3,256,303,573,0,61,66,93,2,10,61,60,1,3342,408,233,81,0,0,1606,16,18,1,1,2,8511,5,2,480,0,5,61,0,0,0,2,0,0,3,2,1,2,16,47,68,100,100,26,0,275,3,8,0,4,2,13251,100,12,4,8,907,920,36,2,47,0,286,5,0,144,30,789,71,100,51,0,4,100,72,1062,0,104279,1850,35,56836,12516,287680,0,10948,17152,227024,556,8765,100555,4,0,12,72,10332,40,3,1,0,2,365001,70,25,1055271649896378756,5.750000,58.500000,81.000000,0.518980,76.239982,93.808996,0,0
557,1051973509,1000,6,20,26,0,78,37,0,100,7,8,8,2,100,100,40,3,256,256,0,0,32,72,95,2,10,31,30,1,3347,288,118,95,0,0,2419,20,9,0,0,0,8241,5,1,480,0,3,31,0,0,0,1,0,1,2,2,0,6,500,0,0,0,0,0,0,248,2,5,34063,3,3,12751,78,0,3,8,908,939,19,3,61,0,38,2,0,177,179,938,22,99,50,0,120,94,100,5521,0,13671,783,24,57200,66252,342086,0,5474,16425,228699,165,26070,88167,4,0,22,72,7126,40,6,1,0,2,365001,70,25,16454792025324349669,6.666667,52.000000,75.000000,0.464277,76.189318,94.088307,1,0
558,3706409278,1000,21,64,26,0,78,37,0,100,7,8,8,5,72,100,27,3,256,284,0,0,78,69,95,2,10,76,59,17,3453,520,118,82,0,0,2293,9,4,0,0,0,12420,5,1,480,0,3,76,0,0,0,0,0,1,2,2,0,6,500,0,0,0,0,0,0,238,2,5,33699,4,2,13234,58,0,4,8,970,928,9,2,58,17,166,1,0,160,73,997,12,98,5,0,4,100,72,2337,0,63625,699,24,59300,27872,363672,0,5474,16425,244131,164,11733,87073,4,0,4,72,1610,40,4,1,3,2,365001,70,25,7059473665518977946,21.250000,39.000000,56.500000,3.129515,73.013752,90.420886,2,0
559,2065877751,1000,5,23,39,0,78,54,0,100,7,8,8,4,72,100,26,3,256,440,3325,0,91,59,83,2,10,51,14,37,3392,17,0,96,0,0,0,11,6,0,2,1,5208,12,19,0,0,6,51,1,2,0,1,1,0,1,0,1,4,1268,91,55,100,100,100,0,128,4,9,0,4,2,13167,116,12,4,8,891,942,94,2,8,0,530,768,0,166,13,989,31,100,51,0,4,100,72,558,0,193220,280291,7,61720,6696,360788,0,0,0,85631,247336,32033,0,0,0,21,12,26530,40,0,1,0,2,365001,70,25,11538725114574257497,5.750000,58.500000,81.250000,0.448925,76.477558,94.671907,14,0
560,425346224,1000,6,25,35,0,78,42,0,100,7,8,8,5,72,100,27,3,256,337,305,0,70,65,95,10,35,68,48,20,3439,404,118,96,11,71,2090,9,11,2,4,2,13133,5,3,480,0,3,68,1,0,0,0,0,0,3,2,1,1,2,57,69,77,66,29,0,246,2,5,0,4,2,13113,100,12,4,8,973,935,12,2,68,24,141,4,0,170,89,998,68,100,63,0,4,100,72,2533,0,51960,1790,35,58027,29708,364262,0,6559,16425,219516,618,15178,106704,4,0,4,72,3822,40,4,1,0,2,365001,70,25,6185158130097164666,6.750000,53.750000,64.250000,0.641043,75.510486,91.876458,9,0
561,3079781993,1000,0,0,42,0,100,43,0,100,6,8,8,3,72,100,41,3,256,267,120,0,37,73,93,2,10,36,33,3,3315,249,118,125,0,0,1674,10,0,3,0,2,7720,5,4,992,0,6,36,0,0,0,0,1,1,4,2,2,6,500,0,0,0,0,0,1,225,3,8,49798,3,3,17073,100,24,3,8,809,938,15,3,75,27,84,4,0,185,27,996,45,100,89,0,4,100,72,1041,0,31595,1511,42,63699,10912,363315,0,5474,16425,235789,883,0,106429,4,0,4,72,1421,40,4,1,0,2,365001,70,25,14028263597778754370,0.000000,85.333333,86.666667,0.000000,83.933931,91.324313,4,0
562,1439250466,1000,5,22,39,0,78,54,0,100,7,8,8,4,72,100,26,3,256,301,3315,0,69,59,83,2,10,69,69,0,3381,24,0,96,0,0,0,20,12,0,2,0,5223,12,13,0,0,7,69,0,2,0,0,0,0,0,0,0,4,1242,87,56,100,100,99,0,110,3,4,0,4,2,13240,132,0,4,8,901,940,84,2,42,0,18,742,0,161,10,968,36,100,50,0,4,100,72,337,0,7707,270799,0,60948,4044,353090,0,0,0,95093,258650,11257,0,0,0,22,12,7126,40,6,1,0,2,365001,70,25,10386141504192932784,5.500000,58.500000,81.250000,0.491843,76.256193,94.537764,0,0
563,4093686235,1000,6,24,39,0,78,54,0,100,7,8,8,5,72,100,41,3,256,354,0,0,55,69,95,2,10,55,55,0,3334,536,234,96,0,0,1952,22,0,3,0,0,5230,5,4,480,0,5,55,0,0,0,1,5,1,3,2,1,6,501,0,0,0,0,0,0,233,3,6,37311,4,2,13220,116,12,4,8,846,814,19,2,18,0,178,4,0,167,50,899,33,100,90,0,4,100,72,1643,0,64407,1818,30,58790,16870,328030,0,5474,16425,255864,560,0,86677,4,0,17,72,5509,40,6,1,0,2,365001,70,25,4949548265094579650,6.000000,58.500000,81.250000,0.537368,76.253555,94.531014,0,0
564,2453154708,1000,6,20,26,0,78,37,0,100,7,8,8,3,72,100,40,3,256,323,120,0,36,73,95,2,10,35,29,6,3328,256,118,96,0,0,2105,20,0,3,0,2,5207,5,4,549,0,7,35,0,0,0,2,3,1,3,2,1,6,501,0,0,0,0,0,1,227,2,6,49687,3,3,12846,100,12,3,8,646,928,40,3,10,0,92,1,0,214,16,927,51,100,100,0,4,100,72,549,0,34955,619,30,65172,6156,338082,0,5474,16425,245279,608,0,97214,4,0,30,72,9499,40,4,1,0,2,365001,70,25,18385256160821423624,6.666667,52.000000,75.000000,0.460844,76.202709,94.370232,0,0
565,812623181,1000,5,20,37,0,78,54,0,100,7,8,8,5,100,100,42,3,256,243,0,0,23,60,87,2,10,21,21,0,3280,284,116,96,0,0,522,5,0,3,0,0,6500,5,4,287,0,7,21,0,0,0,2,5,1,2,1,1,6,501,0,0,0,0,0,0,33,1,2,290346,4,2,13198,116,12,4,8,704,942,19,2,56,30,53,3,0,57,306,997,48,100,100,0,120,98,100,10593,0,19529,1117,21,22880,107524,363693,0,0,0,74094,559,0,290347,2,0,4,36,1638,40,4,1,0,2,365001,70,25,113481570452099611,5.000000,55.500000,81.000000,0.448553,75.716018,93.802546,24,0
566,3467058950,1000,0,0,43,0,78,55,0,100,6,8,8,5,72,100,41,3,256,310,0,0,57,64,93,2,10,57,56,1,3325,599,234,116,0,0,1500,7,0,3,0,0,9078,5,4,830,0,5,57,0,0,0,3,2,1,3,2,1,6,500,0,0,0,0,0,0,224,2,3,57639,4,2,6270,132,12,4,8,945,937,12,2,39,8,14,0,0,161,64,995,33,100,100,0,4,100,72,2191,0,5272,0,30,55918,23960,362974,0,5474,16425,235789,658,0,106654,4,0,3,72,1050,40,3,1,0,2,365001,70,25,15140990894901193500,0.000000,65.000000,83.500000,0.000000,75.453907,88.813078,15,0
567,1826527423,1000,6,25,39,0,78,54,0,100,7,8,8,5,72,100,40,3,256,164,0,0,68,67,95,2,10,67,67,0,3414,540,236,94,0,0,2110,13,5,0,0,0,7453,5,1,486,0,8,67,0,0,0,4,3,0,2,2,0,2,89,8,79,45,0,1,0,475,3,4,0,4,2,12931,78,0,4,8,912,934,36,2,69,12,21,0,0,152,24,988,13,100,40,0,4,100,72,886,0,7851,0,28,59472,10012,360510,0,10948,52102,236386,141,9745,55678,4,0,12,72,4053,40,3,1,0,2,365001,70,25,4976183997780887712,6.250000,58.500000,81.250000,0.572268,76.214523,94.408785,38,0
568,185995896,1000,5,21,32,0,78,54,0,100,7,8,8,4,72,100,31,3,256,447,2697,0,41,58,87,2,10,38,37,1,3314,255,0,79,0,0,320,19,14,0,3,0,5207,6,10,0,0,5,38,0,2,0,0,0,0,1,1,0,4,625,84,93,100,100,98,0,249,3,5,0,4,2,13177,78,0,4,8,812,927,16,2,23,0,91,128,0,154,13,977,36,100,52,0,4,100,72,421,0,32127,46546,14,57826,5052,356385,0,5474,16425,233732,45733,10621,53015,0,0,17,12,6454,40,2,1,0,2,365001,70,25,16025107044115314054,5.250000,48.750000,81.000000,0.471731,74.110192,93.671549,0,0
569,2840431665,1000,9,25,26,0,78,20,0,80,7,8,8,2,72,100,17,3,256,287,3094,0,54,66,84,24,76,52,18,34,3475,221,0,107,27,100,118,16,7,0,4,0,5208,5,8,0,0,6,52,1,2,0,3,1,0,1,0,1,5,1268,86,62,100,0,1,0,143,3,6,0,3,3,12479,100,12,3,8,864,931,13,3,52,0,568,768,0,157,12,982,36,100,48,0,4,100,72,392,0,206213,280263,7,60708,4704,358319,0,0,0,85519,236841,42640,0,0,0,15,12,5096,40,6,1,1,2,365001,70,25,9139543512740958153,9.000000,52.000000,41.666667,1.735556,77.374950,18.310762,3,0
570,1199900138,1000,7,21,26,0,78,37,0,100,7,8,8,2,100,100,40,3,256,352,694,0,11,70,95,17,56,11,8,3,3243,140,118,96,16,100,1769,10,0,2,5,0,12673,5,3,480,0,3,11,1,0,0,1,5,0,3,2,1,2,23,39,68,82,100,24,0,278,2,6,0,3,3,12610,100,12,3,8,971,941,10,3,72,44,660,3,0,175,314,998,15,100,67,0,120,98,100,9936,0,240904,1147,35,61401,114136,363987,0,10948,19672,234694,605,0,99081,4,0,6,72,1729,40,6,1,0,2,365001,70,25,13307206958749236256,7.000000,52.000000,74.333333,0.492942,76.169072,94.221094,38,0
571,3854335907,1000,4,17,39,0,78,54,0,100,7,8,8,5,72,100,41,3,256,232,544,0,61,66,91,2,10,61,61,0,3442,498,232,96,0,0,1646,20,6,0,1,3,11878,5,1,480,0,7,61,1,0,0,1,0,0,3,2,1,2,21,76,77,100,100,34,0,302,2,3,0,4,2,13216,100,12,4,8,975,939,10,2,75,12,250,2,0,139,103,990,65,100,48,0,4,100,72,4117,0,89812,979,30,56396,40398,361154,0,10948,20223,220532,481,13805,99011,4,10,8,72,6664,40,1,1,0,2,365001,70,25,5636021378655553462,4.250000,58.500000,81.000000,0.380751,76.253027,94.505448,1,0
572,2213804380,1000,4,17,33,0,78,46,0,100,7,8,8,4,100,100,26,3,256,301,3118,0,97,56,83,2,10,60,60,0,3282,4,118,83,0,0,0,13,15,0,10,1,10329,5,14,0,0,3,60,0,2,0,3,0,0,0,0,0,4,1242,100,62,100,100,100,0,111,4,6,0,4,2,11401,100,0,4,8,946,907,12,2,41,22,24,742,0,162,334,997,36,100,51,0,120,98,100,12114,0,8744,270799,0,62630,124614,363744,0,0,0,94925,258314,11761,0,0,0,11,12,5796,40,7,1,0,2,365001,70,25,5200274637905236638,4.250000,49.750000,70.250000,0.441365,54.186036,63.914744,12,0
573,573272853,1000,5,21,38,0,78,54,0,100,7,8,8,5,72,100,41,3,256,154,0,0,12,70,92,9,32,12,12,0,3454,551,235,96,3,20,1951,13,0,3,0,0,5218,5,20,555,0,8,12,1,0,0,1,3,1,1,1,0,6,500,0,0,0,0,0,0,38,1,1,281359,4,2,13351,100,0,4,8,864,940,14,2,41,0,168,1,0,73,17,991,48,100,100,0,4,100,72,654,0,59015,504,12,24124,7766,361658,0,0,0,83584,56,0,281360,4,3,9,72,3507,40,2,1,0,2,365001,70,25,3813413480334872630,5.250000,58.250000,81.250000,0.465583,76.226275,94.467830,0,0
574,3227708622,1000,6,25,38,0,78,54,0,100,7,8,8,5,72,100,41,3,256,371,120,0,57,68,87,2,10,57,54,3,3482,520,232,96,0,0,1857,18,41,3,1,1,10602,5,4,587,0,5,57,1,0,0,2,0,1,3,2,1,6,501,0,0,0,0,0,2,290,2,4,48622,4,2,13196,116,12,4,8,958,938,10,2,49,0,254,4,0,138,38,989,73,100,100,0,4,100,72,1523,0,92652,1738,35,57314,15988,360634,0,5474,27378,234326,550,0,97272,4,0,17,72,6020,40,1,1,0,2,365001,70,25,11560597646660652910,6.250000,57.000000,81.250000,0.560776,75.978478,94.519551,0,0
575,1587177095,1000,5,19,28,0,78,54,0,100,7,8,8,5,72,100,36,3,256,359,0,0,31,59,88,2,10,31,30,1,3374,558,233,96,0,0,1911,22,16,3,0,0,6799,5,4,510,0,5,31,0,0,0,2,0,1,2,2,0,6,500,0,0,0,0,0,0,237,2,3,43610,4,2,13285,116,0,4,8,927,924,26,2,49,8,206,1,0,151,13,959,72,100,95,0,4,100,72,560,0,77284,699,28,56750,6536,349910,0,5474,16425,217864,157,16830,108250,4,0,32,72,10437,40,0,1,0,2,365001,70,25,14904156420340772363,5.500000,43.250000,81.250000,0.558148,73.520888,94.556266,0,0
576,4241612864,1000,6,24,39,0,78,54,0,100,7,8,8,5,72,100,41,3,256,327,405,0,46,70,95,2,10,46,25,21,3402,524,175,96,0,0,1771,6,7,1,3,0,10927,5,2,480,0,4,46,0,0,0,2,4,0,3,2,1,2,17,65,77,100,100,31,0,283,2,7,0,4,2,13212,116,12,4,8,929,911,20,2,63,18,85,3,0,163,61,998,39,100,48,0,4,100,72,2590,0,31593,1175,35,57006,26026,364064,0,10948,17508,219071,572,16718,100183,4,0,3,72,1659,40,3,1,0,2,365001,70,25,3663686040104082088,6.000000,58.500000,81.250000,0.537693,76.252498,94.527702,12,0
577,2601081337,1000,6,21,34,0,78,54,0,100,7,8,8,5,72,100,41,3,256,298,0,0,73,62,84,2,10,73,73,0,3369,546,119,96,0,0,1696,22,0,3,0,0,5221,5,4,746,0,8,73,0,0,0,4,0,1,3,2,1,6,501,0,0,0,0,0,0,244,2,5,38598,4,2,13284,132,12,4,8,779,911,71,2,56,0,252,2,0,178,43,983,42,100,100,0,4,100,72,1369,0,92158,865,35,58292,15444,358746,0,5474,16425,243538,488,11511,87564,4,0,18,72,6062,40,1,1,0,2,365001,70,25,12416613708507539818,6.000000,51.000000,81.250000,0.603884,74.902439,94.555857,0,0
578,960549810,1000,6,24,27,0,80,54,0,100,7,8,8,5,72,100,41,3,256,328,0,0,12,66,88,2,10,11,11,0,3298,524,236,96,0,0,1796,23,0,4,0,0,5803,5,6,544,0,5,11,0,0,0,0,2,1,2,1,1,6,501,0,0,0,0,0,0,39,1,1,280882,4,2,13023,132,12,4,8,924,938,38,2,72,11,55,3,0,79,34,989,48,100,100,0,4,100,72,1206,0,20290,1175,21,23512,13102,360655,0,0,0,82127,533,1457,280883,4,0,31,72,13867,40,0,1,0,2,365001,70,25,15670233298921182973,6.000000,40.750000,81.250000,0.549182,74.260769,94.439837,24,0
579,3614985579,1000,6,19,26,0,78,37,0,100,7,8,8,3,72,100,25,3,256,283,3383,0,22,64,83,2,10,21,17,4,3457,20,0,96,0,0,12,20,4,1,2,0,5208,10,17,0,0,6,21,1,2,0,12,0,0,1,0,1,4,1268,87,38,100,100,99,0,121,4,7,0,3,3,12613,116,12,3,8,857,923,12,3,56,0,735,768,0,182,14,971,36,100,51,0,4,100,72,508,0,267955,280263,7,60721,5616,354378,0,0,0,88375,250273,26352,0,0,0,24,12,8085,40,7,1,0,2,365001,70,25,3660417319881847829,6.333333,52.000000,75.000000,0.445889,76.169508,94.267819,19,0
580,1974454052,1000,21,64,20,0,78,41,0,97,7,8,8,5,100,100,36,3,256,435,0,0,55,53,95,2,10,54,53,1,3330,577,235,80,0,0,1996,23,5,0,0,0,5222,5,1,480,0,5,54,0,0,0,1,2,0,2,2,0,2,140,9,84,45,86,17,0,493,3,8,0,4,2,12956,58,0,4,8,662,935,27,2,37,0,64,1,0,180,235,744,12,96,5,0,120,98,100,8711,0,23532,699,24,59546,87828,271358,0,10948,62187,222463,110,13749,55543,4,0,19,72,6475,40,2,1,2,2,365001,70,25,434277957073341788,21.000000,30.500000,61.500000,2.831738,49.172893,89.868169,35,0
581,333922525,1000,23,93,36,0,78,39,0,99,6,8,8,5,100,100,28,3,256,367,0,0,59,71,92,19,61,59,59,0,3418,569,234,179,16,100,2003,8,0,3,0,0,11317,5,4,480,0,5,59,1,0,0,2,2,1,4,2,2,6,500,0,0,0,0,0,0,336,3,7,37506,4,2,13640,132,24,4,8,912,920,21,2,85,37,116,4,0,177,358,998,32,100,100,0,120,98,100,12960,0,41095,1651,42,61446,130230,364194,0,5474,27211,198169,1060,44719,88367,4,0,4,72,1302,40,4,1,4,2,365001,70,25,4495176244107448434,23.250000,55.000000,59.500000,4.063636,73.844575,88.497947,41,0
582,2988358294,1000,6,24,38,0,78,54,0,100,7,8,8,5,72,100,40,3,256,311,0,0,77,68,95,2,10,77,77,0,3391,524,233,96,0,0,2052,13,18,3,0,0,7492,5,4,480,0,6,77,0,0,0,3,0,1,3,2,1,6,501,0,0,0,0,0,0,239,2,3,36974,4,2,13291,116,12,4,8,840,930,22,2,40,20,17,0,0,157,25,995,29,100,74,0,4,100,72,784,0,6395,0,35,58918,8176,363098,0,5474,16425,245612,567,9157,87765,4,0,9,72,3864,40,0,1,0,2,365001,70,25,2731830289870610216,6.000000,58.000000,81.250000,0.534497,76.171394,94.560229,9,0
583,1347826767,1000,4,17,35,0,78,54,0,100,7,8,8,5,72,100,41,3,256,226,440,0,65,67,95,2,10,65,64,1,3408,508,120,105,0,0,1757,16,17,3,1,3,5213,5,4,521,0,8,65,0,0,0,3,0,0,2,2,0,1,1,32,83,45,43,23,0,242,2,5,0,4,2,13180,78,0,4,8,663,940,38,2,60,0,275,1,0,142,18,987,74,100,100,0,4,100,72,652,0,98457,619,28,55762,6918,360006,0,5899,16425,233067,162,11117,98330,4,0,10,72,3395,40,0,1,0,2,365001,70,25,2277651570471046759,4.250000,52.500000,81.000000,0.259256,75.750683,94.895599,0,0
584,4002262536,1000,5,21,38,0,78,54,0,100,7,8,8,5,72,100,41,3,256,353,120,0,66,68,88,2,10,65,60,5,3435,508,233,96,0,0,1930,16,39,3,1,1,7811,5,4,512,0,6,65,1,0,0,4,0,1,3,2,1,6,500,0,0,0,0,0,1,252,1,2,46438,4,2,13223,132,12,4,8,913,929,13,2,47,0,221,3,0,146,22,988,73,100,89,0,4,100,72,706,0,81533,1427,35,59584,7834,360298,0,5474,16425,218462,530,27161,96948,4,0,13,72,4270,40,2,1,0,2,365001,70,25,12768332644516965431,5.250000,58.000000,81.250000,0.476443,76.138395,94.515617,26,0
585,2361731009,1000,5,17,26,0,78,37,0,100,7,8,8,2,100,100,40,3,256,257,285,0,36,71,95,10,34,36,36,0,3529,230,118,96,16,100,2374,8,0,3,4,1,13032,5,4,480,0,3,36,1,0,0,0,3,0,3,2,1,1,11,32,80,46,100,23,0,256,3,6,0,3,3,12755,116,12,3,8,974,941,16,3,63,27,423,4,0,193,237,998,67,100,68,0,120,94,100,7598,0,153656,1483,35,61995,87342,364015,0,9702,16425,232565,613,2129,103566,4,0,4,72,2751,40,4,1,0,2,365001,70,25,4843822435188508998,5.666667,52.000000,75.000000,0.394512,76.189886,94.331635,11,0
586,721199482,1000,4,19,39,0,78,52,0,100,7,8,8,5,100,100,52,3,256,235,0,0,46,71,93,2,10,46,45,1,3355,536,118,96,0,0,2049,13,0,3,0,0,11059,5,4,490,0,7,46,0,0,0,1,1,1,3,2,1,6,500,0,0,0,0,0,0,230,2,4,41286,4,2,13096,100,12,4,8,973,936,9,2,47,0,275,3,0,149,315,991,62,100,100,0,89,100,100,12848,0,102711,1203,35,65706,117132,361497,0,5474,16425,253674,593,0,88834,4,0,13,72,4200,40,4,1,0,2,365001,70,25,17654244124802614308,4.750000,58.500000,79.000000,0.429444,76.237019,92.027489,0,0
587,3375635251,1000,6,25,41,0,95,54,0,100,7,8,8,4,72,100,40,3,256,300,0,0,92,70,91,34,73,90,90,0,3451,720,236,130,13,40,1641,16,0,3,0,0,5208,5,4,692,0,7,90,2,0,0,3,1,1,2,2,0,6,501,0,0,0,0,0,0,305,1,4,39186,4,2,13140,132,0,4,8,143,939,77,2,38,0,561,2,0,134,17,992,48,100,100,0,4,100,72,639,0,205456,783,28,58492,7668,361742,0,5474,16425,122942,112,132253,87794,4,0,12,72,7595,40,2,1,0,2,365001,70,25,11697274164802940769,6.250000,62.750000,81.250000,0.570776,76.814307,94.360731,0,0
588,1735103724,1000,5,23,39,0,78,54,0,100,7,8,8,5,72,100,41,3,256,290,0,0,67,69,90,2,10,67,65,2,3274,536,231,96,0,0,1865,20,0,3,0,0,10054,5,4,480,0,7,67,0,0,0,0,0,1,2,2,0,6,505,0,0,0,0,0,0,228,1,3,48286,4,2,13205,100,0,4,8,953,932,39,2,50,13,341,2,0,188,30,966,30,100,100,0,4,100,72,1050,0,122758,727,28,64256,11788,352390,0,5474,16425,246031,113,0,96957,4,0,24,72,10080,40,5,1,0,2,365001,70,25,9461936841116142332,5.750000,58.500000,81.250000,0.515562,76.251571,94.523287,1,0
589,94572197,1000,7,23,26,0,78,37,0,100,7,8,8,3,72,100,25,3,256,241,3219,0,24,65,83,20,63,20,12,8,3478,217,0,95,16,100,0,7,11,0,1,1,12722,7,6,0,0,3,20,1,2,0,12,0,0,1,0,1,4,1300,87,77,98,100,99,0,118,4,8,0,3,3,12692,78,12,3,8,976,932,11,3,50,17,767,800,0,170,70,998,35,100,54,0,4,100,72,2169,0,279852,291967,6,61730,25490,364066,0,0,0,75743,261982,27275,0,0,0,5,12,1771,40,5,1,0,2,365001,70,25,11967266635241076984,7.666667,52.000000,75.000000,0.536401,76.180901,94.305074,7,0
590,2749007966,1000,4,17,33,0,78,54,0,100,7,8,8,5,72,100,26,3,256,201,2875,0,40,59,85,2,10,40,40,0,3405,281,0,94,0,0,195,11,0,1,2,0,5208,12,24,12,0,7,40,0,2,0,2,1,0,0,0,0,4,1297,87,43,100,100,99,0,93,4,9,0,4,2,13186,78,0,4,8,631,941,98,2,4,0,19,797,0,178,3,993,34,100,98,0,4,100,72,199,0,7066,290847,0,67594,2298,362209,0,0,0,74094,290906,0,0,0,0,9,12,2695,40,1,1,0,2,365001,70,25,12842770227214174127,4.250000,50.500000,81.000000,0.381617,74.859851,94.178674,0,0
591,1108476439,1000,4,18,29,0,78,46,0,100,7,8,8,5,72,100,34,3,256,254,0,0,11,64,92,2,10,11,8,3,3345,548,233,96,0,0,1920,12,0,4,0,0,9895,5,5,480,0,8,11,0,0,0,1,0,1,2,1,1,6,501,0,0,0,0,0,0,42,1,2,271390,4,2,13341,132,12,4,8,925,936,12,2,68,0,194,3,0,64,23,993,48,100,100,0,4,100,72,987,0,72360,1315,21,22694,10280,362237,0,0,0,93074,535,0,271391,4,0,10,72,3500,40,1,1,0,2,365001,70,25,16414394846941993628,4.500000,44.500000,69.000000,0.399370,73.864178,92.474552,1,0
592,3762912208,1000,5,20,27,0,78,40,0,100,7,8,8,5,100,100,30,3,256,226,0,0,70,57,90,2,10,71,55,16,3371,506,236,95,0,0,1664,18,0,3,0,0,6359,5,4,480,0,7,71,0,0,0,3,0,1,3,2,1,6,500,0,0,0,0,0,0,232,3,7,36582,4,2,13178,78,12,4,8,831,941,10,2,44,0,214,5,0,187,298,987,28,100,100,0,116,100,100,11445,0,79976,1710,35,65882,110784,360174,0,5474,16425,254769,545,0,87787,4,0,14,72,4599,40,3,1,0,2,365001,70,25,2166634919785046397,5.000000,40.500000,61.000000,0.449234,73.155562,90.865002,0,0
593,2122380681,1000,5,21,37,0,78,52,0,100,7,8,8,5,100,100,41,3,256,328,0,0,53,65,95,2,10,53,53,0,3419,427,198,96,0,0,2272,20,8,0,0,0,9738,5,1,480,0,4,53,0,0,0,0,0,1,3,2,1,6,501,0,0,0,0,0,0,249,2,4,35491,4,2,13205,116,12,4,8,951,934,11,2,80,0,208,2,0,182,257,987,24,100,63,0,120,98,100,9174,0,74830,727,30,59924,95792,360034,0,5474,16425,221894,604,22290,98313,4,0,20,72,7070,40,4,1,0,2,365001,70,25,1724181584394757455,5.250000,56.250000,79.000000,0.470731,70.448012,88.047255,23,0
594,481849154,1000,4,18,39,0,78,54,0,100,7,8,8,5,72,100,41,3,256,362,624,0,53,67,90,2,10,53,53,0,3439,524,232,96,0,0,1435,20,14,3,1,1,6037,5,4,480,0,6,53,0,0,0,1,0,0,2,2,0,1,3,28,66,46,67,22,0,243,2,3,0,4,2,13190,100,0,4,8,871,942,61,2,73,0,259,4,0,157,29,672,48,100,100,0,4,100,72,873,0,95094,1287,28,55462,9956,245094,0,6578,16425,214736,36,19061,108164,4,0,22,72,7420,40,5,1,0,2,365001,70,25,17146392836671229605,4.500000,58.500000,81.250000,0.403942,76.249583,94.517058,2,0
595,3136284923,1000,6,24,39,0,78,54,0,100,7,8,8,5,72,100,41,3,256,360,408,0,56,67,91,2,10,56,53,3,3391,536,233,96,0,0,1692,20,14,1,1,1,6932,5,2,480,0,5,56,0,0,0,1,0,0,2,2,0,2,17,40,66,100,100,25,0,293,2,6,0,4,2,13184,116,0,4,8,930,923,14,2,72,0,243,2,0,145,40,967,36,100,54,0,4,100,72,1552,0,90395,1067,24,58974,16388,352850,0,10948,17162,197844,153,36850,102043,4,0,20,72,6580,40,0,1,0,2,365001,70,25,13568896480466755732,6.000000,58.500000,81.250000,0.538835,76.248786,94.514563,33,0
596,1495753396,1000,7,23,26,0,78,37,0,100,7,8,8,3,72,100,25,3,256,229,3154,0,14,65,84,19,62,14,5,9,3323,45,0,96,16,100,80,6,0,0,0,1,12724,7,7,2,0,3,14,1,2,0,12,0,0,1,0,1,4,1245,87,88,100,100,99,0,99,4,5,0,3,3,12762,116,12,3,8,973,940,10,3,52,29,698,745,0,187,77,998,36,100,100,0,4,100,72,2630,0,254456,271891,7,67860,28396,364106,0,0,0,93074,271926,0,0,0,0,5,12,1652,40,5,1,0,2,365001,70,25,10735027233141434382,7.666667,52.000000,75.000000,0.533459,76.190879,94.330042,6,0
597,4150189165,1000,6,25,39,0,78,54,0,100,7,8,8,5,72,100,41,3,256,190,0,0,64,70,95,2,10,64,63,1,3354,508,236,96,0,0,1959,14,0,3,0,0,5207,5,4,489,0,8,64,0,0,0,0,5,1,4,2,2,6,501,0,0,0,0,0,0,306,2,3,39158,4,2,13091,132,24,4,8,548,805,21,2,65,0,142,4,0,134,20,993,21,82,84,0,4,100,72,728,0,52204,1455,42,58056,7802,362134,0,5474,29599,231879,840,10193,87015,4,0,11,72,3507,40,2,1,0,2,365001,70,25,14051174826898010826,6.250000,58.500000,81.250000,0.565274,76.236346,94.475594,0,0
598,2509657638,1000,6,24,31,0,81,54,0,100,7,8,8,5,72,100,40,3,256,261,120,0,69,65,87,2,10,69,69,0,3399,465,235,96,0,0,1931,22,38,3,2,0,5997,5,4,486,0,5,69,0,0,0,1,0,1,3,2,1,6,504,0,0,0,0,0,2,244,1,2,46466,4,2,13276,78,12,4,8,944,927,24,2,60,14,241,3,0,157,14,959,61,100,70,0,4,100,72,582,0,88870,1175,35,56268,6840,349903,0,5474,16425,228049,533,17950,96569,4,0,22,72,7070,40,1,1,0,2,365001,70,25,176135689417384902,6.000000,47.750000,81.250000,0.538716,76.338280,94.547303,1,0
599,869126111,1000,4,18,30,0,78,54,0,100,7,8,8,5,72,100,41,3,256,285,0,0,6,59,76,2,10,6,6,0,3375,565,231,96,0,0,1737,20,0,5,0,0,5218,5,13,480,0,7,6,0,0,0,2,3,1,1,1,0,6,500,0,0,0,0,0,0,32,1,1,291887,4,2,13197,116,0,4,8,899,941,99,2,51,0,217,2,0,76,255,967,48,100,100,0,4,100,72,9797,0,77509,783,12,22874,94952,352661,0,0,0,72999,113,0,291888,4,0,21,72,7441,40,5,1,0,2,365001,70,25,6114835346998499180,4.500000,45.750000,81.250000,0.403728,73.943396,94.519967,9,0
600,3523561880,1000,5,22,39,0,78,54,0,100,7,8,8,4,72,100,41,3,256,335,832,0,48,66,94,2,10,48,48,0,3282,408,234,96,0,0,1286,11,5,1,3,0,9939,5,2,480,0,7,48,0,0,0,2,3,0,3,2,1,2,20,63,86,100,100,30,0,284,2,6,0,4,2,13268,116,12,4,8,981,936,12,2,56,0,156,5,1,178,23,992,70,100,48,0,4,100,72,822,0,56454,2126,35,56504,8860,361938,0,10948,18498,223380,447,11565,100162,4,0,8,72,2814,40,0,1,0,2,365001,70,25,16282728787602406641,5.500000,58.500000,81.000000,0.490805,76.259873,94.528490,0,0
601,1883030353,1000,4,17,30,0,78,54,0,100,7,8,8,5,72,100,40,3,256,345,0,0,57,60,78,2,10,57,57,0,3375,549,232,96,0,0,2072,21,17,0,0,0,5207,5,1,480,0,7,57,0,0,0,2,0,0,2,2,0,2,100,8,79,45,100,17,0,433,3,5,0,4,2,13200,116,0,4,8,910,938,96,2,51,0,209,2,0,162,9,961,36,99,51,0,4,100,72,342,0,78404,755,28,58140,4068,350666,0,10948,47527,238720,170,14954,52681,4,0,17,72,5761,40,1,1,0,2,365001,70,25,6325266491964228908,4.250000,45.500000,81.250000,0.381212,73.899091,94.521212,0,0
602,242498826,1000,6,25,27,0,78,54,0,100,7,8,8,4,55,100,34,3,256,212,0,0,8,62,95,2,10,7,7,0,3448,404,117,96,0,0,2176,9,0,4,0,0,6203,5,8,480,0,5,7,0,0,0,1,4,1,2,1,1,6,501,0,0,0,0,0,0,36,1,1,281974,4,2,13204,132,12,4,8,906,944,14,2,56,0,215,3,0,70,0,0,48,100,100,0,4,100,55,10,0,79532,1147,21,21252,120,0,0,0,0,82489,536,0,281975,4,0,9,72,2366,40,7,1,0,2,365001,70,25,12631379653535209734,6.250000,41.000000,81.250000,0.560436,73.086489,94.524387,0,0
603,2896934595,1000,4,17,38,0,78,54,0,100,7,8,8,5,72,100,41,3,256,284,120,0,66,65,87,2,10,66,66,0,3331,536,115,70,0,0,1156,22,60,3,0,2,5227,5,4,480,0,6,66,1,0,0,3,0,1,2,2,0,6,500,0,0,0,0,0,2,246,2,4,47867,4,2,13211,78,0,4,8,767,926,19,2,60,0,275,3,0,148,30,985,71,100,96,0,4,100,72,1039,0,100814,1231,24,56834,10078,359194,0,5474,16425,224744,42,19636,98679,4,0,18,72,6125,40,2,1,0,2,365001,70,25,17544468168636702711,4.250000,57.500000,81.250000,0.383468,76.059193,94.517448,16,0
604,1256403068,1000,13,37,37,0,78,54,0,100,7,8,8,4,55,100,40,3,256,248,0,0,6,70,95,2,10,6,6,0,3375,403,117,95,0,0,2213,20,0,5,0,0,5207,5,17,480,0,6,6,1,0,0,5,0,1,2,1,1,6,501,0,0,0,0,0,0,32,1,2,291466,4,2,13279,78,12,4,8,827,922,24,2,37,0,271,3,0,53,0,0,48,100,100,0,4,100,55,10,0,98273,1119,21,19182,120,0,0,0,0,72999,534,0,291467,4,0,23,72,8547,40,5,1,2,2,365001,70,25,16412160783377793860,13.750000,55.750000,81.250000,2.073048,75.764289,94.556819,0,0
605,3910838837,1000,6,24,39,0,78,54,0,100,7,8,8,5,72,100,41,3,256,263,240,0,66,68,95,2,10,66,66,0,3418,396,226,95,0,0,1978,20,8,0,0,4,5213,5,1,536,0,8,66,0,0,0,1,1,0,2,2,0,2,23,48,84,100,100,27,0,285,2,3,0,4,2,13231,78,0,4,8,781,932,24,2,31,0,83,1,0,145,10,782,68,100,49,0,4,100,72,417,0,31237,699,28,56071,3588,285159,0,10948,19348,225565,157,9129,99853,4,0,23,72,7399,40,6,1,0,2,365001,70,25,14353294436883999476,6.000000,58.500000,81.250000,0.536921,76.255007,94.534049,0,0
606,2270307310,1000,5,21,36,0,78,54,0,100,7,8,8,4,72,100,41,3,256,369,0,0,30,66,87,2,10,30,30,0,3338,536,233,95,0,0,1854,20,37,3,0,0,5207,5,4,487,0,5,30,0,0,0,3,0,1,2,2,0,6,500,0,0,0,0,0,0,373,2,4,41006,4,2,13358,78,0,4,8,867,916,48,2,42,0,215,3,0,157,17,981,60,100,100,0,4,100,72,475,0,79304,1483,28,57982,5700,357820,0,5474,45992,215734,157,8373,89270,4,0,15,72,4837,40,4,1,0,2,365001,70,25,5586788459646932763,5.250000,54.000000,81.250000,0.465339,75.464441,94.587513,0,0
607,629775783,1000,8,19,26,0,78,34,0,80,7,8,8,5,72,100,23,3,256,321,3158,0,50,45,58,2,10,50,7,43,3296,96,0,96,0,0,0,19,10,0,1,4,5208,8,21,0,0,6,50,0,3,0,0,1,0,1,0,1,4,1274,96,39,100,87,100,0,108,4,10,0,4,2,12726,100,12,4,8,871,891,55,2,43,0,575,774,0,165,12,978,36,100,51,0,4,100,72,404,0,209725,282475,6,60526,4848,356875,0,0,0,84897,267446,12657,0,0,0,19,12,6489,40,0,1,0,2,365001,70,25,1113846164824978448,8.250000,39.750000,51.750000,0.579444,75.449081,74.734795,16,0
608,3284211552,1000,8,24,26,0,78,37,0,100,7,8,8,3,72,100,40,3,256,292,3176,0,66,65,83,2,10,66,41,25,3370,84,0,96,0,0,8,20,0,0,4,0,5208,6,11,60,0,8,66,0,3,0,6,0,0,2,0,2,4,1271,91,93,100,100,100,0,96,4,10,0,3,3,12689,116,24,3,8,900,932,102,3,22,0,413,771,0,169,45,966,36,100,99,0,4,100,72,1712,0,149974,281383,14,67226,18734,352444,0,0,0,83584,281416,0,0,1,0,24,18,10185,40,7,1,0,2,365001,70,25,8337768744688024347,8.000000,52.000000,75.000000,0.559855,76.180471,94.176058,26,0
609,1643680025,1000,5,22,38,0,78,54,0,100,7,8,8,5,72,100,41,3,256,174,407,0,60,69,95,2,10,60,60,0,3328,364,116,96,0,0,1832,13,11,0,3,0,11495,5,1,567,0,5,60,0,0,0,2,0,0,3,2,1,2,27,66,83,100,100,31,0,341,2,4,0,4,2,13286,116,12,4,8,980,941,11,2,71,10,307,3,0,157,39,991,68,100,50,0,4,100,72,1503,0,112681,1119,30,56854,15824,361579,0,10948,24661,203278,487,26489,99137,4,0,9,72,3066,40,7,1,0,2,365001,70,25,7218347316091363573,5.500000,58.250000,81.250000,0.490140,76.216694,94.558182,0,0
610,3148498,1000,21,88,40,0,90,54,0,100,7,8,4,5,72,71,34,3,256,186,0,0,108,58,85,2,10,108,107,1,3340,726,149,60,0,0,1943,14,0,0,0,0,5243,5,1,480,0,7,108,0,0,0,0,2,1,2,2,0,6,500,0,0,0,0,0,0,233,2,3,31766,5,1,13568,58,0,5,7,0,944,21,1,59,0,128,2,0,157,28,984,12,99,5,0,4,100,72,971,0,48280,839,28,57042,11280,358954,0,5474,16425,252809,56,0,90236,4,0,11,72,3367,40,2,1,2,2,365001,70,25,3134159617021872910,21.000000,48.600000,65.000000,2.271226,82.884065,92.392394,0,0
611,2657584267,1000,4,19,37,0,78,54,0,100,7,8,8,5,72,100,26,3,256,265,3344,0,69,59,83,19,51,69,35,34,3396,0,0,74,0,0,0,20,0,0,0,2,5207,10,17,10,0,6,69,1,2,0,4,2,0,1,0,1,4,1245,86,53,100,71,98,0,115,5,9,0,4,2,13156,58,12,4,8,844,929,134,2,74,0,482,745,0,185,8,751,12,100,5,0,4,100,72,134,0,175526,271891,7,61820,1136,273785,0,0,0,93886,254929,16185,0,0,0,21,12,7063,40,2,1,0,2,365001,70,25,5959339533598826236,4.750000,56.000000,81.250000,0.427486,75.139860,94.505929,32,0
612,1017052740,1000,20,65,26,0,78,33,0,100,6,8,8,5,72,100,27,3,256,288,120,0,87,53,83,2,10,84,65,19,3302,404,0,145,0,0,2064,9,7,3,2,0,12096,5,4,480,0,3,84,0,0,0,1,1,1,3,2,1,6,501,0,0,0,0,0,2,229,3,8,48734,4,2,17282,58,12,4,8,967,922,11,2,50,14,194,2,0,178,81,997,12,100,10,0,4,100,72,2385,0,70894,811,35,60177,28482,363618,0,5474,16425,243113,617,176,99195,4,0,5,72,1400,40,5,1,6,2,365001,70,25,14204601288604603681,20.250000,39.500000,49.500000,6.181576,56.087953,72.380974,7,0
613,3671488509,1000,4,18,34,0,78,54,0,100,7,8,8,5,72,100,41,3,256,273,0,0,2,64,92,2,10,2,2,0,3440,290,235,96,0,0,913,17,20,5,0,0,11649,5,18,480,0,4,2,0,0,0,5,0,1,1,1,0,6,500,0,0,0,0,0,0,37,1,2,281303,4,2,13273,100,0,4,8,942,925,11,2,55,24,41,2,0,56,85,995,48,100,100,0,4,100,72,2940,0,15133,731,12,20939,31726,362818,0,0,0,83584,112,0,281304,4,0,13,72,4956,40,3,1,0,2,365001,70,25,1131027153208444334,4.500000,52.000000,81.250000,0.401416,75.096964,94.552852,0,0
614,2030956982,1000,5,20,39,0,78,54,0,100,7,8,8,5,72,100,41,3,256,327,0,0,69,70,91,2,10,69,69,0,3279,524,236,26,0,0,1877,20,66,3,0,0,5208,5,4,480,0,8,69,0,0,0,3,4,1,3,2,1,6,501,0,0,0,0,0,0,243,2,4,42351,4,2,13210,78,12,4,8,926,944,50,2,56,6,158,2,0,154,22,958,72,100,100,0,4,100,72,675,0,57799,783,30,58828,8088,349504,0,5474,16425,209545,644,24054,108858,4,0,19,72,6104,40,3,1,0,2,365001,70,25,9557224166521896092,5.000000,58.500000,81.250000,0.448145,76.252233,94.525360,1,0
615,390425455,1000,5,22,37,0,78,54,0,100,7,8,8,4,72,100,41,3,256,175,0,0,18,65,92,2,10,18,15,3,3452,427,233,96,0,0,1252,11,0,3,0,0,5208,5,4,768,0,7,18,0,0,0,0,3,1,2,1,1,6,501,0,0,0,0,0,0,41,1,2,272539,4,2,13201,100,12,4,8,771,943,53,2,52,0,201,3,0,59,13,989,48,100,100,0,4,100,72,582,0,73695,1063,18,23702,6984,360690,0,0,0,91979,481,0,272540,4,2,8,72,3710,40,0,1,0,2,365001,70,25,10759914729541315044,5.500000,55.500000,81.250000,0.493296,75.709264,94.521627,15,0
616,3044861224,1000,5,20,39,0,78,54,0,100,7,8,8,5,72,100,41,3,256,263,0,0,77,69,90,2,10,77,77,0,3277,494,233,96,0,0,1908,10,0,3,0,0,7750,5,4,480,0,8,77,0,0,0,1,0,1,3,2,1,6,500,0,0,0,0,0,0,231,3,5,38374,4,2,12995,100,12,4,8,869,855,16,2,44,12,280,3,0,170,23,996,41,100,100,0,4,100,72,761,0,102486,1203,35,66230,7788,363245,0,5474,16425,253674,606,0,88821,4,0,6,72,1967,40,5,1,0,2,365001,70,25,221154637347070135,5.000000,58.500000,81.250000,0.301654,76.823548,94.858022,5,0
617,1404329697,1000,4,18,44,0,78,54,0,100,7,8,8,5,72,100,44,3,256,303,0,0,16,72,93,2,10,16,15,1,3391,606,137,96,0,0,2006,9,0,3,0,0,8733,5,4,480,0,7,16,0,0,0,2,1,1,2,1,1,6,501,0,0,0,0,0,0,44,1,3,281862,4,2,13217,116,12,4,8,870,941,16,2,67,0,84,0,0,71,218,977,48,100,100,0,4,100,72,7119,0,30586,0,21,24814,77946,356394,0,0,0,75572,648,6917,281863,4,0,5,72,1435,40,5,1,0,2,365001,70,25,16699342097287971924,4.500000,66.750000,81.250000,0.407203,76.187561,94.512749,9,0
618,4058765466,1000,11,57,53,0,100,39,0,100,6,8,2,3,72,71,28,3,256,455,0,0,71,64,93,2,10,68,68,0,3460,534,108,98,0,0,2176,20,0,3,0,0,5208,5,4,480,0,7,68,0,0,0,2,2,1,3,2,1,6,501,0,0,0,0,0,0,244,2,4,48902,5,1,15024,116,12,5,6,0,925,41,1,61,0,25,6,0,174,16,977,33,100,100,0,4,100,72,442,0,9640,2042,35,57213,5076,356602,0,5474,16425,224584,466,19797,98254,4,0,20,72,6916,40,0,1,7,2,365001,70,25,15648138827662067202,11.400000,64.400000,46.800000,7.174321,81.876198,79.881789,0,0
619,2418233939,1000,20,64,26,0,78,37,0,100,7,8,8,5,72,100,50,3,256,143,414,0,52,65,95,2,10,52,52,0,3448,329,236,92,0,0,1908,15,0,1,0,2,12176,5,2,519,0,6,52,0,0,0,4,1,0,4,2,2,2,16,42,70,100,100,25,0,265,2,5,0,4,2,13080,58,24,4,8,933,938,10,2,43,0,261,6,0,190,21,993,28,100,98,0,4,100,72,991,0,96773,2155,42,65122,10004,362286,0,10948,17135,233599,896,0,102422,4,10,0,72,3108,75,2,1,2,2,365001,70,25,1919956684202891579,20.500000,39.000000,56.500000,2.687462,73.455963,90.940826,1,0
620,777702412,1000,5,21,38,0,78,54,0,100,7,8,8,4,72,100,41,3,256,227,0,0,61,68,93,2,10,61,61,0,3304,536,233,96,0,0,1893,11,0,3,0,0,5208,5,4,480,0,7,61,0,0,0,0,0,1,3,2,1,6,501,0,0,0,0,0,0,231,2,4,41202,4,2,13197,100,12,4,8,807,938,110,2,18,0,324,5,0,153,18,991,62,100,100,0,4,100,72,653,0,119062,1958,35,56970,7836,361411,0,5474,16425,252809,468,0,89824,4,0,10,72,3521,40,1,1,0,2,365001,70,25,3357183624839457544,5.250000,58.000000,81.250000,0.471016,76.160188,94.522998,13,0
621,3432138181,1000,6,24,28,0,78,42,0,100,7,8,8,5,72,100,32,3,256,256,0,0,56,60,95,2,10,54,54,0,3336,430,118,96,0,0,2146,9,9,3,0,0,12493,5,4,480,0,3,54,0,0,0,1,0,1,2,2,0,6,500,0,0,0,0,0,0,312,2,5,41062,4,2,13258,100,0,4,8,970,929,10,2,59,19,175,1,0,159,76,998,61,100,100,0,4,100,72,2234,0,64745,619,28,57920,26650,364015,0,5474,31320,238779,157,0,89270,4,0,4,72,1834,40,4,1,0,2,365001,70,25,1066166015783794123,6.000000,42.000000,63.000000,0.535827,73.401116,91.384673,5,0
622,1791606654,1000,4,18,35,0,78,54,0,100,7,8,8,5,72,100,41,3,256,240,0,0,50,61,74,2,10,50,50,0,3305,506,116,96,0,0,1932,20,0,3,0,0,9068,5,4,589,0,6,50,0,0,0,3,0,1,4,2,2,6,500,0,0,0,0,0,0,227,2,4,44786,4,2,13195,116,24,4,8,947,943,26,2,54,9,289,4,0,174,22,959,51,100,100,0,4,100,72,848,0,104281,1595,42,64984,9372,349898,0,5474,16425,243089,1031,0,98981,4,0,26,72,8113,40,5,1,0,2,365001,70,25,13443232555818311160,4.500000,52.500000,81.250000,0.403789,75.164380,94.519136,0,0
623,151075127,1000,4,17,35,0,78,54,0,100,7,8,8,5,72,100,41,3,256,316,0,0,69,63,77,2,10,68,68,0,3486,537,232,94,0,0,2195,23,14,0,0,0,7464,5,1,480,0,6,68,0,0,0,4,0,1,2,2,0,6,500,0,0,0,0,0,0,254,2,5,30479,4,2,13181,78,0,4,8,950,933,29,2,41,11,260,2,0,166,13,959,25,100,72,0,4,100,72,560,0,93418,871,24,59718,6520,349896,0,5474,16425,242103,127,19966,80905,4,0,18,72,6566,40,4,1,0,2,365001,70,25,7447173899617159684,4.250000,52.500000,81.250000,0.381762,75.183218,94.516349,0,0
624,2805510896,1000,23,73,26,0,78,54,0,100,7,8,8,5,72,100,39,3,256,364,600,0,63,54,66,2,10,63,59,4,3322,560,236,74,0,0,1278,8,0,3,2,2,5208,5,4,606,0,8,63,0,0,0,2,0,0,2,2,0,1,2,33,78,45,54,23,0,250,2,6,0,4,2,13253,78,0,4,8,455,871,32,2,40,30,283,1,0,161,26,998,75,100,100,0,4,100,72,747,0,103190,677,28,55936,8130,364141,0,6212,16425,209125,165,24474,108599,4,0,3,72,1015,40,2,1,3,2,365001,70,25,3627394745954046801,23.500000,39.000000,81.250000,3.735758,72.926734,94.700822,9,0
625,1164979369,1000,6,24,35,0,78,54,0,100,7,8,8,5,72,100,41,3,256,282,0,0,54,66,87,2,10,54,48,6,3291,548,233,38,0,0,924,20,80,3,0,0,6596,5,4,480,0,5,54,0,0,0,1,0,1,2,2,0,6,500,0,0,0,0,0,0,231,2,5,39802,4,2,13157,100,0,4,8,956,928,13,2,35,0,315,4,0,155,37,995,54,100,100,0,4,100,72,1033,0,115398,1371,28,57784,11678,362890,0,5474,16425,252809,50,0,90242,4,0,23,72,7056,40,7,1,0,2,365001,70,25,8612355302978615703,6.000000,53.750000,81.250000,0.539941,75.436498,94.504826,6,0
626,3819415138,1000,4,17,33,0,78,53,0,100,7,8,8,4,100,100,29,3,256,331,3183,0,92,58,83,2,10,92,87,5,3418,182,0,81,0,0,0,8,12,0,1,2,10369,5,11,11,0,7,92,0,2,0,0,1,0,0,0,0,4,1245,93,91,100,100,100,0,112,4,8,0,4,2,13180,116,0,4,8,927,912,21,2,35,23,59,745,0,176,346,997,36,100,85,0,120,98,100,12666,0,22436,271893,0,63310,126780,363665,0,0,0,94077,259470,11453,0,0,0,6,12,2800,40,6,1,0,2,365001,70,25,8817242576173653799,4.250000,50.500000,80.000000,0.361153,53.263126,90.853566,7,0
627,2178883611,1000,5,17,26,0,78,37,0,100,7,8,8,3,72,100,40,3,256,303,120,0,41,73,90,2,10,39,39,0,3273,309,118,72,0,0,2024,22,45,3,0,2,9016,5,4,540,0,6,39,0,0,0,5,0,1,3,2,1,6,500,0,0,0,0,0,1,245,2,5,50023,3,3,12613,100,12,3,8,947,942,14,3,60,0,242,3,0,157,65,983,30,100,100,0,4,100,72,2400,0,87497,1149,30,56882,24612,358597,0,5474,16425,208955,644,34134,99368,4,0,17,72,5390,40,7,1,0,2,365001,70,25,17716603907114952927,5.666667,52.000000,75.000000,0.398953,76.169508,94.266233,4,0
628,538352084,1000,20,61,26,0,78,54,0,100,7,8,8,5,72,100,30,3,256,358,0,0,10,58,62,2,10,10,10,0,3294,476,115,96,0,0,2026,15,0,3,0,0,9519,5,5,515,0,6,10,0,0,0,1,1,1,2,1,1,6,501,0,0,0,0,0,0,45,1,1,263018,4,2,13208,132,12,4,8,909,937,15,2,59,8,252,3,0,61,69,991,49,100,100,0,4,100,72,2540,0,93082,1231,21,23564,25636,361467,0,0,0,101469,512,0,263019,4,0,15,72,5495,40,4,1,3,2,365001,70,25,12188033683085364176,20.500000,40.250000,81.250000,3.232586,72.934661,94.512038,0,0
629,3192787853,1000,0,0,52,0,79,57,0,100,7,8,8,6,72,100,43,3,256,329,294,0,62,66,95,2,10,62,62,0,3416,548,236,103,0,0,1671,20,15,0,3,1,5207,5,1,625,0,7,62,0,0,0,2,0,0,3,2,1,2,20,44,85,100,100,26,0,272,2,4,0,4,2,13159,100,12,4,8,777,936,31,2,49,0,16,3,0,164,26,996,53,100,52,0,4,100,72,760,0,6166,1119,35,56299,8442,363448,0,10948,18292,233599,581,0,101580,4,0,21,72,6755,40,6,1,0,2,365001,70,25,6224678147613863083,0.000000,78.250000,86.250000,0.000000,78.016567,95.161486,0,0
630,1552256326,1000,6,18,26,0,78,37,0,100,7,8,8,3,72,100,40,3,256,480,0,0,18,71,95,2,10,18,18,0,3475,275,118,83,0,0,2419,10,0,3,0,0,12749,5,4,501,0,3,18,0,0,0,4,4,1,2,2,0,6,500,0,0,0,0,0,0,243,2,5,40222,3,3,12764,58,0,3,8,906,933,19,3,68,25,65,2,0,177,86,998,49,100,100,0,4,100,72,2713,0,23417,839,28,65882,30010,363982,0,5474,16425,238578,176,14001,90346,4,0,6,72,2023,40,6,1,0,2,365001,70,25,3543941893213942356,6.000000,52.000000,75.000000,0.417424,76.191163,94.335631,10,0
631,4206692095,1000,22,64,26,0,78,54,0,100,7,8,8,4,72,100,27,3,256,236,0,0,67,63,89,2,10,66,66,0,3408,577,233,93,0,0,1956,7,0,3,0,0,11009,5,4,480,0,6,66,0,0,0,0,0,1,4,2,2,6,500,0,0,0,0,0,0,233,3,6,39747,4,2,13140,58,24,4,8,973,933,10,2,47,21,272,4,0,189,21,996,48,100,100,0,4,100,72,723,0,101175,1735,36,66118,7546,363315,0,5474,16425,253674,1058,0,88369,4,0,6,72,1715,40,5,1,3,2,365001,70,25,417810597734969434,22.250000,39.000000,81.250000,3.178691,73.055251,94.497717,9,0
632,2566160568,1000,4,18,32,0,78,48,0,94,7,8,8,5,72,100,44,3,256,247,120,0,55,63,82,2,10,55,55,0,3348,507,233,96,0,0,1846,20,0,3,1,1,10406,5,4,480,0,6,55,0,0,0,0,4,1,2,2,0,6,503,0,0,0,0,0,1,227,1,1,48286,4,2,13203,116,0,4,8,948,927,39,2,67,11,150,2,0,159,24,958,43,100,79,0,4,100,72,848,0,57135,699,28,65451,10164,349455,0,5474,16425,244428,116,0,98557,4,0,22,72,7077,40,5,1,0,2,365001,70,25,10244268813896913671,4.500000,49.000000,72.500000,0.403545,74.547451,88.900098,25,0
633,925629041,1000,5,21,39,0,78,54,0,100,7,8,8,5,72,100,41,3,256,221,0,0,8,66,83,2,10,7,7,0,3347,560,224,96,0,0,1773,19,0,4,0,0,11272,5,5,628,0,5,7,0,0,0,3,0,1,2,1,1,6,501,0,0,0,0,0,0,46,1,1,263018,4,2,13215,100,12,4,8,963,938,12,2,52,0,97,3,0,63,43,993,48,100,100,0,4,100,72,1436,0,34838,1119,21,23884,14922,362209,0,0,0,101469,512,0,263019,4,0,17,72,5978,40,6,1,0,2,365001,70,25,8928567173104352907,5.250000,58.500000,81.250000,0.471964,76.246992,94.523269,4,0
634,3580064810,1000,6,22,34,0,78,51,0,100,7,8,8,5,72,100,33,3,256,318,0,0,11,67,95,24,76,11,11,0,3307,484,90,119,18,100,2075,14,0,4,0,0,5548,5,43,480,0,8,11,1,0,0,1,0,1,2,1,1,6,501,0,0,0,0,0,0,32,1,1,291550,4,2,13368,132,12,4,8,713,884,55,2,54,0,220,3,0,69,18,988,48,100,100,0,4,100,72,670,0,79627,1119,21,21370,7016,360601,0,0,0,72999,450,0,291551,4,0,12,72,3591,40,3,1,0,2,365001,70,25,12297787237194100302,6.000000,51.000000,77.500000,0.576750,74.928636,93.917938,0,0
635,1939533283,1000,6,18,21,0,78,20,0,80,7,8,8,3,100,100,17,3,256,264,3254,0,20,64,84,12,39,20,15,5,3427,44,0,36,27,100,87,7,0,0,3,1,12720,7,5,0,0,3,20,1,2,0,2,2,0,1,0,1,5,1248,93,61,100,0,1,0,292,1,3,0,3,3,3761,132,12,3,8,970,933,10,3,102,22,706,748,0,179,306,998,36,100,97,0,120,98,100,11295,0,257705,272983,7,67766,113094,364038,0,0,0,91979,103094,169927,0,0,0,5,12,1638,40,5,1,1,2,365001,70,25,8720732437288116682,6.666667,42.000000,41.666667,1.727732,67.194895,64.801914,50,0
636,299001756,1000,23,70,26,0,78,54,0,100,7,8,8,5,72,100,22,3,256,410,2789,0,44,57,83,2,10,44,44,0,3327,208,117,96,0,0,170,18,17,0,2,4,5219,5,13,1,0,8,44,0,2,0,2,0,0,1,1,0,4,645,98,95,100,100,100,0,244,4,8,0,4,2,13282,116,0,4,8,674,940,80,2,14,0,19,148,0,163,12,722,36,100,52,0,4,100,72,425,0,7509,53826,14,58185,5088,263514,0,5474,16425,234944,53090,7253,47814,0,0,16,12,4858,40,7,1,3,2,365001,70,25,12499289632448496885,23.500000,40.000000,81.250000,3.683180,72.917633,94.538473,0,0
637,2953437525,1000,6,17,19,0,78,20,0,80,7,8,8,3,100,100,17,3,256,258,3134,0,12,64,83,12,39,12,11,1,3217,35,0,18,27,100,0,5,62096,3,1,4,12890,6,6,6,0,3,12,1,2,0,0,0,0,1,0,1,5,1274,96,59,100,0,1,0,336,2,5,0,3,3,3681,100,12,3,8,981,936,10,3,86,27,765,774,0,163,314,998,48,100,100,0,120,98,100,11865,0,279097,282475,7,61602,114022,364043,0,0,0,82489,70752,211759,0,0,0,4,12,1771,40,4,1,1,2,365001,70,25,17086799990011881577,6.333333,38.666667,41.666667,1.684868,65.370823,64.471611,40,0
638,1312905998,1000,9,21,26,0,78,54,0,100,7,8,8,5,72,100,43,3,256,268,0,0,42,63,94,2,10,42,41,1,3310,503,233,96,0,0,1311,9,9,0,0,0,5297,5,1,757,0,4,42,0,0,0,2,0,1,3,2,1,6,500,0,0,0,0,0,0,246,3,9,31038,4,2,13210,100,12,4,8,761,934,11,2,34,0,12,0,0,159,93,717,25,100,92,0,4,100,72,2707,0,4712,0,35,58872,32288,261614,0,5474,16425,248907,628,13162,80404,4,0,4,72,1071,40,4,1,1,2,365001,70,25,14819505531681351418,9.250000,39.750000,81.250000,1.204845,72.748070,94.508706,0,0
639,3967341767,1000,4,19,39,0,78,54,0,100,7,8,8,5,72,100,41,3,256,211,0,0,7,70,94,2,10,7,7,0,3448,536,208,94,0,0,2058,11,0,4,0,0,8446,5,24,480,0,7,7,0,0,0,0,5,1,1,1,0,6,500,0,0,0,0,0,0,32,1,1,291803,4,2,13245,78,0,4,8,898,939,65,2,46,0,121,2,0,75,2,992,48,100,100,0,4,100,72,203,0,44807,783,12,25232,2320,361789,0,0,0,73196,0,0,291804,4,0,11,72,3465,40,1,1,0,2,365001,70,25,11934831400612891160,4.750000,58.500000,81.250000,0.424613,76.256852,94.420536,0,0
640,2326810240,1000,28,100,37,0,78,34,0,80,7,8,8,5,72,100,13,3,256,231,0,0,75,70,85,34,56,75,71,4,3351,723,232,118,33,100,1616,20,87,3,0,0,5207,5,4,504,0,8,75,2,0,0,2,2,1,4,2,2,6,500,0,0,0,0,0,0,233,3,5,39887,4,2,13165,100,24,4,8,640,871,40,2,33,1,155,6,0,158,12,870,54,100,100,0,4,100,72,697,0,56656,2270,36,61138,5880,317530,0,5474,16425,249134,925,3445,89597,4,0,19,72,5719,40,1,1,5,2,365001,70,25,15947332771593627850,28.500000,56.750000,52.000000,5.950019,74.539309,70.988378,0,0
641,686278713,1000,4,17,28,0,78,54,0,100,7,8,8,5,72,100,41,3,256,238,0,0,5,61,95,2,10,4,4,0,3473,459,233,96,0,0,2025,20,0,3,0,0,8014,5,4,480,0,3,4,0,0,0,1,2,1,2,1,1,6,501,0,0,0,0,0,0,46,1,1,283094,4,2,13195,100,12,4,8,956,937,15,2,61,0,60,3,0,52,67,983,48,100,100,0,4,100,72,2186,0,21850,1147,21,20300,25008,358646,0,0,0,71509,511,9885,283095,4,0,20,72,6293,40,0,1,0,2,365001,70,25,13403352814531064546,4.250000,42.250000,81.250000,0.381357,73.324138,94.520652,0,0
642,3340714482,1000,5,23,39,0,78,54,0,100,7,8,8,4,72,100,41,3,256,315,0,0,71,72,95,2,10,70,69,1,3395,526,235,96,0,0,1987,20,0,3,0,0,5440,5,4,515,0,8,70,0,0,0,1,1,1,4,2,2,6,504,0,0,0,0,0,0,227,1,4,37339,4,2,12621,100,24,4,8,929,937,55,2,73,0,56,4,0,161,28,960,14,72,41,0,4,100,72,979,0,19978,1599,36,57554,11588,350066,0,5474,16425,244849,1011,0,97241,4,0,22,72,7070,40,4,1,0,2,365001,70,25,10343425103144021364,5.750000,58.500000,81.250000,0.539418,76.170668,94.146264,19,0
643,1700182955,1000,5,22,38,0,78,54,0,100,7,8,8,5,72,100,42,3,256,287,0,0,8,68,83,2,10,6,6,0,3440,536,156,96,0,0,2004,19,0,5,0,0,5207,5,10,480,0,4,6,0,0,0,5,0,1,1,1,0,6,500,0,0,0,0,0,0,56,1,3,263438,4,2,13175,100,0,4,8,859,940,69,2,6,0,104,1,0,66,192,992,48,100,100,0,4,100,72,6348,0,37305,675,14,24036,72982,361943,0,0,0,90324,92,11145,263439,4,0,15,72,11774,40,6,1,0,2,365001,70,25,11683136133399449181,5.500000,58.000000,81.250000,0.494269,76.161366,94.513852,0,0
644,59651428,1000,4,17,38,0,78,54,0,100,7,8,8,5,72,100,41,3,256,353,0,0,43,69,95,2,10,42,42,0,3322,390,118,96,0,0,2172,23,0,3,0,0,6521,5,4,480,0,8,42,0,0,0,3,1,1,3,2,1,6,500,0,0,0,0,0,0,230,2,6,39298,4,2,13158,116,12,4,8,909,936,15,2,27,0,132,4,0,178,22,992,48,100,100,0,4,100,72,801,0,48699,1651,35,66752,7858,361882,0,5474,16425,251484,560,0,91057,4,0,18,72,27531,40,5,1,0,2,365001,70,25,8947542395637730655,4.250000,57.250000,81.250000,0.253230,76.602143,94.865481,1,0
645,2714087197,1000,21,63,26,0,78,37,0,100,7,8,8,5,59,100,27,3,256,366,0,0,33,63,95,9,32,33,33,0,3313,593,236,96,8,48,1842,21,0,3,0,0,5219,5,4,480,0,7,33,1,0,0,1,4,1,2,2,0,6,500,0,0,0,0,0,0,229,2,4,41034,4,2,13224,100,0,4,8,905,936,96,2,29,0,121,3,0,195,1,1,55,100,100,0,4,100,59,23,0,44455,1147,28,65649,220,314,0,5474,16425,252579,164,0,90358,4,0,21,72,7210,40,2,1,3,2,365001,70,25,11452012341390726781,21.750000,39.000000,56.500000,3.138385,73.033575,90.325620,0,0
646,1073555670,1000,6,24,29,0,78,54,0,100,7,8,8,5,72,100,40,3,256,247,120,0,51,59,77,2,10,51,50,1,3454,415,38,25,0,0,2239,20,78,3,2,0,6234,5,4,480,0,4,51,0,0,0,0,0,1,3,2,1,6,500,0,0,0,0,0,2,258,2,4,51479,4,2,13188,78,12,4,8,948,928,19,2,80,17,267,3,0,168,66,981,74,100,100,0,4,100,72,2388,0,98228,1259,30,56012,26286,357906,0,5474,16425,228609,592,13385,100515,4,0,16,72,5040,40,0,1,0,2,365001,70,25,16835113009320030075,6.000000,44.500000,81.250000,0.538672,73.735517,94.519260,37,0
647,3727991439,1000,5,21,35,0,78,54,0,100,7,8,8,4,72,100,26,3,256,463,3109,0,77,59,83,2,10,56,56,0,3376,135,90,95,0,0,0,20,5,0,1,3,5224,5,7,0,0,5,56,0,2,0,0,0,0,2,1,1,5,640,92,94,100,0,1,0,280,3,7,0,4,2,12966,78,12,4,8,749,922,31,2,46,0,58,144,0,146,29,978,13,100,46,0,4,100,72,910,0,21655,52454,18,58434,10052,356917,0,5474,16425,224327,29711,40821,48242,0,0,19,12,6475,40,6,1,0,2,365001,70,25,14016696850069902760,5.250000,53.250000,81.250000,0.447015,75.850532,94.386858,0,0
648,2087459912,1000,6,25,39,0,78,54,0,100,7,8,8,5,72,100,41,3,256,287,0,0,68,70,92,2,10,68,68,0,3503,525,233,96,0,0,2223,20,10,0,0,0,8481,5,1,480,0,5,68,0,0,0,1,0,1,2,2,0,6,501,0,0,0,0,0,0,261,1,4,31906,4,2,13018,132,0,4,8,916,927,12,2,53,0,349,2,0,148,33,977,13,70,41,0,4,100,72,1143,0,126682,895,28,59686,12532,356562,0,5474,16425,237049,0,25882,80170,4,0,20,72,6412,40,7,1,0,2,365001,70,25,13682988725278308255,6.250000,58.500000,81.250000,0.568444,76.226456,94.444615,0,0
649,446928385,1000,5,21,30,0,78,54,0,100,7,8,8,5,64,100,39,3,256,425,0,0,53,59,74,2,10,53,23,30,3443,582,232,96,0,0,2074,20,7,0,0,0,7573,5,1,513,0,6,53,1,0,0,1,1,0,2,2,0,2,100,9,89,45,99,17,0,431,3,3,0,4,2,13203,100,0,4,8,894,934,45,2,66,0,109,4,0,173,0,2,35,100,52,0,4,100,64,38,0,40120,1455,28,58625,416,597,0,10948,47452,237958,93,13749,54800,4,0,20,72,6727,40,2,1,0,2,365001,70,25,1437811102934471351,5.250000,45.500000,81.250000,0.470802,73.911838,94.523972,34,0
650,3101364154,1000,4,18,35,0,78,51,0,100,7,8,8,5,72,100,42,3,256,357,0,0,49,64,90,2,10,49,32,17,3257,504,233,96,0,0,1985,22,0,0,0,0,10250,5,1,480,0,3,49,0,0,0,1,0,0,3,2,1,2,100,9,83,45,100,17,0,419,3,5,0,4,2,13162,100,12,4,8,950,942,20,2,50,16,76,4,0,196,72,959,36,100,100,0,4,100,72,2265,0,27785,1623,35,67008,27010,349882,0,10948,47709,252579,604,0,53160,4,0,21,72,7070,40,4,1,0,2,365001,70,25,2367993796572539254,4.500000,52.500000,77.000000,0.404802,75.228385,93.781644,1,0
651,1460832627,1000,5,20,39,0,78,54,0,100,7,8,8,5,72,100,41,3,256,309,0,0,33,67,87,2,10,33,33,0,3345,536,233,95,0,0,1934,17,0,3,0,0,5208,5,4,480,0,6,33,0,0,0,0,1,1,2,2,0,6,500,0,0,0,0,0,0,225,2,7,51226,4,2,8773,78,0,4,8,855,945,73,2,3,0,73,2,0,161,59,977,33,100,100,0,4,100,72,1782,0,27788,1011,28,64394,21164,356338,0,5474,16425,241994,150,0,100957,4,0,17,72,6965,40,4,1,0,2,365001,70,25,5514769307271460279,5.000000,58.500000,81.250000,0.674798,75.368289,91.758805,9,0
652,4115268396,1000,20,64,15,0,78,50,0,99,7,8,8,5,100,100,17,3,256,279,3341,0,62,56,83,2,10,62,58,4,3515,132,0,7,0,0,0,20,0,0,1,2,6288,5,17,0,0,4,62,0,3,0,2,1,0,0,0,0,4,1274,93,61,100,78,100,0,139,4,6,0,4,2,13233,58,0,4,8,861,942,20,2,46,28,30,774,0,198,344,983,12,100,5,0,120,98,100,11859,0,10824,282475,0,63150,125078,358590,0,0,0,75456,248772,40772,0,0,0,19,12,6300,40,1,1,2,2,365001,70,25,17007793589238628303,20.500000,23.000000,76.000000,2.670899,27.501549,92.870173,31,0
653,2474736869,1000,6,18,26,0,78,37,0,100,7,8,8,3,72,100,25,3,256,260,3197,0,18,65,83,2,10,15,11,4,3373,133,0,96,0,0,0,22,3,0,0,3,5207,7,13,1,0,4,15,0,3,0,6,0,0,1,0,1,4,1222,90,52,100,100,100,0,128,4,8,0,3,3,12611,100,12,3,8,828,941,45,3,55,0,207,722,0,175,5,940,36,100,48,0,4,100,72,190,0,76001,263519,7,60834,1840,342926,0,0,0,102253,237882,24865,0,0,0,22,12,7119,40,6,1,0,2,365001,70,25,5400982825964829858,6.000000,52.000000,75.000000,0.422488,76.169217,94.266910,23,0
654,834205342,1000,20,64,26,0,78,54,0,100,7,8,8,5,72,100,28,3,256,169,0,0,14,64,93,2,10,14,14,0,3426,565,118,93,0,0,2053,14,0,5,0,0,12845,5,6,528,0,7,14,0,0,0,4,1,1,2,1,1,6,501,0,0,0,0,0,0,40,1,3,273687,4,2,13176,58,12,4,8,929,938,11,2,45,0,180,2,0,70,111,992,48,100,100,0,4,100,72,4503,0,67320,1063,18,25918,42164,361880,0,0,0,90884,428,0,273688,4,2,8,72,3045,40,2,1,3,2,365001,70,25,9735848084752188021,20.750000,39.000000,81.250000,3.214936,72.849727,94.512750,2,0
655,3488641111,1000,20,62,25,0,78,51,0,100,7,8,8,5,100,100,30,3,256,293,0,0,71,67,90,2,10,70,70,0,3351,577,233,47,0,0,1899,8,35,3,0,0,11724,5,4,480,0,5,70,0,0,0,4,0,1,3,2,1,6,500,0,0,0,0,0,0,231,2,3,40223,4,2,13346,58,12,4,8,954,923,9,2,52,5,297,3,0,169,352,996,44,100,81,0,120,98,100,12992,0,104505,1175,30,65444,129604,363282,0,5474,16425,252579,589,0,89933,4,0,4,72,1582,40,4,1,3,2,365001,70,25,12245935575426615858,20.750000,38.000000,77.000000,3.132324,70.015585,93.872321,0,0
656,1848109584,1000,22,64,26,0,78,54,0,100,7,8,8,4,72,100,34,3,256,265,0,0,74,66,95,2,10,73,73,0,3417,511,236,93,0,0,2148,17,0,0,0,0,5208,5,1,480,0,8,73,0,0,0,1,2,0,3,2,1,2,133,9,72,45,100,17,0,471,3,6,0,4,2,13124,58,12,4,8,881,931,17,2,42,0,54,3,0,185,10,971,36,100,98,0,4,100,72,320,0,17029,1147,35,66473,3840,354098,0,10948,59542,241994,585,0,51931,4,0,12,72,4109,40,3,1,3,2,365001,70,25,3898558312345171284,22.250000,39.000000,81.250000,3.171670,73.203749,94.655974,0,0
657,207578057,1000,5,21,38,0,78,54,0,100,7,8,8,5,72,100,41,3,256,290,0,0,44,68,89,2,10,43,42,1,3303,538,233,103,0,0,1949,20,9,0,0,0,5217,5,1,541,0,5,43,1,0,0,0,2,1,2,2,0,6,500,0,0,0,0,0,0,263,2,5,31542,4,2,13378,132,0,4,8,740,776,33,2,24,0,248,3,0,173,7,995,24,100,56,0,4,100,72,115,0,92165,1203,28,58226,1344,362874,0,5474,20629,244897,138,11873,81989,4,0,21,72,6741,40,5,1,0,2,365001,70,25,14873171720140355256,5.250000,58.250000,81.000000,0.467783,76.217297,94.566602,0,0
658,2862013826,1000,8,24,26,0,78,37,0,100,7,8,8,3,72,100,40,3,256,282,0,0,66,71,95,2,10,64,51,13,3471,287,118,94,0,0,2195,7,6,0,0,0,11749,5,1,480,0,3,64,0,0,0,0,4,1,2,2,0,6,501,0,0,0,0,0,0,242,3,6,31906,3,3,12761,78,0,3,8,972,936,9,3,57,24,203,2,0,167,63,998,23,100,48,0,4,100,72,1874,0,74743,787,28,59960,22416,364204,0,5474,16425,253598,92,8890,80521,4,0,4,72,1645,40,4,1,0,2,365001,70,25,4454428275046408040,8.000000,52.000000,75.000000,0.556696,76.190737,94.332733,12,0
659,1221482299,1000,30,100,26,0,78,44,0,100,7,8,8,5,72,100,27,3,256,282,0,0,69,71,91,9,32,69,69,0,3440,605,236,92,14,88,1885,15,32,3,0,0,9940,5,4,552,0,8,69,1,0,0,2,4,1,3,2,1,6,500,0,0,0,0,0,0,230,2,4,41286,4,2,5351,78,12,4,8,932,907,17,2,86,6,275,3,0,150,33,990,33,100,100,0,4,100,72,1083,0,101698,1179,35,59442,11642,361166,0,5474,16425,251484,572,0,91045,4,0,14,72,4844,40,6,1,6,2,365001,70,25,15274589954509926254,30.000000,39.500000,66.250000,6.469819,70.723977,84.037563,17,0
660,3875918068,1000,5,22,36,0,78,54,0,100,7,8,8,5,72,100,52,3,256,219,0,0,46,68,83,2,10,46,27,19,3455,536,206,56,0,0,2071,20,63,3,0,0,11373,5,4,480,0,4,46,0,0,0,3,1,1,3,2,1,6,500,0,0,0,0,0,0,241,2,4,40530,4,2,13167,116,12,4,8,970,939,11,2,63,0,76,3,0,150,108,993,60,100,100,0,4,100,72,3874,0,30925,1259,35,58338,39452,362218,0,5474,16425,241098,612,11481,89910,4,0,15,72,6006,40,5,1,0,2,365001,70,25,3585664393025910610,5.500000,55.250000,81.250000,0.494570,75.684742,94.507481,29,0
661,2235386541,1000,9,18,13,0,78,20,0,80,8,8,8,2,100,100,75,3,256,213,0,0,6,75,94,34,78,6,3,3,3255,133,0,0,33,100,2480,14,0,3,0,0,9848,5,4,480,0,6,6,2,0,0,0,0,1,1,1,0,6,501,0,0,0,0,0,0,36,0,0,283066,2,4,3178,58,0,2,8,966,942,9,4,110,21,909,2,0,77,129,987,27,100,100,0,120,66,100,4681,0,331400,924,14,25208,49202,359894,0,0,0,81933,0,0,283067,4,12,0,72,4214,75,6,1,1,2,365001,70,25,10587668151783749422,9.000000,39.000000,62.500000,1.682190,70.710510,76.729075,29,0
662,594855014,1000,5,22,38,0,78,53,0,100,7,8,8,5,100,100,26,3,256,258,3186,0,68,60,83,2,10,68,37,31,3305,73,0,24,0,0,0,20,0,0,1,1,5207,8,9,4,0,7,68,1,2,0,1,1,0,1,0,1,4,1225,89,59,100,49,99,0,115,4,9,0,4,2,4044,100,12,4,8,886,939,92,2,72,0,491,725,0,175,299,980,14,100,68,0,103,100,100,11043,0,179109,264555,7,63736,107580,357442,0,0,0,108186,246005,10809,0,0,0,23,12,7406,40,6,1,1,2,365001,70,25,4426048752788553920,5.500000,58.000000,80.500000,1.610287,70.905539,80.043769,26,0
663,3249290783,1000,28,92,26,0,78,37,0,100,7,8,8,5,72,100,27,3,256,422,0,0,31,72,94,9,32,30,30,0,3414,581,236,95,14,88,1986,17,6,0,0,0,8379,5,1,569,0,5,30,1,0,0,5,1,1,3,2,1,6,500,0,0,0,0,0,0,280,3,6,31122,4,2,13232,78,12,4,8,924,913,19,2,43,0,124,3,0,155,62,975,25,100,56,0,4,100,72,2054,0,43786,1119,35,58582,22536,355666,0,5474,21405,241743,551,15346,80481,4,0,19,72,10997,40,7,1,4,2,365001,70,25,14629013060496391477,28.750000,39.000000,56.250000,4.331620,73.018894,90.386941,0,0
664,1608759256,1000,7,19,26,0,78,20,0,80,7,8,8,3,72,100,22,3,256,215,3260,0,42,64,83,24,76,42,11,31,3327,24,0,108,27,100,0,9,2,0,0,2,5208,6,19,1,0,7,42,1,2,0,3,0,0,1,0,1,5,1251,86,73,100,0,1,0,158,4,8,0,3,3,7049,132,12,3,8,889,939,13,3,27,0,498,751,0,178,35,991,21,100,49,0,4,100,72,1382,0,181800,274075,6,61103,14768,361446,0,0,0,93068,217951,53981,0,0,0,9,12,3150,40,0,1,1,2,365001,70,25,3583944956055253712,7.000000,52.000000,41.666667,1.868492,74.957015,33.544474,63,0
665,4263195025,1000,7,22,26,0,78,37,0,100,7,8,8,3,72,100,40,3,256,268,0,0,7,74,91,44,80,6,4,2,3226,404,96,107,18,100,1892,6,0,3,0,0,12962,5,15,672,0,8,6,2,0,0,11,0,1,1,1,0,6,502,0,0,0,0,0,0,52,0,0,272146,3,3,12674,100,0,3,8,935,921,17,3,63,22,930,3,0,58,22,997,48,100,100,0,4,100,72,907,0,339237,1288,14,25294,9568,363714,0,0,0,82961,0,9892,272147,4,0,5,72,1365,40,4,1,0,2,365001,70,25,5604934680363999870,7.333333,52.000000,75.000000,0.343696,76.781442,94.596023,11,0
666,2622663498,1000,22,66,26,0,78,40,0,80,7,8,8,5,72,100,16,3,256,365,0,0,57,64,92,34,56,57,54,3,3411,633,232,120,33,100,1904,18,4,3,0,0,5207,5,4,480,0,6,57,1,0,0,2,1,1,4,2,2,6,502,0,0,0,0,0,0,234,3,8,45906,4,2,8694,132,24,4,8,861,932,12,2,45,0,157,8,0,143,26,987,75,100,100,0,4,100,72,871,0,57109,2686,42,57582,8932,360372,0,5474,16425,230303,901,11866,100031,4,0,14,72,4704,40,5,1,6,2,365001,70,25,792840649485476667,22.250000,39.000000,60.500000,6.148033,70.840580,74.690936,27,0
667,982131971,1000,6,24,26,0,78,40,0,100,7,8,8,5,72,100,30,3,256,240,0,0,61,63,93,2,10,61,61,0,3448,536,235,94,0,0,2155,18,1,0,0,0,10456,5,1,480,0,7,61,0,0,0,2,2,0,2,2,0,2,80,8,91,45,100,17,0,409,3,7,0,4,2,13283,78,0,4,8,978,936,13,2,36,0,104,1,0,146,29,989,32,99,49,0,4,100,72,1095,0,37979,532,24,58506,10288,360956,0,10948,40302,239931,94,22570,51155,4,0,14,72,3745,40,4,1,0,2,365001,70,25,7566758767771711687,6.000000,39.750000,60.750000,0.534819,73.286231,91.183166,0,0
668,3636567740,1000,7,21,21,0,78,20,0,80,7,8,8,2,100,100,17,3,256,313,3275,0,28,65,83,12,39,28,5,23,3467,144,0,36,27,100,3,5,0,0,7,2,12383,9,10,3,0,4,28,1,2,0,3,0,0,1,0,1,5,1222,98,90,100,0,1,0,223,2,3,0,3,3,3686,100,12,3,8,941,931,23,3,87,21,620,722,0,185,251,996,36,100,100,0,120,98,100,9245,0,226653,263519,7,67933,90420,363217,0,0,0,101469,155428,108103,0,0,0,5,12,1498,40,5,1,2,2,365001,70,25,9903197736439243215,7.666667,42.666667,41.333333,2.005426,67.269669,64.347260,41,0
669,1996036213,1000,20,64,26,0,78,37,0,100,7,8,8,5,63,100,27,3,256,345,0,0,46,61,85,2,10,46,46,0,3276,577,232,82,0,0,1825,20,5,3,0,0,5207,5,4,480,0,7,46,0,0,0,1,3,1,3,2,1,6,500,0,0,0,0,0,0,288,3,7,40979,4,2,13164,58,12,4,8,904,938,85,2,2,0,230,4,0,172,2,2,12,100,4,0,4,100,63,34,0,83979,1651,30,57552,340,482,0,5474,27967,230813,570,9129,91047,4,0,19,72,6461,40,2,1,2,2,365001,70,25,9617511669418998096,20.500000,39.000000,56.500000,2.718930,73.425706,90.926466,0,0
670,355504686,1000,6,24,33,0,78,54,0,100,7,8,8,5,72,100,41,3,256,316,120,0,60,64,90,2,10,60,60,0,3428,508,232,89,0,0,1918,11,56,3,2,0,12489,5,4,480,0,7,60,0,0,0,1,0,1,3,2,1,6,500,0,0,0,0,0,1,228,2,2,51170,4,2,13196,78,12,4,8,950,940,11,2,78,27,247,3,0,168,24,994,57,100,100,0,4,100,72,755,0,90278,1119,35,57040,8102,362622,0,5474,16425,238182,592,2717,101610,4,0,6,72,2030,40,6,1,0,2,365001,70,25,1297247525214615438,6.000000,49.500000,81.250000,0.538345,74.616247,94.521067,25,0
671,3009940455,1000,6,20,25,0,78,37,0,100,7,8,8,3,72,100,40,3,256,255,120,0,6,71,95,2,10,5,5,0,3239,263,118,63,0,0,2078,17,0,3,0,2,8833,5,4,522,0,4,5,0,0,0,1,0,1,3,2,1,6,502,0,0,0,0,0,1,243,2,5,48286,3,3,12681,58,12,3,8,959,943,13,3,40,0,85,3,0,133,77,993,12,100,6,0,4,100,72,2520,0,31706,1259,35,57332,28030,362300,0,5474,16425,242784,511,0,99806,4,0,14,72,6468,40,2,1,0,2,365001,70,25,12975469793498534272,6.666667,50.333333,75.000000,0.466840,72.431985,94.172384,12,0
672,1369408928,1000,5,23,27,0,78,52,0,99,7,8,8,4,72,100,22,3,256,333,3394,0,59,46,83,2,10,59,58,1,3506,70,0,81,0,0,0,20,16,0,1,1,5215,12,15,0,0,7,59,0,2,0,2,0,0,0,0,0,4,1225,89,0,100,100,99,2,147,5,7,0,4,2,13187,100,0,4,8,823,938,102,2,36,0,32,725,0,161,9,967,19,100,64,0,4,100,72,329,0,11516,264613,0,60898,3948,352950,0,0,0,99817,221022,44161,0,0,0,22,12,7511,40,5,1,0,2,365001,70,25,10640207984443423128,5.750000,41.000000,79.000000,0.516266,72.936756,93.488511,0,0
673,4023844697,1000,5,23,36,0,78,54,0,100,7,8,8,4,72,100,41,3,256,323,0,0,50,66,86,2,10,50,50,0,3409,538,233,96,0,0,2116,20,8,0,0,0,5207,5,1,480,0,6,50,0,0,0,0,0,1,2,2,0,6,500,0,0,0,0,0,0,273,2,6,31486,4,2,13362,100,0,4,8,850,929,9,2,0,0,161,3,0,154,15,974,24,100,51,0,4,100,72,411,0,59707,1036,28,59740,4932,355414,0,5474,20492,233389,152,24613,80880,4,0,20,72,6748,40,4,1,0,2,365001,70,25,2652586140617863844,5.750000,54.250000,81.000000,0.509505,75.516390,94.565484,0,0
674,2383313170,1000,13,30,27,0,78,54,0,100,7,8,8,5,72,100,36,3,256,305,0,0,38,62,89,2,10,37,37,0,3345,577,231,96,0,0,1970,14,0,0,0,0,11274,5,1,525,0,7,37,0,0,0,3,0,1,2,2,0,6,500,0,0,0,0,0,0,279,2,4,35911,4,2,13204,116,0,4,8,966,937,13,2,40,0,177,2,0,176,26,991,25,100,81,0,4,100,72,1043,0,64746,1067,24,58985,10446,361546,0,5474,16425,198422,149,53062,91468,4,0,10,72,3171,40,2,1,1,2,365001,70,25,16002605127226915612,13.250000,41.250000,81.250000,1.872008,73.131703,94.524387,0,0
675,742781643,1000,0,0,47,0,78,54,0,100,7,8,8,6,72,100,49,3,256,361,240,0,61,68,93,2,10,61,61,0,3357,555,234,107,0,0,1751,9,11,2,0,4,5207,5,3,535,0,7,61,0,0,0,0,1,0,3,2,1,1,0,35,67,75,37,23,0,230,2,7,0,4,2,13200,100,12,4,8,637,934,29,2,35,0,46,2,0,162,22,976,18,100,64,0,4,100,72,865,0,17032,783,30,56174,8532,355946,0,5729,16425,239022,592,1877,101355,4,0,3,72,1008,40,3,1,0,2,365001,70,25,433308306516808230,0.000000,71.250000,81.750000,0.000000,77.044697,94.550000,0,0
676,3397217412,1000,4,18,39,0,78,54,0,100,7,8,8,5,100,100,42,3,256,217,300,0,56,65,86,2,10,56,56,0,3296,500,236,96,0,0,1713,13,0,2,0,2,12188,5,3,505,0,5,56,0,0,0,2,2,0,3,2,1,1,7,51,70,77,100,27,0,244,3,9,0,4,2,13190,100,12,4,8,970,942,12,2,54,43,153,3,0,189,353,995,25,100,99,0,120,98,100,12967,0,54329,1147,30,65306,129088,362946,0,8093,16425,241994,566,0,97922,4,0,8,72,2653,40,7,1,0,2,365001,70,25,8160545296627366777,4.500000,58.500000,81.000000,0.403942,76.249583,93.797043,10,0
677,1756685885,1000,8,22,22,0,78,20,0,80,7,8,8,2,72,100,22,3,256,294,3256,0,15,64,83,34,54,14,11,3,3313,15,0,104,32,100,0,18,66340,3,2,1,5208,6,24,0,0,5,14,1,2,0,1,1,0,1,0,1,5,1225,86,75,100,0,1,0,375,1,3,0,3,3,12487,78,12,3,8,800,933,12,3,44,0,728,725,0,151,17,994,48,100,100,0,4,100,72,610,0,265519,264611,7,60566,7320,362790,0,0,0,100374,22207,242419,0,0,0,17,12,5838,40,5,1,1,2,365001,70,25,8872209690853264377,8.000000,44.000000,41.666667,1.703692,59.089934,18.822375,28,0
678,116154358,1000,0,0,42,0,100,51,0,100,6,8,3,4,72,73,31,3,256,260,0,0,97,48,92,2,10,97,97,0,3380,634,136,161,0,0,1842,11,0,3,0,0,5288,5,4,480,0,5,97,0,0,0,1,1,1,3,2,1,6,501,0,0,0,0,0,0,229,2,5,40924,5,1,18076,100,12,5,8,217,939,12,1,56,26,150,1,0,191,21,998,63,100,100,0,4,100,72,704,0,54550,448,27,67835,7962,363987,0,5474,16425,250389,618,0,92094,4,0,6,72,1659,40,6,1,0,2,365001,70,25,7153373576705268301,0.000000,51.400000,61.800000,0.000000,71.591060,81.331711,8,0
679,2770590127,1000,4,18,46,0,100,54,0,100,7,8,3,4,58,75,50,3,256,239,0,0,94,63,83,2,10,94,94,0,3364,682,226,96,0,0,1618,20,44,3,0,0,5207,5,4,676,0,6,94,0,0,0,1,0,1,3,2,1,6,500,0,0,0,0,0,0,232,3,5,40615,5,1,13495,100,12,5,8,70,928,88,1,13,0,72,3,0,145,2,0,60,100,100,0,4,100,58,18,0,26553,1175,30,57460,216,109,0,5474,16425,251484,569,0,91048,4,0,18,72,5712,40,2,1,0,2,365001,70,25,10727459231525791924,4.200000,55.200000,65.000000,0.532419,89.244239,92.451649,0,0
680,1130058600,1000,5,21,38,0,78,54,0,100,7,8,8,5,72,100,41,3,256,152,120,0,79,69,95,2,10,79,73,6,3338,479,118,96,0,0,1979,17,0,3,0,2,5207,5,4,480,0,8,79,1,0,0,1,3,1,3,2,1,6,500,0,0,0,0,0,1,231,3,7,51171,4,2,13219,116,12,4,8,354,936,46,2,39,0,168,3,0,185,22,987,49,100,92,0,4,100,72,673,0,61257,1119,30,63584,8064,360088,0,5474,16425,236082,500,4817,101702,4,0,13,72,4403,40,1,1,0,2,365001,70,25,12658078737038761915,5.250000,58.250000,81.250000,0.470232,76.207504,94.532113,1,0
681,3784494369,1000,4,19,39,0,78,54,0,100,7,8,8,5,72,100,41,3,256,280,509,0,66,66,94,2,10,66,66,0,3376,369,204,96,0,0,1772,17,3,2,2,5,5208,5,3,480,0,7,66,1,0,0,2,0,0,2,2,0,1,6,65,81,80,53,31,0,249,2,4,0,4,2,13128,132,0,4,8,894,936,10,2,55,0,324,1,0,175,32,973,73,100,71,0,4,100,72,1188,0,117703,699,28,56384,12104,355090,0,7732,16425,233817,133,8177,98716,4,0,13,72,4375,40,5,1,0,2,365001,70,25,7376402365168569386,4.750000,58.500000,81.250000,0.283668,76.835466,94.911639,0,0
682,2143962842,1000,4,19,39,0,78,54,0,100,7,8,8,5,72,100,41,3,256,206,0,0,7,68,95,2,10,6,6,0,3368,404,117,96,0,0,2191,11,0,5,0,0,10748,5,6,480,0,5,6,0,0,0,4,1,1,2,1,1,6,501,0,0,0,0,0,0,44,1,3,264110,4,2,13185,100,12,4,8,947,939,11,2,66,0,205,3,0,82,48,954,48,100,100,0,4,100,72,1713,0,74712,1203,21,27816,18952,348209,0,0,0,100374,515,0,264111,4,0,9,72,3045,40,7,1,0,2,365001,70,25,12169701484688689426,4.750000,58.500000,81.250000,0.426545,76.248919,94.518013,0,0
683,503431315,1000,5,21,38,0,78,54,0,100,7,8,8,4,72,100,41,3,256,318,0,0,1,66,83,2,10,1,1,0,3480,476,116,96,0,0,2037,10,0,6,0,0,5264,5,25,531,0,5,1,1,0,0,0,0,1,1,1,0,6,500,0,0,0,0,0,0,52,1,3,275030,4,2,13204,100,0,4,8,857,915,46,2,48,0,238,2,0,44,15,991,48,100,100,0,4,100,72,626,0,87576,811,14,21950,7512,361614,0,0,0,78845,0,11124,275031,4,0,9,72,3150,40,6,1,0,2,365001,70,25,1451741186004326297,5.250000,58.250000,81.250000,0.470766,76.205695,94.525901,0,0
684,3157867084,1000,5,22,39,0,78,54,0,100,7,8,8,5,89,100,42,3,256,306,0,0,21,68,95,2,10,21,21,0,3244,514,116,96,0,0,1972,13,0,3,0,0,6121,5,4,480,0,3,21,0,0,0,1,1,1,2,1,1,6,501,0,0,0,0,0,0,40,1,3,273574,4,2,5224,116,12,4,8,934,937,10,2,60,25,103,3,0,77,46,992,14,75,42,0,39,100,89,2077,0,34954,1175,21,25940,22982,362013,0,0,0,90884,541,0,273575,4,0,10,72,3633,40,2,1,1,2,365001,70,25,13198302448008847814,5.500000,58.500000,81.000000,1.246554,73.580398,85.816807,28,0
685,1517335557,1000,7,21,26,0,78,20,0,80,7,8,8,3,72,100,17,3,256,309,3198,0,40,65,83,34,54,40,27,13,3384,140,0,106,33,100,3,21,0,0,1,1,5208,10,19,1,0,5,40,1,2,0,0,0,0,1,0,1,4,1280,84,80,100,100,98,0,95,4,6,0,3,3,5647,100,12,3,8,848,907,52,3,91,6,735,780,0,188,19,973,36,100,100,0,4,100,72,509,0,268431,284659,6,67608,5628,355022,0,0,0,80299,284701,0,0,0,0,22,12,7077,40,4,1,2,2,365001,70,25,3605511725909122224,7.666667,52.000000,41.666667,2.004250,73.911457,42.025854,55,0
686,4171771326,1000,5,20,28,0,78,54,0,100,7,8,8,5,100,100,35,3,256,421,0,0,55,56,70,2,10,55,21,34,3429,530,233,96,0,0,1823,12,6,3,0,0,10167,5,4,533,0,7,55,0,0,0,2,0,1,2,2,0,6,500,0,0,0,0,0,0,230,3,3,51227,4,2,13203,100,0,4,8,949,944,36,2,58,5,125,2,0,153,324,961,48,100,100,0,118,100,100,12493,0,45599,1011,24,58212,120830,350624,0,5474,16425,238717,128,3277,100979,4,0,12,72,4578,40,0,1,0,2,365001,70,25,5369857615714800819,5.000000,43.000000,81.000000,0.448383,73.461940,93.803530,0,0
687,2531239799,1000,4,18,32,0,78,54,0,100,7,8,8,5,72,100,41,3,256,372,0,0,73,63,95,2,10,73,65,8,3332,571,236,81,0,0,1902,18,19,0,0,0,8527,5,1,581,0,5,73,1,0,0,0,0,0,3,2,1,2,69,8,82,45,96,17,0,372,3,5,0,4,2,13197,116,12,4,8,947,934,13,2,69,13,195,6,0,142,49,984,36,100,52,0,4,100,72,1695,0,72312,2266,30,60224,18204,359059,0,10948,36374,261311,514,0,55853,4,0,15,72,5201,40,4,1,0,2,365001,70,25,10336515135181732475,4.500000,48.000000,81.000000,0.403728,73.669546,93.802986,0,0
688,890708272,1000,5,21,39,0,78,54,0,100,7,8,8,5,72,100,41,3,256,263,0,0,44,65,95,2,10,42,41,1,3277,377,118,96,0,0,2140,9,45,3,0,0,12039,5,4,480,0,3,42,0,0,0,0,3,1,2,2,0,6,500,0,0,0,0,0,0,252,2,3,40950,4,2,13146,132,0,4,8,968,928,13,2,61,18,110,2,0,174,84,997,63,100,100,0,4,100,72,2505,0,40217,811,28,57942,29898,363870,0,5474,16425,224801,61,25768,92471,4,0,5,72,2282,40,5,1,0,2,365001,70,25,6470372194722680963,5.250000,58.500000,81.250000,0.472843,76.243724,94.498707,6,0
689,3545144041,1000,0,0,52,0,79,58,0,100,7,8,8,5,72,100,41,3,256,373,0,0,65,70,91,2,10,65,65,0,3409,603,235,111,0,0,1832,13,0,3,0,0,6244,5,4,497,0,5,65,0,0,0,0,2,1,3,2,1,6,501,0,0,0,0,0,0,253,3,6,43134,4,2,4958,116,12,4,8,867,931,50,2,72,1,145,5,0,178,13,981,22,100,85,0,4,100,72,486,0,53433,1902,35,66187,5820,357939,0,5474,16425,228467,591,23017,91026,4,0,13,72,4480,40,5,1,0,2,365001,70,25,2101864905924059050,0.000000,78.250000,87.500000,0.000000,78.061113,86.867689,51,0
690,1904612514,1000,5,22,39,0,78,54,0,100,7,8,8,4,72,100,30,3,256,476,3120,0,66,60,83,2,10,66,66,0,3435,81,192,96,0,0,0,20,6,0,0,4,5207,7,11,0,0,7,66,0,2,0,1,0,0,1,1,0,4,647,99,47,100,100,100,0,377,3,6,0,4,2,13195,100,0,4,8,561,932,154,2,26,0,132,150,0,162,10,776,36,100,50,0,4,100,72,302,0,48519,54528,14,58648,3624,282913,0,5474,43262,205857,53869,8205,48333,0,0,19,12,6391,40,1,1,0,2,365001,70,25,5408107866167736134,5.500000,58.500000,81.250000,0.495188,76.244335,94.513452,0,0
691,264080987,1000,6,24,31,0,78,54,0,100,7,8,8,5,72,100,41,3,256,250,0,0,11,63,91,2,10,11,11,0,3464,553,233,95,0,0,2036,20,0,4,0,0,7100,5,5,480,0,6,11,1,0,0,1,1,1,2,1,1,6,501,0,0,0,0,0,0,44,1,1,265202,4,2,13287,78,12,4,8,901,937,33,2,43,0,216,3,0,61,33,720,48,100,100,0,4,100,72,965,0,79969,1287,21,23054,10616,262578,0,0,0,99279,518,0,265203,4,0,23,72,7245,40,3,1,0,2,365001,70,25,7817462689967135113,6.000000,46.750000,81.250000,0.534658,74.150598,94.558591,0,0
692,2918516756,1000,4,18,31,0,78,53,0,100,7,8,8,5,100,100,26,3,256,279,3045,0,92,58,83,2,10,55,53,2,3209,122,0,59,0,0,0,20,0,0,1,1,9855,5,16,0,0,5,55,0,2,0,1,1,0,0,0,0,4,1225,89,91,100,100,99,0,99,4,9,0,4,2,13000,78,0,4,8,946,938,39,2,63,3,34,725,0,194,356,956,36,100,97,0,120,98,100,12306,0,12605,264583,0,64192,129524,348867,0,0,0,100374,264626,0,0,0,0,20,12,11074,40,3,1,0,2,365001,70,25,9251487734109943410,4.500000,47.500000,80.750000,0.409846,48.891769,93.844231,4,0
693,1277985229,1000,5,18,38,0,78,54,0,100,7,8,8,4,72,100,41,3,256,386,0,0,48,70,92,2,10,46,45,1,3372,548,118,96,0,0,2064,23,0,3,0,0,5208,5,4,480,0,7,46,0,0,0,1,0,1,2,2,0,6,500,0,0,0,0,0,0,241,3,7,43947,4,2,13197,100,0,4,8,582,930,39,2,3,0,151,2,0,157,12,980,75,100,100,0,4,100,72,400,0,56905,1119,24,57278,4800,357458,0,5474,16425,239300,150,11089,92562,4,0,19,72,6279,40,2,1,0,2,365001,70,25,4953741871147503957,5.250000,58.250000,81.250000,0.411457,76.766235,94.917405,0,0
694,3932420998,1000,8,25,26,0,78,37,0,100,7,8,8,3,72,100,40,3,256,323,0,0,53,72,89,24,76,53,51,2,3372,404,118,107,23,100,1688,18,39,3,0,0,5207,5,4,480,0,6,53,1,0,0,2,0,1,2,2,0,6,501,0,0,0,0,0,0,281,2,4,41007,3,3,12775,100,0,3,8,852,912,107,3,18,0,338,2,0,174,10,980,59,100,100,0,4,100,72,224,0,123418,811,24,57596,2598,357654,0,5474,16425,197754,0,54581,90766,4,0,15,72,4739,40,6,1,0,2,365001,70,25,15093757112720140754,8.333333,52.000000,75.000000,0.587084,76.168297,94.321722,0,0
695,2291889471,1000,0,0,42,0,100,43,0,100,6,8,8,3,73,100,43,3,256,414,120,0,55,76,94,2,10,55,54,1,3419,198,118,139,0,0,2321,8,0,3,1,1,5452,5,4,480,0,5,55,0,0,0,0,1,1,3,2,1,6,500,0,0,0,0,0,1,227,3,8,48203,3,3,17040,116,12,3,8,789,939,27,3,84,31,136,3,0,190,42,998,71,100,97,0,6,100,73,1304,0,49175,1119,30,64090,14916,364169,0,5474,16425,240899,569,0,101633,4,0,4,72,5670,40,4,1,0,2,365001,70,25,7572757835222308220,0.000000,85.333333,86.666667,0.000000,83.945423,91.307512,9,0
696,651357944,1000,5,21,39,0,78,54,0,100,7,8,8,5,72,100,75,3,256,188,0,0,18,70,89,9,32,18,18,0,3393,575,235,96,6,40,1941,14,0,5,0,0,5796,5,6,480,0,7,18,1,0,0,1,1,1,1,1,0,6,500,0,0,0,0,0,0,44,1,1,265678,4,2,13212,132,0,4,8,891,943,19,2,70,0,224,0,0,61,32,975,71,100,100,0,4,100,72,712,0,84550,0,14,25362,8060,355685,0,0,0,99279,42,0,265679,4,11,0,72,3500,75,2,1,0,2,365001,70,25,698485435899187557,5.250000,58.500000,81.250000,0.470481,76.252498,94.527702,0,0
697,3305793713,1000,5,21,41,0,78,54,0,100,7,8,8,5,72,100,41,3,256,163,0,0,21,65,95,2,10,21,20,1,3288,535,234,96,0,0,1570,8,0,3,0,0,11621,5,4,631,0,7,21,0,0,0,0,0,1,1,1,0,6,500,0,0,0,0,0,0,66,1,1,264586,4,2,13287,100,0,4,8,892,896,32,2,46,21,39,0,0,72,115,998,48,100,100,0,4,100,72,4107,0,15465,0,14,25782,41710,364038,0,0,0,71169,39,29205,264587,4,0,4,72,1015,40,4,1,0,2,365001,70,25,5487785712778977422,5.250000,61.750000,81.250000,0.472567,75.972831,94.546173,12,0
698,1665262186,1000,8,24,13,0,78,37,0,99,7,8,8,3,100,100,25,3,256,251,3196,0,24,62,83,2,10,19,13,6,3321,83,0,34,0,0,0,6,0,0,2,1,12895,7,7,0,0,3,19,0,3,0,1,3,0,1,0,1,4,1254,85,0,94,100,98,2,125,4,9,0,3,3,3674,100,12,3,8,977,937,13,3,69,33,54,754,0,175,299,998,36,100,100,0,120,98,100,11470,0,19637,275195,7,67042,111044,364141,0,0,0,90797,248022,26181,0,0,0,4,12,2023,40,4,1,1,2,365001,70,25,8074338197366118040,8.000000,27.000000,74.666667,1.757213,59.959173,80.560969,31,0
699,24730659,1000,4,19,35,0,78,52,0,100,7,8,8,4,72,100,42,3,256,570,663,0,51,65,90,9,32,51,51,0,3380,552,236,106,13,40,1407,20,2,2,0,4,5207,5,3,480,0,7,51,1,0,0,0,4,0,2,2,0,1,6,42,68,80,94,25,0,249,2,7,0,4,2,13074,100,0,4,8,667,925,26,2,40,0,114,4,0,140,12,983,23,100,89,0,4,100,72,472,0,42331,1259,24,57576,5664,358688,0,7967,16425,227903,151,11901,100653,4,0,15,72,4718,40,7,1,0,2,365001,70,25,529303936893398094,4.750000,53.000000,79.000000,0.145327,76.558666,94.828056,0,0
700,2679166428,1000,4,17,31,0,78,54,0,100,7,8,8,5,100,100,41,3,256,273,0,0,61,67,84,2,10,59,59,0,3339,528,222,96,0,0,1827,16,0,3,0,0,5207,5,4,480,0,8,59,0,0,0,0,1,1,3,2,1,6,500,0,0,0,0,0,0,227,2,4,38654,4,2,13291,132,12,4,8,831,940,133,2,46,0,43,3,0,160,245,720,39,100,100,0,116,100,100,9383,0,16026,1063,35,57990,89122,262508,0,5474,16425,240899,565,0,101637,4,0,11,72,3843,40,6,1,0,2,365001,70,25,7740563984820306706,4.250000,47.250000,81.000000,0.378602,74.234821,93.836882,0,0
701,1038634901,1000,8,24,21,0,78,35,0,85,7,8,8,3,100,100,25,3,256,248,3021,0,32,64,84,20,64,30,13,17,3205,22,0,96,16,100,106,6,4,0,5,0,12622,7,7,2,0,3,30,1,2,0,12,0,0,1,0,1,4,1228,93,47,100,100,100,0,126,4,6,0,3,3,12598,132,12,3,8,978,934,10,3,74,27,660,728,0,170,280,998,20,100,51,0,120,98,100,9953,0,241352,265703,7,63148,100886,364099,0,0,0,100903,240323,23774,0,0,0,5,12,2737,40,5,1,0,2,365001,70,25,18407019373900685182,8.000000,42.000000,70.000000,0.563899,53.544690,82.948087,39,0
702,3693070670,1000,4,17,39,0,78,54,0,100,7,8,8,4,72,100,52,3,256,297,0,0,54,68,89,2,10,53,53,0,3326,536,233,96,0,0,1847,23,6,0,0,0,5216,5,1,480,0,5,53,0,0,0,1,0,1,2,2,0,6,500,0,0,0,0,0,0,261,2,5,21295,4,2,13180,100,0,4,8,858,922,53,2,57,0,235,2,0,153,17,974,24,100,50,0,4,100,72,437,0,85574,755,24,57520,5244,355153,0,5474,16425,231487,130,29487,81997,4,0,23,72,8946,40,0,1,0,2,365001,70,25,8181984415698636934,4.250000,58.500000,81.250000,0.381791,76.248255,94.512898,0,0
703,2052539143,1000,4,18,34,0,78,54,0,100,7,8,8,5,100,100,41,3,256,417,0,0,10,68,95,2,10,10,9,1,3416,524,235,95,0,0,2011,8,41,4,0,0,11512,5,5,480,0,4,10,0,0,0,0,0,1,2,2,0,6,500,0,0,0,0,0,0,332,2,3,43919,4,2,13255,78,0,4,8,943,902,23,2,56,15,16,2,0,144,275,998,69,100,100,0,118,100,100,11151,0,6061,1095,24,57456,106456,363924,0,5474,36427,209876,143,20511,92569,4,0,6,72,2219,40,5,1,0,2,365001,70,25,1104021768241717053,4.500000,51.250000,81.000000,0.401962,75.024217,93.823086,4,0
704,412007616,1000,6,24,36,0,78,54,0,100,7,8,8,5,72,100,41,3,256,256,0,0,4,62,95,2,10,4,4,0,3441,303,0,96,0,0,2496,24,0,3,0,0,7479,5,13,480,0,4,4,0,0,0,0,0,1,1,1,0,6,500,0,0,0,0,0,0,36,1,1,285698,4,2,13281,100,0,4,8,915,942,36,2,1,0,236,2,0,60,184,941,48,100,100,0,4,100,72,5396,0,85337,755,14,21623,63074,343290,0,0,0,79204,97,0,285699,4,0,23,72,7399,40,6,1,0,2,365001,70,25,16511783032326027743,6.000000,54.250000,81.250000,0.534899,75.501242,94.444695,0,0
705,3066443385,1000,37,64,13,0,78,21,0,80,8,8,8,5,72,100,8,3,256,265,3357,0,69,48,83,2,10,66,34,32,3400,0,0,0,0,0,0,20,0,0,2,0,5207,9,21,1,0,5,66,0,3,0,1,1,0,1,0,1,4,1280,82,94,100,76,97,0,128,4,8,0,4,2,11965,58,12,4,8,840,939,57,2,52,9,474,780,0,181,9,938,12,100,4,0,4,100,72,183,0,173609,284687,7,60746,1716,342254,0,0,0,85507,247487,32006,0,0,0,22,12,7056,40,6,1,46,2,365001,70,25,11517758499278746359,37.500000,19.500000,31.750000,46.636690,18.259758,20.582365,48,0
706,1425911858,1000,8,25,26,0,78,37,0,100,7,8,8,2,72,100,25,3,256,280,3189,0,28,65,83,20,63,27,15,12,3369,104,0,96,16,100,33,5,0,0,4,0,12740,10,6,1,0,3,27,1,2,0,12,0,0,1,0,1,4,1228,86,77,100,100,98,0,100,4,8,0,3,3,12684,100,12,3,8,966,930,12,3,57,19,658,728,0,172,78,998,36,100,98,0,4,100,72,2381,0,240428,265703,6,67863,28288,364066,0,0,0,99279,265721,0,0,0,0,5,12,1603,40,4,1,0,2,365001,70,25,296466651212784318,8.333333,52.000000,75.000000,0.583412,76.179754,94.299905,5,0
707,4080347627,1000,6,18,19,0,78,20,0,80,7,8,8,2,72,100,17,3,256,288,3163,0,25,61,83,17,54,25,21,4,3333,128,0,29,27,100,0,22,17,1,0,1,5208,5,18,0,0,6,25,1,2,0,0,3,0,1,0,1,5,1225,87,83,100,0,1,0,352,2,6,0,3,3,3681,78,12,3,8,841,929,14,3,86,2,695,725,0,158,12,980,36,100,51,0,4,100,72,408,0,253535,264611,6,61110,4896,357498,0,0,0,101074,42198,221728,0,0,0,22,12,6398,40,1,1,1,2,365001,70,25,10567433794931216411,6.666667,39.666667,41.666667,1.348547,67.599565,65.137191,71,0
708,2439816100,1000,5,23,29,0,78,54,0,100,7,8,8,5,72,100,40,3,256,342,0,0,45,63,89,2,10,45,44,1,3289,536,233,7,0,0,1878,21,88,3,0,0,5207,5,4,480,0,5,45,0,0,0,1,1,1,2,2,0,6,500,0,0,0,0,0,0,250,2,5,43442,4,2,13163,78,0,4,8,783,931,16,2,6,0,220,2,0,152,12,984,75,100,100,0,4,100,72,398,0,80760,1007,28,57992,4760,358912,0,5474,16425,228503,47,22150,92401,4,0,17,72,5733,40,0,1,0,2,365001,70,25,6621249055667032688,5.750000,44.000000,81.250000,0.342475,74.269695,94.925169,0,0
709,799284573,1000,21,64,26,0,78,40,0,100,7,8,8,5,72,100,27,3,256,225,677,0,45,64,95,2,10,45,44,1,3433,505,236,92,0,0,1397,13,0,1,1,1,5208,5,2,576,0,7,45,0,0,0,3,2,0,4,2,2,1,10,68,80,100,100,32,0,253,2,7,0,4,2,13147,58,24,4,8,803,938,19,2,43,0,168,5,0,181,39,989,67,100,100,0,4,100,72,1343,0,61948,2046,42,63042,15544,360774,0,9141,16425,239804,893,0,98737,4,6,6,72,3745,40,4,1,2,2,365001,70,25,12350569760165832389,21.750000,39.000000,60.750000,2.401765,73.947821,91.966684,0,0
710,3453720342,1000,4,18,36,0,78,54,0,100,7,8,8,4,100,100,41,3,256,359,0,0,48,60,83,2,10,47,46,1,3359,351,0,96,0,0,6,11,0,3,0,0,11764,5,4,486,0,4,47,0,0,0,0,0,1,3,2,1,6,500,0,0,0,0,0,0,226,2,4,41594,4,2,13212,116,12,4,8,928,931,10,2,40,28,257,3,0,156,354,995,65,100,100,0,120,98,100,12779,0,93191,1119,35,58330,131824,362839,0,5474,16425,240899,601,0,101601,4,0,6,72,1701,40,6,1,0,2,365001,70,25,17371033314082059676,4.500000,55.250000,81.000000,0.403270,71.613609,93.807448,8,0
711,1813188815,1000,25,100,39,0,78,46,0,100,7,8,8,5,72,100,34,3,256,263,0,0,63,66,95,2,10,63,61,2,3356,601,236,95,0,0,1997,20,0,0,0,0,10364,5,1,480,0,3,63,0,0,0,0,2,1,2,2,0,6,504,0,0,0,0,0,0,233,1,4,33728,4,2,13394,78,0,4,8,949,940,19,2,73,13,269,2,0,195,74,958,24,99,94,0,4,100,72,2300,0,97451,727,24,69112,27476,349581,0,5474,16425,261692,98,0,81311,4,0,22,72,7392,40,5,1,5,2,365001,70,25,2305148396986134457,25.000000,58.500000,70.000000,5.121696,74.005077,90.576377,0,0
712,172657288,1000,6,25,39,0,78,54,0,100,7,8,8,4,72,100,31,3,256,536,2734,0,35,62,87,2,10,33,33,0,3349,253,0,94,0,0,320,21,5,0,2,1,5207,11,14,0,0,3,33,0,2,0,1,0,0,1,1,0,5,624,91,76,100,0,1,0,272,3,6,0,4,2,12923,78,0,4,8,826,926,11,2,0,0,38,127,0,175,15,975,13,100,39,0,4,100,72,432,0,13672,46182,14,59350,5184,355741,0,5474,19039,236095,36953,19148,48291,0,0,18,12,6069,40,0,1,0,2,365001,70,25,1426237763499345139,6.250000,58.500000,81.250000,0.572622,76.213418,94.283061,0,0
713,2827093057,1000,35,64,13,0,78,30,0,80,7,8,8,5,72,100,21,3,256,248,0,0,55,58,83,2,10,55,55,0,3360,618,234,11,0,0,1850,17,0,3,0,0,11219,5,4,480,0,6,55,0,0,0,2,0,1,4,2,2,6,500,0,0,0,0,0,0,231,3,5,40474,4,2,12855,58,24,4,8,950,930,11,2,76,5,53,4,0,214,52,990,52,100,95,0,4,100,72,2056,0,19615,1595,42,65319,20894,361117,0,5474,16425,250389,1033,0,91679,4,0,16,72,5215,40,6,1,44,2,365001,70,25,5992412363131500993,35.500000,19.500000,45.750000,44.051886,16.989498,59.363594,34,0
714,1186561530,1000,11,44,46,0,78,53,0,100,7,8,8,5,100,100,42,3,256,240,360,0,69,72,90,2,10,69,59,10,3285,590,234,96,0,0,1491,14,0,2,1,1,5217,5,3,568,0,7,69,0,0,0,4,2,0,2,2,0,1,4,30,80,76,63,22,0,300,2,5,0,4,2,5098,100,0,4,8,802,924,26,2,77,0,88,1,0,175,283,991,72,100,73,0,112,100,100,10470,0,33277,532,24,64176,105854,361446,0,7043,24149,228635,78,3445,101650,4,6,3,72,3157,40,1,1,2,2,365001,70,25,2351065038031268299,11.000000,69.000000,80.000000,2.805022,74.680463,82.375441,27,0
715,3840997299,1000,9,23,27,0,78,54,0,100,7,8,8,5,72,100,35,3,256,203,0,0,19,63,88,2,10,19,19,0,3481,589,233,96,0,0,1350,9,0,3,0,0,8694,5,4,480,0,7,19,0,0,0,2,0,1,2,1,1,6,501,0,0,0,0,0,0,37,1,1,284186,4,2,13352,100,12,4,8,846,825,18,2,50,17,254,3,0,64,16,997,48,100,100,0,4,100,72,644,0,94419,1203,21,23430,6520,363707,0,0,0,80299,514,0,284187,4,0,6,72,1652,40,5,1,1,2,365001,70,25,477215858175066040,9.750000,41.500000,81.250000,1.222888,73.240563,94.585081,9,0
716,2200465772,1000,23,70,26,0,78,54,0,100,7,8,8,4,72,100,33,3,256,335,0,0,55,64,85,2,10,55,55,0,3493,550,234,96,0,0,2168,21,12,0,0,0,5208,5,1,499,0,5,55,0,0,0,2,0,1,3,2,1,6,501,0,0,0,0,0,0,246,2,4,32494,4,2,13177,132,12,4,8,845,931,15,2,40,0,253,5,0,152,12,974,23,100,53,0,4,100,72,311,0,92942,1986,35,58424,3732,355419,0,5474,16425,247935,457,12126,82583,4,0,22,72,7084,40,4,1,3,2,365001,70,25,336622697708073192,23.000000,39.500000,81.250000,3.491690,73.408211,94.933217,0,0
717,559934245,1000,5,21,39,0,78,60,0,100,7,8,8,4,72,100,41,3,256,287,0,0,11,62,87,2,10,11,11,0,3425,295,116,96,0,0,369,22,6,4,0,0,5944,5,15,480,0,4,11,1,0,0,0,1,1,1,1,0,6,500,0,0,0,0,0,0,39,1,3,276206,4,2,13276,116,0,4,8,898,913,18,2,45,0,213,1,0,84,13,976,48,100,100,0,4,100,72,392,0,76259,647,14,24062,4704,356168,0,0,0,88694,99,0,276207,4,0,21,72,10409,40,0,1,0,2,365001,70,25,4363344299623366488,5.250000,58.500000,90.000000,0.460304,76.290298,95.340464,0,0
718,3214370014,1000,8,22,25,0,78,20,0,80,7,8,8,2,73,100,17,3,256,247,3181,0,44,66,83,9,32,40,36,4,3404,127,0,21,27,100,44,6,14,0,3,0,12730,9,5,0,0,3,40,1,2,0,0,2,0,1,0,1,5,1254,84,75,100,0,1,0,373,1,3,0,3,3,3606,78,12,3,8,963,937,17,3,97,30,727,754,0,177,74,998,36,100,52,0,6,100,73,2188,0,265013,275195,7,62278,25868,363952,0,0,0,84300,36908,243792,0,0,0,5,12,1995,40,5,1,2,2,365001,70,25,10306339008070757576,8.000000,51.333333,41.666667,2.093178,71.294509,65.869384,43,0
719,1573838487,1000,5,20,35,0,78,53,0,100,7,8,8,5,100,100,42,3,256,458,528,0,33,66,90,2,10,33,28,5,3372,508,234,96,0,0,1580,20,13,2,2,2,6900,5,3,480,0,4,33,0,0,0,1,3,0,2,2,0,1,5,57,80,78,93,29,0,250,2,4,0,4,2,6551,132,0,4,8,916,937,66,2,15,0,76,2,0,143,301,781,48,100,94,0,120,98,100,10133,0,28797,867,28,58318,105320,284784,0,7318,16425,226615,140,13189,101313,4,0,22,72,7399,40,6,1,0,2,365001,70,25,10827901810632879545,5.000000,53.500000,80.000000,0.915891,65.751488,86.519615,31,0
720,4228274256,1000,4,18,39,0,78,54,0,100,7,8,8,5,63,100,41,3,256,315,420,0,75,67,92,2,10,74,74,0,3391,399,235,95,0,0,1638,20,0,2,1,4,5208,5,3,657,0,7,74,0,0,0,1,0,0,3,2,1,1,9,60,67,78,100,30,0,258,2,3,0,4,2,13274,78,12,4,8,464,924,67,2,43,0,99,3,0,154,0,1,44,100,65,0,4,100,63,35,0,35745,1119,35,56539,376,601,0,8812,16425,231238,555,9661,98309,4,0,24,72,7833,40,6,1,0,2,365001,70,25,13128931915309465583,4.500000,58.500000,81.250000,0.406810,76.237155,94.416152,0,0
721,2587742729,1000,5,23,39,0,78,54,0,100,7,8,8,4,100,100,41,3,256,372,0,0,50,66,95,2,10,46,46,0,3225,251,0,96,0,0,2452,7,17,0,0,0,5220,5,1,480,0,5,46,0,0,0,0,1,1,2,2,0,6,500,0,0,0,0,0,0,258,3,4,34846,4,2,13178,100,0,4,8,875,940,15,2,57,0,180,3,0,156,201,973,24,100,54,0,120,94,100,6086,0,65139,1231,28,59899,71624,355125,0,5474,16425,230560,147,29319,83075,4,0,4,72,5243,40,4,1,0,2,365001,70,25,16413005986689862301,5.750000,58.500000,81.250000,0.518364,76.242070,94.504857,0,0
722,947211202,1000,5,20,35,0,78,54,0,100,7,8,8,5,100,100,26,3,256,463,2838,0,41,60,86,2,10,40,40,0,3446,149,108,87,0,0,309,20,10,0,2,0,5207,8,8,0,0,6,40,0,2,0,2,0,0,1,1,0,4,619,87,37,100,100,99,0,242,3,4,0,4,2,13279,78,0,4,8,807,936,78,2,39,0,74,122,0,166,262,753,36,100,52,0,120,98,100,9761,0,26891,44306,14,60051,96062,274830,0,5474,16425,246305,43452,3200,50144,0,0,21,12,7091,40,3,1,0,2,365001,70,25,12241064844131133115,5.000000,53.500000,81.000000,0.450335,75.341517,93.706981,0,0
723,3601646971,1000,22,64,26,0,78,37,0,100,7,8,8,4,72,100,27,3,256,217,0,0,62,68,92,2,10,62,61,1,3339,565,118,66,0,0,2014,20,0,3,0,0,8236,5,4,480,0,7,62,0,0,0,0,3,1,2,2,0,6,504,0,0,0,0,0,0,240,1,2,41006,4,2,13222,58,0,4,8,913,935,52,2,42,0,168,2,0,141,21,982,12,100,6,0,4,100,72,580,0,60823,923,28,58448,6960,358186,0,5474,16425,240414,0,11957,90730,4,0,20,72,6391,40,3,1,3,2,365001,70,25,11313386994936469272,22.250000,39.000000,56.500000,3.168658,73.074119,90.375057,0,0
724,1961115444,1000,5,23,35,0,84,54,0,100,7,8,8,5,72,100,41,3,256,331,0,0,13,65,83,2,10,13,13,0,3413,374,236,96,0,0,2141,12,0,6,0,0,5880,5,16,480,0,6,13,1,0,0,6,1,1,1,1,0,6,500,0,0,0,0,0,0,35,1,2,285699,4,2,13197,100,0,4,8,936,938,11,2,46,0,37,0,0,65,19,990,49,100,100,0,4,100,72,935,0,13658,0,12,22892,9798,361019,0,0,0,79204,96,0,285700,4,0,8,72,2366,40,7,1,0,2,365001,70,25,13497608476601614166,5.750000,53.750000,81.250000,0.515875,79.448587,94.518451,21,0
725,320583917,1000,6,17,20,0,78,20,0,80,7,8,8,3,100,100,17,3,256,265,3105,0,22,65,83,12,39,20,15,5,3351,197,0,13,27,100,7,6,0,0,2,1,13045,9,9,0,0,3,20,1,2,0,2,1,0,1,0,1,5,1231,91,87,100,0,1,0,380,1,3,0,3,3,3382,78,12,3,8,973,934,13,3,106,22,709,731,0,184,313,999,13,100,45,0,120,98,100,11418,0,258629,266795,6,64156,111316,364274,0,0,0,96643,22213,246144,0,0,0,4,12,1694,40,4,1,1,2,365001,70,25,18044506990460772185,6.333333,41.000000,41.666667,1.656416,68.392371,70.195151,39,0
726,2975019686,1000,5,21,37,0,78,54,0,100,7,8,8,5,72,100,41,3,256,242,0,0,107,70,95,2,10,104,96,8,3348,537,234,94,0,0,2043,21,10,0,0,0,5223,5,1,492,0,6,104,0,0,0,0,4,1,2,2,0,6,500,0,0,0,0,0,0,244,2,5,32326,4,2,13207,78,0,4,8,155,928,32,2,48,0,181,1,0,163,36,981,24,100,52,0,4,100,72,1057,0,66201,616,28,59855,12134,357785,0,5474,16425,247922,112,11957,83110,4,0,17,72,5194,40,6,1,0,2,365001,70,25,9134721286521837540,5.250000,55.500000,81.250000,0.470659,75.707579,94.527145,32,0
727,1334488159,1000,7,19,26,0,78,20,0,80,7,8,8,2,72,100,17,3,256,324,3382,0,23,64,83,26,51,23,21,2,3440,9,0,108,10,63,7,18,0,0,3,0,5207,7,10,0,0,7,23,1,2,0,12,0,0,1,0,1,5,1257,84,70,100,0,1,0,305,1,2,0,3,3,12591,116,12,3,8,896,920,17,3,101,0,765,757,0,199,12,978,41,100,97,0,4,100,72,410,0,278843,276287,6,67884,4920,356658,0,0,0,88694,92379,183927,0,0,0,17,12,6062,40,6,1,1,2,365001,70,25,11380292320932989375,7.000000,52.000000,41.666667,1.807005,76.785799,19.005639,61,0
728,3988923928,1000,37,100,33,0,78,46,0,100,7,8,8,5,72,100,31,3,256,392,0,0,37,61,95,2,10,37,14,23,3370,464,234,95,0,0,2030,12,0,3,0,0,12085,5,4,480,0,3,37,0,0,0,3,3,1,4,2,2,6,502,0,0,0,0,0,0,231,2,7,41959,4,2,14273,78,24,4,8,976,936,12,2,81,31,118,6,0,175,87,998,69,100,100,0,4,100,72,3046,0,41900,2270,36,64458,32280,364176,0,5474,16425,250389,1029,0,91683,4,0,7,72,4571,40,7,1,11,2,365001,70,25,18379680808142204776,37.250000,49.500000,70.000000,11.591887,69.051496,86.539620,40,0
729,2348392401,1000,2,11,51,0,78,57,0,100,6,8,8,6,72,100,41,3,256,279,0,0,72,71,95,2,10,72,72,0,3539,517,116,135,0,0,2260,8,50,3,0,0,13004,5,4,480,0,3,72,0,0,0,2,1,1,2,2,0,6,500,0,0,0,0,0,0,234,3,5,42464,4,2,17557,78,0,4,8,972,932,11,2,65,15,75,2,0,163,91,998,63,100,100,0,4,100,72,3037,0,27339,867,24,66042,33472,364057,0,5474,16425,229835,138,9969,103159,4,0,3,72,1302,40,3,1,2,2,365001,70,25,5522902289090671229,2.750000,77.000000,85.500000,2.864498,76.958364,86.913710,6,0
730,707860874,1000,4,18,39,0,78,54,0,100,7,8,8,4,74,100,40,3,256,283,0,0,65,70,95,2,10,64,63,1,3392,517,209,94,0,0,2137,13,0,0,0,0,9560,5,1,487,0,6,64,0,0,0,2,0,1,4,2,2,6,500,0,0,0,0,0,0,235,2,4,34286,4,2,13186,78,24,4,8,958,938,13,2,69,9,70,7,0,178,20,990,24,100,99,0,8,100,74,956,0,25441,2323,42,66758,10252,361089,0,5474,16425,258784,1023,0,83294,4,0,13,72,4480,40,4,1,0,2,365001,70,25,17701213148272171115,4.500000,58.500000,81.250000,0.408160,76.231306,94.504399,0,0
731,3362296643,1000,22,69,31,0,78,54,0,100,7,8,8,5,72,100,37,3,256,239,0,0,63,67,92,2,10,63,63,0,3382,442,118,96,0,0,2300,20,7,0,0,0,11295,5,1,480,0,4,63,0,0,0,2,5,1,2,2,0,6,502,0,0,0,0,0,0,257,1,4,31906,4,2,13275,100,0,4,8,944,930,11,2,55,0,199,2,0,155,49,959,24,100,48,0,4,100,72,1746,0,73594,839,28,59536,19364,349786,0,5474,16425,250136,98,10754,82113,4,0,16,72,5215,40,7,1,3,2,365001,70,25,7305453539740441475,22.000000,46.500000,81.250000,3.531902,74.098531,94.433145,0,0
732,1721765116,1000,0,0,36,0,78,31,0,99,6,8,8,4,100,100,25,3,256,257,3097,0,50,66,83,2,10,37,11,26,3399,259,0,120,0,0,0,6,0,0,2,0,11843,6,6,1,0,4,37,0,3,0,0,1,0,1,0,1,4,1257,81,55,99,100,97,0,109,4,8,0,3,3,12684,116,12,3,8,952,925,14,3,58,16,181,757,0,189,360,995,36,100,100,0,120,98,100,12977,0,66117,276287,7,67121,131680,362925,0,0,0,89422,265049,10529,0,0,0,6,12,1827,40,6,1,0,2,365001,70,25,15906493493101908540,0.000000,73.000000,62.000000,0.000000,77.642857,92.613765,7,0
733,81233589,1000,9,20,38,0,78,47,0,100,7,8,8,5,100,100,31,3,256,457,3113,0,86,61,83,2,10,86,84,2,3397,241,0,79,0,0,0,10,9,0,2,2,5208,8,9,1,0,6,86,0,2,0,0,1,0,1,1,0,4,780,95,51,100,88,100,0,255,3,5,0,4,2,13230,58,0,4,8,702,633,82,2,26,0,96,282,0,174,262,994,12,100,6,0,120,98,100,9508,0,35386,102967,14,61118,95370,362551,0,5474,16425,226836,102525,11873,1867,0,0,6,12,2030,40,6,1,0,2,365001,70,25,9443167510622370705,9.000000,57.750000,71.500000,0.982011,76.873016,92.421164,0,0
734,2735669358,1000,6,25,33,0,78,53,0,100,7,8,8,4,100,100,40,3,256,253,0,0,98,68,95,34,96,97,96,1,3377,435,235,89,6,40,2165,15,11,0,0,0,5228,5,1,500,0,7,97,2,0,0,2,0,0,2,2,0,2,141,8,66,45,94,17,0,498,3,7,0,4,2,10364,116,0,4,8,481,814,42,2,44,22,183,1,0,179,304,993,28,99,56,0,120,98,100,11272,0,66312,621,28,62150,111808,362412,0,10948,62483,239804,157,0,51608,4,0,10,72,3206,40,1,1,0,2,365001,70,25,2950247913768185778,6.250000,50.750000,80.000000,0.714010,56.039849,89.686897,13,0
735,1095137831,1000,29,100,20,0,78,36,0,81,7,8,8,5,100,100,27,3,256,277,0,0,70,64,84,41,66,70,70,0,3415,508,234,61,23,100,2116,20,0,0,0,0,10335,5,1,515,0,5,70,2,0,0,0,3,1,3,2,1,6,500,0,0,0,0,0,0,234,2,3,36051,4,2,12891,58,12,4,8,948,937,31,2,50,12,115,3,0,192,58,950,24,100,90,0,120,98,100,1949,0,41999,1147,30,66611,20892,346594,0,5474,16425,258784,578,0,83739,4,0,22,72,7399,40,7,1,2,2,365001,70,25,15883442669554510910,29.750000,30.750000,55.250000,2.616089,50.163835,78.517183,1,0
736,3749573600,1000,8,23,26,0,78,20,0,80,7,8,8,2,73,100,22,3,256,323,3261,0,45,65,83,34,54,44,26,18,3312,9,0,105,33,100,0,7,8,0,1,0,5207,5,18,0,0,6,44,1,2,0,1,2,0,1,0,1,5,1228,80,87,100,0,1,0,260,2,3,0,3,3,3631,132,12,3,8,817,938,24,3,46,0,585,728,0,166,12,983,36,100,51,0,7,100,73,448,0,214193,265703,7,61814,5376,358639,0,0,0,100147,122505,142348,0,0,0,6,12,2037,40,6,1,1,2,365001,70,25,3367963271838385871,8.333333,52.000000,41.666667,1.711650,73.338474,64.424401,33,0
737,2109042073,1000,5,22,38,0,78,54,0,100,7,8,8,5,72,100,52,3,256,242,0,0,61,69,95,2,10,60,60,0,3511,506,177,96,0,0,2156,14,0,3,0,0,9098,5,4,510,0,6,60,0,0,0,2,0,1,3,2,1,6,500,0,0,0,0,0,0,230,2,4,42686,4,2,13209,132,12,4,8,952,937,15,2,34,27,271,3,0,189,19,996,73,100,100,0,4,100,72,637,0,101144,1231,35,65528,6684,363266,0,5474,16425,249294,583,0,93224,4,0,10,72,2569,40,7,1,0,2,365001,70,25,5545697375200803546,5.500000,58.000000,81.250000,0.492997,76.160042,94.526459,8,0
738,468510546,1000,0,1,35,0,78,30,0,100,6,8,8,2,100,100,40,3,256,292,256,0,72,74,95,2,10,71,71,0,3326,430,116,119,0,0,2002,20,0,0,4,0,8622,5,1,480,0,3,71,0,0,0,10,0,0,3,2,1,3,134,68,72,100,100,69,0,370,3,5,0,3,3,12922,100,12,3,8,925,937,16,3,77,0,164,3,0,169,311,955,36,100,50,0,120,98,100,9747,0,60263,1175,35,63560,114734,348470,0,10948,32850,248257,605,17501,54839,4,0,23,72,7448,40,7,1,0,2,365001,70,25,13607781354368407046,0.333333,71.666667,60.666667,0.046974,77.107491,91.061291,25,0
739,3122946315,1000,6,25,38,0,78,54,0,100,7,8,8,5,72,100,41,3,256,277,0,0,70,69,89,2,10,69,69,0,3472,520,234,96,0,0,1970,20,21,3,0,0,8801,5,4,486,0,5,69,1,0,0,1,0,1,2,2,0,6,500,0,0,0,0,0,0,237,2,6,51226,4,2,13208,132,0,4,8,937,931,31,2,81,8,288,2,0,156,44,957,69,100,100,0,4,100,72,1679,0,106280,871,28,58376,17752,349170,0,5474,16425,226670,171,13134,103126,4,0,26,72,7392,40,7,1,0,2,365001,70,25,11808812155059610487,6.250000,58.250000,81.250000,0.560267,76.206314,94.524531,16,0
740,1482414788,1000,0,0,51,0,100,57,0,100,6,8,8,5,72,100,41,3,256,278,0,0,74,69,95,2,10,73,54,19,3268,472,128,146,0,0,2146,9,0,0,0,0,13446,5,1,480,0,4,73,0,0,0,0,5,1,3,2,1,6,500,0,0,0,0,0,0,292,2,5,35463,4,2,17436,116,12,4,8,960,909,13,2,101,24,108,3,0,169,80,997,23,100,98,0,4,100,72,2561,0,38089,1147,30,67150,29048,363658,0,5474,24510,240030,583,10669,83734,4,0,5,72,1631,40,5,1,0,2,365001,70,25,13921163893611510467,0.000000,77.750000,85.750000,0.000000,83.113960,90.992257,26,0
741,4136850557,1000,6,24,31,0,78,54,0,100,7,8,8,5,72,100,43,3,256,234,0,0,6,66,88,2,10,6,6,0,3234,476,234,95,0,0,1814,20,0,5,0,0,5225,5,12,548,0,6,6,0,0,0,1,1,1,1,1,0,6,500,0,0,0,0,0,0,50,1,1,265511,4,2,13193,78,0,4,8,823,938,59,2,50,0,74,2,0,68,33,748,48,100,100,0,4,100,72,997,0,28017,1067,12,28120,11748,272931,0,0,0,96149,0,3339,265512,4,0,25,72,7798,40,1,1,0,2,365001,70,25,17984240776252037817,6.000000,46.750000,81.250000,0.538467,74.126734,94.519821,50,0
742,2496319030,1000,6,24,29,0,78,54,0,100,7,8,8,5,72,100,45,3,256,286,0,0,7,67,91,17,44,7,7,0,3430,669,236,106,13,40,1827,20,0,4,0,0,7872,5,6,536,0,7,7,1,0,0,0,0,1,2,1,1,6,501,0,0,0,0,0,0,40,1,2,275786,4,2,13359,100,12,4,8,947,942,39,2,56,0,153,3,0,84,32,956,70,100,100,0,4,100,72,988,0,57557,1235,21,24658,11472,348806,0,0,0,88694,519,0,275787,4,0,20,72,6748,40,4,1,0,2,365001,70,25,14112185036665077385,6.000000,43.500000,81.250000,0.531776,72.894229,94.587918,0,0
743,855787503,1000,5,21,39,0,78,53,0,100,7,8,8,4,100,100,41,3,256,292,0,0,16,69,95,2,10,14,14,0,3376,426,118,96,0,0,2184,8,4,0,0,0,12898,5,5,480,0,3,14,0,0,0,0,4,0,1,1,0,2,775,13,68,45,100,18,0,1396,1,2,0,4,2,13200,100,0,4,8,959,914,14,2,51,19,191,1,0,160,273,999,36,95,49,0,110,100,100,8845,0,70569,619,14,60615,100284,364290,0,5474,277718,78109,100,0,3599,4,0,5,72,2758,40,5,1,0,2,365001,70,25,6873307900765895848,5.250000,58.500000,80.750000,0.470909,76.250909,94.477879,9,0
744,3510223272,1000,4,18,37,0,78,54,0,100,7,8,8,5,72,100,41,3,256,363,0,0,46,67,88,2,10,46,45,1,3426,537,232,80,0,0,2119,20,6,0,0,0,5988,5,1,492,0,5,46,0,0,0,5,0,0,2,2,0,2,144,9,71,45,0,1,0,511,3,5,0,4,2,12906,58,0,4,8,867,937,54,2,55,0,270,3,0,154,47,777,12,100,6,0,4,100,72,1448,0,100024,1259,28,58574,17160,283354,0,10948,63657,223758,143,16046,50448,4,0,27,72,10227,40,1,1,0,2,365001,70,25,9009313289260929221,4.500000,56.500000,81.250000,0.412831,74.595692,94.396405,29,0
745,1869691745,1000,31,99,26,0,78,54,0,100,7,8,8,4,57,100,40,3,256,232,0,0,67,69,89,2,10,67,67,0,3500,533,235,93,0,0,2020,23,0,0,0,0,5300,5,1,480,0,5,67,0,0,0,1,0,1,2,2,0,6,500,0,0,0,0,0,0,234,3,8,32887,4,2,13070,58,0,4,8,804,936,50,2,43,0,23,1,0,209,1,0,24,99,93,0,5,100,57,16,0,9305,699,24,66156,192,0,0,5474,16425,258784,141,0,84176,4,0,25,72,8071,40,6,1,2,2,365001,70,25,17855258948130467629,31.000000,40.250000,81.250000,2.868860,74.535578,94.347360,0,0
746,229160218,1000,21,64,37,0,78,42,0,100,7,8,8,3,72,100,41,3,256,314,0,0,76,79,93,2,10,75,70,5,3441,451,117,96,0,0,1712,15,70,3,0,0,5231,5,4,677,0,8,75,0,0,0,12,0,1,3,2,1,6,505,0,0,0,0,0,0,244,2,6,42798,3,3,12719,116,12,3,8,652,940,105,3,129,25,166,3,0,149,25,995,57,100,100,0,4,100,72,1092,0,60712,1203,35,59688,11126,362965,0,5474,16425,239170,522,10901,92508,4,0,14,72,4753,40,5,1,1,2,365001,70,25,13356960347336059603,21.333333,75.666667,85.333333,1.645412,77.820033,94.854312,69,0
747,2883595987,1000,29,93,26,0,78,31,0,80,7,8,8,4,72,100,8,3,256,287,2948,0,66,57,83,34,54,64,22,42,3305,220,0,108,33,100,95,20,7,0,1,1,5207,8,19,0,0,5,64,1,2,0,0,3,0,1,0,1,4,1257,89,51,100,96,99,0,95,4,10,0,4,2,12831,116,12,4,8,817,923,13,2,16,0,534,757,0,160,12,976,36,100,52,0,4,100,72,372,0,195208,276287,7,60264,4464,355937,0,0,0,88694,276306,0,0,0,0,18,12,6867,40,7,1,4,2,365001,70,25,10338572395511640198,29.250000,39.000000,46.500000,4.422882,74.875380,63.203569,0,0
748,1243064460,1000,0,0,37,0,78,54,0,100,7,8,8,6,72,100,52,3,256,179,0,0,79,66,95,2,10,79,78,1,3306,574,236,97,0,0,1718,20,0,3,0,0,10934,5,4,532,0,7,79,0,0,0,1,1,1,2,2,0,6,500,0,0,0,0,0,0,225,2,4,50862,4,2,13241,58,0,4,8,909,936,12,2,45,9,56,0,0,166,33,982,21,100,100,0,4,100,72,1147,0,20280,0,28,63864,13132,358214,0,5474,16425,236608,93,2101,104299,4,17,3,72,6391,40,3,1,0,2,365001,70,25,5392683959383852994,0.000000,56.500000,81.250000,0.000000,74.709614,94.529869,0,0
749,3897500229,1000,5,20,39,0,78,54,0,100,7,8,8,5,100,100,40,3,256,481,2547,0,78,61,83,2,10,78,74,4,3267,268,0,96,0,0,120,22,2,0,6,3,5224,5,7,290,0,7,78,0,3,0,1,0,0,1,1,0,4,648,100,84,100,100,100,0,364,3,6,0,4,2,13165,100,0,4,8,894,937,94,2,14,0,103,151,0,161,287,958,36,100,48,0,116,100,100,11036,0,36744,54920,14,58066,106784,349641,0,5474,41202,215027,54276,0,49021,2,0,22,36,9058,40,3,1,0,2,365001,70,25,13282522113136530537,5.000000,58.500000,81.000000,0.449677,76.246259,93.784049,0,0
750,2256968702,1000,5,21,33,0,78,54,0,100,7,8,8,5,68,100,41,3,256,260,0,0,42,62,95,9,32,42,42,0,3364,422,235,95,6,40,2077,18,0,0,0,0,5885,5,1,588,0,6,42,1,0,0,4,2,1,3,2,1,6,500,0,0,0,0,0,0,233,2,5,33250,4,2,13288,78,12,4,8,891,937,50,2,41,0,122,3,0,199,3,3,25,100,100,0,4,100,68,48,0,44905,1147,35,66603,460,931,0,5474,16425,258784,564,0,83753,4,0,13,72,6398,40,5,1,0,2,365001,70,25,9698397532685054741,5.250000,50.250000,81.250000,0.467790,74.774910,94.440096,0,0
751,616437175,1000,7,23,20,0,78,37,0,97,7,8,8,3,100,100,25,3,256,259,3149,0,21,63,83,9,32,21,15,6,3245,54,0,82,16,100,0,6,5,0,0,1,5208,7,17,0,0,6,21,1,2,0,12,0,0,1,0,1,5,1260,87,92,100,0,1,0,360,2,3,0,3,3,12583,58,12,3,8,696,941,47,3,21,3,732,760,0,170,111,962,12,100,6,0,120,98,100,3723,0,266972,277351,7,60814,38088,351130,0,0,0,87599,46742,230659,0,0,0,3,12,1043,40,3,1,0,2,365001,70,25,16066926382669281637,7.666667,40.666667,74.000000,0.489867,50.631328,92.108241,28,0
752,3270872944,1000,6,24,37,0,78,54,0,100,7,8,8,5,72,100,41,3,256,250,0,0,69,67,95,2,10,69,58,11,3456,536,234,80,0,0,2044,20,17,3,0,0,5208,5,4,480,0,7,69,0,0,0,0,5,1,3,2,1,6,500,0,0,0,0,0,0,239,2,5,43806,4,2,13183,100,12,4,8,399,938,40,2,35,0,62,5,1,170,3,984,72,100,97,0,4,100,72,176,0,22188,1986,35,57236,1960,358835,0,5474,16425,240722,435,8772,93172,4,0,17,72,5740,40,0,1,0,2,365001,70,25,18428658413559024240,6.000000,56.500000,81.000000,0.538876,75.947053,93.786847,0,0
753,1630341417,1000,5,21,28,0,78,54,0,100,7,8,8,5,72,100,26,3,256,431,2744,0,48,54,83,2,10,48,46,2,3347,167,74,96,0,0,320,20,18,0,3,4,5208,5,15,0,0,7,48,0,2,0,2,1,0,1,1,0,4,652,100,44,100,100,100,0,241,3,6,0,4,2,13255,100,0,4,8,637,931,20,2,19,0,79,155,0,159,20,973,36,100,51,0,4,100,72,479,0,28963,56290,12,59188,5728,354994,0,5474,16425,231484,55722,7225,48670,0,0,21,12,6734,40,4,1,0,2,365001,70,25,5574822513304588212,5.250000,42.000000,81.250000,0.316862,73.925160,94.943795,0,0
754,4284777186,1000,8,23,26,0,78,20,0,80,7,8,8,2,72,100,17,3,256,292,3227,0,20,65,83,41,73,20,14,6,3318,0,0,117,16,100,49,16,0,0,2,0,5208,12,19,0,0,5,20,1,2,0,12,0,0,1,0,1,5,1283,87,89,100,0,1,0,330,1,3,0,3,3,4267,100,12,3,8,842,937,10,3,94,0,764,783,0,181,17,973,37,100,100,0,4,100,72,433,0,278449,285779,6,67534,5196,355041,0,0,0,79204,79385,206411,0,0,0,15,12,5985,40,7,1,2,2,365001,70,25,9529448656233605005,8.333333,52.000000,41.666667,2.107335,72.589173,57.098664,59,0
755,2644245659,1000,6,18,26,0,78,37,0,99,7,8,8,3,100,100,25,3,256,270,3381,0,25,64,83,20,63,22,11,11,3448,25,0,96,16,100,0,6,0,0,2,2,13079,9,12,0,0,3,22,1,2,0,12,0,0,1,0,1,4,1231,90,66,100,100,100,0,99,4,10,0,3,3,12608,116,12,3,8,980,938,11,3,86,38,627,731,0,197,249,998,36,100,97,0,120,98,100,8922,0,228836,266795,7,67968,89252,364120,0,0,0,98184,266816,0,0,0,0,4,12,1645,40,4,1,0,2,365001,70,25,17043583063208834563,6.000000,52.000000,74.666667,0.422589,76.168782,93.512690,44,0
756,1003714132,1000,26,86,26,0,78,39,0,100,7,8,8,5,72,100,27,3,256,331,0,0,54,65,95,9,32,53,53,0,3431,367,0,96,16,96,2422,17,9,3,0,0,5260,5,4,480,0,4,53,1,0,0,0,1,1,2,2,0,6,500,0,0,0,0,0,0,234,2,4,44702,4,2,13266,100,0,4,8,923,922,13,2,41,0,118,2,0,162,60,988,72,100,100,0,4,100,72,2056,0,43338,755,28,57796,22726,360342,0,5474,16425,242318,160,5881,94742,4,0,13,72,18095,40,7,1,4,2,365001,70,25,17793984098517521688,26.750000,39.000000,59.000000,4.257651,72.814111,90.504598,0,0
757,3658149901,1000,4,19,35,0,78,54,0,100,7,8,8,5,72,100,41,3,256,245,0,0,69,65,90,2,10,69,69,0,3461,536,232,96,0,0,2051,9,0,3,0,0,13615,5,4,480,0,6,69,1,0,0,3,0,1,3,2,1,6,500,0,0,0,0,0,0,230,1,3,42798,4,2,13184,100,12,4,8,987,932,9,2,54,42,217,3,0,180,26,998,75,100,98,0,4,100,72,762,0,79423,1119,35,63490,8416,364038,0,5474,16425,249604,519,0,92978,4,0,5,72,1778,40,5,1,0,2,365001,70,25,13162433030440306578,4.750000,53.250000,81.250000,0.426578,75.315382,94.514563,28,0
758,2017618374,1000,5,22,35,0,78,54,0,100,7,8,8,5,72,100,41,3,256,254,449,0,56,64,95,2,10,56,56,0,3459,508,231,94,0,0,1749,10,0,3,1,3,5209,5,4,480,0,8,56,1,0,0,2,0,0,3,2,1,1,1,32,80,45,28,23,0,310,2,4,0,4,2,13264,78,12,4,8,723,937,29,2,36,0,208,2,0,157,21,992,70,100,100,0,4,100,72,736,0,76489,1063,30,58448,8502,361798,0,5917,27496,227638,488,0,103461,4,0,9,72,2702,40,1,1,0,2,365001,70,25,8000415132964554893,5.500000,52.500000,81.250000,0.495929,75.185012,94.535208,3,0
759,377086847,1000,10,23,28,0,78,54,0,100,7,8,8,5,72,100,37,3,256,337,0,0,50,64,95,2,10,48,48,0,3380,551,236,82,0,0,2042,10,14,0,0,0,12971,5,1,509,0,3,48,0,0,0,1,1,1,2,2,0,6,500,0,0,0,0,0,0,448,3,7,35910,4,2,13205,116,0,4,8,949,937,14,2,54,31,110,3,0,168,85,998,25,100,57,0,4,100,72,2709,0,41005,1231,28,59044,31968,364178,0,5474,55019,213438,157,5657,85255,4,0,4,72,1701,40,4,1,1,2,365001,70,25,16902270893351918161,10.500000,43.250000,81.000000,1.463991,72.823324,93.801590,6,0
760,3031522616,1000,7,21,26,0,78,20,0,80,7,8,8,3,72,100,17,3,256,325,3218,0,41,65,83,17,54,41,13,28,3363,103,0,108,27,100,0,21,9,0,2,2,5207,6,17,0,0,5,41,1,2,0,4,1,0,1,0,1,5,1231,95,68,100,0,1,0,179,3,5,0,3,3,12612,116,12,3,8,834,930,11,3,60,6,533,731,0,170,16,973,36,100,52,0,4,100,72,472,0,194931,266767,6,60760,5172,354922,0,0,0,78611,213145,73244,0,0,0,20,12,6482,40,0,1,2,2,365001,70,25,5816315456713443176,7.666667,52.000000,41.666667,2.001903,76.169363,18.817000,16,0
761,1390991089,1000,5,20,39,0,78,54,0,100,7,8,8,4,55,100,42,3,256,252,3088,0,55,59,83,2,10,55,54,1,3345,93,117,96,0,0,5,7,5,0,0,1,5207,12,24,0,0,4,55,0,2,0,1,2,0,0,0,0,4,1260,87,36,100,100,99,0,105,4,8,0,4,2,13214,116,0,4,8,780,930,9,2,0,0,20,760,0,178,0,0,36,100,52,0,4,100,55,10,0,7708,277237,0,60305,120,0,0,0,0,88383,268468,8149,0,0,0,5,12,1344,40,5,1,0,2,365001,70,25,14023572679352458667,5.000000,58.500000,81.250000,0.448010,76.252762,94.527017,0,0
762,4045426858,1000,18,57,20,0,78,60,0,100,7,8,8,5,72,100,34,3,256,382,0,0,64,61,89,2,10,64,64,0,3360,572,236,64,0,0,1854,14,0,3,0,0,8045,5,4,536,0,5,64,1,0,0,3,1,1,2,2,0,6,500,0,0,0,0,0,0,262,3,6,44870,4,2,13113,58,0,4,8,922,931,16,2,41,0,143,4,0,162,24,996,60,100,72,0,4,100,72,868,0,51847,1679,28,59890,9008,363366,0,5474,16425,213039,62,36494,93506,4,0,13,72,4123,40,6,1,2,2,365001,70,25,11570059581791430633,18.750000,31.250000,90.000000,2.778540,50.754366,95.369481,20,0
763,2404895331,1000,12,33,31,0,78,54,0,100,7,8,8,6,72,100,39,3,256,315,120,0,65,64,91,2,10,65,65,0,3310,485,233,95,0,0,1830,8,0,3,1,1,6087,5,4,480,0,5,65,0,0,0,3,0,1,3,2,1,6,503,0,0,0,0,0,1,226,1,3,51926,4,2,13209,78,12,4,8,830,942,19,2,41,0,285,3,0,207,12,991,15,100,35,0,4,100,72,598,0,104947,1119,35,64160,6450,361628,0,5474,16425,240082,520,0,102499,4,0,4,72,1365,40,3,1,1,2,365001,70,25,12180891276438818561,12.750000,46.750000,81.250000,1.899841,74.120751,94.526459,0,0
764,764363804,1000,37,91,13,0,78,20,0,80,8,8,8,2,72,100,17,3,256,292,3281,0,24,62,83,9,32,23,12,11,3355,25,0,0,33,100,4,7,0,0,0,1,12489,9,9,3,0,3,23,1,2,0,0,2,0,1,0,1,5,1234,87,88,100,0,1,0,260,2,5,0,3,3,4440,58,12,3,8,969,926,11,3,82,14,669,734,0,174,76,996,36,100,96,0,4,100,72,2318,0,243985,267887,7,68102,27460,363366,0,0,0,97089,127636,140275,0,0,0,5,12,1428,40,5,1,29,2,365001,70,25,7152830796096783036,37.666667,26.000000,41.666667,29.012613,49.189189,53.450450,66,0
765,3418799573,1000,7,21,25,0,78,20,0,80,7,8,8,2,72,100,22,3,256,270,3150,0,34,65,83,34,54,34,17,17,3397,205,0,107,33,100,0,20,13,0,2,1,5208,6,19,0,0,5,34,1,2,0,0,0,0,1,0,1,5,1231,86,89,100,0,1,0,278,2,3,0,3,3,12691,116,12,3,8,748,927,15,3,13,0,657,731,0,153,12,980,36,100,48,0,4,100,72,442,0,239647,266767,7,60590,5304,357386,0,0,0,100844,105820,158336,0,0,0,20,12,6734,40,4,1,2,2,365001,70,25,18077806074180084053,7.666667,51.666667,41.666667,2.001576,75.424868,18.712473,9,0
766,1778268046,1000,5,23,35,0,78,54,0,100,7,8,8,5,72,100,49,3,256,227,0,0,50,62,83,2,10,48,48,0,3384,486,0,96,0,0,2256,10,40,3,0,0,13247,5,4,480,0,5,48,0,0,0,1,0,1,3,2,1,6,501,0,0,0,0,0,0,242,1,2,44646,4,2,13199,100,12,4,8,966,941,16,2,51,39,244,3,0,165,116,998,71,100,100,0,4,100,72,4094,0,90393,1203,35,59110,41676,364134,0,5474,16425,232787,522,15794,93998,4,0,6,72,1736,40,6,1,0,2,365001,70,25,7277528424741503253,5.750000,53.750000,81.250000,0.515797,75.395712,94.520797,5,0
767,137736519,1000,5,22,39,0,78,53,0,100,7,8,8,5,100,100,31,3,256,238,2983,0,16,60,83,2,10,16,15,1,3422,128,69,96,0,0,198,10,4,0,3,1,5207,10,12,2,0,7,16,0,3,0,4,0,0,0,0,0,4,1289,93,72,100,100,100,0,93,4,9,0,4,2,13119,100,0,4,8,887,938,47,2,0,0,25,789,0,165,291,985,36,100,58,0,120,98,100,11092,0,9868,287963,0,61052,109620,359353,0,0,0,77014,287986,0,0,0,0,9,12,2716,40,0,1,0,2,365001,70,25,10803312319603007153,5.500000,58.500000,80.500000,0.328684,76.834667,92.712249,0,0
768,2792172288,1000,4,18,27,0,78,53,0,99,7,8,8,5,100,100,38,3,256,232,2987,0,28,51,83,2,10,28,16,12,3327,66,0,96,0,0,0,12,7,0,4,0,10946,5,11,232,0,7,28,0,2,0,2,0,0,0,0,0,4,1286,86,78,100,100,98,0,113,4,7,0,4,2,13282,100,0,4,8,947,918,20,2,66,37,41,786,0,174,339,993,36,100,48,0,120,98,100,12969,0,13925,286871,0,61812,125498,362458,0,0,0,71612,274878,18510,0,2,0,12,36,4494,40,2,1,0,2,365001,70,25,7588372073914366712,4.500000,41.250000,80.500000,0.401144,73.170682,93.630477,26,0
769,1151640761,1000,6,24,38,0,78,54,0,100,7,8,8,4,72,100,41,3,256,348,0,0,61,67,92,2,10,61,60,1,3277,401,234,96,0,0,1158,19,5,0,0,0,5571,5,1,552,0,5,61,0,0,0,1,0,1,3,2,1,6,500,0,0,0,0,0,0,233,2,4,33250,4,2,13237,100,12,4,8,935,908,36,2,45,0,134,5,0,154,10,965,25,100,52,0,4,100,72,436,0,48728,1679,35,60850,5232,352122,0,5474,16425,257689,606,0,84806,4,0,18,72,9044,40,6,1,0,2,365001,70,25,9443906190308072808,6.000000,58.250000,81.250000,0.453275,76.481378,94.727657,0,0
770,3806076530,1000,9,18,13,0,78,20,0,80,8,8,8,3,72,100,40,3,256,348,0,0,16,82,94,19,56,16,11,5,3289,212,0,0,16,100,2542,15,0,6,0,0,10493,5,7,493,0,6,16,1,0,0,5,0,1,2,2,0,6,502,0,0,0,0,0,0,323,1,4,33726,2,4,3234,100,0,2,8,944,944,25,4,113,0,572,4,0,184,89,978,46,100,97,0,4,100,72,3074,0,208756,1903,28,64741,31852,356702,0,5474,16425,162214,101,97308,83478,4,0,14,72,4816,40,5,1,1,2,365001,70,25,10305963873528251473,9.000000,39.000000,62.500000,1.536178,71.343228,77.012987,38,0
771,2165545003,1000,8,19,32,0,78,50,0,100,7,8,8,5,72,100,29,3,256,250,0,0,62,66,95,2,10,58,57,1,3408,508,136,106,0,0,1545,9,0,3,0,0,5497,5,4,495,0,5,58,0,0,0,0,3,1,2,2,0,6,500,0,0,0,0,0,0,257,3,6,45431,4,2,13284,132,0,4,8,959,946,21,2,45,34,158,2,0,154,24,998,83,100,100,0,4,100,72,754,0,57017,755,24,58200,8274,363966,0,5474,16425,222745,140,25454,94762,4,0,5,72,2184,40,5,1,1,2,365001,70,25,589324566891294317,8.250000,49.250000,75.000000,1.051491,74.601927,93.315266,12,0
772,525013476,1000,8,22,26,0,78,20,0,80,7,8,8,2,72,100,33,3,256,288,3287,0,17,65,83,24,76,17,11,6,3392,63,0,108,27,100,0,17,12003,2,1,0,5207,12,21,0,0,5,17,1,2,0,0,0,0,1,0,1,5,1289,85,69,100,0,1,0,288,2,4,0,3,3,12611,116,12,3,8,861,915,53,3,57,0,746,789,0,149,16,975,12,100,22,0,4,100,72,437,0,272376,287963,7,49574,5244,355610,0,0,0,77714,117442,169844,0,0,0,16,12,5292,40,0,1,2,2,365001,70,25,5396237850045192823,8.000000,52.000000,41.666667,2.025216,76.169217,18.824835,30,0
773,3179449245,1000,7,22,26,0,78,37,0,100,7,8,8,2,72,100,40,3,256,264,696,0,23,68,87,2,10,23,22,1,3383,366,118,96,0,0,719,9,0,3,0,2,7892,5,4,480,0,7,23,0,0,0,0,2,0,3,2,1,1,2,31,81,45,63,22,0,234,2,4,0,3,3,12781,100,12,3,8,890,893,21,3,47,18,66,3,0,169,29,995,66,100,100,0,4,100,72,1030,0,23533,1175,35,64996,10880,362888,0,6471,16425,238709,566,0,102829,4,0,7,72,2387,40,4,1,0,2,365001,70,25,84470940670776179,7.333333,52.000000,75.000000,0.509506,76.193569,94.219545,4,0
774,1538917718,1000,6,18,26,0,78,20,0,80,7,8,8,2,72,100,17,3,256,276,3138,0,52,65,83,17,54,52,35,17,3371,176,0,98,27,100,15,20,19,0,2,0,5208,9,15,0,0,7,52,1,2,0,0,2,0,1,0,1,5,1234,87,82,100,0,1,0,270,2,3,0,3,3,12750,78,12,3,8,859,932,11,3,53,0,678,734,0,168,12,974,36,100,52,0,4,100,72,311,0,246591,267887,6,60162,3732,355442,0,0,0,97089,117444,150467,0,0,0,21,12,6405,40,1,1,1,2,365001,70,25,13707968526861527570,6.666667,52.000000,41.666667,1.809255,76.727529,18.804706,0,0
775,4193353487,1000,21,64,26,0,78,37,0,100,7,8,8,5,72,100,27,3,256,263,0,0,16,63,95,2,10,14,14,0,3340,292,118,88,0,0,1744,8,0,3,0,0,12889,5,5,480,0,3,14,0,0,0,1,2,1,1,1,0,6,500,0,0,0,0,0,0,43,1,2,266715,4,2,13123,58,0,4,8,959,936,15,2,65,18,123,1,0,54,86,998,48,100,100,0,4,100,72,2637,0,45481,699,12,24516,31554,364043,0,0,0,98184,100,0,266716,4,0,5,72,2009,40,5,1,3,2,365001,70,25,3253440439214650284,21.500000,39.000000,56.500000,3.037110,73.143946,90.558638,6,0
776,2552821960,1000,5,17,34,0,78,41,0,80,7,8,8,4,72,100,8,3,256,239,3017,0,57,59,83,34,54,57,17,40,3227,160,0,107,33,100,0,20,10,0,0,1,5207,10,15,8,0,6,57,1,2,0,1,0,0,1,0,1,4,1260,87,68,100,99,99,0,96,4,7,0,4,2,13093,100,12,4,8,807,940,11,2,7,0,502,760,0,141,18,983,36,100,52,0,4,100,72,562,0,184205,277379,7,60157,6744,358625,0,0,0,87599,277401,0,0,0,0,19,12,6650,40,3,1,1,2,365001,70,25,14058391815025173806,5.250000,51.250000,62.750000,1.911403,75.319636,76.032766,0,0
777,912290433,1000,6,24,39,0,78,54,0,100,7,8,8,5,72,100,30,3,256,419,3017,0,56,60,83,2,10,56,52,4,3244,185,0,95,0,0,0,19,18,0,0,4,6329,5,7,0,0,6,56,0,3,0,2,1,0,1,1,0,4,646,99,65,100,100,100,0,243,3,5,0,4,2,13161,100,0,4,8,862,943,55,2,41,0,90,148,0,170,49,783,36,100,54,0,4,100,72,1517,0,33277,54136,14,59022,17984,285482,0,5474,16425,229325,53574,8289,51913,0,0,16,12,5726,40,5,1,0,2,365001,70,25,8500838065098331584,6.000000,58.500000,81.250000,0.547071,76.222020,94.489780,0,0
778,3566726202,1000,21,64,26,0,78,54,0,100,7,8,8,5,72,100,22,3,256,211,3230,0,36,58,83,2,10,36,36,0,3370,98,0,66,0,0,0,10,6,0,1,0,5208,12,27,0,0,7,36,0,3,0,4,0,0,0,0,0,4,1286,85,61,100,86,98,0,119,4,8,0,4,2,13160,58,0,4,8,886,942,12,2,0,0,18,786,0,140,39,991,12,100,3,0,4,100,72,1415,0,6644,286871,0,60830,15198,361502,0,0,0,79985,262333,22682,0,0,0,9,12,3486,40,1,1,2,2,365001,70,25,8052497768573726673,21.250000,39.000000,81.250000,2.695745,73.934043,94.925532,0,0
779,1926194675,1000,5,19,31,0,78,54,0,100,7,8,8,5,72,100,40,3,256,309,0,0,9,64,84,2,10,9,9,0,3433,429,135,94,0,0,2035,16,8,6,0,0,5222,5,11,480,0,7,9,0,0,0,3,2,1,1,1,0,6,500,0,0,0,0,0,0,43,1,2,267806,4,2,13276,78,0,4,8,835,913,56,2,19,0,43,2,0,56,16,966,50,100,100,0,4,100,72,644,0,15686,783,14,22918,6808,352472,0,0,0,97089,104,0,267807,4,0,14,72,4480,40,3,1,0,2,365001,70,25,5742449813870885950,5.250000,47.750000,81.250000,0.518982,74.310259,94.536005,0,0
780,285663148,1000,6,20,26,0,78,37,0,100,7,8,8,3,72,100,25,3,256,224,3159,0,20,65,84,20,64,20,9,11,3345,60,0,96,16,100,83,7,0,0,2,0,12288,9,5,1,0,3,20,1,2,0,12,0,0,1,0,1,4,1263,77,39,94,100,95,0,96,4,7,0,3,3,12758,100,12,3,8,973,940,13,3,49,36,726,763,0,181,78,998,35,100,100,0,4,100,72,2421,0,265432,278471,7,67820,26786,364127,0,0,0,86504,278496,0,0,0,0,6,12,3423,40,6,1,0,2,365001,70,25,14819864182716399222,6.666667,52.000000,75.000000,0.464023,76.190312,94.334535,11,0
781,2940098917,1000,4,18,35,0,78,54,0,100,7,8,8,4,53,100,26,3,256,267,3241,0,88,56,83,2,10,59,56,3,3458,175,0,96,0,0,0,20,0,0,1,2,5208,12,19,0,0,5,59,0,2,0,1,1,0,0,0,0,4,1260,88,56,100,100,99,0,95,4,6,0,4,2,13190,100,0,4,8,834,924,57,2,0,0,43,760,0,197,0,0,36,100,99,0,4,100,53,3,0,15997,277379,0,67636,36,0,0,0,0,87599,277401,0,0,0,0,19,12,6818,40,0,1,0,2,365001,70,25,14018514987037498631,4.500000,52.500000,81.250000,0.403942,75.345262,94.398787,0,0
782,1299567390,1000,5,21,38,0,78,54,0,100,7,8,8,5,72,100,75,3,256,194,0,0,5,68,91,2,10,5,4,1,3309,548,232,95,0,0,1746,18,0,6,0,0,12385,5,7,621,0,7,5,0,0,0,0,1,1,3,1,2,6,502,0,0,0,0,0,0,36,1,2,287099,4,2,13211,78,24,4,8,977,940,8,2,47,0,259,4,0,62,134,991,48,100,100,0,4,100,72,5365,0,95985,1483,24,22374,50392,361530,0,0,0,77014,886,0,287100,4,15,0,72,5292,75,5,1,0,2,365001,70,25,1235450703945423403,5.250000,57.000000,81.250000,0.470517,75.978957,94.527288,18,0
783,3954003159,1000,5,21,38,0,78,54,0,100,7,8,8,4,72,100,42,3,256,297,2926,0,51,60,83,2,10,49,48,1,3307,268,0,72,0,0,12,17,9,0,3,0,5208,12,23,1,0,5,49,0,2,0,1,0,0,0,0,0,4,1286,84,38,100,100,98,0,102,4,7,0,4,2,12994,58,0,4,8,819,921,17,2,29,0,37,786,0,155,12,979,27,100,54,0,4,100,72,402,0,13507,286871,0,60480,4824,357234,0,0,0,78893,278490,7617,0,0,0,16,12,6475,40,2,1,0,2,365001,70,25,12742866730065171844,5.250000,57.750000,81.250000,0.161613,77.263968,95.263968,0,0
784,2313471632,1000,17,52,30,0,78,37,0,100,6,8,8,3,72,100,40,3,256,279,0,0,18,75,95,9,32,18,17,1,3263,477,118,131,23,100,2146,3,0,0,0,0,12831,5,1,480,0,6,18,1,0,0,3,3,1,4,2,2,6,502,0,0,0,0,0,0,325,1,2,30058,3,3,12621,100,24,3,8,976,930,11,3,87,36,568,4,0,183,137,995,24,100,96,0,4,100,72,5400,0,208762,1567,42,65891,51278,363021,0,5474,16425,158953,972,99660,83516,4,0,2,72,728,40,2,1,1,2,365001,70,25,11544362366355224557,17.333333,60.000000,74.000000,1.306077,76.643689,94.106172,41,0
785,672940105,1000,5,21,39,0,78,54,0,100,7,8,8,4,72,100,41,3,256,270,0,0,56,69,90,2,10,56,56,0,3399,536,233,96,0,0,1988,11,0,3,0,0,7876,5,4,480,0,6,56,0,0,0,0,1,1,4,2,2,6,500,0,0,0,0,0,0,228,3,7,44590,4,2,13289,100,24,4,8,803,939,9,2,65,25,294,6,0,176,20,995,12,100,21,0,4,100,72,684,0,108700,2239,42,65830,7158,362916,0,5474,16425,247104,1010,0,94987,4,0,6,72,2373,40,6,1,0,2,365001,70,25,2303893330736810509,5.250000,58.500000,81.250000,0.467755,76.262623,94.557905,4,0
786,3327375874,1000,7,23,26,0,78,37,0,100,7,8,8,3,72,100,40,3,256,199,2650,0,38,67,87,2,10,38,20,18,3383,115,0,96,0,0,320,6,0,0,1,1,5208,12,19,256,0,6,38,0,3,0,4,0,0,1,0,1,4,1260,89,39,100,100,99,0,96,4,9,0,3,3,12768,100,12,3,8,665,941,12,3,3,0,174,760,0,170,16,989,36,100,97,0,4,100,72,620,0,63236,277379,7,67388,7360,360678,0,0,0,87599,277401,0,0,2,0,4,36,1232,40,4,1,0,2,365001,70,25,15393705773196178006,7.666667,52.000000,75.000000,0.533208,76.191729,94.213659,0,0
787,1686844347,1000,4,17,37,0,78,54,0,100,7,8,8,5,72,100,41,3,256,267,0,0,5,66,95,2,10,4,4,0,3231,409,234,94,0,0,1838,20,8,3,0,0,6401,5,10,579,0,4,4,0,0,0,3,0,1,2,1,1,6,501,0,0,0,0,0,0,34,1,2,287462,4,2,13233,78,12,4,8,896,920,36,2,9,0,101,3,0,59,13,963,50,100,100,0,4,100,72,402,0,37078,1147,21,23780,4812,351177,0,0,0,77014,523,0,287463,4,0,23,72,6762,40,6,1,0,2,365001,70,25,5188837624619222586,4.250000,56.000000,81.250000,0.380261,75.803370,94.534875,0,0
788,46312820,1000,5,21,21,0,78,54,0,100,7,8,8,5,100,100,41,3,256,163,0,0,66,68,95,2,10,65,64,1,3386,408,233,9,0,0,2182,21,0,3,0,0,6766,5,4,480,0,6,65,0,0,0,1,0,1,3,2,1,6,500,0,0,0,0,0,0,232,2,2,36638,4,2,4309,100,12,4,8,928,934,13,2,40,0,26,3,0,185,350,987,27,100,100,0,120,98,100,12876,0,8888,1095,35,66404,128074,360137,0,5474,16425,256594,531,0,85976,4,0,17,72,5432,40,0,1,1,2,365001,70,25,9666562865431014038,5.250000,32.250000,81.000000,1.345092,58.420979,83.160826,26,0
789,2700748589,1000,5,23,39,0,78,54,0,100,7,8,8,4,72,100,41,3,256,275,0,0,14,70,92,2,10,13,13,0,3376,536,233,80,0,0,1965,20,6,5,0,0,6140,5,6,480,0,6,13,0,0,0,1,0,1,2,1,1,6,501,0,0,0,0,0,0,44,1,3,267386,4,2,13207,58,12,4,8,903,926,13,2,41,0,184,3,0,59,12,978,12,99,13,0,4,100,72,356,0,68777,1119,21,23846,4272,356714,0,0,0,97089,524,0,267387,4,0,20,72,6608,40,6,1,0,2,365001,70,25,6165580288873772151,5.750000,58.500000,81.250000,0.515484,76.251836,94.524116,0,0
790,1060217062,1000,8,23,26,0,78,20,0,80,7,8,8,2,100,100,17,3,256,270,2993,0,28,65,83,34,54,28,12,16,3269,140,0,107,33,100,49,18,7,0,1,1,5207,6,21,1,0,4,28,1,2,0,1,0,0,1,0,1,5,1263,89,62,100,0,1,0,289,2,6,0,3,3,9925,116,12,3,8,875,930,12,3,85,4,681,763,0,139,132,974,26,100,51,0,120,94,100,3978,0,248016,278471,6,53002,47736,355386,0,0,0,86504,107925,170571,0,0,0,16,12,5432,40,7,1,2,2,365001,70,25,3759165176968203725,8.333333,52.000000,41.666667,2.061662,75.673753,23.927456,86,0
791,3714652831,1000,6,24,35,0,79,54,0,100,7,8,8,5,72,100,41,3,256,302,0,0,68,66,83,2,10,67,67,0,3513,375,235,58,0,0,2221,18,58,3,0,0,8374,5,4,520,0,4,67,0,0,0,1,0,1,4,2,2,6,501,0,0,0,0,0,0,229,3,9,42742,4,2,13201,78,24,4,8,939,940,30,2,56,2,41,3,0,154,72,990,69,100,100,0,4,100,72,2412,0,15018,1315,42,58488,28100,361173,0,5474,16425,248199,990,0,93912,4,0,13,72,8687,40,2,1,0,2,365001,70,25,3388420622337440382,6.000000,52.500000,81.250000,0.538141,75.838573,94.521627,0,0
792,2074121304,1000,6,25,39,0,78,54,0,100,7,8,8,4,72,100,52,3,256,313,450,0,59,66,89,2,10,59,59,0,3490,496,233,96,0,0,924,20,0,3,3,2,5207,5,4,480,0,6,59,1,0,0,0,0,0,2,2,0,1,1,32,81,45,53,23,0,231,2,6,0,4,2,12914,132,0,4,8,754,931,18,2,35,0,274,2,0,154,12,975,41,100,100,0,4,100,72,276,0,101351,783,24,58101,3312,355778,0,6191,16425,237766,70,0,104548,4,0,20,72,7987,40,2,1,0,2,365001,70,25,9953480530337554961,6.250000,58.500000,81.250000,0.381369,76.810129,94.823060,0,0
793,433589777,1000,4,19,32,0,78,52,0,100,7,8,8,5,72,100,36,3,256,206,0,0,17,63,90,2,10,17,17,0,3252,529,234,96,0,0,1697,11,0,6,0,0,5207,5,7,630,0,7,17,0,0,0,1,2,1,2,1,1,6,501,0,0,0,0,0,0,44,1,2,268562,4,2,13199,100,12,4,8,900,917,83,2,0,0,194,3,0,67,2,991,48,100,100,0,4,100,72,241,0,69480,1007,21,26578,2802,361418,0,0,0,95994,443,0,268563,4,5,6,72,3430,40,2,1,0,2,365001,70,25,5727423799312117268,4.750000,48.500000,78.250000,0.426093,74.450640,93.982271,0,0
794,3088025546,1000,5,23,37,0,78,54,0,100,7,8,8,5,72,100,41,3,256,204,0,0,16,67,92,2,10,13,13,0,3412,536,232,96,0,0,2001,9,0,3,0,0,12352,5,4,480,0,5,13,0,0,0,1,1,1,2,1,1,6,501,0,0,0,0,0,0,44,1,1,267358,4,2,13188,116,12,4,8,960,938,14,2,65,29,194,3,0,75,25,994,48,100,100,0,4,100,72,803,0,71573,1287,21,27522,8410,362750,0,0,0,97089,552,0,267359,4,0,6,72,2170,40,6,1,0,2,365001,70,25,15262463742480970065,5.750000,56.250000,81.250000,0.516227,75.845314,94.519260,7,0
795,1447494019,1000,0,0,41,0,78,54,0,100,7,8,8,5,72,100,41,3,256,249,0,0,49,65,95,2,10,48,47,1,3285,525,118,104,0,0,1959,9,39,3,0,0,5317,5,4,521,0,8,48,0,0,0,2,3,1,2,2,0,6,500,0,0,0,0,0,0,247,2,6,44618,4,2,13337,78,0,4,8,713,940,38,2,42,13,39,1,0,168,32,993,77,100,100,0,4,100,72,1044,0,14036,588,28,59440,12316,362104,0,5474,16425,226662,181,20442,95816,4,0,8,72,2695,40,0,1,0,2,365001,70,25,11159863699973400574,0.000000,62.000000,81.250000,0.000000,76.094399,94.566619,2,0
796,4101929788,1000,6,19,26,0,78,37,0,100,7,8,8,2,100,100,40,3,256,263,0,0,13,73,95,2,10,13,13,0,3283,366,118,96,0,0,2157,10,0,3,0,0,13239,5,4,480,0,3,13,0,0,0,2,1,1,4,2,2,6,501,0,0,0,0,0,0,229,2,4,44170,3,3,12764,116,24,3,8,968,940,13,3,51,40,34,3,1,152,282,998,50,100,97,0,120,94,100,8948,0,12553,1315,42,64686,102040,364092,0,5474,16425,248199,994,0,93908,4,0,5,72,3815,40,5,1,0,2,365001,70,25,12397087140592328314,6.333333,52.000000,75.000000,0.440614,76.191163,94.335631,9,0
797,2461398261,1000,5,20,37,0,78,54,0,100,7,8,8,5,72,100,31,3,256,447,2752,0,68,60,83,2,10,68,67,1,3364,238,0,92,0,0,306,20,0,0,14,4,5207,5,12,26,0,7,68,0,2,0,2,0,0,1,1,0,4,646,100,39,100,100,100,0,241,3,5,0,4,2,13370,58,0,4,8,627,926,14,2,0,0,75,148,0,180,12,976,17,100,56,0,4,100,72,414,0,25882,54134,14,58639,4948,356196,0,5474,16425,238510,45845,6833,51913,0,0,20,12,6412,40,3,1,0,2,365001,70,25,9526608564617551946,5.000000,56.750000,81.250000,0.448766,75.936724,94.574420,0,0
798,820866734,1000,6,24,39,0,78,54,0,100,7,8,8,5,72,100,40,3,256,272,0,0,79,70,95,2,10,79,79,0,3223,491,235,95,0,0,1768,20,0,0,0,0,5216,5,1,687,0,7,79,0,0,0,1,1,0,2,2,0,2,92,8,67,45,100,17,0,406,3,5,0,4,2,13065,78,0,4,8,894,944,53,2,46,11,50,2,0,178,19,956,36,98,97,0,4,100,72,619,0,18267,755,24,66332,7344,348720,0,10948,44880,256594,141,0,52437,4,0,25,72,8337,40,1,1,0,2,365001,70,25,13388677307452554340,6.000000,58.500000,81.250000,0.543743,76.232836,94.225794,1,0
799,3475302503,1000,0,0,49,0,100,55,0,100,6,8,8,5,72,100,44,3,256,206,0,0,82,68,95,2,10,82,77,5,3485,570,235,118,0,0,2151,10,0,0,0,0,8757,5,1,480,0,6,82,0,0,0,0,0,1,3,2,1,6,503,0,0,0,0,0,0,260,1,1,33698,4,2,14447,132,12,4,8,860,932,11,2,108,13,147,3,0,173,35,997,24,100,96,0,4,100,72,1602,0,54776,1119,35,65978,15676,363777,0,5474,16425,247254,440,11621,83786,4,0,6,72,1687,40,5,1,0,2,365001,70,25,11716832390995232079,0.000000,74.750000,83.250000,0.000000,78.973143,92.888558,28,0
800,1834770976,1000,5,21,38,0,78,54,0,100,7,8,8,5,72,100,52,3,256,96,0,0,54,67,95,2,10,53,53,0,3402,518,234,96,0,0,2128,4,0,0,0,0,11651,5,1,480,0,6,53,0,0,0,1,0,0,2,2,0,2,122,9,67,45,100,17,0,453,3,7,0,4,2,13196,100,0,4,8,938,942,8,2,65,12,232,1,0,160,100,994,36,100,98,0,4,100,72,3818,0,84684,504,28,66106,37368,362587,0,10948,55589,247104,129,0,51230,4,0,4,72,1064,40,4,1,0,2,365001,70,25,698090897575292563,5.250000,58.250000,81.000000,0.471052,76.038042,94.307214,20,0
801,194239449,1000,6,24,39,0,78,54,0,100,7,8,8,4,72,100,30,3,256,449,2654,0,72,60,84,2,10,72,72,0,3391,55,116,95,0,0,80,7,4,0,1,2,5207,7,8,0,0,7,72,0,0,0,0,0,0,1,1,0,4,781,88,68,100,100,99,0,281,4,6,0,4,2,13174,78,0,4,8,747,935,27,2,61,0,34,2,0,178,10,972,36,100,49,0,4,100,72,258,0,12672,783,14,60978,3096,354574,0,5474,16425,199635,102663,37074,3729,0,0,5,12,1729,40,5,1,0,2,365001,70,25,13232257029697401813,6.000000,58.500000,81.250000,0.216791,77.295430,95.249355,0,0
802,2848675218,1000,4,19,39,0,78,54,0,100,7,8,8,5,72,100,40,3,256,168,548,0,104,70,95,12,29,104,104,0,3410,403,127,96,0,0,1778,9,14,1,0,4,5208,5,2,512,0,8,104,1,0,0,0,0,0,3,2,1,1,11,78,85,100,100,34,0,265,3,6,0,4,2,13100,116,12,4,8,449,454,26,2,44,16,386,3,0,145,22,995,36,100,71,0,4,100,72,773,0,140947,1151,30,56827,7742,363147,0,9523,16425,223445,504,14169,100934,4,0,5,72,1911,40,5,1,0,2,365001,70,25,8553776917029719557,4.750000,58.500000,81.250000,0.307481,76.737710,94.832061,8,0
803,1208143691,1000,22,64,26,0,78,37,0,100,7,8,8,5,72,100,27,3,256,237,0,0,35,67,92,2,10,35,35,0,3400,577,224,104,0,0,1957,19,6,3,0,0,5210,5,8,480,0,6,35,0,0,0,1,4,1,1,1,0,6,500,0,0,0,0,0,0,42,1,2,268703,4,2,13180,58,0,4,8,776,929,34,2,41,21,127,3,0,61,22,986,48,100,100,0,4,100,72,870,0,45426,1091,12,25764,9066,359661,0,0,0,96296,0,0,268704,4,0,18,72,6503,40,7,1,2,2,365001,70,25,14914757775290393086,22.000000,39.000000,56.500000,2.923217,73.342489,90.827845,3,0
804,3862579460,1000,0,0,55,0,100,59,0,100,6,8,8,6,72,100,42,3,256,326,0,0,90,72,95,2,10,86,70,16,3379,488,122,153,0,0,2247,9,8,0,0,0,12013,5,1,480,0,5,86,0,0,0,2,1,1,2,2,0,6,500,0,0,0,0,0,0,246,3,5,35154,4,2,14415,116,0,4,8,931,914,23,2,69,14,184,2,0,186,104,998,23,98,49,0,4,100,72,3656,0,66453,895,28,61768,37964,364085,0,5474,16425,244920,183,12769,85229,4,0,4,72,1288,40,4,1,0,2,365001,70,25,1908310842940678276,0.000000,83.000000,89.750000,0.000000,79.937496,93.820187,8,0
805,2222047933,1000,34,88,29,0,100,54,0,100,7,8,4,5,72,73,20,3,256,122,120,0,99,57,84,2,10,99,93,6,3473,717,208,56,0,0,1876,13,0,3,0,2,5208,5,4,480,0,8,99,0,0,0,0,3,1,4,2,2,6,500,0,0,0,0,0,1,229,2,3,46103,5,1,13709,58,24,5,5,0,909,33,1,11,0,132,4,0,173,29,993,12,100,7,0,4,100,72,1032,0,48504,1511,36,64776,11528,362090,0,5474,16425,247104,914,0,95083,4,0,12,72,2779,40,2,1,6,2,365001,70,25,11115811083381426939,34.000000,35.600000,65.000000,6.502590,85.321905,90.648479,0,0
807,3235952175,1000,4,17,39,0,78,54,0,100,7,8,8,4,72,100,31,3,256,528,3197,0,67,59,83,2,10,59,59,0,3346,16,90,96,0,0,0,19,7,0,2,4,5208,6,15,1,0,4,59,0,3,0,2,0,0,1,1,0,4,653,100,0,100,100,100,3,236,4,9,0,4,2,12521,100,0,4,8,666,915,35,2,11,0,22,155,0,139,12,976,36,100,62,0,4,100,72,265,0,8184,56710,14,58736,3180,356058,0,5474,16425,237614,56143,0,49344,0,0,16,12,6090,40,2,1,0,2,365001,70,25,1102930117161485091,4.250000,58.500000,81.250000,0.401885,76.156058,94.224104,0,0
808,1595420648,1000,4,17,37,0,78,54,0,100,7,8,8,5,72,100,41,3,256,249,0,0,10,68,91,2,10,10,10,0,3296,548,232,95,0,0,1869,16,0,3,0,0,10266,5,12,480,0,4,10,0,0,0,1,1,1,1,1,0,6,500,0,0,0,0,0,0,56,1,2,268899,4,2,13365,78,0,4,8,917,917,18,2,51,10,202,2,0,66,88,955,48,100,100,0,4,100,72,2697,0,72472,755,12,22430,32250,348246,0,0,0,81208,106,14786,268900,4,0,13,72,4032,40,3,1,0,2,365001,70,25,9591196269049698432,4.250000,56.750000,81.250000,0.381594,75.935428,94.454171,0,0
809,4249856417,1000,5,20,34,0,78,52,0,95,7,8,8,4,72,100,31,3,256,281,3082,0,46,54,75,2,10,46,11,35,3220,96,0,96,0,0,0,15,11,0,0,0,5207,8,12,0,0,5,46,0,3,0,3,1,0,2,0,2,5,1234,83,74,100,0,1,0,140,4,10,0,4,2,11485,100,24,4,8,864,911,47,2,66,0,464,734,0,160,15,989,12,100,34,0,4,100,72,592,0,170450,267859,14,60910,7104,361000,0,0,0,102717,225802,36481,0,0,0,14,12,4473,40,4,1,0,2,365001,70,25,15452314638685375331,5.000000,52.250000,78.500000,0.515455,67.218459,89.329909,69,0
810,2609324890,1000,4,17,35,0,78,54,0,100,7,8,8,5,72,100,44,3,256,345,120,0,47,65,89,2,10,47,46,1,3311,536,233,96,0,0,1840,20,0,3,1,1,5207,5,4,480,0,5,47,0,0,0,1,0,1,2,2,0,6,500,0,0,0,0,0,2,229,2,4,47223,4,2,13197,116,0,4,8,790,927,14,2,31,0,264,3,0,147,20,976,66,100,88,0,4,100,72,492,0,97563,1175,24,57072,5888,355916,0,5474,16425,247104,159,0,95838,4,0,20,72,6804,40,2,1,0,2,365001,70,25,10356779896711082219,4.250000,53.250000,81.250000,0.381299,75.303705,94.522998,5,0
811,968793363,1000,6,20,26,0,78,37,0,100,7,8,8,3,72,100,40,3,256,341,641,0,24,75,95,12,29,24,23,1,3451,130,118,96,0,0,2006,13,1,3,0,3,5794,5,4,514,0,7,24,2,0,0,12,0,0,2,2,0,1,11,22,68,46,25,20,0,1159,1,5,0,3,3,12825,116,0,3,8,900,886,16,3,54,0,686,3,0,157,4,994,48,100,69,0,4,100,72,193,0,248745,1265,28,57974,2166,362638,0,9507,177144,70346,106,5573,102324,4,0,9,72,2359,40,0,1,0,2,365001,70,25,17234886646838273596,6.666667,52.000000,75.000000,0.461598,76.199766,94.361014,0,0
812,3623229132,1000,6,18,26,0,78,20,0,80,7,8,8,3,72,100,17,3,256,326,3248,0,46,65,84,34,54,46,25,21,3478,79,0,36,33,100,90,19,2,0,2,0,5207,6,19,12,0,6,46,1,2,0,1,0,0,1,0,1,5,1289,87,60,100,0,1,0,240,3,6,0,3,3,3692,78,12,3,8,852,905,105,3,46,6,650,789,0,177,10,982,29,100,50,0,4,100,72,496,0,237320,287963,6,61660,5468,358415,0,0,0,77014,159835,128151,0,0,0,22,12,13321,40,2,1,1,2,365001,70,25,450084123071708498,6.666667,52.000000,41.666667,1.765439,71.746479,64.301192,25,0
813,1982697605,1000,8,24,26,0,78,37,0,100,7,8,8,2,72,100,25,3,256,259,3175,0,34,65,83,20,63,34,13,21,3232,15,0,95,16,100,0,7,0,0,3,0,13068,7,7,0,0,3,34,1,2,0,12,0,0,1,0,1,4,1237,88,62,99,100,99,0,99,4,9,0,3,3,12765,78,12,3,8,974,937,10,3,54,27,580,737,0,184,75,998,36,100,98,0,4,100,72,2253,0,211644,268979,7,67904,26792,363994,0,0,0,95994,269006,0,0,0,0,5,12,1708,40,5,1,0,2,365001,70,25,12022283855903930478,8.000000,52.000000,75.000000,0.556522,76.191304,94.334508,9,0
814,342166078,1000,5,23,35,0,78,54,0,100,7,8,8,5,72,100,41,3,256,222,0,0,8,63,95,2,10,7,7,0,3327,415,117,96,0,0,2153,20,0,4,0,0,5494,5,17,480,0,5,7,0,0,0,3,0,1,2,1,1,6,501,0,0,0,0,0,0,39,1,2,279063,4,2,13191,100,12,4,8,843,935,51,2,44,0,205,3,0,51,30,736,48,100,100,0,4,100,72,1047,0,73702,1147,18,20896,12348,268530,0,0,0,85409,527,0,279064,4,0,26,72,8757,40,2,1,0,2,365001,70,25,6475770474714154058,5.750000,52.500000,81.250000,0.516109,75.187173,94.517474,0,0
815,2996601847,1000,49,100,13,0,78,42,0,100,7,8,8,5,100,100,17,3,256,339,120,0,42,53,68,2,10,42,37,5,3444,376,232,66,0,0,2162,16,0,3,0,2,10210,5,4,480,0,4,42,0,0,0,3,2,1,3,2,1,6,501,0,0,0,0,0,1,299,2,5,46719,4,2,13325,58,12,4,8,963,944,10,2,52,0,188,5,1,179,90,989,12,100,16,0,78,100,100,3077,0,68140,1930,30,58822,33732,360837,0,5474,22353,209043,426,32377,95327,4,0,16,72,5614,40,6,1,7,2,365001,70,25,6816972755129470465,49.750000,20.750000,64.250000,7.573959,19.970056,75.351069,17,0
816,1356070320,1000,4,19,39,0,78,54,0,100,7,8,8,4,100,100,41,3,256,281,250,0,2,62,83,2,10,2,2,0,3263,205,208,95,0,0,2019,15,10,15,3,0,8249,5,21,539,0,3,2,0,0,0,1,0,0,2,2,0,1,6,18,69,46,100,19,0,377,1,4,0,4,2,16891,78,0,4,8,931,939,32,2,0,0,16,2,0,152,215,994,48,100,87,0,120,94,100,6615,0,6172,895,28,55430,76188,362538,0,7678,47740,210824,0,0,98758,4,0,13,72,10374,40,1,1,0,2,365001,70,25,5804268403652469157,4.750000,58.500000,81.250000,0.337458,76.614647,95.705405,0,0
817,4010506089,1000,5,23,39,0,78,54,0,100,7,8,8,4,53,100,41,3,256,376,720,0,33,66,90,2,10,33,33,0,3467,536,233,95,0,0,1456,20,18,2,5,1,5214,5,3,480,0,5,33,0,0,0,0,0,0,2,2,0,1,10,60,73,80,100,30,0,270,2,6,0,4,2,13251,100,0,4,8,763,928,50,2,38,0,216,2,0,142,0,0,46,100,70,0,4,100,53,3,0,78182,1147,28,56680,36,0,0,9187,16425,215745,138,21869,101636,4,0,22,72,7497,40,3,1,0,2,365001,70,25,273865387388780217,5.750000,58.500000,81.250000,0.513773,76.257641,94.542299,0,0
818,2369974562,1000,6,25,36,0,78,54,0,100,7,8,8,5,72,100,52,3,256,277,0,0,56,66,87,2,10,56,56,0,3342,536,115,96,0,0,2169,14,15,0,0,0,11469,5,1,480,0,6,56,0,0,0,1,0,1,2,2,0,6,500,0,0,0,0,0,0,234,3,5,34315,4,2,13366,116,0,4,8,973,934,10,2,35,0,297,2,1,160,38,988,25,100,57,0,4,100,72,1546,0,109760,867,24,57958,14700,360410,0,5474,16425,255349,53,1519,86180,4,0,14,72,4480,40,6,1,0,2,365001,70,25,910505238967270719,6.250000,54.750000,81.250000,0.553644,75.602649,94.590753,0,0
819,729443035,1000,0,0,55,0,100,60,0,100,6,8,8,5,72,100,43,3,256,258,120,0,82,70,95,2,10,80,56,24,3357,536,59,144,0,0,1965,11,49,3,1,1,10306,5,4,515,0,3,80,0,0,0,0,8,1,3,2,1,6,500,0,0,0,0,0,1,232,2,4,47895,4,2,17497,100,12,4,8,974,941,12,2,65,28,135,3,0,168,71,998,69,100,81,0,4,100,72,2247,0,48951,1147,30,59176,26790,364001,0,5474,16425,246009,568,0,96524,4,0,7,72,4641,40,7,1,0,2,365001,70,25,16330725314982799627,0.000000,83.500000,90.000000,0.000000,83.790135,91.533406,5,0
820,3383878804,1000,5,21,38,0,78,53,0,100,7,8,8,5,100,100,41,3,256,220,0,0,31,64,95,2,10,27,27,0,3339,242,0,96,0,0,2325,9,12,3,0,0,12583,5,4,532,0,5,27,0,0,0,1,4,1,2,2,0,6,501,0,0,0,0,0,0,261,2,4,42827,4,2,13201,100,0,4,8,979,938,10,2,52,29,122,2,0,170,356,995,66,100,84,0,120,98,100,12974,0,44809,727,24,58272,130576,362946,0,5474,16425,212707,104,34868,95422,4,0,6,72,1687,40,6,1,0,2,365001,70,25,16973283854198218920,5.250000,57.250000,80.500000,0.470873,74.674949,92.361185,3,0
821,1743347277,1000,4,19,39,0,78,54,0,100,7,8,8,5,72,100,41,3,256,265,257,0,16,64,83,2,10,16,16,0,3406,256,94,95,0,0,2277,18,0,9,2,0,5651,5,10,480,0,6,16,0,0,0,1,0,0,3,2,1,2,17,17,95,47,100,19,0,403,2,3,0,4,2,16880,78,12,4,8,890,880,16,2,30,0,21,3,0,158,32,991,48,100,93,0,4,100,72,1357,0,8078,1119,35,56061,13938,361474,0,10948,48562,205126,574,0,99790,4,0,12,72,3829,40,4,1,0,2,365001,70,25,8156287004683638796,4.750000,58.500000,81.250000,0.229621,77.057346,96.014218,0,0
822,102815750,1000,23,76,26,0,78,37,0,100,7,8,8,4,72,100,27,3,256,337,0,0,74,64,95,9,32,74,72,2,3434,423,118,96,7,44,2052,22,0,3,0,0,5208,5,4,679,0,6,74,1,0,0,0,1,1,2,2,0,6,500,0,0,0,0,0,0,243,2,4,38122,4,2,13327,100,0,4,8,669,927,63,2,47,0,209,2,0,156,14,974,36,100,100,0,4,100,72,377,0,75252,727,28,58084,4524,355162,0,5474,16425,243038,149,12461,87453,4,0,18,72,5894,40,0,1,3,2,365001,70,25,17198367263698476779,23.500000,39.000000,56.500000,3.624522,72.949051,90.249494,0,0
823,2757251519,1000,21,64,26,0,78,54,0,100,7,8,8,5,72,100,27,3,256,321,0,0,84,60,83,2,10,84,73,11,3319,341,115,67,0,0,613,9,0,3,0,0,5245,5,4,508,0,7,84,0,0,0,4,0,1,3,2,1,6,501,0,0,0,0,0,0,233,2,2,37002,4,2,13222,58,12,4,8,724,941,14,2,42,26,239,0,0,167,18,994,29,100,78,0,4,100,72,693,0,87812,0,35,60014,7456,362608,0,5474,16425,256594,532,0,85975,4,0,4,72,1386,40,4,1,3,2,365001,70,25,2924987564199449648,21.250000,39.000000,81.250000,3.085539,73.062320,94.526169,9,0
824,1116719992,1000,6,24,39,0,78,54,0,100,7,8,8,5,72,100,41,3,256,182,120,0,58,66,95,2,10,58,56,2,3312,415,116,96,0,0,2019,20,0,3,2,0,5903,5,4,480,0,4,58,0,0,0,0,0,1,2,2,0,6,500,0,0,0,0,0,1,233,3,9,47222,4,2,13276,100,0,4,8,896,941,15,2,44,0,255,1,0,165,178,940,24,100,84,0,4,100,72,5646,0,94195,699,28,56040,65662,342982,0,5474,16425,238560,146,7449,96946,4,0,21,72,6846,40,5,1,0,2,365001,70,25,250513042707904026,6.000000,58.500000,81.250000,0.536909,76.255047,94.429422,0,0
825,3771155761,1000,8,24,22,0,78,20,0,80,7,8,8,2,72,100,17,3,256,302,3104,0,24,65,83,17,44,24,23,1,3321,161,0,61,27,100,14,19,0,0,2,0,5207,8,6,0,0,8,24,1,2,0,12,0,0,1,0,1,4,1263,87,47,100,100,99,0,96,4,7,0,3,3,12514,58,12,3,8,869,942,97,3,79,0,752,763,0,168,20,973,36,100,95,0,4,100,72,478,0,274664,278473,7,67758,5736,354826,0,0,0,86504,278496,0,0,0,0,18,12,5936,40,2,1,1,2,365001,70,25,17948569534149864090,8.666667,44.333333,41.666667,1.896436,59.292153,18.630334,60,0
826,2130624234,1000,4,18,38,0,78,54,0,100,7,8,8,5,72,100,41,3,256,362,0,0,8,65,95,2,10,7,7,0,3269,401,0,95,0,0,2226,11,0,4,0,0,9713,5,16,480,0,4,7,1,0,0,3,0,1,1,1,0,6,500,0,0,0,0,0,0,41,1,2,288974,4,2,13275,78,0,4,8,927,933,9,2,52,27,247,1,0,44,77,995,48,100,100,0,4,100,72,2735,0,89927,675,14,19972,28226,362993,0,0,0,67910,106,8009,288975,4,0,9,72,2506,40,1,1,0,2,365001,70,25,15321570482371483322,4.500000,57.500000,81.250000,0.401356,76.080603,94.433145,6,0
827,490092707,1000,6,24,38,0,78,54,0,100,7,8,8,5,72,100,41,3,256,235,0,0,76,70,94,2,10,76,76,0,3361,462,235,96,0,0,2043,10,0,0,0,0,5377,5,1,525,0,7,76,0,0,0,3,2,1,2,2,0,6,500,0,0,0,0,0,0,233,2,4,35098,4,2,13372,116,0,4,8,735,849,37,2,46,6,208,2,0,187,32,997,25,100,100,0,4,100,72,876,0,74622,703,28,66366,8896,363590,0,5474,16425,255499,155,0,87447,4,0,5,72,1491,40,5,1,0,2,365001,70,25,662173704799489924,6.000000,58.000000,81.000000,0.538439,75.983398,94.119130,9,0
828,3144528476,1000,7,21,26,0,78,37,0,100,7,8,8,3,72,100,25,3,256,258,2960,0,63,66,86,9,32,63,48,15,3410,128,0,96,16,100,253,18,14,0,2,0,5207,6,19,27,0,7,63,1,2,0,12,0,0,1,0,1,4,1237,81,70,99,100,97,0,115,4,6,0,3,3,12573,116,12,3,8,629,929,23,3,18,0,604,737,0,158,0,989,36,100,51,0,4,100,72,180,0,220439,268979,7,60606,2050,360762,0,0,0,96974,253605,14421,0,0,0,17,12,5733,40,6,1,0,2,365001,70,25,6772787578851499944,7.000000,52.000000,75.000000,0.167025,77.379623,94.855643,21,0
829,1503996949,1000,5,17,26,0,78,30,0,100,7,8,8,3,100,100,40,3,256,214,0,0,21,71,95,2,10,21,21,0,3297,142,0,96,0,0,2513,8,0,3,0,0,12496,5,4,480,0,3,21,0,0,0,3,2,1,2,2,0,6,500,0,0,0,0,0,0,228,3,9,44506,3,3,12844,100,0,3,8,981,941,9,3,52,31,26,2,0,210,359,995,52,100,100,0,120,98,100,12982,0,10535,787,28,65254,130250,363147,0,5474,16425,246009,160,0,96932,4,0,6,72,1820,40,5,1,0,2,365001,70,25,2278211021787174484,5.666667,52.000000,61.000000,0.391778,76.202429,93.278418,12,0
830,4158432718,1000,5,21,39,0,78,54,0,100,7,8,8,4,72,100,41,3,256,240,0,0,54,70,94,2,10,54,54,0,3414,536,233,94,0,0,2003,8,0,3,0,0,6686,5,4,480,0,5,54,0,0,0,1,2,1,2,2,0,6,500,0,0,0,0,0,0,248,2,4,46886,4,2,13015,78,0,4,8,903,942,26,2,43,0,223,2,0,148,15,992,18,100,56,0,4,100,72,609,0,80984,1039,28,58664,7308,362034,0,5474,16425,224394,145,22710,95852,4,0,7,72,2065,40,6,1,0,2,365001,70,25,1611997349695692039,5.250000,58.500000,81.250000,0.475989,76.232040,94.329235,0,0
831,2517901191,1000,5,22,38,0,78,54,0,100,7,8,8,5,72,100,41,3,256,345,1140,0,52,66,91,2,10,49,49,0,3483,482,221,96,0,0,1103,11,0,3,2,1,11834,5,4,495,0,6,49,0,0,0,2,0,0,3,2,1,2,15,34,88,47,100,23,0,264,2,2,0,4,2,13140,132,12,4,8,931,913,11,2,46,10,274,3,1,184,20,994,29,100,100,0,4,100,72,743,0,100814,1203,35,64954,7126,362482,0,10948,16594,236519,602,0,100337,4,0,7,72,2737,40,6,1,0,2,365001,70,25,1566839230967133514,5.500000,57.250000,81.250000,0.395129,76.373059,94.750381,4,0
832,877369664,1000,4,18,39,0,78,54,0,100,7,8,8,5,72,100,41,3,256,266,0,0,4,64,95,2,10,4,4,0,3346,295,96,96,0,0,2313,9,0,3,0,0,12994,5,17,480,0,3,4,0,0,0,0,2,1,1,1,0,6,500,0,0,0,0,0,0,42,1,2,269990,4,2,13348,132,0,4,8,965,934,14,2,73,16,134,2,0,84,75,997,69,100,100,0,4,100,72,2341,0,47385,839,14,24526,27788,363590,0,0,0,94899,110,0,269991,4,0,6,72,1722,40,5,1,0,2,365001,70,25,11654242955849127897,4.500000,58.500000,81.250000,0.399161,76.270303,94.465088,4,0
833,3531805433,1000,4,18,27,0,78,53,0,100,7,8,8,4,52,100,25,3,256,218,2942,0,67,48,85,2,10,61,58,3,3416,203,0,94,0,0,229,20,0,0,0,1,8198,5,17,0,0,6,61,0,2,0,1,0,0,0,0,0,4,1237,87,69,100,100,99,0,97,4,5,0,4,2,13176,78,0,4,8,911,939,40,2,45,0,30,737,0,182,0,0,36,100,99,0,4,100,52,2,0,10926,268979,0,67648,24,0,0,0,0,95994,269006,0,0,0,0,19,12,5719,40,1,1,0,2,365001,70,25,17064882328315110016,4.500000,40.500000,79.500000,0.404372,73.531876,94.127277,0,0
834,1891273906,1000,5,20,33,0,78,54,0,100,7,8,8,5,72,100,41,3,256,350,120,0,51,65,81,2,10,51,50,1,3479,525,206,66,0,0,1941,20,7,3,2,0,9958,5,4,525,0,5,51,0,0,0,2,0,1,3,2,1,6,500,0,0,0,0,0,2,240,3,6,47166,4,2,13195,58,12,4,8,948,919,29,2,71,11,259,3,0,155,56,973,12,100,2,0,4,100,72,1892,0,94980,1147,35,57368,20560,355022,0,5474,16425,233828,588,12181,96504,4,0,23,72,7889,40,3,1,0,2,365001,70,25,13020899273855079130,5.000000,50.750000,81.000000,0.451686,74.838196,93.792346,0,0
835,250742379,1000,0,0,53,0,88,60,0,100,7,8,8,6,72,100,41,3,256,305,320,0,85,70,84,2,10,85,85,0,3425,609,118,105,0,0,1244,21,7,0,1,4,5358,5,1,522,0,7,85,0,0,0,1,0,0,3,2,1,2,19,77,76,100,100,34,0,286,2,7,0,4,2,13266,100,12,4,8,893,925,24,2,68,1,101,3,0,168,41,978,67,100,48,0,4,100,72,1269,0,37591,1175,30,58992,14564,356926,0,10948,17933,217894,575,17530,100120,4,0,21,72,6734,40,3,1,0,2,365001,70,25,17871829716719524859,0.000000,80.500000,90.000000,0.000000,78.221619,95.333936,0,0
836,2905178148,1000,7,17,33,0,78,54,0,100,7,8,8,5,72,100,41,3,256,318,310,0,75,64,87,2,10,75,75,0,3461,500,233,96,0,0,1896,9,0,3,6,1,11288,5,4,480,0,6,75,0,0,0,2,3,0,4,2,2,1,0,33,73,45,35,23,0,233,3,5,0,4,2,13308,132,24,4,8,921,918,22,2,44,16,242,3,0,172,28,998,40,100,100,0,4,100,72,800,0,89412,1119,42,64243,8714,364092,0,5686,16425,223918,993,12601,105377,4,0,4,72,1288,40,3,1,0,2,365001,70,25,1359392508735747625,7.000000,50.000000,81.250000,0.806207,75.050947,94.802750,12,0
837,1264646621,1000,4,18,34,0,78,54,0,100,7,8,8,5,72,100,41,3,256,299,0,0,20,64,90,2,10,20,20,0,3329,552,232,94,0,0,1903,12,52,3,0,0,6511,5,4,480,0,7,20,1,0,0,2,0,1,3,1,2,6,502,0,0,0,0,0,0,44,1,3,269094,4,2,13288,78,24,4,8,950,932,11,2,45,21,203,4,0,89,28,997,50,100,100,0,4,100,72,977,0,73854,1707,28,27356,10102,363618,0,0,0,94899,1006,0,269095,4,0,9,72,3171,40,6,1,0,2,365001,70,25,8414718059369725921,4.500000,52.000000,81.250000,0.400963,75.090458,94.557495,5,0
838,3919082390,1000,5,22,39,0,78,54,0,100,7,8,8,5,72,100,41,3,256,228,0,0,71,70,92,2,10,70,68,2,3332,537,118,96,0,0,2099,23,0,3,0,0,5228,5,4,506,0,7,70,1,0,0,2,0,1,3,2,1,6,500,0,0,0,0,0,0,257,3,9,36554,4,2,12910,100,12,4,8,434,928,23,2,47,0,236,3,0,158,34,980,15,77,50,0,4,100,72,1146,0,84890,1315,35,58192,13024,357626,0,5474,16425,231811,594,24783,85913,4,0,19,72,6419,40,3,1,0,2,365001,70,25,12103305926125264051,5.500000,58.500000,81.250000,0.340821,76.791634,94.807126,0,0
839,2278550863,1000,0,0,43,0,78,54,0,100,7,8,8,5,72,100,48,3,256,198,0,0,20,66,92,12,29,20,20,0,3376,555,236,106,0,0,1717,11,0,3,0,0,5832,5,4,705,0,7,20,1,0,0,1,0,1,2,1,1,6,501,0,0,0,0,0,0,38,1,2,279146,4,2,13278,78,12,4,8,826,940,14,2,67,30,311,3,0,51,27,995,48,100,100,0,4,100,72,811,0,113530,1175,21,23413,8222,362895,0,0,0,85409,444,0,279147,4,8,1,72,2723,40,0,1,0,2,365001,70,25,11790614547011760134,0.000000,65.750000,81.250000,0.000000,76.152282,94.538334,10,0
840,638019336,1000,5,23,30,0,78,53,0,100,7,8,8,5,100,100,41,3,256,375,289,0,44,62,95,2,10,44,44,0,3427,258,0,96,0,0,2268,16,2,3,5,1,9095,5,4,480,0,6,44,0,0,0,2,0,0,3,2,1,2,21,34,83,47,100,23,0,285,2,4,0,4,2,13255,116,12,4,8,933,931,13,2,47,28,110,2,0,161,309,992,46,100,49,0,120,98,100,11114,0,42008,755,35,60212,116220,361971,0,10948,18937,223439,603,11985,99088,4,0,11,72,3458,40,2,1,0,2,365001,70,25,1201713822036239331,5.750000,46.250000,80.000000,0.513618,69.377518,90.931347,7,0
841,3292455105,1000,21,86,42,0,98,43,0,99,7,8,8,5,100,100,31,3,256,276,0,0,96,73,95,19,61,89,77,12,3360,695,187,112,16,100,1684,9,4,3,0,0,13591,5,4,480,0,5,89,1,0,0,3,1,1,2,2,0,6,503,0,0,0,0,0,0,245,2,4,40978,4,2,5554,116,0,4,8,962,934,14,2,103,48,210,2,0,169,357,998,51,100,100,0,120,98,100,13005,0,78504,895,28,59200,129762,364066,0,5474,16425,214877,106,22879,105239,4,0,6,72,1652,40,5,1,8,2,365001,70,25,11216892920846948726,21.500000,63.500000,64.750000,8.764134,71.923659,77.543212,65,0
842,1651923578,1000,8,24,26,0,78,20,0,80,7,8,8,2,72,100,17,3,256,285,3136,0,24,65,83,24,76,24,14,10,3381,7,0,108,27,100,0,20,5240,2,5,3,5208,11,21,0,0,6,24,1,2,0,4,0,0,1,0,1,5,1240,98,95,100,0,1,0,312,2,2,0,3,3,12512,116,12,3,8,842,929,11,3,61,0,705,740,0,123,12,979,12,100,23,0,4,100,72,327,0,257340,270071,7,49832,3924,357008,0,0,0,125222,58482,181296,0,0,0,23,12,7203,40,6,1,1,2,365001,70,25,7122037237528232555,8.666667,52.000000,41.666667,1.896739,76.778133,18.620524,59,0
843,11392051,1000,4,19,26,0,78,54,0,100,7,8,8,5,100,100,40,3,256,259,0,0,9,59,84,2,10,9,9,0,3375,488,118,32,0,0,163,20,0,6,0,0,5365,5,9,480,0,7,9,0,0,0,1,2,1,2,1,1,6,501,0,0,0,0,0,0,42,1,3,280155,4,2,13215,58,12,4,8,887,936,26,2,70,0,41,3,0,63,244,962,48,100,100,0,120,98,100,9501,0,15156,1343,18,23560,94176,351058,0,0,0,79413,530,4901,280156,4,0,16,72,12446,40,3,1,0,2,365001,70,25,10123833729780080582,4.750000,39.750000,81.000000,0.431328,50.569580,93.790617,14,0
844,2665827820,1000,8,23,25,0,78,20,0,80,7,8,8,2,73,100,22,3,256,320,3092,0,50,66,83,34,54,49,21,28,3329,182,0,22,33,100,13,14,13,0,2,0,5207,8,8,0,0,6,49,1,2,0,4,0,0,1,0,1,5,1266,87,68,100,0,1,0,202,3,7,0,3,3,3633,100,12,3,8,815,917,24,3,78,0,608,766,0,144,7,969,15,100,52,0,6,100,73,290,0,221248,279563,7,61966,3480,353426,0,0,0,75888,194952,94160,0,0,0,12,12,6986,40,2,1,2,2,365001,70,25,2795709392689398576,8.333333,51.333333,41.666667,2.047619,71.789155,65.085329,43,0
845,1025296293,1000,29,100,25,0,78,44,0,100,7,8,8,5,72,100,50,3,256,151,0,0,55,66,83,26,83,55,49,6,3292,607,165,89,23,100,1563,9,0,0,0,0,13563,5,1,480,0,6,55,1,0,0,2,0,0,4,2,2,2,156,9,75,45,100,17,0,509,3,8,0,4,2,13186,58,24,4,8,931,947,10,2,65,46,302,4,0,198,95,998,36,98,98,0,4,100,72,3387,0,109465,1539,42,64804,34730,364010,0,10948,67922,235424,941,0,49765,4,4,0,72,1806,75,4,1,4,2,365001,70,25,15105404901644564791,29.500000,38.750000,66.000000,4.833005,72.581981,91.645533,35,0
846,3679732062,1000,4,18,35,0,78,54,0,100,7,8,8,4,72,100,41,3,256,216,240,0,70,66,93,2,10,70,70,0,3411,536,233,96,0,0,1880,18,2,0,3,0,6683,5,1,480,0,5,70,1,0,0,2,0,0,2,2,0,2,19,37,70,100,98,24,0,289,2,4,0,4,2,13183,100,0,4,8,758,942,10,2,70,0,256,1,0,162,36,988,68,100,49,0,4,100,72,1207,0,94075,420,24,56370,14444,360256,0,10948,17976,216077,160,20442,99397,4,0,13,72,4487,40,3,1,0,2,365001,70,25,15241753027141030461,4.500000,53.500000,81.250000,0.404157,75.480998,94.394296,0,0
847,2039200535,1000,6,25,55,0,96,54,0,100,7,8,5,6,72,73,31,3,256,219,2891,0,117,57,83,2,10,108,107,1,3410,195,61,96,0,0,221,17,11,0,0,2,5225,5,18,0,0,7,108,0,3,0,2,0,0,0,0,0,4,1240,91,63,100,100,100,0,98,4,5,0,5,1,13468,100,0,5,7,0,936,105,1,36,0,28,740,0,194,23,984,31,100,54,0,4,100,72,644,0,9978,270071,0,60327,7728,359110,0,0,0,94899,270101,0,0,0,0,15,12,4711,40,7,1,0,2,365001,70,25,4167670377711803679,6.200000,66.800000,65.000000,0.818978,76.811553,92.705673,0,0
848,398669008,1000,5,23,39,0,78,53,0,100,7,8,8,4,100,100,26,3,256,253,3338,0,133,60,83,2,10,89,57,32,3398,15,0,24,0,0,0,20,0,0,2,0,5207,6,15,3,0,4,89,0,3,0,0,1,0,1,0,1,4,1269,87,92,100,97,99,0,99,4,7,0,4,2,4041,116,12,4,8,858,936,103,2,46,0,481,769,0,184,273,753,29,100,100,0,120,98,100,9132,0,175235,280655,6,62606,97474,274662,0,0,0,84314,280686,0,0,0,0,21,12,7161,40,4,1,1,2,365001,70,25,18366667231305232721,5.750000,58.500000,80.750000,1.684732,72.286563,81.961891,2,0
849,3053104777,1000,29,100,25,0,78,32,0,80,7,8,8,4,72,100,13,3,256,296,2926,0,84,56,69,48,73,84,46,38,3263,292,0,102,33,100,0,9,18,0,3,1,5208,6,21,3,0,6,84,1,2,0,2,0,0,1,0,1,4,1266,88,65,100,99,99,0,96,4,8,0,4,2,12726,116,12,4,8,583,913,71,2,18,0,518,766,0,164,16,993,36,100,53,0,4,100,72,631,0,189806,279563,7,60328,7572,362286,0,0,0,85409,279591,0,0,0,0,8,12,2394,40,6,1,2,2,365001,70,25,18045106713317151860,29.750000,38.750000,48.500000,2.763319,74.757583,70.261905,0,0
850,1412573250,1000,4,17,37,0,78,54,0,100,7,8,8,5,72,100,41,3,256,242,0,0,12,69,95,2,10,12,12,0,3357,466,108,96,0,0,2058,20,0,3,0,0,7065,5,14,563,0,5,12,0,0,0,4,4,1,1,1,0,6,500,0,0,0,0,0,0,33,1,1,290067,4,2,13313,100,0,4,8,861,928,10,2,45,0,191,2,0,44,22,978,48,100,100,0,4,100,72,811,0,68776,755,12,18640,8980,356842,0,0,0,74824,108,0,290068,4,0,22,72,7091,40,5,1,0,2,365001,70,25,13130918382176248878,4.250000,55.500000,81.250000,0.306467,76.053932,94.680388,0,0
851,4067009019,1000,5,20,39,0,78,54,0,100,7,8,8,5,72,100,41,3,256,216,2532,0,57,61,87,2,10,57,57,0,3379,140,114,98,0,0,320,20,8,0,0,2,5238,5,25,231,0,7,57,0,2,0,0,0,0,0,0,0,4,1292,91,75,100,100,100,0,123,4,8,0,4,2,13278,100,0,4,8,715,938,21,2,37,0,21,792,0,155,44,983,29,100,51,0,4,100,72,1404,0,6953,289027,0,60287,16592,358618,0,0,0,79475,258697,26828,0,2,0,20,36,6965,40,4,1,0,2,365001,70,25,6729715442084054331,5.000000,58.500000,81.250000,0.445850,76.261184,94.556409,0,0
852,2426477492,1000,0,0,50,0,85,59,0,100,6,8,8,6,100,100,42,3,256,315,0,0,58,65,87,2,10,58,57,1,3298,558,118,123,0,0,919,14,16,0,0,0,11636,5,1,480,0,6,58,0,0,0,1,0,1,4,2,2,6,504,0,0,0,0,0,0,242,1,1,35547,4,2,13737,100,24,4,8,956,935,8,2,55,30,203,4,0,163,359,996,25,100,56,0,120,98,100,12757,0,73929,1623,36,61108,133114,363282,0,5474,16425,247711,949,9577,84864,4,0,10,72,3066,40,7,1,0,2,365001,70,25,1487078878886953573,0.000000,76.000000,88.750000,0.000000,68.679260,91.265924,8,0
853,785945965,1000,5,21,38,0,78,54,0,100,7,8,8,5,72,100,26,3,256,356,3257,0,65,59,83,2,10,61,59,2,3299,0,0,96,0,0,0,21,7,0,0,2,5223,5,17,0,0,6,61,0,3,0,4,0,0,0,0,0,4,1269,91,66,100,100,100,0,96,4,10,0,4,2,13220,132,0,4,8,862,939,70,2,9,0,15,769,0,172,24,987,36,100,48,0,4,100,72,813,0,5664,280655,0,60628,9276,360088,0,0,0,84314,280686,0,0,0,0,20,12,7938,40,4,1,0,2,365001,70,25,6710313412728651024,5.250000,58.000000,81.250000,0.470197,76.161573,94.531014,0,0
854,3440381734,1000,5,20,33,0,78,54,0,100,7,8,8,4,55,100,52,3,256,206,0,0,2,68,91,2,10,2,2,0,3430,536,233,72,0,0,2019,3,0,5,0,0,5210,5,26,480,0,6,2,0,0,0,2,0,1,1,1,0,6,500,0,0,0,0,0,0,38,1,1,279398,4,2,12973,58,0,4,8,870,945,11,2,0,0,94,2,0,70,0,0,12,85,3,0,4,100,55,9,0,36072,811,14,24168,108,0,0,0,0,85601,0,0,279399,4,0,3,72,1008,40,3,1,0,2,365001,70,25,8367749005718206082,5.000000,50.250000,81.250000,0.456332,75.474987,94.428428,0,0
855,1799850207,1000,7,22,26,0,78,37,0,100,7,8,8,3,72,100,42,3,256,415,1160,0,45,71,92,2,10,44,22,22,3427,248,0,96,0,0,1335,19,0,3,1,2,6901,5,4,642,0,5,44,0,0,0,0,4,0,3,2,1,1,6,34,84,46,100,23,0,241,2,7,0,3,3,12605,100,12,3,8,906,926,39,3,56,0,135,3,0,150,17,799,72,100,97,0,4,100,72,578,0,49295,1315,30,63670,6708,291509,0,7855,16425,235424,593,0,104703,4,0,14,72,4928,40,5,1,0,2,365001,70,25,9464032824811694610,7.333333,52.000000,75.000000,0.520111,76.155970,94.257041,21,0
856,159318680,1000,6,25,35,0,78,54,0,100,7,8,8,4,72,100,31,3,256,557,2289,0,57,61,85,2,10,51,51,0,3240,300,96,96,0,0,513,21,2,0,0,4,5208,7,13,0,0,5,51,0,2,0,2,0,0,1,1,0,4,611,99,80,100,100,100,0,252,3,6,0,4,2,12264,100,0,4,8,499,924,26,2,0,0,23,114,0,165,12,977,35,100,48,0,4,100,72,352,0,8240,41338,14,58847,4224,356254,0,5474,16425,240010,40834,14394,47863,0,0,23,12,7847,40,4,1,0,2,365001,70,25,669095811621662016,6.250000,53.750000,81.250000,0.405659,75.958170,94.539710,0,0
857,2813754449,1000,5,21,32,0,80,54,0,100,7,8,8,4,72,100,40,3,256,228,0,0,84,65,95,2,10,83,82,1,3393,312,233,94,0,0,2259,9,12,0,0,0,5233,5,1,547,0,7,83,0,0,0,0,0,1,2,2,0,6,500,0,0,0,0,0,0,243,2,4,20931,4,2,13273,78,0,4,8,799,937,32,2,74,21,63,1,0,168,24,993,24,100,53,0,4,100,72,753,0,22744,621,24,59021,8128,362440,0,5474,16425,243262,178,12237,87424,4,0,8,72,2478,40,7,1,0,2,365001,70,25,12923146244426240956,5.250000,49.250000,81.250000,0.471483,75.934905,94.424019,17,0
858,1173222922,1000,27,89,34,0,78,50,0,100,7,8,8,5,72,100,31,3,256,285,120,0,66,75,97,9,32,64,64,0,3340,580,232,42,14,88,1766,20,86,3,0,2,11589,5,4,480,0,7,64,1,0,0,2,4,1,3,2,1,6,501,0,0,0,0,0,1,238,3,9,47474,4,2,13247,100,12,4,8,913,938,34,2,63,0,162,1,0,144,22,990,68,100,79,0,4,100,72,847,0,61142,560,35,56786,9046,361193,0,5474,16425,234133,589,10781,97598,4,0,18,72,5558,40,7,1,4,2,365001,70,25,11162160487926965281,27.500000,52.250000,75.250000,4.500340,75.124783,93.399260,0,0
859,3827658691,1000,6,24,37,0,78,54,0,100,7,8,8,5,72,100,41,3,256,315,0,0,13,70,93,2,10,11,11,0,3439,536,233,95,0,0,2024,20,0,4,0,0,9853,5,14,480,0,4,11,0,0,0,4,0,1,1,1,0,6,500,0,0,0,0,0,0,39,1,2,279482,4,2,13288,78,0,4,8,912,902,31,2,63,2,253,1,0,50,24,959,50,100,100,0,4,100,72,917,0,92407,699,14,22070,10464,349756,0,0,0,85409,108,0,279483,4,0,21,72,6762,40,4,1,0,2,365001,70,25,9406681102135521540,6.000000,56.750000,81.250000,0.534618,75.946418,94.559001,0,0
860,2187127164,1000,5,22,34,0,78,54,0,100,7,8,8,4,72,100,41,3,256,347,0,0,28,67,88,2,10,27,27,0,3444,536,233,101,0,0,2023,20,10,3,0,0,5215,5,4,490,0,7,27,1,0,0,1,1,1,2,2,0,6,500,0,0,0,0,0,0,240,3,5,44254,4,2,13276,78,0,4,8,715,924,18,2,40,0,226,4,0,159,20,972,68,100,84,0,4,100,72,479,0,81866,1483,28,54994,5748,354663,0,5474,16425,218227,36,17390,107448,4,0,20,72,6468,40,3,1,0,2,365001,70,25,9175073959124853693,5.500000,52.250000,81.250000,0.493823,75.130612,94.545797,0,0
861,546595637,1000,17,50,30,0,78,54,0,100,7,8,8,5,72,100,38,3,256,265,0,0,66,67,91,2,10,65,65,0,3464,575,233,96,0,0,2014,18,14,3,0,0,8997,5,4,480,0,6,65,1,0,0,1,1,1,2,2,0,6,500,0,0,0,0,0,0,280,2,6,39158,4,2,13214,100,0,4,8,924,919,12,2,75,7,203,1,0,180,23,991,48,100,100,0,4,100,72,1000,0,75615,563,28,60092,10566,361425,0,5474,16425,202485,113,52035,88468,4,0,17,72,5516,40,6,1,2,2,365001,70,25,17401500293024816431,17.750000,46.000000,81.250000,2.739519,73.966399,94.511881,0,0
862,3201031406,1000,4,17,39,0,78,54,0,100,7,8,8,4,72,100,41,3,256,250,0,0,49,71,95,2,10,48,46,2,3305,491,118,96,0,0,2174,14,0,0,0,0,5286,5,1,480,0,5,48,0,0,0,1,0,1,2,2,0,6,503,0,0,0,0,0,0,232,1,2,35546,4,2,12924,132,0,4,8,871,894,28,2,48,0,205,2,0,196,24,958,24,100,99,0,4,100,72,859,0,74821,727,28,66172,10308,349553,0,5474,16425,256872,110,0,86119,4,0,12,72,3024,40,2,1,0,2,365001,70,25,2631232030953021730,4.250000,58.500000,81.250000,0.394615,76.189415,94.387187,0,0
863,1560499879,1000,10,24,26,0,78,54,0,100,7,8,8,5,72,100,31,3,256,281,0,0,46,61,95,2,10,46,46,0,3338,536,6,96,0,0,2154,9,0,3,0,0,12988,5,4,480,0,3,46,0,0,0,0,3,1,2,2,0,6,501,0,0,0,0,0,0,227,1,1,42826,4,2,13362,100,0,4,8,968,934,11,2,65,7,151,2,0,202,73,997,57,100,58,0,4,100,72,2186,0,55673,787,28,64611,26096,363875,0,5474,16425,245429,111,0,97561,4,0,6,72,1722,40,5,1,1,2,365001,70,25,11236110616762282550,10.000000,40.000000,81.000000,1.242928,72.811331,94.253779,4,0
864,4214935648,1000,9,25,30,0,78,54,0,100,7,8,8,4,72,100,39,3,256,312,0,0,23,66,95,2,10,23,23,0,3347,545,118,96,0,0,2042,20,0,3,0,0,5208,5,4,480,0,5,23,0,0,0,0,0,1,3,2,1,6,501,0,0,0,0,0,0,303,2,6,44870,4,2,13295,132,12,4,8,871,929,42,2,35,5,198,5,0,210,17,958,50,100,100,0,4,100,72,592,0,71379,1902,35,66582,7104,349483,0,5474,33646,228788,582,0,96510,4,0,15,72,4508,40,7,1,1,2,365001,70,25,13524311777626359824,9.000000,46.000000,81.250000,1.052200,74.010681,94.557352,0,0
865,2574404121,1000,5,23,37,0,78,54,0,100,7,8,8,5,72,100,41,3,256,281,0,0,8,66,90,2,10,8,8,0,3417,464,117,96,0,0,2113,21,0,3,0,0,10155,5,7,561,0,5,8,0,0,0,2,1,1,2,1,1,6,501,0,0,0,0,0,0,42,1,3,289646,4,2,13209,116,12,4,8,940,927,32,2,60,12,233,3,0,71,49,959,48,100,100,0,4,100,72,1760,0,85019,1203,21,23142,19516,349840,0,0,0,65863,529,8961,289647,4,0,24,72,7392,40,1,1,0,2,365001,70,25,5255058565705058734,5.750000,55.500000,81.250000,0.515406,75.709743,94.521917,1,0
866,933872594,1000,6,24,38,0,78,54,0,100,7,8,8,5,72,100,41,3,256,286,0,0,46,66,87,2,10,46,46,0,3357,536,232,96,0,0,1947,16,0,3,0,0,10297,5,4,480,0,3,46,1,0,0,2,0,1,2,2,0,6,500,0,0,0,0,0,0,246,2,3,38850,4,2,13292,100,0,4,8,923,913,16,2,39,18,222,1,0,169,68,994,44,100,100,0,4,100,72,2127,0,81416,476,28,58650,24560,362582,0,5474,16425,237657,172,16747,88525,4,0,12,72,4620,40,0,1,0,2,365001,70,25,8430458402293423476,6.750000,57.500000,81.250000,0.670779,76.081252,94.559133,1,0
867,3588308363,1000,6,25,39,0,78,54,0,100,7,8,8,4,72,100,41,3,256,264,0,0,9,68,91,2,10,9,9,0,3257,414,211,96,0,0,1146,21,0,6,0,0,5208,5,18,480,0,6,9,1,0,0,1,0,1,1,1,0,6,500,0,0,0,0,0,0,43,1,2,269851,4,2,13351,100,0,4,8,862,927,11,2,41,0,249,2,0,64,13,978,48,100,100,0,4,100,72,437,0,90152,839,12,23336,5244,356842,0,0,0,95148,0,0,269852,4,0,22,72,7084,40,4,1,0,2,365001,70,25,15756324323267927509,6.250000,58.500000,81.250000,0.554266,76.270691,94.583177,0,0
868,1947776836,1000,9,20,33,0,78,54,0,100,7,8,8,4,72,100,52,3,256,119,0,0,55,64,95,2,10,55,53,2,3293,557,233,95,0,0,1861,6,0,3,0,0,5211,5,4,480,0,8,55,0,0,0,0,2,1,2,2,0,6,500,0,0,0,0,0,0,260,2,4,44647,4,2,13206,78,0,4,8,782,909,23,2,91,0,149,2,0,158,23,955,66,100,79,0,4,100,72,636,0,53492,895,24,56977,7632,348412,0,5474,16425,213678,0,31795,97628,4,2,3,72,1344,40,5,1,1,2,365001,70,25,13253902288971075616,9.500000,50.500000,81.250000,1.264728,74.800242,94.525216,16,0
869,307245309,1000,28,93,29,0,78,44,0,100,7,8,8,5,72,100,27,3,256,213,0,0,11,72,92,9,32,10,10,0,3365,373,118,96,12,72,2232,12,0,5,0,0,10444,5,9,480,0,8,10,1,0,0,2,2,1,2,1,1,6,501,0,0,0,0,0,0,33,1,3,290738,4,2,13249,132,12,4,8,887,939,11,2,60,0,175,3,0,48,16,991,48,100,100,0,4,100,72,670,0,65623,1287,21,21020,6886,361516,0,0,0,73729,532,0,290739,4,0,9,72,3171,40,0,1,4,2,365001,70,25,14687580839603732490,28.250000,44.250000,67.000000,4.630387,73.693260,91.919994,1,0
870,2961681078,1000,7,25,26,0,78,54,0,100,7,8,8,4,72,100,29,3,256,243,0,0,5,62,95,2,10,5,5,0,3519,284,114,96,0,0,2037,21,0,6,0,0,5210,5,17,480,0,5,5,0,0,0,3,1,1,2,1,1,6,501,0,0,0,0,0,0,34,1,1,289646,4,2,13360,116,12,4,8,818,928,57,2,1,0,139,3,0,58,15,976,48,100,100,0,4,100,72,444,0,50971,1203,21,21504,5328,355918,0,0,0,74824,529,0,289647,4,0,18,72,6111,40,7,1,0,2,365001,70,25,1748031820024878074,7.000000,40.000000,81.250000,0.687500,72.976198,94.586826,0,0
871,1321149551,1000,6,25,34,0,78,54,0,100,7,8,8,5,72,100,41,3,256,125,0,0,63,65,95,2,10,63,55,8,3447,524,232,96,0,0,1679,17,0,3,0,0,5691,5,4,480,0,7,63,0,0,0,1,0,1,2,2,0,6,500,0,0,0,0,0,0,272,2,4,37898,4,2,13200,116,0,4,8,840,942,12,2,63,26,274,2,0,178,17,991,36,100,100,0,4,100,72,660,0,99268,923,28,59166,7904,361686,0,5474,16425,213683,71,41002,88345,4,9,4,72,4389,40,7,1,0,2,365001,70,25,13422275910321928513,6.250000,52.000000,81.250000,0.566288,75.053333,94.508712,49,0
872,3975585320,1000,6,25,37,0,78,54,0,100,7,8,8,5,72,100,41,3,256,211,0,0,13,68,90,2,10,13,13,0,3416,560,232,96,0,0,1982,10,0,5,0,0,9189,5,10,480,0,7,13,1,0,0,1,0,1,1,1,0,6,500,0,0,0,0,0,0,53,1,1,269990,4,2,13201,116,0,4,8,954,938,11,2,80,7,217,2,0,82,21,990,50,100,100,0,4,100,72,841,0,80069,839,14,26378,8194,361278,0,0,0,82466,110,12433,269991,4,0,9,72,3486,40,6,1,0,2,365001,70,25,15470347085639674841,6.250000,56.500000,81.250000,0.560564,75.886827,94.521627,23,0
873,2335053793,1000,27,84,27,0,78,54,0,100,7,8,8,5,72,100,34,3,256,316,120,0,37,69,88,2,10,37,36,1,3300,577,233,96,0,0,1683,12,7,3,1,1,10411,5,4,525,0,6,37,0,0,0,4,0,1,2,2,0,6,500,0,0,0,0,0,2,227,3,8,48342,4,2,13362,132,0,4,8,971,934,10,2,36,0,296,2,0,156,70,989,52,100,85,0,4,100,72,3141,0,109883,783,28,56440,29158,360704,0,5474,16425,244914,156,0,98031,4,0,12,72,4109,40,4,1,4,2,365001,70,25,3607121407368938537,27.250000,41.750000,81.250000,4.338273,73.253555,94.587637,0,0
874,694522266,1000,8,25,26,0,78,37,0,100,7,8,8,2,72,100,40,3,256,315,955,0,53,73,95,29,80,53,53,0,3393,57,118,96,16,100,1729,20,0,3,4,2,5207,5,4,492,0,8,53,1,0,0,10,0,0,3,2,1,2,17,36,85,47,88,24,0,267,2,3,0,3,3,12766,100,12,3,8,888,931,13,3,66,0,730,5,0,170,24,985,65,100,98,0,4,100,72,865,0,266293,1655,35,64959,9656,359278,0,10948,17453,234329,578,0,101692,4,0,18,72,6118,40,1,1,0,2,365001,70,25,4724362032766951024,8.333333,52.000000,75.000000,0.579665,76.191446,94.214319,0,0
875,3348958035,1000,6,18,20,0,78,32,0,80,7,8,8,3,100,100,40,3,256,411,0,0,22,75,93,21,68,22,21,1,3512,423,118,32,23,100,2449,7,0,2,0,0,12682,5,3,480,0,3,22,1,0,0,0,2,1,2,2,0,6,502,0,0,0,0,0,0,275,2,3,26418,3,3,3692,100,0,3,8,966,931,15,3,116,18,366,2,0,170,187,998,24,100,97,0,120,98,100,6667,0,133721,755,28,62374,68350,363982,0,5474,16425,179909,109,56316,106767,4,0,4,72,1960,40,4,1,1,2,365001,70,25,13689349522251658518,6.000000,40.666667,64.000000,1.443120,66.267064,75.098862,46,0
876,1708426508,1000,8,32,42,0,100,44,0,100,6,8,8,5,72,100,27,3,256,278,0,0,76,64,95,2,10,75,59,16,3506,378,0,124,0,0,2603,8,0,0,0,0,5296,5,1,483,0,4,75,0,0,0,0,1,1,3,2,1,6,502,0,0,0,0,0,0,255,1,2,35520,4,2,17558,100,12,4,8,639,940,15,2,85,25,99,3,0,196,32,998,24,100,94,0,4,100,72,1028,0,36969,1147,28,68048,11722,364010,0,5474,16425,228710,532,26517,87342,4,0,5,72,1673,40,5,1,1,2,365001,70,25,17677371796478500309,8.000000,64.000000,66.250000,1.035198,81.245472,88.400729,26,0
877,67894981,1000,5,21,35,0,78,54,0,100,7,8,8,5,72,100,41,3,256,249,120,0,48,67,93,2,10,44,43,1,3249,415,234,95,0,0,1838,11,0,3,0,2,5338,5,4,480,0,6,44,0,0,0,1,0,1,2,2,0,6,500,0,0,0,0,0,1,384,2,4,50134,4,2,13270,78,0,4,8,976,940,10,2,45,0,37,2,0,127,23,985,49,100,68,0,4,100,72,866,0,13224,755,28,56368,9870,359334,0,5474,47838,188996,154,23410,99128,4,0,11,72,4494,40,0,1,0,2,365001,70,25,3543599603703542643,5.250000,52.750000,81.250000,0.468425,75.232329,94.553127,0,0
878,2722330750,1000,5,23,21,0,78,37,0,80,7,8,8,4,100,100,35,3,256,388,0,0,39,57,91,2,10,39,30,9,3378,536,233,24,0,0,1901,24,0,3,0,0,9911,5,4,546,0,4,39,0,0,0,3,0,1,2,2,0,6,500,0,0,0,0,0,0,227,2,4,47138,4,2,4007,78,0,4,8,972,941,13,2,95,0,81,3,0,184,355,989,46,100,100,0,120,98,100,12715,0,29916,1151,28,65318,132778,360830,0,5474,16425,244914,153,0,98034,4,0,18,72,6664,40,2,1,1,2,365001,70,25,3721938960445309561,5.750000,31.750000,56.000000,1.699027,61.542301,71.475668,47,0
879,1081799223,1000,9,19,21,0,49,47,0,100,7,8,8,5,100,100,40,3,256,378,487,0,67,57,75,2,10,67,67,0,3369,545,233,60,0,0,1454,20,0,0,0,2,9463,5,1,480,0,6,67,0,0,0,0,0,0,2,2,0,2,30,68,76,100,21,32,0,289,2,6,0,4,2,13133,58,0,4,8,947,928,36,2,54,3,310,3,0,128,324,963,23,100,39,0,112,100,100,12565,0,115261,1399,28,57244,121638,351298,0,10948,21927,234329,154,0,97642,4,0,24,72,10913,40,0,1,1,2,365001,70,25,5387580663324862684,9.500000,32.000000,71.250000,1.192111,46.612274,85.959034,0,0
880,3736234992,1000,21,64,25,0,78,54,0,100,7,8,8,5,72,100,27,3,256,255,0,0,54,63,87,2,10,53,53,0,3302,577,233,74,0,0,1962,22,0,0,0,0,9981,5,3,480,0,6,53,0,0,0,0,1,1,2,2,0,6,500,0,0,0,0,0,0,232,2,2,28294,4,2,13174,58,0,4,8,962,921,8,2,55,0,226,2,0,165,68,983,12,98,5,0,4,100,72,2422,0,83675,1176,28,58242,24774,358606,0,5474,16425,224503,150,10921,107527,4,0,21,72,7063,40,5,1,3,2,365001,70,25,9221878488408446636,21.750000,38.750000,81.250000,3.237286,72.209428,94.511917,0,0
881,2095703465,1000,5,21,39,0,78,54,0,100,7,8,8,5,72,100,42,3,256,247,0,0,47,69,95,2,10,47,47,0,3397,504,235,96,0,0,1980,22,8,3,0,0,10338,5,4,480,0,6,47,0,0,0,1,2,1,3,2,1,6,501,0,0,0,0,0,0,235,2,4,39774,4,2,13277,100,12,4,8,966,892,10,2,61,0,151,2,0,156,60,981,49,100,100,0,4,100,72,2189,0,55228,923,35,58596,22818,357764,0,5474,16425,250792,462,3837,88010,4,0,22,72,7189,40,5,1,0,2,365001,70,25,12640214040825445561,5.250000,58.500000,81.250000,0.468178,76.261053,94.554493,0,0
882,455171938,1000,9,39,32,0,78,53,0,100,7,8,8,5,100,100,40,3,256,258,120,0,38,64,95,2,10,38,38,0,3378,524,192,98,0,0,1552,20,53,3,0,2,7234,5,4,828,0,8,38,0,0,0,1,3,0,2,2,0,1,0,17,63,45,28,24,0,233,2,5,0,4,2,13350,132,0,4,8,665,939,14,2,42,0,25,1,0,151,237,745,58,100,88,0,115,100,100,9008,0,8971,619,28,57757,86818,272037,0,5478,16425,235782,169,8037,99109,4,0,20,72,6825,40,0,1,0,2,365001,70,25,17115761699979933830,9.750000,48.250000,80.250000,0.885169,74.383895,94.275955,0,0
883,3109607707,1000,4,19,35,0,78,54,0,100,7,8,8,5,100,100,41,3,256,331,120,0,14,68,90,2,10,14,12,2,3421,536,233,95,0,0,1890,14,0,3,2,0,11802,5,4,480,0,7,14,0,0,0,1,0,1,2,2,0,6,500,0,0,0,0,0,2,230,2,6,50134,4,2,13369,78,0,4,8,972,933,10,2,42,0,205,2,0,149,307,989,27,100,100,0,112,100,100,12892,0,73925,1095,28,57506,113870,360809,0,5474,16425,241190,168,3724,98019,4,0,13,72,4641,40,5,1,0,2,365001,70,25,593605425993833537,4.750000,52.750000,81.000000,0.420675,75.242501,94.380881,0,0
884,1469076180,1000,4,17,38,0,78,54,0,100,7,8,8,4,67,100,41,3,256,391,435,0,44,64,85,2,10,44,44,0,3284,506,233,87,0,0,1030,22,7,0,2,4,5216,5,1,702,0,7,44,1,0,0,2,1,0,3,2,1,2,23,80,84,100,100,35,0,313,2,3,0,4,2,13329,78,12,4,8,761,927,43,2,44,0,264,4,0,166,1,3,37,100,50,0,4,100,67,47,0,97122,1623,30,56378,564,620,0,10948,23028,222391,582,8261,99790,4,0,18,72,6377,40,1,1,0,2,365001,70,25,1536017543833332039,4.250000,58.250000,81.000000,0.382624,75.518569,93.831870,0,0
885,4123511949,1000,6,24,37,0,78,54,0,100,7,8,8,5,72,100,41,3,256,275,324,0,88,69,92,2,10,88,87,1,3415,396,233,96,0,0,1876,12,7,0,2,1,5219,5,1,544,0,8,88,0,0,0,2,0,0,2,2,0,2,18,67,84,100,100,31,0,281,3,7,0,4,2,13277,100,0,4,8,784,789,16,2,68,18,283,2,0,160,23,995,33,100,52,0,4,100,72,773,0,101308,840,28,57214,7788,363147,0,10948,17878,223243,111,12181,100639,4,0,7,72,2394,40,6,1,0,2,365001,70,25,11901580998205300760,6.000000,55.750000,81.250000,0.536868,75.835957,94.429841,6,0
886,2482980422,1000,4,18,29,0,78,53,0,99,7,8,8,5,100,100,45,3,256,222,0,0,57,58,83,2,10,57,56,1,3360,279,114,96,0,0,2445,9,0,0,0,0,12379,5,1,480,0,6,57,0,0,0,1,0,1,3,2,1,6,500,0,0,0,0,0,0,232,2,2,36834,4,2,13355,116,12,4,8,973,938,11,2,51,26,270,3,0,173,349,996,23,100,93,0,120,98,100,12988,0,98121,1147,35,66510,126402,363338,0,5474,16425,254404,602,0,88095,4,0,4,72,1358,40,4,1,0,2,365001,70,25,6467149081367114938,4.500000,44.500000,80.250000,0.402995,73.622389,93.552303,8,0
887,842448895,1000,20,64,26,0,78,37,0,99,7,8,8,5,100,100,27,3,256,230,0,0,60,64,95,2,10,60,60,0,3502,468,118,74,0,0,2394,7,0,0,0,0,12722,5,1,480,0,5,60,0,0,0,1,0,0,3,2,1,2,129,9,72,45,78,17,0,463,3,4,0,4,2,13221,58,12,4,8,975,941,11,2,49,29,239,3,0,146,354,997,12,100,5,0,120,98,100,12999,0,87032,1203,35,58026,129590,363646,0,10948,58073,243819,591,0,51569,4,0,6,72,3024,40,6,1,2,2,365001,70,25,4699957395276016349,20.500000,39.000000,56.250000,2.997655,73.091445,89.792603,7,0
888,3496884664,1000,7,21,20,0,78,20,0,80,7,8,8,3,100,100,17,3,256,293,3137,0,46,65,83,12,39,40,19,21,3383,204,0,34,27,100,0,5,0,0,1,0,12650,7,9,0,0,3,40,1,2,0,3,2,0,1,0,1,5,1269,85,59,100,0,1,0,206,2,6,0,3,3,3594,116,12,3,8,964,932,12,3,65,25,633,769,0,188,199,998,36,100,96,0,120,98,100,7407,0,230433,280655,7,67745,73544,364008,0,0,0,84314,184035,96651,0,0,0,4,12,1204,40,4,1,2,2,365001,70,25,4134543016970659123,7.666667,41.000000,41.666667,2.006121,67.012521,66.054535,32,0
889,1856353137,1000,4,18,34,0,78,54,0,100,7,8,8,5,100,100,40,3,256,316,120,0,54,69,95,2,10,52,52,0,3347,464,118,86,0,0,1955,20,0,3,0,2,6997,5,4,528,0,6,52,0,0,0,3,2,1,2,2,0,6,500,0,0,0,0,0,1,230,2,5,58898,4,2,3831,132,0,4,8,897,939,72,2,74,0,41,2,0,140,262,739,37,100,100,0,120,98,100,9560,0,15468,727,28,58384,95716,269690,0,5474,16425,224388,150,9941,108622,4,0,26,72,8953,40,1,1,0,2,365001,70,25,16978408454364862919,4.500000,51.000000,81.000000,0.469851,71.163665,83.776299,34,0
890,215821610,1000,6,18,26,0,78,37,0,100,7,8,8,3,72,100,25,3,256,332,3314,0,21,64,83,20,63,21,13,8,3381,21,0,96,16,100,4,4,13,0,3,2,12257,11,10,0,0,3,21,1,2,0,12,0,0,1,0,1,4,1246,89,67,97,100,99,0,107,4,9,0,3,3,12763,100,12,3,8,946,927,25,3,49,19,685,746,0,152,78,998,36,100,51,0,4,100,72,2707,0,250060,272255,7,60705,29632,364183,0,0,0,93661,263134,8205,0,0,0,3,12,1239,40,3,1,0,2,365001,70,25,15812201103118782322,6.000000,52.000000,75.000000,0.417457,76.191021,94.336755,9,0
891,2870257379,1000,4,18,36,0,78,54,0,100,7,8,8,5,100,100,40,3,256,349,0,0,62,67,95,2,10,61,60,1,3302,508,116,96,0,0,2036,10,0,3,0,0,6694,5,4,480,0,7,61,0,0,0,0,0,1,3,2,1,6,500,0,0,0,0,0,0,279,2,4,38627,4,2,13284,132,12,4,8,941,941,10,2,61,2,29,0,0,200,226,991,40,100,100,0,120,98,100,7942,0,10761,0,30,60982,81310,361628,0,5474,25417,245412,718,0,87979,4,0,5,72,1414,40,4,1,0,2,365001,70,25,11107679207784160952,4.500000,54.750000,81.000000,0.401084,75.586721,93.835516,4,0
892,1229725852,1000,8,22,37,0,78,54,0,100,7,8,8,5,100,100,41,3,256,193,0,0,1,68,86,2,10,1,1,0,3348,476,116,54,0,0,2062,7,0,6,0,0,12792,5,11,532,0,5,1,0,0,0,1,0,1,1,1,0,6,500,0,0,0,0,0,0,37,1,2,281582,4,2,13290,58,0,4,8,960,939,13,2,55,36,218,2,0,67,347,995,48,100,100,0,120,98,100,12974,0,81430,867,14,23604,126644,363119,0,0,0,83417,0,0,281583,4,0,6,72,2079,40,5,1,1,2,365001,70,25,17703563618506582709,8.750000,56.250000,81.000000,1.078856,75.855079,93.723777,7,0
893,3884161621,1000,4,19,39,0,78,54,0,100,7,8,8,4,65,100,26,3,256,423,2877,0,60,60,83,2,10,51,51,0,3371,187,203,96,0,0,62,19,6,0,3,4,5224,5,11,0,0,6,51,0,2,0,2,1,0,1,1,0,5,632,100,68,100,0,1,0,258,3,3,0,4,2,13194,100,0,4,8,658,943,44,2,2,0,21,135,0,172,0,0,13,100,43,0,4,100,65,41,0,8213,49038,12,59192,492,249,0,5474,16425,233517,40531,19260,49793,0,0,15,12,5257,40,6,1,0,2,365001,70,25,332345145906859300,4.750000,58.500000,81.250000,0.429134,76.238290,94.511899,0,0
894,2243630094,1000,6,24,39,0,78,54,0,100,7,8,8,5,72,100,41,3,256,321,247,0,45,67,86,2,10,45,43,2,3375,536,232,96,0,0,1838,18,14,0,2,1,10533,5,1,480,0,6,45,1,0,0,6,0,0,2,2,0,2,19,39,66,100,100,24,0,282,2,5,0,4,2,13136,116,0,4,8,972,933,10,2,47,0,311,3,0,163,65,987,28,100,54,0,4,100,72,2744,0,111539,952,28,57472,25860,360053,0,10948,18212,222120,156,12209,101355,4,0,17,72,5236,40,7,1,0,2,365001,70,25,2731104902807010949,6.000000,58.500000,81.250000,0.540804,76.242387,94.494519,19,0
895,603098567,1000,4,18,34,0,78,54,0,100,7,8,8,4,72,100,41,3,256,299,0,0,63,66,95,2,10,63,63,0,3275,413,235,96,0,0,1985,13,0,3,0,0,10465,5,4,480,0,4,63,0,0,0,4,0,1,4,2,2,6,501,0,0,0,0,0,0,302,2,3,38318,4,2,13208,100,24,4,8,931,934,9,2,59,20,53,6,1,147,36,996,38,100,100,0,4,100,72,1107,0,19727,2298,42,57880,12564,363450,0,5474,29032,240702,1034,0,88758,4,0,9,72,3157,40,6,1,0,2,365001,70,25,10315943558918550643,4.500000,52.000000,81.250000,0.403392,75.076772,94.526045,42,0
896,3257534336,1000,6,24,39,0,78,54,0,100,7,8,8,4,73,100,42,3,256,313,2757,0,59,61,86,2,10,59,59,0,3459,203,117,96,0,0,319,15,5,0,0,2,5208,8,19,21,0,7,59,0,3,0,0,0,0,1,0,1,4,1243,91,37,100,94,100,0,110,4,8,0,4,2,13156,132,12,4,8,887,938,76,2,20,0,470,743,0,145,21,976,36,100,50,0,6,100,73,515,0,171710,271163,7,60876,6180,355881,0,0,0,94560,259015,11425,0,0,0,20,12,17780,40,6,1,0,2,365001,70,25,13154349622284531722,6.000000,58.500000,81.250000,0.505321,76.357708,94.585360,12,0
897,1617002809,1000,6,18,25,0,78,37,0,100,7,8,8,2,73,100,25,3,256,218,2400,0,17,67,85,34,74,16,16,0,3259,268,117,93,16,100,419,14,0,0,0,4,5207,8,17,13,0,6,16,1,2,0,6,0,0,1,0,1,4,1272,94,91,100,99,100,0,95,4,7,0,3,3,12633,58,12,3,8,791,940,77,3,65,0,235,772,0,209,12,976,38,100,98,0,7,100,73,384,0,85643,281747,7,67690,4608,356140,0,0,0,83219,281781,0,0,0,0,14,12,4592,40,1,1,0,2,365001,70,25,1873374658512646191,6.000000,51.666667,74.666667,0.397530,76.052561,94.064355,18,0
898,4271438578,1000,0,0,52,0,81,59,0,100,6,8,8,5,72,100,43,3,256,279,120,0,48,71,95,2,10,47,28,19,3298,483,234,153,0,0,1939,8,0,2,2,0,12981,4,3,480,0,3,47,0,0,0,1,4,1,4,2,2,6,501,0,0,0,0,0,2,261,2,4,45908,4,2,17498,100,24,4,8,967,941,11,2,93,33,126,6,0,168,61,998,73,100,81,0,4,100,72,2049,0,47945,2408,36,64355,21430,364094,0,5474,16425,207952,1018,36962,97169,4,0,3,72,1281,40,3,1,0,2,365001,70,25,18437144343150084804,0.000000,78.500000,89.750000,0.000000,78.629043,91.376043,30,0
899,2630907051,1000,5,21,39,0,78,54,0,100,7,8,8,5,72,100,40,3,256,384,310,0,32,69,92,2,10,32,29,3,3454,366,234,96,0,0,2016,14,0,2,1,2,9739,5,3,486,0,7,32,0,0,0,2,1,0,3,2,1,1,13,53,77,78,100,28,0,259,2,3,0,4,2,13133,100,12,4,8,978,938,10,2,43,0,123,4,0,183,40,984,20,100,98,0,4,100,72,1424,0,44028,1711,30,64512,14728,358970,0,10420,16425,234329,611,0,103215,4,0,9,72,4592,40,6,1,0,2,365001,70,25,3391885853345203407,5.250000,58.500000,81.000000,0.473312,76.241986,94.473768,0,0
900,990375524,1000,6,25,39,0,78,54,0,100,7,8,8,5,72,100,41,3,256,208,0,0,16,70,91,2,10,15,15,0,3294,544,235,96,0,0,1873,22,0,3,0,0,9301,5,4,480,0,5,15,0,0,0,1,0,1,2,1,1,6,501,0,0,0,0,0,0,42,1,3,271754,4,2,12933,100,12,4,8,812,930,47,2,75,6,148,3,0,72,25,959,17,87,47,0,4,100,72,924,0,49850,1119,21,25548,10852,349812,0,0,0,92709,536,0,271755,4,0,19,72,7231,40,1,1,0,2,365001,70,25,5534348122751700287,6.250000,58.500000,81.250000,0.572180,76.214799,94.408103,26,0
901,3644811293,1000,4,19,31,0,78,54,0,100,7,8,8,5,72,100,25,3,256,271,2971,0,68,52,83,2,10,48,46,2,3257,49,195,95,0,0,0,20,9,0,1,1,5208,12,23,0,0,6,48,0,3,0,1,0,0,0,0,0,4,1243,84,40,100,100,98,0,97,4,7,0,4,2,13100,78,0,4,8,831,907,65,2,11,0,27,743,0,164,4,671,36,100,53,0,4,100,72,131,0,10088,271163,0,59902,1104,244847,0,0,0,93804,271196,0,0,0,0,22,12,7651,40,6,1,0,2,365001,70,25,10889259185893474269,4.750000,47.500000,81.250000,0.429313,74.574962,94.480916,0,0
902,2004279766,1000,18,49,26,0,78,52,0,99,7,8,8,5,100,100,38,3,256,384,0,0,29,66,79,2,10,29,27,2,3371,573,0,87,0,0,2264,19,0,0,0,0,9231,5,1,492,0,6,29,1,0,0,1,0,1,2,2,0,6,500,0,0,0,0,0,0,233,2,4,34594,4,2,13197,78,0,4,8,971,939,10,2,43,0,190,5,0,173,352,981,24,100,60,0,118,100,100,12645,0,70329,1734,28,60108,131630,357855,0,5474,16425,239574,114,4460,98953,4,0,15,72,4550,40,3,1,2,2,365001,70,25,9807789618417278056,18.000000,39.750000,78.000000,2.739941,58.007956,93.255437,0,0
903,363748239,1000,26,86,26,0,78,30,0,80,7,8,8,4,100,100,15,3,256,306,0,0,48,63,88,17,49,46,46,0,3266,590,235,107,24,76,1919,20,9,0,0,0,6409,5,1,480,0,3,46,1,0,0,1,2,1,3,2,1,6,500,0,0,0,0,0,0,263,2,3,31823,4,2,13169,100,12,4,8,875,936,42,2,63,0,93,5,0,158,163,715,25,100,53,0,120,98,100,5009,0,33481,1906,30,57906,60108,260886,0,5474,16425,231325,615,31474,79687,4,0,22,72,7392,40,6,1,5,2,365001,70,25,9253840309189668708,26.250000,39.000000,46.000000,5.443542,72.947680,62.071076,13,0
904,3018184008,1000,29,99,26,0,78,54,0,100,7,8,8,5,72,100,33,3,256,73,0,0,9,65,95,2,10,8,8,0,3448,577,234,96,0,0,1995,9,0,3,0,0,12459,5,4,480,0,6,8,0,0,0,1,1,1,2,1,1,6,501,0,0,0,0,0,0,33,1,1,290822,4,2,13206,116,12,4,8,976,940,9,2,62,32,190,3,0,59,121,996,48,100,100,0,4,100,72,4487,0,69113,1175,21,22393,43658,363310,0,0,0,73729,448,0,290823,4,0,7,72,2597,40,4,1,4,2,365001,70,25,12273780989566889453,29.250000,39.000000,81.250000,4.946388,72.672422,94.523701,4,0
905,1377652481,1000,5,23,39,0,78,54,0,100,7,8,8,5,72,100,52,3,256,221,0,0,62,69,91,2,10,62,62,0,3415,408,233,96,0,0,2132,13,0,3,0,0,11130,5,4,480,0,6,62,0,0,0,1,0,1,2,2,0,6,500,0,0,0,0,0,0,230,1,2,41006,4,2,13338,100,0,4,8,980,936,10,2,68,9,288,2,0,182,57,992,49,100,94,0,4,100,72,2288,0,105064,895,28,66168,21676,361908,0,5474,16425,253372,116,0,89613,4,0,12,72,3885,40,4,1,0,2,365001,70,25,3961349213659344832,5.750000,58.500000,81.250000,0.510421,76.269006,94.577898,0,0
906,4032088250,1000,4,18,31,0,78,54,0,100,7,8,8,5,72,100,41,3,256,248,0,0,47,66,85,2,10,46,45,1,3325,507,116,94,0,0,2036,20,14,3,0,0,5209,5,4,504,0,5,46,0,0,0,2,0,1,3,2,1,6,501,0,0,0,0,0,0,243,3,6,38374,4,2,13268,78,12,4,8,784,919,23,2,52,5,262,5,0,154,23,956,41,100,100,0,4,100,72,833,0,97781,1818,35,58450,9540,348694,0,5474,16425,242671,620,11733,88077,4,0,20,72,6741,40,3,1,0,2,365001,70,25,10059647394345360893,4.500000,47.000000,81.250000,0.401568,74.224751,94.549292,0,0
907,2391556723,1000,5,22,36,0,78,54,0,100,7,8,8,4,72,100,26,3,256,411,3210,0,84,56,83,2,10,42,38,4,3437,140,0,96,0,0,45,20,1,2,0,2,5207,12,17,0,0,5,42,0,2,0,2,1,0,0,0,0,4,1272,91,77,100,100,100,0,105,4,7,0,4,2,13186,100,0,4,8,842,921,14,2,0,0,26,772,0,186,16,982,21,100,50,0,4,100,72,549,0,9868,281747,0,60890,6586,358214,0,0,0,84031,269937,11032,0,0,0,21,12,6608,40,2,1,0,2,365001,70,25,3590821569099099068,5.500000,54.250000,81.250000,0.483847,75.536781,94.537388,0,0
908,751025196,1000,8,24,26,0,78,37,0,100,7,8,8,2,72,100,40,3,256,356,0,0,36,75,95,2,10,32,32,0,3370,398,116,95,0,0,2309,15,20,0,0,0,5242,5,1,505,0,7,32,1,0,0,12,0,1,2,2,0,6,502,0,0,0,0,0,0,237,1,3,13678,3,3,12839,100,0,3,8,861,933,18,3,70,21,580,2,0,182,27,993,24,100,52,0,4,100,72,1022,0,212016,699,28,57788,11288,362302,0,5474,16425,261973,118,1597,79413,4,0,11,72,3514,40,1,1,0,2,365001,70,25,18290176127550272758,8.000000,52.000000,75.000000,0.553314,76.201729,93.999533,30,0
909,3405460965,1000,4,18,39,0,78,54,0,100,7,8,8,4,54,100,41,3,256,300,516,0,47,65,92,2,10,47,47,0,3413,411,232,91,0,0,1262,20,8,1,1,1,5208,5,2,480,0,7,47,0,0,0,1,0,0,2,2,0,2,17,68,95,100,100,32,0,278,2,5,0,4,2,12919,116,0,4,8,885,939,34,2,41,0,210,3,0,159,0,0,28,100,88,0,4,100,54,6,0,76955,1375,28,58566,72,0,0,10948,17379,222988,161,11341,102183,4,0,22,72,7469,40,0,1,0,2,365001,70,25,2543967188991259078,4.500000,58.500000,81.250000,0.412416,76.212865,94.403592,0,0
910,1764929438,1000,6,25,38,0,78,54,0,100,7,8,8,5,72,100,41,3,256,260,0,0,73,69,90,2,10,73,65,8,3475,508,233,103,0,0,1714,6,21,3,0,0,5236,5,4,636,0,7,73,0,0,0,1,1,1,3,2,1,6,501,0,0,0,0,0,0,309,2,3,38766,4,2,13291,116,12,4,8,751,903,28,2,78,20,299,1,0,160,46,997,45,100,100,0,4,100,72,1754,0,108429,448,35,58000,20266,363637,0,5474,29214,230495,572,10025,89220,4,0,4,72,1085,40,4,1,0,2,365001,70,25,16673934925855877910,6.250000,58.250000,81.250000,0.556768,76.217215,94.558724,6,0
911,124397911,1000,5,22,38,0,78,54,0,100,7,8,8,5,72,100,41,3,256,416,656,0,27,66,95,2,10,27,27,0,3416,488,236,96,0,0,1514,12,14,3,1,2,12038,5,4,480,0,6,27,0,0,0,2,1,0,3,2,1,1,3,33,79,46,69,23,0,266,2,5,0,4,2,13284,100,12,4,8,939,937,11,2,53,38,88,4,0,144,84,994,51,100,100,0,4,100,72,3471,0,31873,1539,35,57110,32918,362622,0,6625,16425,206938,552,35786,98674,4,0,7,72,3248,40,5,1,0,2,365001,70,25,15317732820237558157,5.500000,58.250000,81.250000,0.490214,76.216501,94.558868,6,0
912,2778833680,1000,31,100,25,0,78,33,0,79,7,8,8,5,72,100,13,3,256,304,120,0,61,64,90,36,61,61,60,1,3342,625,233,105,29,100,1282,21,0,3,1,1,5503,5,4,480,0,5,61,1,0,0,2,1,1,3,2,1,6,500,0,0,0,0,0,1,227,2,4,49938,4,2,13180,78,12,4,8,918,926,17,2,51,0,284,4,0,154,56,973,45,100,88,0,4,100,72,2133,0,104935,1791,35,65132,22276,355050,0,5474,16425,243819,575,0,98707,4,0,16,72,5824,40,4,1,6,2,365001,70,25,7556376125146849502,31.500000,38.750000,50.750000,6.374355,72.609256,74.765933,0,0
913,1138302153,1000,5,22,36,0,78,54,0,100,7,8,8,5,72,100,41,3,256,255,0,0,48,67,95,2,10,48,47,1,3292,536,233,96,0,0,2001,20,0,0,0,0,8797,5,1,480,0,6,48,0,0,0,1,0,1,4,2,2,6,500,0,0,0,0,0,0,235,2,3,26587,4,2,13208,100,24,4,8,952,934,34,2,51,15,200,5,0,180,22,957,23,100,99,0,4,100,72,857,0,73843,2015,36,66242,9512,349217,0,5474,16425,262799,994,0,79308,4,0,21,72,6993,40,5,1,0,2,365001,70,25,3324182626266320498,5.500000,54.250000,81.250000,0.493035,75.487432,94.526045,3,0
914,3792737922,1000,21,66,26,0,78,47,0,85,7,8,8,4,72,100,28,3,256,407,615,0,62,65,89,24,50,62,61,1,3224,579,235,82,31,100,1273,20,0,1,0,4,5222,5,2,480,0,6,62,1,0,0,2,0,0,2,2,0,1,14,78,85,100,100,34,0,262,2,5,0,4,2,13193,58,0,4,8,650,943,60,2,57,0,146,4,0,206,8,942,40,100,100,0,4,100,72,153,0,52299,1203,24,64359,1836,343654,0,10923,16425,234329,164,0,103159,4,0,21,72,7056,40,5,1,3,2,365001,70,25,5114168231167698446,21.250000,39.000000,70.500000,3.960358,73.719548,82.556962,0,0
915,2152206395,1000,6,24,39,0,78,54,0,100,7,8,8,5,72,100,41,3,256,247,0,0,55,69,95,2,10,55,55,0,3257,525,236,95,0,0,1974,22,19,0,0,0,7034,5,1,480,0,6,55,0,0,0,3,2,1,2,2,0,6,500,0,0,0,0,0,0,260,3,5,36639,4,2,13283,100,0,4,8,909,935,26,2,56,2,207,2,0,136,26,993,23,99,53,0,4,100,72,983,0,75163,1179,24,58210,10544,362237,0,5474,16425,221247,158,32062,89634,4,0,17,72,5929,40,4,1,0,2,365001,70,25,3709699975433764053,6.000000,58.500000,81.250000,0.534819,76.261838,94.438003,0,0
916,511674868,1000,45,100,15,0,78,16,0,80,7,8,8,5,100,100,11,3,256,278,120,0,85,58,75,12,39,85,61,24,3361,584,118,20,31,100,1896,9,1,3,2,0,12281,5,4,480,0,3,85,1,0,0,3,3,1,2,2,0,6,502,0,0,0,0,0,2,226,1,3,48287,4,2,13311,58,0,4,8,968,935,17,2,56,26,130,2,0,171,349,998,12,100,5,0,120,98,100,11214,0,48153,727,24,62784,130520,364218,0,5474,16425,243718,116,0,99267,4,0,5,72,1659,40,5,1,62,2,365001,70,25,6509942827747469197,45.750000,23.500000,24.500000,62.576290,23.070017,26.225152,11,0
917,3166110637,1000,5,21,38,0,78,54,0,100,7,8,8,5,72,100,41,3,256,275,120,0,30,65,95,2,10,30,30,0,3318,415,184,96,0,0,1396,7,0,3,2,0,12745,5,4,480,0,3,30,0,0,0,1,2,1,2,2,0,6,500,0,0,0,0,0,1,227,2,4,50134,4,2,13287,116,0,4,8,968,932,11,2,65,29,84,1,0,185,69,998,74,100,100,0,4,100,72,1961,0,30613,647,28,63718,23420,363959,0,5474,16425,243819,175,0,99107,4,0,5,72,3024,40,5,1,0,2,365001,70,25,549996806522596750,5.250000,58.250000,81.250000,0.467826,76.216828,94.557086,3,0
918,1525579110,1000,5,22,28,0,78,54,0,100,7,8,8,4,72,100,36,3,256,399,0,0,54,63,89,2,10,54,52,2,3301,559,233,94,0,0,1865,7,11,0,0,0,5213,5,1,602,0,6,54,0,0,0,0,4,1,2,2,0,6,500,0,0,0,0,0,0,292,2,5,30730,4,2,13366,78,0,4,8,738,749,29,2,57,23,205,3,0,160,21,998,24,100,70,0,4,100,72,514,0,74377,1231,28,60126,5654,364190,0,5474,16425,201839,46,61162,80054,4,0,4,72,1092,40,4,1,0,2,365001,70,25,18326662946804678513,5.500000,43.000000,81.000000,0.487206,73.517283,94.567111,11,0
919,4180014879,1000,29,99,26,0,78,46,0,100,7,8,8,5,72,100,27,3,256,276,870,0,41,67,95,2,10,41,41,0,3449,432,118,93,0,0,1507,10,0,1,5,1,12976,5,2,480,0,3,41,0,0,0,0,5,0,3,2,1,2,23,77,83,100,100,34,0,278,2,2,0,4,2,13115,58,12,4,8,970,940,11,2,54,34,114,3,0,170,218,998,60,100,97,0,4,100,72,6948,0,41001,1175,35,65088,78022,364038,0,10948,19359,234638,532,0,99523,4,0,6,72,1967,40,6,1,3,2,365001,70,25,18112666742058360926,29.500000,39.000000,70.250000,3.674724,73.682196,93.044605,10,0
920,2539483352,1000,5,23,34,0,78,54,0,100,7,8,8,4,72,100,52,3,256,323,0,0,31,68,89,2,10,31,31,0,3443,536,9,95,0,0,2256,13,0,3,0,0,7170,5,4,480,0,6,31,0,0,0,1,0,1,3,2,1,6,501,0,0,0,0,0,0,251,2,3,40614,4,2,13281,78,12,4,8,895,937,11,2,51,0,238,5,0,159,13,978,50,100,87,0,4,100,72,414,0,86360,1846,35,57498,4968,356618,0,5474,16425,230766,570,22543,89222,4,0,8,72,2730,40,6,1,0,2,365001,70,25,11725522897889435621,5.750000,52.000000,81.250000,0.512612,75.094797,94.556133,0,0
921,898951825,1000,5,21,39,0,78,54,0,100,7,8,8,5,72,100,25,3,256,461,3045,0,54,60,83,2,10,54,48,6,3261,165,0,96,0,0,0,8,8,0,2,0,7582,5,10,1,0,4,54,0,3,0,1,1,0,1,1,0,4,638,82,89,100,100,97,0,246,3,6,0,4,2,13174,100,0,4,8,926,937,39,2,0,0,82,141,0,176,177,990,25,100,51,0,4,100,72,5774,0,30143,51252,14,58378,68280,361229,0,5474,16425,246448,39278,7645,49730,0,0,6,12,11200,40,6,1,0,2,365001,70,25,2094613627320593394,5.250000,58.500000,81.250000,0.478215,76.223774,94.495218,0,0
922,3553387594,1000,21,65,26,0,78,37,0,99,7,8,8,5,100,100,27,3,256,212,120,0,55,63,95,2,10,55,35,20,3471,275,112,63,0,0,2079,9,0,3,0,2,8136,5,4,723,0,5,55,0,0,0,0,0,1,2,2,0,6,501,0,0,0,0,0,1,251,2,4,48287,4,2,13148,58,0,4,8,840,812,25,2,48,20,142,2,0,185,319,998,12,100,6,0,120,98,100,11438,0,52649,951,24,57848,114834,364134,0,5474,16425,221084,0,23669,98348,4,0,6,72,2352,40,5,1,3,2,365001,70,25,13093550350210391928,21.750000,39.000000,56.250000,3.093246,73.503194,89.970338,11,0
923,1912856067,1000,22,71,26,0,78,45,0,100,7,8,8,4,72,100,27,3,256,355,0,0,12,69,95,9,32,12,12,0,3494,593,226,96,8,48,1594,19,0,3,0,0,5207,5,14,919,0,5,12,1,0,0,2,4,1,1,1,0,6,500,0,0,0,0,0,0,45,1,2,262682,4,2,13154,100,0,4,8,830,927,12,2,36,0,229,1,0,64,10,972,48,100,100,0,4,100,72,266,0,82426,563,14,24134,3192,354418,0,0,0,102199,118,0,262683,4,0,16,72,6062,40,3,1,3,2,365001,70,25,13080219816115381510,22.000000,40.000000,68.750000,3.319218,74.082256,92.958036,0,0
924,272324540,1000,5,23,39,0,78,54,0,100,7,8,8,4,72,100,41,3,256,205,0,0,23,68,95,2,10,23,23,0,3367,403,90,96,0,0,2068,14,0,4,0,0,5221,5,27,511,0,6,23,0,0,0,1,2,1,2,1,1,6,501,0,0,0,0,0,0,41,1,2,272875,4,2,13237,116,12,4,8,786,938,28,2,34,0,218,3,0,58,14,992,48,100,100,0,4,100,72,642,0,77851,1119,18,21676,7068,361922,0,0,0,91614,510,0,272876,4,0,13,72,4144,40,3,1,0,2,365001,70,25,14816139004069606030,5.750000,58.500000,81.250000,0.514316,76.255798,94.539548,0,0
925,2926760309,1000,25,100,37,0,78,46,0,100,7,8,8,5,72,100,38,3,256,257,0,0,69,58,83,2,10,69,51,18,3370,571,236,95,0,0,1921,7,0,3,0,0,13302,5,4,480,0,6,69,0,0,0,2,1,1,2,2,0,6,500,0,0,0,0,0,0,230,3,4,37674,4,2,13376,78,0,4,8,973,945,14,2,53,34,185,2,0,175,98,998,36,100,100,0,4,100,72,3532,0,67095,783,28,65858,35150,363954,0,5474,16425,253309,169,0,89623,4,0,3,72,1057,40,2,1,2,2,365001,70,25,13699975390796146195,25.000000,55.750000,70.000000,2.384868,75.652138,93.307416,9,0
926,1286228782,1000,6,24,37,0,78,54,0,100,7,8,8,4,55,100,41,3,256,535,820,0,45,66,91,2,10,44,44,0,3475,536,0,106,0,0,1597,9,15,2,2,4,5207,5,3,480,0,6,44,0,0,0,0,0,0,3,2,1,1,4,66,75,81,80,31,0,248,2,6,0,4,2,13118,100,12,4,8,573,902,72,2,9,0,173,5,0,146,0,0,72,100,97,0,4,100,55,10,0,64186,1790,30,56986,120,0,0,6937,16425,232111,584,10613,98330,4,0,4,72,1106,40,4,1,0,2,365001,70,25,5352951062512654962,6.000000,55.500000,81.250000,0.541546,75.776185,94.490014,0,0
927,3940664551,1000,5,22,37,0,78,54,0,100,7,8,8,5,72,100,41,3,256,171,0,0,55,68,93,9,32,55,55,0,3294,418,208,96,6,40,1809,16,0,3,0,0,12150,5,4,697,0,5,55,1,0,0,1,1,1,4,2,2,6,500,0,0,0,0,0,0,227,2,2,45346,4,2,13195,116,24,4,8,960,943,12,2,45,0,132,4,0,208,55,993,12,100,7,0,4,100,72,2357,0,47813,1427,42,65278,22462,362258,0,5474,16425,243819,892,0,98390,4,4,8,72,4151,40,3,1,0,2,365001,70,25,6481033102431334455,5.500000,56.750000,81.250000,0.493520,75.937249,94.522167,1,0
928,2300133024,1000,5,21,38,0,78,53,0,100,7,8,8,5,100,100,40,3,256,203,0,0,80,67,93,2,10,80,80,0,3223,427,234,24,0,0,952,10,0,0,0,0,5228,5,1,544,0,7,80,0,0,0,2,0,1,2,2,0,6,500,0,0,0,0,0,0,260,2,4,31514,4,2,4008,100,0,4,8,807,813,26,2,90,20,344,1,0,156,173,996,24,100,96,0,120,98,100,6365,0,126271,476,28,59896,63854,363182,0,5474,16425,233229,152,29570,80150,4,0,5,72,1701,40,5,1,1,2,365001,70,25,11666365781590304838,5.250000,58.250000,80.500000,1.550898,72.091816,81.744511,35,0
929,659601497,1000,0,0,47,0,78,54,0,100,7,8,8,6,72,100,41,3,256,288,0,0,39,68,88,2,10,39,38,1,3394,596,233,102,0,0,1987,20,7,0,0,0,5207,5,1,480,0,8,39,0,0,0,0,4,1,3,2,1,6,500,0,0,0,0,0,0,231,2,6,36247,4,2,13104,78,12,4,8,590,936,40,2,22,0,107,16,0,188,6,698,24,100,89,0,4,100,72,138,0,39539,5935,30,64432,1152,254640,0,5474,16425,252214,4895,0,85992,4,0,20,72,6118,40,5,1,0,2,365001,70,25,11589712527898559097,0.000000,70.500000,81.000000,0.000000,77.050824,94.390110,0,0
930,3314037266,1000,13,31,27,0,78,51,0,100,7,8,8,6,100,100,34,3,256,276,0,0,18,61,95,2,10,18,18,0,3454,282,0,96,0,0,2530,9,0,3,0,0,13278,5,6,480,0,5,18,0,0,0,0,2,1,1,1,0,6,500,0,0,0,0,0,0,41,1,3,272174,4,2,13363,100,0,4,8,958,945,15,2,48,34,127,2,0,79,359,998,72,100,100,0,120,98,100,13009,0,47385,783,14,25268,130772,364106,0,0,0,92709,116,0,272175,4,0,5,72,1834,40,4,1,1,2,365001,70,25,4735346214953557105,13.000000,40.500000,77.000000,1.847789,73.060989,93.735538,10,0
931,1673505739,1000,4,17,29,0,78,54,0,100,7,8,8,5,72,100,38,3,256,182,0,0,17,58,72,2,10,17,7,10,3407,558,232,96,0,0,1975,19,0,3,0,0,10450,5,8,480,0,6,17,0,0,0,0,0,1,1,1,0,6,500,0,0,0,0,0,0,36,1,3,282814,4,2,13201,100,0,4,8,914,941,13,2,75,12,159,1,0,66,199,987,48,100,100,0,4,100,72,7734,0,57801,616,14,23102,74668,359894,0,0,0,82124,61,0,282815,4,5,11,72,4977,40,4,1,0,2,365001,70,25,17539509915126604314,4.250000,44.250000,81.250000,0.381183,73.681918,94.521627,3,0
932,32974212,1000,6,24,35,0,78,54,0,100,7,8,8,5,72,100,41,3,256,196,0,0,67,63,95,2,10,67,67,0,3403,367,90,99,0,0,2302,18,20,0,0,0,5208,5,1,602,0,5,67,0,0,0,0,0,1,3,2,1,6,500,0,0,0,0,0,0,296,2,6,32662,4,2,13279,100,12,4,8,678,929,19,2,33,0,174,2,0,147,20,989,23,100,53,0,4,100,72,877,0,64073,979,35,58942,8806,360858,0,5474,22591,232268,478,23270,80919,4,0,13,72,4151,40,5,1,0,2,365001,70,25,14570264383820741645,6.000000,52.750000,81.250000,0.542210,75.208977,94.537239,0,0
933,2687409981,1000,4,18,26,0,78,40,0,100,7,8,8,5,72,100,31,3,256,314,0,0,9,64,94,2,10,9,9,0,3398,571,236,95,0,0,1949,12,0,6,0,0,11381,5,14,480,0,5,9,0,0,0,2,1,1,1,1,0,6,500,0,0,0,0,0,0,45,1,3,262682,4,2,13286,78,0,4,8,909,928,9,2,33,0,191,2,0,58,44,993,48,100,100,0,4,100,72,1585,0,68889,815,14,23424,16486,362104,0,0,0,102199,118,0,262683,4,0,10,72,2933,40,1,1,0,2,365001,70,25,14897644910947539695,4.500000,40.250000,61.250000,0.401024,73.372121,91.272016,1,0
934,1046878454,1000,4,18,29,0,79,54,0,100,7,8,8,5,72,100,41,3,256,360,0,0,78,66,93,2,10,78,78,0,3468,338,233,90,0,0,2277,11,13,0,0,0,5207,5,1,578,0,5,78,0,0,0,0,0,0,3,2,1,2,108,8,79,45,100,17,0,529,3,5,0,4,2,13213,100,12,4,8,794,931,13,2,64,0,39,3,0,165,21,990,20,100,52,0,4,100,72,749,0,15246,1095,30,59316,7670,361124,0,10948,65703,237222,564,0,50563,4,0,7,72,2366,40,7,1,0,2,365001,70,25,17289843479803359958,4.500000,44.500000,81.000000,0.408688,74.369333,93.791418,15,0
935,3701314223,1000,4,20,53,0,100,54,0,100,7,8,4,5,52,73,41,3,256,146,0,0,89,62,83,2,10,89,89,0,3341,689,140,96,0,0,1826,14,0,3,0,0,5222,5,4,480,0,8,89,0,0,0,0,3,1,4,2,2,6,501,0,0,0,0,0,0,232,2,5,39466,5,1,13758,116,24,5,5,0,941,14,1,5,0,123,3,0,164,0,0,50,100,100,0,4,100,52,2,0,47276,1119,42,57362,24,0,0,5474,16425,253309,946,0,88846,4,0,10,72,3367,40,2,1,0,2,365001,70,25,10087264161972378643,4.000000,63.600000,65.000000,0.430295,90.823957,90.396860,0,0
936,2060782696,1000,4,23,50,0,100,54,0,100,7,8,4,5,72,75,75,3,256,273,276,0,97,62,88,2,10,97,95,2,3371,663,232,96,0,0,1599,19,0,1,0,4,5208,5,2,559,0,8,97,0,0,0,0,1,0,3,2,1,1,8,75,81,100,84,33,0,250,2,5,0,5,1,13609,100,12,5,8,36,935,24,1,39,0,195,4,0,199,24,956,24,100,97,0,4,100,72,851,0,73874,1766,30,64990,10212,348818,0,8570,16425,242724,594,0,96687,4,15,0,72,5054,75,6,1,0,2,365001,70,25,3692774440277348963,4.600000,60.000000,65.000000,0.500257,90.528180,91.740760,0,0
937,420251169,1000,5,21,35,0,78,54,0,100,7,8,8,5,75,100,41,3,256,258,0,0,79,66,95,2,10,79,79,0,3333,560,232,96,0,0,2013,21,5,0,0,0,10210,5,1,486,0,7,79,0,0,0,0,0,1,3,2,1,6,500,0,0,0,0,0,0,253,3,4,30730,4,2,13188,100,12,4,8,957,915,15,2,65,0,218,3,0,166,14,990,25,100,55,0,11,100,75,633,0,81213,1091,35,58862,6636,361110,0,5474,16425,242298,557,19406,80840,4,0,17,72,5649,40,7,1,0,2,365001,70,25,13907579263951216966,5.250000,52.750000,81.250000,0.371019,75.585987,94.780482,0,0
938,3074686938,1000,4,18,37,0,78,54,0,100,7,8,8,5,72,100,43,3,256,270,0,0,68,67,86,2,10,68,68,0,3410,397,236,89,0,0,1650,20,14,0,0,0,5897,5,1,561,0,6,68,0,0,0,1,1,1,2,2,0,6,500,0,0,0,0,0,0,257,2,6,30338,4,2,13202,78,0,4,8,906,937,36,2,45,0,59,2,0,171,5,958,24,100,51,0,4,100,72,230,0,22189,927,28,57722,2748,349310,0,5474,16425,250448,52,12553,80048,4,0,18,72,5390,40,1,1,0,2,365001,70,25,13825902424390716727,4.500000,56.750000,81.250000,0.403575,75.934101,94.523557,0,0
939,1434155411,1000,5,20,38,0,78,54,0,100,7,8,8,5,72,100,26,3,256,286,3186,0,91,59,83,2,10,62,59,3,3359,40,86,96,0,0,5,11,7,0,5,3,5209,10,13,0,0,4,62,0,3,0,0,0,0,0,0,0,4,1249,100,92,100,100,100,0,98,5,11,0,4,2,13209,116,0,4,8,837,821,29,2,24,0,32,749,0,157,58,904,36,100,48,0,4,100,72,2182,0,12216,273375,0,61224,22960,329897,0,0,0,91614,273386,0,0,0,0,9,12,4375,40,0,1,0,2,365001,70,25,11556079772390994220,5.000000,58.000000,81.250000,0.448179,76.160951,94.526459,0,0
940,4088591180,1000,6,25,32,0,78,54,0,100,7,8,8,5,72,100,41,3,256,206,0,0,12,63,90,2,10,12,12,0,3249,547,232,96,0,0,1828,14,0,5,0,0,8948,5,10,480,0,7,12,1,0,0,4,0,1,1,1,0,6,500,0,0,0,0,0,0,51,1,1,272174,4,2,13211,116,0,4,8,948,940,22,2,72,5,176,2,0,62,16,992,50,100,100,0,4,100,72,873,0,64725,895,14,25624,8836,361761,0,0,0,81648,116,11061,272175,4,0,12,72,2695,40,7,1,0,2,365001,70,25,10667998819648335792,6.250000,48.250000,81.250000,0.560139,74.393384,94.525774,20,0
941,2448059653,1000,6,25,39,0,78,54,0,100,7,8,8,4,72,100,31,3,256,486,2924,0,64,61,83,2,10,64,63,1,3426,140,0,96,0,0,320,21,4,0,3,5,5208,7,11,0,0,7,64,0,2,0,0,2,0,1,1,0,4,642,100,59,100,100,100,0,259,3,7,0,4,2,13242,132,0,4,8,639,930,25,2,31,0,87,144,0,170,13,982,15,100,49,0,4,100,72,405,0,31424,52598,14,59804,4860,358242,0,5474,16425,233175,38841,22822,48263,0,0,18,12,6069,40,1,1,0,2,365001,70,25,11265952641144493201,6.250000,58.500000,81.250000,0.564492,76.238786,94.526129,0,0
942,807528126,1000,5,18,26,0,78,54,0,100,7,8,8,4,72,100,48,3,256,376,0,0,76,63,90,2,10,73,72,1,3303,420,118,96,0,0,937,8,2,0,0,0,5624,5,1,540,0,5,73,0,0,0,0,0,1,2,2,0,6,500,0,0,0,0,0,0,261,2,6,31878,4,2,13209,100,0,4,8,904,913,13,2,47,19,288,2,0,182,37,996,25,100,56,0,4,100,72,1150,0,104929,811,28,59522,12426,363427,0,5474,17184,246720,167,14225,81230,4,0,4,72,1652,40,3,1,0,2,365001,70,25,18342652909878275515,5.500000,39.250000,81.250000,0.585661,72.742827,94.524945,25,0
943,3461963895,1000,5,21,35,0,78,54,0,100,7,8,8,5,72,100,41,3,256,274,0,0,63,64,81,2,10,63,63,0,3326,521,231,96,0,0,2052,20,0,0,0,0,9454,5,1,480,0,6,63,0,0,0,2,0,0,3,2,1,2,71,7,68,45,100,16,0,372,3,6,0,4,2,13199,100,12,4,8,951,938,10,2,46,0,232,3,0,175,87,984,36,99,99,0,4,100,72,3401,0,84674,1151,30,66411,33976,358858,0,10948,37103,262799,575,0,53575,4,0,23,72,7126,40,5,1,0,2,365001,70,25,2427969973600175389,5.250000,53.750000,81.250000,0.470945,75.405788,94.520797,0,0
944,1821432368,1000,4,16,25,0,78,51,0,99,7,8,8,5,100,100,40,3,256,272,0,0,57,53,84,2,10,57,57,0,3335,419,95,100,0,0,89,23,45,3,0,0,5217,5,4,480,0,6,57,0,0,0,4,1,1,2,2,0,6,500,0,0,0,0,0,0,245,2,6,41371,4,2,13477,116,0,4,8,817,925,41,2,41,0,29,2,0,162,122,983,55,100,100,0,120,98,100,4225,0,10535,783,24,57170,44572,358431,0,5474,16425,237148,129,15066,90758,4,0,19,72,10115,40,2,1,0,2,365001,70,25,6509437001911141724,4.000000,38.000000,77.500000,0.688581,63.751280,92.151814,32,0
945,180900841,1000,0,0,39,0,78,43,0,100,7,8,8,3,72,100,42,3,256,234,0,0,80,76,95,17,54,80,76,4,3360,437,118,102,16,100,2146,20,0,3,0,0,5208,5,4,480,0,7,80,1,0,0,4,0,1,3,2,1,6,500,0,0,0,0,0,0,227,2,6,53382,3,3,12772,100,12,3,8,385,883,46,3,62,0,359,3,0,178,51,954,30,100,100,0,4,100,72,1747,0,132042,1399,35,64196,18634,347994,0,5474,16425,241629,556,0,100916,4,0,29,72,9863,40,0,1,0,2,365001,70,25,7971203075614435156,0.000000,78.000000,86.666667,0.000000,78.000000,95.129972,0,0
946,2835336610,1000,17,48,26,0,78,53,0,100,7,8,8,4,100,100,30,3,256,457,3035,0,50,53,83,2,10,49,25,24,3395,210,0,87,0,0,0,24,3,0,0,4,7576,5,4,108,0,3,49,0,2,0,0,0,0,2,1,1,3,635,99,49,100,94,84,0,267,3,8,0,4,2,13101,58,12,4,8,906,936,36,2,5,0,84,139,0,162,174,772,12,100,40,0,120,98,100,5330,0,29579,50578,21,58131,63960,281671,0,5474,16425,269568,537,22571,50425,1,0,21,18,7133,40,5,1,2,2,365001,70,25,6067061421232618724,17.250000,39.000000,80.750000,2.286009,73.290589,94.430272,20,0
947,1194805083,1000,5,23,39,0,78,54,0,100,7,8,8,5,72,100,41,3,256,269,0,0,3,66,85,2,10,3,2,1,3328,316,92,95,0,0,2398,17,0,15,0,0,10819,5,23,480,0,5,3,0,0,0,0,0,1,2,2,0,6,500,0,0,0,0,0,0,371,2,4,28406,4,2,16969,78,0,4,8,968,930,12,2,36,0,13,3,0,191,34,997,46,100,100,0,4,100,72,1152,0,4600,1482,28,67214,11806,363637,0,5474,48073,230219,93,0,81141,4,0,14,72,5005,40,2,1,0,2,365001,70,25,11630036155825718055,5.750000,58.500000,81.250000,0.401202,76.639401,95.739289,0,0
948,3849240852,1000,0,0,49,0,99,59,0,100,6,8,8,5,100,100,41,3,256,277,0,0,42,64,85,2,10,42,42,0,3332,523,234,163,0,0,1895,11,0,0,0,0,13445,5,1,480,0,6,42,0,0,0,1,5,1,3,2,1,6,500,0,0,0,0,0,0,263,2,5,25858,4,2,14147,116,12,4,8,979,932,9,2,80,20,107,4,0,163,341,997,24,100,96,0,120,98,100,12995,0,39435,1822,35,64332,124916,363730,0,5474,16425,255434,565,7365,79737,4,0,6,72,1687,40,5,1,0,2,365001,70,25,1390824970117299715,0.000000,74.750000,89.750000,0.000000,78.424966,93.604015,47,0
949,2208709325,1000,5,22,34,0,78,54,0,100,7,8,8,5,65,100,41,3,256,226,0,0,64,65,85,2,10,64,63,1,3429,536,233,96,0,0,1974,24,0,3,0,0,5228,5,4,480,0,8,64,0,0,0,2,0,1,2,2,0,6,500,0,0,0,0,0,0,265,2,5,41231,4,2,13199,100,0,4,8,773,901,23,2,67,35,280,2,0,175,2,2,63,100,100,0,4,100,65,41,0,103244,867,24,58326,412,798,0,5474,16425,213213,39,39203,90646,4,0,19,72,6048,40,3,1,0,2,365001,70,25,2056715852631417385,5.500000,51.000000,81.250000,0.493371,74.898401,94.522312,36,0
950,568177798,1000,16,48,26,0,78,37,0,100,7,8,8,5,72,100,27,3,256,299,0,0,47,61,95,2,10,46,46,0,3295,312,118,95,0,0,2169,9,0,3,0,0,6734,5,4,480,0,3,46,0,0,0,0,2,1,2,2,0,6,500,0,0,0,0,0,0,250,3,6,39242,4,2,13303,78,0,4,8,969,912,12,2,56,13,119,2,0,147,40,998,42,100,100,0,4,100,72,1014,0,43353,727,28,57736,12058,364178,0,5474,16425,214606,145,27023,101327,4,0,4,72,1666,40,4,1,2,2,365001,70,25,10902387423245804937,16.500000,39.000000,56.750000,2.356160,73.086522,90.452078,9,0
951,3222613567,1000,4,19,39,0,78,54,0,100,7,8,8,5,63,100,41,3,256,289,120,0,49,69,90,2,10,49,48,1,3463,506,233,102,0,0,1946,20,1,3,2,0,5219,5,4,480,0,7,49,0,0,0,0,2,1,2,2,0,6,500,0,0,0,0,0,1,243,2,4,50806,4,2,13197,78,0,4,8,879,932,92,2,60,0,103,2,0,172,2,1,41,100,100,0,4,100,63,35,0,39431,727,28,56842,372,547,0,5474,16425,223514,177,19210,100200,4,0,28,72,11242,40,1,1,0,2,365001,70,25,17907394580579712175,4.750000,58.500000,81.250000,0.429037,76.238691,94.514662,16,0
952,1582082040,1000,5,20,29,0,78,54,0,100,7,8,8,5,72,100,41,3,256,344,0,0,58,62,83,2,10,58,56,2,3433,560,234,96,0,0,2085,10,20,0,0,0,5483,5,1,512,0,8,58,0,0,0,2,1,1,2,2,0,6,500,0,0,0,0,0,0,243,2,4,30870,4,2,13172,132,0,4,8,896,942,26,2,36,3,123,2,0,186,33,978,24,100,52,0,4,100,72,929,0,44926,924,28,58612,11072,356870,0,5474,16425,250923,87,10781,81310,4,0,10,72,4417,40,1,1,0,2,365001,70,25,13268647570273904489,5.000000,44.750000,81.250000,0.151837,74.906696,95.329487,0,0
953,4236517809,1000,7,17,32,0,78,54,0,100,7,8,8,4,72,100,51,3,256,326,0,0,48,60,85,2,10,48,47,1,3225,558,233,96,0,0,1780,20,10,0,0,0,5207,5,1,480,0,6,48,0,0,0,3,0,1,3,2,1,6,501,0,0,0,0,0,0,255,3,5,31375,4,2,13285,100,12,4,8,865,922,23,2,44,0,254,5,0,135,5,964,22,99,49,0,4,100,72,286,0,91481,2182,30,58720,3432,351718,0,5474,16425,245128,455,17928,79590,4,0,16,72,5572,40,7,1,0,2,365001,70,25,10779065436415047692,7.000000,48.500000,81.250000,0.874746,74.458562,94.556266,0,0
954,2595986282,1000,6,25,37,0,78,54,0,100,7,8,8,4,72,100,52,3,256,283,0,0,17,68,91,2,10,16,16,0,3309,548,233,96,0,0,1760,19,0,3,0,0,5288,5,11,480,0,5,16,0,0,0,1,0,1,1,1,0,6,500,0,0,0,0,0,0,41,1,3,273295,4,2,13319,132,0,4,8,900,916,29,2,47,8,242,1,0,65,20,959,48,100,100,0,4,100,72,646,0,88145,675,12,21692,7752,349917,0,0,0,91614,90,0,273296,4,0,17,72,7728,40,7,1,0,2,365001,70,25,3659375964498285639,6.250000,55.750000,81.250000,0.555597,75.794955,94.570163,0,0
955,955454755,1000,30,100,26,0,78,34,0,80,7,8,8,4,72,100,25,3,256,343,3292,0,51,52,58,48,73,51,13,38,3498,147,0,116,33,100,17,15,0,0,0,3,5207,7,19,0,0,5,51,1,2,0,2,0,0,1,0,1,4,1278,95,63,100,98,100,0,95,4,8,0,4,2,12972,78,12,4,8,871,891,37,2,58,0,537,778,0,179,18,983,36,100,97,0,4,100,72,561,0,194761,283959,7,68014,6732,358520,0,0,0,81029,283971,0,0,0,0,13,12,4382,40,3,1,5,2,365001,70,25,11728964234363202845,30.250000,39.000000,51.000000,5.322849,74.037465,75.882516,0,0
956,3609890524,1000,14,37,26,0,78,54,0,100,7,8,8,5,72,100,31,3,256,244,416,0,40,58,84,2,10,40,40,0,3349,577,116,96,0,0,1582,20,0,3,4,0,10997,5,4,616,0,6,40,0,0,0,4,0,0,3,2,1,1,1,18,84,45,43,19,0,238,3,9,0,4,2,13281,132,12,4,8,977,939,9,2,46,0,231,4,0,158,43,989,51,100,100,0,4,100,72,1727,0,84958,1791,35,56322,17720,360760,0,5892,16425,234406,506,8318,99453,4,7,10,72,5642,40,7,1,2,2,365001,70,25,8133724191555267706,14.250000,39.000000,81.250000,2.108953,72.755365,94.557639,0,0
957,1969358997,1000,4,17,39,0,78,54,0,100,7,8,8,4,72,100,31,3,256,323,3051,0,32,60,83,2,10,26,26,0,3443,331,10,96,0,0,9,14,5,0,3,0,5207,11,13,0,0,7,26,0,2,0,0,0,0,0,0,0,5,1223,89,93,100,0,1,0,118,4,7,0,4,2,12884,100,0,4,8,832,936,60,2,0,0,21,723,0,170,12,976,13,100,45,0,4,100,72,392,0,7992,263883,0,60544,4704,356114,0,0,0,101916,248500,14584,0,0,0,17,12,18963,40,0,1,0,2,365001,70,25,8852549181401507042,4.250000,58.500000,81.250000,0.307436,76.589413,94.533142,0,0
958,328827470,1000,6,19,26,0,78,37,0,100,7,8,8,3,72,100,40,3,256,260,0,0,20,75,92,2,10,19,19,0,3468,352,0,96,0,0,2474,11,0,4,0,0,5228,5,5,480,0,6,19,0,0,0,11,0,1,2,1,1,6,501,0,0,0,0,0,0,40,1,2,274022,3,3,12523,116,12,3,8,824,934,14,3,83,3,674,2,0,73,12,993,48,100,100,0,4,100,72,554,0,244400,980,21,24646,5458,362272,0,0,0,90519,458,0,274023,4,0,9,72,3325,40,1,1,0,2,365001,70,25,15746755273946029239,6.333333,52.000000,75.000000,0.151721,77.377146,94.898986,24,0
959,2983263239,1000,5,20,34,0,78,54,0,100,7,8,8,5,72,100,41,3,256,343,0,0,49,63,85,2,10,43,43,0,3456,536,0,96,0,0,2047,9,0,3,0,0,5340,5,4,741,0,6,43,0,0,0,0,0,1,3,2,1,6,500,0,0,0,0,0,0,247,3,6,37311,4,2,13279,100,12,4,8,824,896,42,2,40,7,204,5,0,139,36,997,33,100,87,0,4,100,72,1084,0,73059,1735,30,59974,10980,363674,0,5474,16425,235243,574,16971,90313,4,0,4,72,1491,40,4,1,0,2,365001,70,25,13040564812621586291,5.000000,52.000000,81.250000,0.451841,75.074780,94.540252,0,0
960,1342731712,1000,4,18,39,0,78,54,0,100,7,8,8,5,100,100,41,3,256,189,0,0,3,67,86,2,10,3,3,0,3345,476,108,96,0,0,2119,9,0,4,0,0,11136,5,12,480,0,5,3,0,0,0,3,0,1,2,1,1,6,501,0,0,0,0,0,0,36,1,2,283459,4,2,13249,100,12,4,8,926,942,25,2,43,29,195,3,0,77,345,994,48,100,100,0,120,98,100,12966,0,72133,1175,18,23472,126540,362608,0,0,0,81029,511,0,283460,4,0,6,72,2044,40,6,1,0,2,365001,70,25,7188667647932432112,4.500000,58.500000,81.000000,0.402144,76.257378,94.461771,5,0
961,3997167481,1000,6,24,34,0,78,54,0,100,7,8,8,4,72,100,41,3,256,332,120,0,66,66,87,2,10,64,64,0,3325,536,233,39,0,0,1794,20,72,3,0,2,5412,5,4,480,0,5,64,0,0,0,0,0,1,3,2,1,6,500,0,0,0,0,0,1,234,2,6,48930,4,2,13199,100,12,4,8,913,927,11,2,42,0,290,3,0,145,13,973,73,100,100,0,4,100,72,383,0,106186,1399,35,56094,4596,355048,0,5474,16425,234071,572,8653,99805,4,0,20,72,6062,40,3,1,0,2,365001,70,25,1451469779288807097,6.000000,52.000000,81.250000,0.538223,75.080688,94.522312,0,0
962,2356635954,1000,6,25,39,0,78,52,0,100,7,8,8,5,100,100,41,3,256,226,0,0,62,69,89,2,10,62,62,0,3296,536,233,96,0,0,2005,9,0,0,0,0,12831,5,1,480,0,5,62,0,0,0,0,0,1,3,2,1,6,502,0,0,0,0,0,0,236,1,3,28266,4,2,13325,100,12,4,8,959,928,11,2,54,10,207,3,0,175,356,997,23,97,89,0,120,98,100,13005,0,76082,1147,35,65854,129564,363791,0,5474,16425,262738,541,0,79822,4,0,5,72,1715,40,5,1,0,2,365001,70,25,10644879932617900599,6.250000,58.500000,79.000000,0.555347,76.267317,94.374184,4,0
963,716104427,1000,5,23,39,0,78,54,0,100,7,8,8,4,72,100,26,3,256,276,2823,0,33,61,83,2,10,31,30,1,3306,287,0,96,0,0,126,19,2,0,0,2,5207,12,23,0,0,4,31,0,2,0,0,0,0,0,0,0,5,1252,91,83,100,0,1,0,130,4,9,0,4,2,12729,100,0,4,8,836,924,11,2,41,0,23,752,0,164,12,975,12,100,35,0,4,100,72,380,0,8632,274467,0,61536,4560,355832,0,0,0,80914,253905,30181,0,0,0,17,12,5719,40,4,1,0,2,365001,70,25,1239205872383162541,5.750000,58.500000,81.250000,0.374028,76.731558,94.704612,0,0
964,3370540196,1000,22,64,25,0,78,54,0,100,7,8,8,5,72,100,38,3,256,247,0,0,68,67,90,2,10,66,66,0,3262,577,233,72,0,0,1810,22,0,3,0,0,10641,5,4,480,0,5,66,1,0,0,3,1,1,2,2,0,6,501,0,0,0,0,0,0,250,1,1,41006,4,2,13163,58,0,4,8,936,926,29,2,49,0,197,1,0,162,52,954,12,100,7,0,4,100,72,1863,0,72683,675,28,58376,20848,348048,0,5474,16425,230697,91,21955,90358,4,0,19,72,6629,40,2,1,3,2,365001,70,25,16810402392437477123,22.250000,38.750000,81.250000,3.284965,72.205424,94.507331,0,0
965,1730008669,1000,5,21,39,0,78,54,0,100,7,8,8,4,53,100,40,3,256,273,252,0,62,68,90,2,10,62,62,0,3379,384,235,96,0,0,1982,20,0,2,3,0,5207,5,3,484,0,8,62,0,0,0,0,0,0,3,2,1,1,4,45,74,76,75,26,0,236,2,4,0,4,2,13195,100,12,4,8,881,930,103,2,7,0,36,3,0,195,0,0,25,100,80,0,4,100,53,3,0,13447,1179,30,65322,36,0,0,6942,16425,241629,566,0,99438,4,0,23,72,9450,40,3,1,0,2,365001,70,25,381361735369530587,5.250000,58.500000,81.250000,0.471088,76.250246,94.461538,0,0
966,89477142,1000,6,24,27,0,78,41,0,100,7,8,8,5,72,100,31,3,256,269,0,0,62,58,95,2,10,60,54,6,3387,350,118,96,0,0,2327,8,9,0,0,0,13050,5,1,480,0,3,60,0,0,0,1,3,1,2,2,0,6,504,0,0,0,0,0,0,249,1,2,31879,4,2,13163,100,0,4,8,970,935,9,2,62,20,173,2,0,158,80,997,25,100,55,0,4,100,72,2323,0,64068,783,24,59526,27764,363770,0,5474,16425,245709,95,16438,80859,4,0,4,72,1610,40,4,1,0,2,365001,70,25,16223602605204442613,6.000000,41.500000,62.500000,0.539695,73.363367,91.327965,2,0
967,2743912911,1000,21,64,25,0,78,54,0,100,7,8,8,5,72,100,27,3,256,198,0,0,3,67,92,2,10,3,3,0,3409,601,205,74,0,0,1961,14,0,4,0,0,5216,5,19,480,0,6,3,0,0,0,0,1,1,1,1,0,6,500,0,0,0,0,0,0,46,1,3,263802,4,2,13242,58,0,4,8,864,936,9,2,12,1,165,1,0,72,20,995,33,100,54,0,4,100,72,697,0,59255,699,14,24678,8316,362890,0,0,0,101104,93,0,263803,4,0,12,72,3710,40,0,1,3,2,365001,70,25,5770116140456877961,21.250000,38.750000,81.250000,3.142124,72.280773,94.419272,22,0
968,1103381384,1000,4,17,32,0,78,54,0,100,7,8,8,4,53,100,42,3,256,308,3144,0,65,49,71,2,10,59,57,2,3286,45,55,96,0,0,0,21,8,0,1,1,7168,5,17,0,0,6,59,0,2,0,2,1,0,0,0,0,4,1252,84,94,100,100,98,0,145,4,9,0,4,2,13207,116,0,4,8,907,927,48,2,50,0,24,752,0,181,0,0,36,100,50,0,4,100,53,3,0,8716,274467,0,61858,36,0,0,0,0,83714,236958,44328,0,0,0,27,12,12271,40,7,1,0,2,365001,70,25,14971610749156367757,4.250000,48.750000,81.250000,0.381010,74.491860,94.524116,2,0
969,3757817153,1000,17,50,25,0,78,54,0,100,7,8,8,5,72,100,17,3,256,292,3293,0,62,56,83,2,10,60,58,2,3454,109,0,80,0,0,0,12,2,0,5,2,5209,12,19,2,0,5,60,0,3,0,0,0,0,0,0,0,4,1249,100,0,100,84,100,2,103,5,6,0,4,2,13105,58,0,4,8,845,804,34,2,12,0,37,749,0,170,45,981,21,100,36,0,4,100,72,1308,0,14008,273375,0,61140,14748,357822,0,0,0,92594,266497,5909,0,0,0,10,12,3479,40,7,1,2,2,365001,70,25,6109149880543811975,17.000000,38.750000,81.250000,2.283709,72.583823,94.481496,0,0
970,2117285626,1000,5,22,31,0,78,53,0,100,7,8,8,5,100,100,40,3,256,289,0,0,14,58,83,2,10,14,14,0,3379,215,0,96,0,0,1325,7,0,3,0,0,12405,5,8,525,0,5,14,1,0,0,1,0,1,1,1,0,6,500,0,0,0,0,0,0,44,1,2,283878,4,2,13368,116,0,4,8,956,931,16,2,49,19,199,2,0,54,358,997,48,100,100,0,120,98,100,13009,0,72229,727,14,21896,130594,363882,0,0,0,72656,92,8373,283879,4,0,5,72,1687,40,5,1,0,2,365001,70,25,219311295795466103,5.500000,46.500000,80.000000,0.487133,74.122083,94.390186,3,0
971,476754099,1000,5,22,36,0,78,54,0,100,7,8,8,5,72,100,30,3,256,380,3014,0,78,60,83,2,10,77,77,0,3391,287,5,96,0,0,24,12,3,0,0,3,5208,6,5,19,0,5,77,0,3,0,2,0,0,1,0,1,4,1226,95,39,100,100,100,0,142,4,5,0,4,2,12913,100,12,4,8,787,788,21,2,64,0,494,726,0,156,16,993,35,100,50,0,4,100,72,726,0,180299,264949,6,61660,7072,362358,0,0,0,88416,230829,45755,0,0,0,10,12,3206,40,2,1,0,2,365001,70,25,1639768647272455014,5.500000,55.000000,81.250000,0.170371,76.847363,95.237358,41,0
972,3131189868,1000,4,18,39,0,78,54,0,100,7,8,8,5,72,100,75,3,256,151,0,0,14,70,93,2,10,14,14,0,3394,546,232,96,0,0,1898,14,0,3,0,0,13672,5,4,552,0,6,14,0,0,0,3,0,1,1,1,0,6,500,0,0,0,0,0,0,45,1,3,263858,4,2,13233,100,0,4,8,931,941,11,2,53,29,250,1,0,69,118,995,48,100,100,0,4,100,72,4647,0,91609,476,14,26544,44526,362946,0,0,0,101104,37,0,263859,4,10,0,72,3038,75,1,1,0,2,365001,70,25,1823946961066331875,4.500000,58.500000,81.250000,0.402630,76.255271,94.534875,11,0
973,1490658341,1000,6,24,36,0,78,54,0,100,7,8,8,5,72,100,41,3,256,222,0,0,56,68,93,2,10,56,56,0,3504,536,233,96,0,0,2047,9,0,3,0,0,5219,5,4,480,0,8,56,0,0,0,3,0,1,2,2,0,6,500,0,0,0,0,0,0,248,3,9,42154,4,2,13276,100,0,4,8,781,781,9,2,54,14,223,4,0,145,16,996,72,100,100,0,4,100,72,680,0,82884,1259,28,57556,6970,363413,0,5474,16425,231443,46,20106,91506,4,0,5,72,2044,40,5,1,0,2,365001,70,25,12509899982349834647,6.000000,54.750000,81.250000,0.535101,75.588656,94.554083,6,0
974,4145094110,1000,6,20,26,0,78,37,0,99,7,8,8,2,72,100,30,3,256,330,2848,0,24,65,84,17,54,24,22,2,3297,149,114,90,18,100,144,20,18,0,0,1,5208,7,23,0,0,6,24,1,2,0,0,4,0,1,0,1,4,1249,87,39,100,100,99,0,127,4,4,0,3,3,12768,78,12,3,8,581,903,49,3,1,0,717,749,0,183,20,974,36,100,51,0,4,100,72,605,0,261960,273375,6,61818,7260,355274,0,0,0,92314,244825,27861,0,0,0,21,12,8925,40,1,1,0,2,365001,70,25,9345032583638183221,6.666667,52.000000,74.666667,0.463659,76.191729,93.581454,0,0
975,2504562583,1000,8,24,26,0,78,37,0,100,7,8,8,2,53,100,40,3,256,208,2696,0,19,67,87,2,10,19,16,3,3445,317,0,96,0,0,320,13,11,0,3,0,5208,6,5,70,0,8,19,0,3,0,1,2,0,1,0,1,4,1278,83,56,99,100,97,0,95,5,10,0,3,3,12835,100,12,3,8,704,935,8,3,44,0,59,778,0,158,0,0,36,100,47,0,4,100,53,3,0,22437,283929,7,60204,36,0,0,0,0,81029,283971,0,0,1,0,12,18,4109,40,4,1,0,2,365001,70,25,3927503496108812841,8.000000,52.000000,74.666667,0.553487,76.201169,94.219244,0,0
976,864031056,1000,5,23,34,0,78,54,0,100,7,8,3,4,72,72,42,3,256,292,0,0,101,59,91,2,10,101,101,0,3374,692,0,96,0,0,2112,20,5,0,0,0,5209,5,1,528,0,8,101,0,0,0,1,0,1,2,2,0,6,500,0,0,0,0,0,0,233,2,5,33306,5,1,13538,100,0,5,8,207,939,55,1,65,5,13,2,0,151,33,970,22,100,47,0,4,100,72,933,0,4939,787,28,57904,10956,353902,0,5474,16425,260733,47,0,82321,4,0,21,72,7042,40,4,1,0,2,365001,70,25,7013491832097633302,5.200000,41.400000,65.000000,0.635840,72.555030,92.213030,0,0
977,3518466825,1000,36,91,13,0,78,20,0,80,8,8,8,3,72,100,17,3,256,305,3208,0,29,64,83,34,54,28,13,15,3372,122,0,0,33,100,0,11,0,0,0,1,5207,10,15,0,0,5,28,1,2,0,2,2,0,1,0,1,4,1223,87,95,100,80,99,0,152,4,7,0,3,3,12350,58,12,3,8,915,925,18,3,93,0,616,723,0,167,24,992,12,100,4,0,4,100,72,734,0,225590,263883,6,61474,8796,362034,0,0,0,97015,221165,46820,0,0,0,9,12,2793,40,1,1,68,2,365001,70,25,17293606489461396491,36.666667,26.000000,41.666667,68.642753,17.684211,19.216194,79,0
978,1877935298,1000,5,22,39,0,78,54,0,100,7,8,8,5,100,100,41,3,256,170,0,0,5,69,90,2,10,4,4,0,3291,536,232,96,0,0,1881,11,0,3,0,0,8942,5,8,480,0,7,4,0,0,0,3,2,1,1,1,0,6,500,0,0,0,0,0,0,41,1,2,274386,4,2,13185,100,0,4,8,882,942,14,2,61,0,202,2,0,63,305,991,48,100,100,0,103,100,100,12384,0,72468,871,14,27208,113796,361509,0,0,0,90519,94,0,274387,4,0,8,72,2366,40,0,1,0,2,365001,70,25,11992157710206396415,5.500000,58.500000,81.000000,0.493895,76.248919,93.789458,1,0
979,237403771,1000,35,64,13,0,78,22,0,80,7,8,8,4,72,100,27,3,256,314,488,0,59,53,68,2,10,59,59,0,3440,577,115,11,0,0,1738,20,0,2,1,3,5629,5,3,480,0,7,59,0,0,0,0,0,0,3,2,1,1,4,57,84,79,50,29,0,247,3,6,0,4,2,12539,58,12,4,8,866,928,89,2,36,0,263,3,0,162,8,961,12,100,2,0,5,100,72,317,0,96890,1147,35,56447,3804,350626,0,7295,16425,232217,563,8317,100183,4,0,21,72,6986,40,6,1,43,2,365001,70,25,319664556828408992,35.500000,19.500000,33.250000,43.678523,17.430098,23.982056,2,0
980,2891839540,1000,0,0,46,0,78,52,0,100,7,8,8,5,100,100,41,3,256,343,0,0,56,70,93,2,10,56,56,0,3424,545,231,106,0,0,1942,20,0,3,0,0,5342,5,4,480,0,6,56,0,0,0,4,0,1,2,2,0,6,500,0,0,0,0,0,0,228,2,3,41734,4,2,10729,116,0,4,8,874,922,112,2,47,0,274,3,0,148,273,801,15,100,43,0,116,100,100,10365,0,99686,1151,28,59706,100882,292335,0,5474,16425,230947,131,10682,101341,4,0,28,72,12656,40,3,1,0,2,365001,70,25,15281245297598283165,0.000000,69.250000,78.500000,0.000000,72.456240,86.184081,6,0
981,1251308013,1000,5,23,37,0,78,54,0,100,7,8,8,5,72,100,41,3,256,290,0,0,48,70,95,2,10,46,44,2,3332,560,147,89,0,0,1839,11,6,0,0,0,11581,5,1,480,0,3,46,0,0,0,1,1,1,2,2,0,6,503,0,0,0,0,0,0,294,2,6,30058,4,2,13200,58,0,4,8,960,924,10,2,76,18,93,1,0,158,85,994,12,99,13,0,4,100,72,2663,0,34092,647,28,59835,31846,362447,0,5474,21253,243647,96,13309,81221,4,0,7,72,2149,40,7,1,0,2,365001,70,25,16255033133028823635,5.750000,56.750000,81.250000,0.515758,75.937500,94.522727,6,0
982,3905743782,1000,5,21,39,0,78,54,0,100,7,8,8,5,72,100,36,3,256,510,2249,0,57,62,86,2,10,57,57,0,3371,408,118,107,0,0,552,20,1,0,1,4,5208,10,14,2,0,5,57,0,2,0,3,0,0,1,1,0,5,588,100,78,100,0,1,0,262,3,4,0,4,2,13211,100,0,4,8,401,937,55,2,0,0,50,90,0,170,2,657,12,100,47,0,4,100,72,60,0,18604,32886,12,58528,696,239916,0,5474,16425,250531,24968,18616,48986,0,0,22,12,7427,40,2,1,0,2,365001,70,25,17360066093403476519,5.250000,58.500000,81.250000,0.321096,76.807358,94.797517,0,0
983,2265212255,1000,0,0,54,0,92,59,0,100,6,8,8,5,100,100,41,3,256,291,0,0,92,69,95,2,10,92,89,3,3381,486,0,127,0,0,2373,9,0,0,0,0,5301,5,1,480,0,5,92,0,0,0,1,1,0,3,2,1,2,99,8,82,45,100,17,0,440,3,6,0,4,2,17591,100,12,4,8,416,911,23,2,81,19,143,3,0,159,101,997,34,100,98,0,120,98,100,3577,0,50295,1203,35,66078,37458,363702,0,10948,47296,225190,615,25929,55022,4,0,4,72,1743,40,4,1,0,2,365001,70,25,2596529848367878900,0.000000,81.500000,89.750000,0.000000,81.664942,90.947985,39,0
984,624680728,1000,20,64,25,0,78,52,0,100,7,8,8,5,72,100,34,3,256,129,0,0,81,57,88,2,10,81,81,0,3207,584,236,93,0,0,1755,12,0,0,0,0,5208,5,1,590,0,6,81,0,0,0,3,0,0,3,2,1,2,132,9,69,45,100,17,0,469,3,7,0,4,2,13152,58,12,4,8,204,931,17,2,66,22,602,3,0,176,24,996,36,95,98,0,4,100,72,1001,0,219042,1377,35,66698,9996,363476,0,10948,59141,240650,516,0,53745,4,0,8,72,2618,40,7,1,3,2,365001,70,25,13163240050568358561,20.500000,38.750000,78.000000,3.110706,72.734185,93.784063,3,0
985,3279116497,1000,6,23,35,0,78,44,0,100,7,8,8,5,72,100,27,3,256,201,0,0,3,69,92,18,57,3,2,1,3308,575,212,108,18,100,1879,12,0,4,0,0,9588,5,20,480,0,7,3,1,0,0,1,0,1,1,1,0,6,500,0,0,0,0,0,0,36,1,1,283878,4,2,13359,116,0,4,8,984,938,12,2,37,0,127,2,0,62,42,993,48,100,100,0,4,100,72,1607,0,45800,727,14,23176,16618,362195,0,0,0,81029,92,0,283879,4,0,11,72,2737,40,2,1,0,2,365001,70,25,14696559878588971463,6.250000,52.500000,67.250000,0.599296,75.195598,91.957182,0,0
986,1638584970,1000,7,21,15,0,78,29,0,80,7,8,8,2,100,100,40,3,256,343,0,0,29,70,95,19,29,29,28,1,3248,311,118,108,6,39,2293,8,0,0,0,0,12275,5,1,480,0,6,29,1,0,0,12,0,1,3,2,1,6,502,0,0,0,0,0,0,360,1,3,30087,3,3,10678,116,12,3,8,932,936,15,3,55,29,648,3,0,161,358,995,25,100,94,0,120,98,100,12980,0,235523,1235,30,62267,130388,363084,0,5474,16425,123689,543,137991,80878,4,0,5,72,2506,40,4,1,0,2,365001,70,25,16282998946626636153,7.000000,30.666667,58.000000,0.580165,30.880877,57.253512,12,0
987,4293020739,1000,54,100,13,0,78,20,0,80,8,8,8,5,100,100,13,3,256,252,0,0,64,64,83,17,51,64,64,0,3332,558,235,0,31,100,2017,20,0,0,0,0,10285,5,1,480,0,5,64,1,0,0,1,0,1,2,2,0,6,501,0,0,0,0,0,0,235,1,2,30058,4,2,12624,58,0,4,8,948,938,30,2,65,16,17,1,0,157,340,954,24,100,95,0,120,98,100,12300,0,6936,699,28,66457,127100,348209,0,5474,16425,262314,93,0,80694,4,0,22,72,7231,40,5,1,75,2,365001,70,25,3296044277926835141,54.500000,19.500000,31.250000,75.252060,17.788498,19.310440,24,0
988,2652489212,1000,4,18,39,0,78,54,0,100,7,8,8,4,55,100,41,3,256,352,0,0,45,68,95,2,10,44,43,1,3252,536,233,96,0,0,1743,15,0,3,0,0,5208,5,4,480,0,3,44,0,0,0,1,0,1,3,2,1,6,501,0,0,0,0,0,0,236,2,5,41230,4,2,13198,100,12,4,8,828,938,21,2,38,0,225,5,0,153,0,0,61,100,100,0,4,100,55,10,0,82438,2014,35,57566,120,0,0,5474,16425,244072,478,7225,91326,4,0,12,72,5075,40,2,1,0,2,365001,70,25,2815608620912599138,4.500000,58.500000,81.250000,0.403698,76.250644,94.521897,0,0
989,1011957685,1000,29,99,26,0,78,49,0,100,7,8,8,4,100,100,64,3,256,159,0,0,7,69,90,2,10,7,3,4,3479,427,118,96,0,0,1684,8,0,3,0,0,13476,5,4,480,0,6,7,0,0,0,0,0,1,1,1,0,6,500,0,0,0,0,0,0,35,1,2,285027,4,2,13370,100,0,4,8,941,944,11,2,66,14,195,1,0,77,346,997,48,100,100,0,120,98,100,12965,0,69891,476,12,22366,126788,363805,0,0,0,79934,38,0,285028,4,5,0,72,1764,75,5,1,4,2,365001,70,25,17979777938782498707,29.250000,39.000000,74.500000,4.856096,72.761107,93.378160,1,0
990,3666393454,1000,5,23,39,0,78,54,0,100,7,8,8,5,72,100,41,3,256,247,120,0,42,67,95,2,10,42,22,20,3383,510,125,96,0,0,2106,10,0,2,2,0,12616,4,3,480,0,3,42,0,0,0,1,3,1,2,2,0,6,502,0,0,0,0,0,1,226,1,3,48286,4,2,12997,100,0,4,8,973,938,9,2,52,33,165,2,0,176,83,998,50,100,94,0,4,100,72,2384,0,62169,703,28,65026,26298,364071,0,5474,16425,242662,92,0,100347,4,0,6,72,1988,40,6,1,0,2,365001,70,25,15691041035335950047,5.750000,58.500000,81.250000,0.523813,76.223590,94.435639,10,0
991,2025861927,1000,4,17,39,0,78,47,0,100,7,8,8,4,61,100,17,3,256,341,3176,0,61,59,83,25,47,58,25,33,3355,107,0,105,10,64,0,14,13,0,4,1,5207,7,7,0,0,5,58,1,2,0,1,0,0,1,0,1,4,1226,90,42,100,88,100,0,99,4,10,0,4,2,12876,78,12,4,8,854,917,17,2,30,0,508,726,0,162,1,0,36,100,50,0,4,100,61,29,0,186241,264975,7,60752,348,0,0,0,0,100009,264991,0,0,0,0,14,12,5068,40,5,1,1,2,365001,70,25,7275094951959163732,4.750000,58.500000,70.500000,1.867039,76.206897,62.645853,0,0
992,385330400,1000,4,19,39,0,78,54,0,100,7,8,8,5,64,100,31,3,256,368,2543,0,66,61,83,2,10,66,65,1,3343,326,115,96,0,0,317,20,0,0,5,4,5208,8,13,0,0,7,66,0,2,0,0,0,0,1,1,0,4,621,100,70,100,100,100,0,257,3,7,0,4,2,13273,100,0,4,8,617,929,39,2,10,0,68,123,0,148,3,2,24,100,49,0,4,100,64,38,0,25454,44954,14,58223,364,709,0,5474,16425,242463,34179,17838,48621,0,0,22,12,7091,40,3,1,0,2,365001,70,25,16627907628180756436,4.750000,58.500000,81.250000,0.429443,76.237023,94.536277,0,0
993,3039766169,1000,5,21,37,0,78,54,0,100,7,8,8,5,72,100,41,3,256,335,0,0,43,69,90,2,10,43,42,1,3328,536,231,95,0,0,1919,13,4,3,0,0,11269,5,4,480,0,5,43,0,0,0,2,0,1,3,2,1,6,500,0,0,0,0,0,0,244,2,2,42462,4,2,13172,78,12,4,8,946,932,15,2,71,0,241,4,0,150,49,953,75,100,100,0,4,100,72,1697,0,88266,1819,35,57006,18988,347863,0,5474,16425,234933,554,16186,91428,4,0,13,72,4403,40,4,1,0,2,365001,70,25,7581417767076294352,5.250000,56.000000,81.250000,0.471910,75.819769,94.511084,6,0
994,1399234642,1000,5,21,39,0,78,54,0,100,7,8,8,5,72,100,41,3,256,229,120,0,42,71,95,2,10,42,41,1,3341,525,96,96,0,0,1958,10,6,3,0,2,5213,5,4,480,0,8,42,0,0,0,0,0,1,3,2,1,6,500,0,0,0,0,0,1,243,3,8,51450,4,2,13000,116,12,4,8,689,936,49,2,46,0,199,3,0,168,2,992,52,100,100,0,4,100,72,208,0,72470,1147,35,55834,2390,361761,0,5474,16425,217544,565,22990,102002,4,0,9,72,3171,40,7,1,0,2,365001,70,25,9897275840054194959,5.250000,58.500000,81.250000,0.483000,76.206000,94.424231,0,0
995,4053670411,1000,5,21,27,0,78,54,0,100,7,8,8,5,72,100,31,3,256,271,0,0,7,55,67,2,10,7,6,1,3367,547,231,96,0,0,1947,18,0,4,0,0,8690,5,5,480,0,6,7,0,0,0,3,0,1,1,1,0,6,500,0,0,0,0,0,0,46,1,1,283878,4,2,13274,100,0,4,8,871,936,22,2,73,0,166,2,0,72,123,994,48,100,100,0,4,100,72,4460,0,60545,727,14,22794,45122,362554,0,0,0,70416,92,10613,283879,4,0,15,72,11494,40,7,1,0,2,365001,70,25,14363753315797511764,5.250000,41.500000,81.250000,0.468284,73.253578,94.554769,1,0
997,772607357,1000,30,100,26,0,78,37,0,100,7,8,8,5,72,100,38,3,256,361,0,0,29,71,90,25,79,29,26,3,3482,625,233,61,23,100,1982,16,0,3,0,0,9111,5,4,480,0,6,29,1,0,0,1,5,1,2,2,0,6,500,0,0,0,0,0,0,229,2,5,42686,4,2,13266,58,0,4,8,967,928,13,2,31,0,250,4,0,187,49,994,50,100,100,0,4,100,72,1948,0,91105,1231,28,65225,18632,362587,0,5474,16425,250024,155,0,92922,4,0,16,72,5285,40,4,1,4,2,365001,70,25,1519331282459409667,30.500000,39.000000,56.250000,4.252374,73.325645,90.788482,1,0
998,3427043126,1000,21,65,26,0,78,37,0,100,7,8,8,4,52,100,27,3,256,327,0,0,43,68,92,2,10,43,43,0,3303,476,118,75,0,0,2040,18,0,0,0,0,5207,5,1,627,0,6,43,0,0,0,0,3,1,2,2,0,6,500,0,0,0,0,0,0,251,2,3,35966,4,2,13288,58,0,4,8,723,941,35,2,37,0,153,1,0,173,0,0,12,98,4,0,5,100,52,2,0,56348,647,28,59398,24,0,0,5474,16425,227177,136,23942,91846,4,0,13,72,7056,40,0,1,3,2,365001,70,25,8586605156260872896,21.000000,39.000000,56.500000,3.015804,73.151415,90.374022,0,0
999,1786511599,1000,5,22,28,0,78,54,0,100,7,8,8,5,72,100,34,3,256,291,260,0,65,63,90,2,10,65,65,0,3229,527,233,96,0,0,1687,21,59,3,2,0,9110,5,4,480,0,5,65,0,0,0,1,0,0,3,2,1,1,0,22,76,45,30,22,0,235,2,6,0,4,2,13196,100,12,4,8,920,929,15,2,59,0,232,3,0,163,20,987,75,100,100,0,5,100,72,768,0,84569,1259,30,56137,7792,359920,0,5530,16425,232161,573,8373,101938,4,0,16,72,5614,40,4,1,0,2,365001,70,25,18245919580438331055,5.500000,42.250000,81.250000,0.360109,73.792437,94.849955,0,0
1000,145980072,1000,14,32,26,0,78,38,0,100,7,8,8,6,72,100,27,3,256,303,0,0,59,60,95,2,10,53,53,0,3435,253,0,96,0,0,2574,9,7,0,0,0,5287,5,1,480,0,6,53,0,0,0,1,2,1,2,2,0,6,501,0,0,0,0,0,0,255,1,3,28266,4,2,13178,100,0,4,8,678,927,38,2,58,21,68,2,0,149,24,997,23,100,52,0,4,100,72,732,0,25881,755,28,62576,8358,363777,0,5474,16425,237102,99,23102,82798,4,0,4,72,2730,40,4,1,1,2,365001,70,25,3606044684940826569,14.000000,39.000000,57.250000,1.920777,72.874184,90.370618,10,0
